0,1,2,3,4,5,6,7,8,9,10,11,12,13,14,15,16,17,18,19,20
1,01-0709-20-PIBS-R,1,A.G.S. DRUG TESTING AND DIAGNOSTIC LABORATORY,"149 NATIONAL ROAD, MANZON, SAN CARLOS CITY, PANGASINAN",SAN CARLOS CITY / PANGASINAN,9171173095,"FLORES, IKE MANUEL GABAO",marilou_ags@yahoo.com,marilou_ags@yahoo.com,4874260,,2,2,4,WITHOUT CONCERN,PASSED,Highly Satisfactory,SDTLPT-21-0-,1001,HS
1,01-1193-20-PFSS-R,1,ACULAB DRUG TESTING CENTER,"2ND FLR. NIXEM BLDG., ALEXANDER ST., POBLACION, URDANETA CITY, PANGASINAN",URDANETA CITY / PANGASINAN,9324094617,"VILLAR-ESPINO, MARIA VIVIAN A",aculabdrugtesting@yahoo.com,aculabdrugtesting@yahoo.com,4915793,,1,3,4,WITHOUT CONCERN,PASSED,Highly Satisfactory,SDTLPT-21-0-,1002,HS
1,01-1364-19-GIBS-R,1,AGOO MUNICIPAL HEALTH OFFICE CLINICAL LABORATORY,"STA. BARBARA, AGOO, LA UNION",AGOO/ LA UNION,9457257765,,,,4918076,,0,3,3,WITHOUT CONCERN,PASSED,Highly Satisfactory,SDTLPT-21-0-,1003,HS
1,01-0203-18-GIBS-R,1,ALAMINOS DRUG TESTING LABORATORY,"CITY HEALTH OFFICE, DON P. REINOSO STREET, POBLACION, ALAMINOS CITY, PANGASINAN",ALAMINOS CITY / PANGASINAN,09175527592/(075)654 1142,"CARAMBAS, MA. VICTORIA ORFINADA",judithcatbay@yahoo.com,alaminosdtl@yahoo.com,4884236,,2,5,7,WITHOUT CONCERN,PASSED,Acceptable,SDTLPT-21-0-,1004,A
1,01-0674-20-PIBS-R,1,ALLIANCE DIAGNOSTIC CENTER,"#1 PANGASINAN HOPE LUMBER BLDG., 568 RIZAL ST., POBLACION, MANGALDAN, PANGASINAN",MANGALDAN/PANGASINAN,09420203366/(075)600-8401,"AQUINO, SHELDON STEVEN CAPDA",saquino42@yahoo.com,alliancediagnosticclinic@gmail.com,4884937,,1,4,5,WITHOUT CONCERN,PASSED,Highly Satisfactory,SDTLPT-21-0-,1005,HS
1,01-1613-19-GIBS-R,1,CANDON CITY HEALTH OFFICE SDTL,"NATIONAL HIGHWAY, CALAOAN, CANDON CITY, ILOCOS SUR",CANDON/ILOCOS SUR,9778455335,"VILLANUEVA, JOY PALINO",,candoncholab@yahoo.com,4910737,,1,4,5,WITHOUT CONCERN,PASSED,Highly Satisfactory,SDTLPT-21-0-,1006,HS
1,01-1163-20-PIBS-R,1,CHRIST-BEARER CLINICAL LABORATORY,"BRGY. CABATLING (IN FRONT OF MMH), MALASIQUI, PANGASINAN",MALASIQUI/PANGASINAN,9230909635,"FLORES, IKE MANUEL GABAO",ikeman619ommc@yahoo.com,christbearerclinicallaboratory@gmail.com,4910736,,1,5,6,WITHOUT CONCERN,PASSED,Acceptable,SDTLPT-21-0-,1007,A
1,01-0194-20-PIBS-R,1,"DAGUPAN DOCTORS VILLAFLOR MEMORIAL HOSPITAL, INC.","G/F BMV BUILDING, ALEXANDER STREET, POBLACION, URDANETA CITY, PANGASINAN",URDANETA CITY / PANGASINAN,09236583417/(075)656-0242,"ENRILE, MA. THERESA TOSINO",,rhea.maala@yahoo.com,4900875,,3,2,5,WITHOUT CONCERN,PASSED,Highly Satisfactory,SDTLPT-21-0-,1008,HS
1,01-0195-20-GIBS-R,1,DOH- DRUG TREATMENT AND REHABILITATION CENTER DAGUPAN DRUG TESTING LABORATORY,"SITIO PALATONG, BONUAN BINLOC, DAGUPAN CITY, PANGASINAN ",DAGUPAN CITY / PANGASINAN,09773363391/(075)653-9876,"ASUNCION,BABY LYNNE, CORPUZ MD, FPSP",laboratorydohtrc@gmail.com,laboratorydohtrc@gmail.com,4880807,,1,5,6,WITHOUT CONCERN,PASSED,Acceptable,SDTLPT-21-0-,1009,A
1,01-0413-20-PFSS-R,1,E-LI DRUG TESTING CENTER,"STI BLDG, AGUILA ROAD, SEVILLA, SAN FERNANDO CITY, LA UNION",SAN FERNANDO CITY/ LA UNION,09999785903/(072)6072960,"FERNANDEZ, FLOYD E.",floydfernandez@yahoo.com,emmaruthm@yahoo.com,4886712,,7,0,7,WITHOUT CONCERN,PASSED,Acceptable,SDTLPT-21-0-,1010,A
1,01-1330-20-PIBS-R,1,EARL HEALTHLINES CLINICAL LABORATORY,"G/F HAVEN'S INN, GOMEZ STREET, ZAMORA, POBLACION, MANGATAREM, PANGASINAN ",MANGATAREM/PANGASINAN,09323553561/(075)6321271,"AQUINO, SHELDON STEVEN CAPDA",,edmarantonio@yahoo.com,4919573,,0,5,5,WITHOUT CONCERN,PASSED,Highly Satisfactory,SDTLPT-21-0-,1011,HS
1,01-0714-18-PIBS-R,1,FINE LEGACY MEDICAL DIAGNOSTIC LABORATORY,"3RD FLOOR EJR BLDG., SADSARAN ST., QUEZON AVE., POBLACION, ALAMINOS, PANGASINAN ",ALAMINOS CITY / PANGASINAN,9228680259,"GALVAN, GIL BRYAN BRAGANZA",gilbryan_484e@yahoo.com,jerryd3guzman@gmail.com,4844560,,1,4,5,WITHOUT CONCERN,PASSED,Highly Satisfactory,SDTLPT-21-0-,1012,HS
1,01-0390-18-PIBS-R,1,FINE PRECISION DIAGNOSTIC CLINIC,"AB FERNANDEZ WEST POBLACION OESTE, DAGUPAN CITY, PANGASINAN ",DAGUPAN CITY / PANGASINAN,9228680259,"GALVAN, GIL BRYAN BRAGANZA",gilbryan_484e@yahoo.com,jerryd3guzman@gmail.com,4844559,,4,2,6,WITHOUT CONCERN,PASSED,Acceptable,SDTLPT-21-0-,1013,A
1,01-0153-19-PIBS-R,1,HI-PRECISION DIAGNOSTICS - DAGUPAN,"G/F BHF FAMILY PLAZA, MAYOMBO DISTRICT, DAGUPAN CITY, PANGASINAN",DAGUPAN CITY / PANGASINAN,09257286103/600 1728,"ASUNCION,BABY LYNNE, CORPUZ MD, FPSP",blcasuncion@gmail.com,hpdagupan@hi-precision.com.ph,4916784,,5,0,5,WITHOUT CONCERN,PASSED,Highly Satisfactory,SDTLPT-21-0-,1014,HS
1,01-0472-19-PIBS-R,1,HI-PRECISION DIAGNOSTICS - SAN NICOLAS,"UNIT 3 AND 4 VALDEZ BUILDING A, BRGY. SAN FRANCISCO, SAN NICOLAS, ILOCOS NORTE",SAN NICOLAS/ ILOCOS NORTE,09177022113/(077)600-3203,"LEAÑO, MODESTY ALEJANDRO",hpilocos@hi-precision.com.ph,hpilocos@hi-precision.com.ph,4917005,,1,1,2,WITHOUT CONCERN,PASSED,Excellent,SDTLPT-21-0-,1015,E
1,01-1198-18-GIBS-R,1,ILOCOS TRAINING AND REGIONAL MEDICAL CENTER,"PARIAN, SAN FERNANDO CITY, LA UNION ",LA UNION/SAN FERNANDO,09174003833/072-6076422 LOC. 158,"ROSUMAN, BRENDA ILAR",brendarosuman@yahoo.com,itrmc.laboratory@gmail.com,4873616,,1,0,1,WITHOUT CONCERN,PASSED,Excellent,SDTLPT-21-0-,1016,E
1,01-0821-20-PIBS-R,1,LA UNION MEDICAL DIAGNOSTIC CENTER AND HOSPITAL,"ANCHETA ST., CORNER BUCANEG ST., CATBANGEN, SAN FERNANDO CITY, LA UNION",SAN FERNANDO CITY/ LA UNION,09451143522/(072)607-8339,"AQUINO, SHELDON STEVEN CAPDA",,lumedlaboratory@gmail.com,4878362,,1,2,3,WITHOUT CONCERN,PASSED,Highly Satisfactory,SDTLPT-21-0-,1017,HS
1,01-XXXX-20-PFSS-R,1,LACASANDILE MEDICAL CLINIC AND DIAGNOSTIC CENTER,"MAC ARTHUR HIGHWAY, BRGY. LACONG, TAGUDIN, ILOCOS SUR",TAGUDIN CITY / ILOCOS SUR,9062518009,"COLISAO, DENNIS RUFIN",,lacasandilemcdc@gmail.com,4922594,,3,5,8,WITHOUT CONCERN,PASSED,Acceptable,SDTLPT-21-0-,1018,A
1,01-0473-19-GIBS-R,1,LAOAG CITY GENERAL HOSPITAL DRUG TESTING LABORATORY,"BRGY. #46, NALBO, AIRPORT ROAD, LAOAG CITY, ILOCOS NORTE",LAOAG CITY/ ILOCOS NORTE,09272833582/(077)772 8828,"CASTRO, ARLENE GENCIANA, FRANCISCO, MD ",lengmd@yahoo.com,lcghlab2011@yahoo.com.ph,4843386,,2,4,6,WITHOUT CONCERN,PASSED,Acceptable,SDTLPT-21-0-,1019,A
1,01-0903-20-PFSS-R,1,LAOAG POLYCLINIC CLINICAL LABORATORY AND DRUG TESTING CENTER,"GEN. GIRON ST., 7-A, LAOAG CITY, ILOCOS NORTE",LAOAG CITY/ ILOCOS NORTE,09175683750/(077)670-7647,"GAMILDE, PROCESA REBULLO",prgamilde@yahoo.com,laoagpolyclinic@gmail.com,4893569,,4,4,8,WITHOUT CONCERN,PASSED,Acceptable,SDTLPT-21-0-,1020,A
1,01-1745-20-PIBS-I,1,LORMA LIFECHECK CLINIC,"JTC MALL CENTRAL, DEL PILAR, TAGUNDIN CITY, ILOCOS SUR",TAGUDIN CITY / ILOCOS SUR,09178695641/077-6320293,"DULAY, JERILYN LINGGON",jelinggond@yahoo.com,lifechecktagudin@gmail.com,49448786,,1,4,5,WITHOUT CONCERN,PASSED,Highly Satisfactory,SDTLPT-21-0-,1021,HS
1,01-0155-19-PIBS-R,1,LORMA LIFECHECK CLINIC,"SEVILLA, CITY OF SAN FERNANDO, LA UNION",SAN FERNANDO CITY/ LA UNION,09178673638/(072)607-3419,"DULAY, JERILYN LINGGON",jelinggond@yahoo.com,lormalifecheck@gmail.com,4870043,,0,3,3,WITHOUT CONCERN,PASSED,Highly Satisfactory,SDTLPT-21-0-,1022,HS
1,01-0156-19-PIBS-R,1,LORMA MEDICAL CENTER,"BRGY. CARLATAN, CITY OF SAN FERNANDO, LA UNION ",SAN FERNANDO CITY/ LA UNION,09178326871/(072)700-0000,"DULAY, JERILYN LINGGON",jelinggond@yahoo.com,lorma.laboratory@yahoo.com,4878372,,3,3,6,WITHOUT CONCERN,PASSED,Acceptable,SDTLPT-21-0-,1023,A
1,01-1362-19-GIBS-R,1,MARIANO MARCOS MEMORIAL HOSPITAL & MEDICAL CENTER,"BRGY. 6, SAN JULIAN, CITY OF BATAC, ILOCOS NORTE ",CITY OF BATAC / ILOCOS NORTE,09171664607/(077)6008025,"LEAÑO, MODESTY ALEJANDRO",ytsedom@yahoo.com,mmmh.lab23@gmail.com,4920203,,2,4,6,WITHOUT CONCERN,PASSED,Acceptable,SDTLPT-21-0-,1024,A
1,01-0797-19-PIBS-R,1,METRO VIGAN HOSPITAL,"RIZAL ST., BRGY. IV (POB), BANTAY, ILOCOS SUR ",BANTAY/ILOCOS SUR,0917-812-4609/(077)674-0674,"ROSUMAN, BRENDA ILAR, MD, FPSP",mumchlab2014@yahoo.com,mumchlab2014@yahoo.com,4836543,,0,4,4,WITHOUT CONCERN,PASSED,Highly Satisfactory,SDTLPT-21-0-,1025,HS
1,01-1244-19-PIBS-R,1,NEW ROSARIO DIAGNOSTIC CLINIC AND LABORATORY,"2/F DOÑA PEPANGS BUILDING, POBLACION EAST, ROSARIO, LA UNION",ROSARIO / LA UNION,09104609441/09567665804,"DE JOYA, VIRGINIA V.",newrosariodiagnostic@yahoo.com,newrosariodiagnostic@yahoo.com,4919818,,5,3,8,WITHOUT CONCERN,PASSED,Acceptable,SDTLPT-21-0-,1026,A
1,01-0896-18-PIBS-R,1,"NUESTRO SEÑOR SANTO NIÑO HOSPITAL, INC.","JUAN LUNA ST., POBLACION SUR, BAYAMBANG, PANGASINAN",BAYAMBANG/PANGASINAN,09151834317/(075)632-0150 OR 0183,"CASTRO, BU CUBE",legalmed@yahoo.com,virgpetines@gmail.com,4916450,,0,5,5,WITHOUT CONCERN,PASSED,Highly Satisfactory,SDTLPT-21-0-,1027,HS
1,01-1290-19-PFSS-R,1,ORT DRUG TEST LABORATORY,"91 AB FERNANDEZ WEST, POBLACION OESTE, DAGUPAN CITY, PANGASINAN ",DAGUPAN CITY / PANGASINAN,9567150718,"AQUINO, SHELDON STEVEN CAPDA",tagabukiddok@gmail.com,mtabajcn@yahoo.com,4836547,,3,3,6,WITHOUT CONCERN,PASSED,Acceptable,SDTLPT-21-0-,1028,A
1,01-0158-19-PIBS-R,1,P.M.R. LABORATORY AND POLYCLINIC- URDANETA MAIN BRANCH,"MARAMBA COMPOUND, ALEXANDER ST., URDANETA CITY, PANGASINAN ",URDANETA CITY / PANGASINAN,9157790601,"ENRILE, MARIA THERESA, TOSINO",pmrlabpoly@yahoo.com,pmrlabpoly@yahoo.com,4870039,,0,3,3,WITHOUT CONCERN,PASSED,Highly Satisfactory,SDTLPT-21-0-,1029,HS
1,01-1524-20-PIBS-R,1,"PANGASINAN DIAGNOSTIC AND MEDICAL CLINIC, INC.","JUAN LUNA STREET, POBLACION SUR, BAYAMBANG, PANGASINAN",BAYAMBANG/PANGASINAN,09464966138/(075)5234887,"FERNANDEZ, NICK RARAMA",pdmci143@gmail.com,pdmci143@gmail.com,4920194,,0,5,5,WITHOUT CONCERN,PASSED,Highly Satisfactory,SDTLPT-21-0-,1030,HS
1,01-1584-20-PIBS-I,1,PANGASINAN DOCTORS HOSPITAL CORPORATION,"RIZAL AVENUE, SAN CARLOS CITY, PANGASINAN",SAN CARLOS CITY / PANGASINAN,09330300357/(075)6325870,"AQUINO, SHELDON STEVEN CAPDA",pdh_laboratory2000@yahoo.com,pdh_laboratory2000@yahoo.com,4912415,,3,2,5,WITHOUT CONCERN,PASSED,Highly Satisfactory,SDTLPT-21-0-,1031,HS
1,01-1508-19-PFSS-R,1,QUEEN CHECK DRUG TESING LABORATORY,"NEW PUBLIC MARKET, 2ND FLR., ROXAS BLVD., SAN CARLOS CITY, PANGASINAN",SAN CARLOS CITY / PANGASINAN,9330584952,"MERCADO, MARK VINCENT RINGOR",rowealbarida1971@gmail.com,rowealbarida1971@gmail.com,4939483,,2,4,6,WITHOUT CONCERN,PASSED,Acceptable,SDTLPT-21-0-,1032,A
1,01-1404-20-GIBS-R,1,REGION I MEDICAL CENTER DRUG TESTING LABORATORY,"ARELLANO STREET, PANTAL DISTRICT, DAGUPAN CITY, PANGASINAN ",DAGUPAN CITY / PANGASINAN,(075)515-8448/09209037732,"AQUINO, SHELDON STEVEN CAPDA",v1mcdH@gmail.com,flupdec2000@yahoo.com,4876114,,1,3,4,WITHOUT CONCERN,PASSED,Highly Satisfactory,SDTLPT-21-0-,1033,HS
1,01-0625-20-PFSS-R,1,RJV DRUG TESTING LABORATORY,"STALL NO. 248, 2ND FLOOR BANTAY ARCADE, ROJAS DIKE, BARANGAY VI, BANTAY CITY, ILOCOS SUR",BANTAY/ILOCOS SUR,09175680563/(077)604-5181,"ADAYA, JOSEPH DOMINGO",jgandres_rmt@yahoo.com,jgandres_rmt@yahoo.com,4903185,,1,4,5,WITHOUT CONCERN,PASSED,Highly Satisfactory,SDTLPT-21-0-,1034,HS
1,01-0971-19-PFSS-R,1,ROYAL STAR DRUG TESTING LABORATORY,"#100 AB FERNANDEZ WEST, POBLACION OESTE, DAGUPAN CITY, PANGASINAN",DAGUPAN CITY / PANGASINAN,09391118611/09092244058,"JACINTO, REYNALDO AMOROSO",dmarga_03@yahoo.com,,4919531,,3,1,4,WITHOUT CONCERN,PASSED,Highly Satisfactory,SDTLPT-21-0-,1035,HS
1,01-1488-20-PIBS-I,1,"SINGAPORE MEDICAL LABORATORIES, INC.","UNIT 207 ARB CORPORATE CENTER, TAPUAC DISTRICTM DAGUPAN CITY, PANGASINAN",DAGUPAN CITY / PANGASINAN,9971945238,"MENDOZA, PAULO GIOVANNI LIWANAG",charlene.eslava@singaporediagnostics.com,charlene.eslava@singaporediagnostics.com,4884775,,3,5,8,WITHOUT CONCERN,PASSED,Acceptable,SDTLPT-21-0-,1036,A
1,01-XXXX-20-PIBS-R,1,TAGUDIN MEDICAL DIAGNOSTIC CENTER,"BRGY. LAS-UD, TAGUDIN, ILOCOS SUR",TAGUDIN CITY / ILOCOS SUR,09262306713/077-674124-2,"AGPES, GERALDINE",,asapATMDC2009@gmail.com,4858007,,4,4,8,WITHOUT CONCERN,PASSED,Acceptable,SDTLPT-21-0-,1037,A
1,01-0715-18-PFSS-R,1,TLC DRUG TESTING CENTER,"3RD FLR. VICTORIA SQUARE BLDG., CARMEN WEST, ROSALES, PANGASINAN ",ROSALES/ PANGASINAN,9228680259,"GALVAN, GIL BRYAN BRAGANZA",gilbryan_484e@yahoo.com,jerryd3guzman@gmail.com,4844558,,1,4,5,WITHOUT CONCERN,PASSED,Highly Satisfactory,SDTLPT-21-0-,1038,HS
1,01-0161-19-PIBS-R,1,"UNIVERSAL ADVANCE MEDICAL DIAGNOSTICS LABORATORY, INC.","2ND FLR. THE PENTAGON BUILDING, MC ARTHUR HIGHWAY, NANCAYASAN, URDANETA CITY, PANGASINAN ",URDANETA CITY / PANGASINAN,09177737707/(075)221-5117,"FLORES, IKE MANUEL GABAO",ikeman619ommc@yahoo.com,universaladvancemedical@gmail.com,4847442,,1,3,4,WITHOUT CONCERN,PASSED,Highly Satisfactory,SDTLPT-21-0-,1039,HS
1,01-1165-20-PIBS-R,1,VIRGEN MILAGROSA MEDICAL CENTER DRUG TESTING LABORATORY,"MARTIN P. POSADAS AVE., SAN CARLOS CITY, PANGASINAN",SAN CARLOS CITY / PANGASINAN,09464985524/(075)203-0000 LOC 116,"AQUINO, SHELDON STEVEN CAPDA",,vmmc1957@gmail.com,4873950,,1,4,5,WITHOUT CONCERN,PASSED,Highly Satisfactory,SDTLPT-21-0-,1040,HS
2,02-0207-20-PFSS-R,2,AMAZING GRACE MEDICAL AND DIAGNOSTIC SERVICES,"MAHARLIKA HIGHWAY, CALAMAGUI 2ND, ILAGAN, ISABELA",ILAGAN/ISABELA,9157812961/078-6241402,"VILLANUEVA, ALMA ADAR",,jiljireh_gumarang@yahoo.com.ph,4880993,,1,4,5,WITHOUT CONCERN,PASSED,Highly Satisfactory,SDTLPT-21-0-,1041,HS
2,02-1525-20-GIBS-R,2,BATANES GENERAL HOSPITAL,"NATIONAL ROAD, BRGY. KAYHUVOKAN, BASCO, BATANES",BASCO/BATANES,9989828104,"HERNAEZ, GODWIN NAIG",bataneshospital@gmail.com,bataneshospital@gmail.com,4917653,,0,3,3,WITHOUT CONCERN,PASSED,Highly Satisfactory,SDTLPT-21-0-,1042,HS
2,02-1104-19-PIBS-R,2,BEST DIAGNOSTIC CORPORATION (CAGAYAN),"G/F RODAMEL BLDG., MAHARLIKA HI-WAY, CARIG SUR, TUGUEGARAO CITY, CAGAYAN",TUGUEGARAO CITY / CAGAYAN,09175486551/(3772765),"BALISI, SARA JANE",,bestdiagnostictuguegarao@yahoo.com,4918453,,1,1,2,WITHOUT CONCERN,PASSED,Excellent,SDTLPT-21-0-,1043,E
2,02-0803-19-GFSS-R,2,CABARROGUIS HEALTH OFFICE LABORATORY,"MUNICIPAL COMPOUND, ZAMORA, CABARROGUIS, QUIRINO ",CABARRGUIS/QUIRINO,9175498150,"CAMELLO, ELIZABETH A.",Rhucabarroguis2018@yahoo.com,Rhucabarroguis@yahoo.com,4851239,,1,4,5,WITHOUT CONCERN,PASSED,Highly Satisfactory,SDTLPT-21-0-,1044,HS
2,02-1190-19-GIBS-R,2,CAGAYAN VALLEY MEDICAL CENTER- DRUG TESTING LABORATORY,"PALAN NA PAGAYAYA, REGIONAL GOVERNMENT CENTER, CARIG SUR, TUGUEGARAO CITY, CAGAYAN",TUGUEGARAO CITY / CAGAYAN,9178564911,"PAGADDU, JANE G.",janepagaddu@yahoo.com,janepagaddu@yahoo.com,4870387,,1,5,6,WITHOUT CONCERN,PASSED,Acceptable,SDTLPT-21-0-,1045,A
2,02-0998-20-GIBS-R,2,CITY HEALTH OFFICE - TUGUEGARAO,"MAIN AVENUE, SAN GABRIEL, TUGUEGARAO CITY, CAGAYAN",TUGUEGARAO CITY / CAGAYAN,09351107968/8445761,"GUZMAN, JAMES CASIBANG",jamesmd58@yahoo.com,chotugcity@yahoo.com,4913596,,2,1,3,WITHOUT CONCERN,PASSED,Highly Satisfactory,SDTLPT-21-0-,1046,HS
2,02-0999-20-PIBS-R,2,CLI DIAGNOSTIC LABORATORY,"MAHARLIKA HIWAY MACANAYA, APARRI CAGAYAN",APARRI / CAGAYAN,9064893726/09279759910,"REYES, MILA AMOR",cathryn_iringan@yahoo.com,,4946537,,1,5,6,WITHOUT CONCERN,PASSED,Acceptable,SDTLPT-21-0-,1047,A
2,02-0823-20-GIBS-R,2,DEPARTMENT OF HEALTH- DRUG ABUSE TREATMENT AND REHABILITATION CENTER,"CENTRO SAN ANTONIO, CITY OF ILAGAN, ISABELA",ILAGAN/ISABELA,9066267940,"REYES, MILA AMOR",amoreymd@hotmail.com,doh.datrc.laboratory@gmail.com,4909590,,1,4,5,WITHOUT CONCERN,PASSED,Highly Satisfactory,SDTLPT-21-0-,1048,HS
2,02-0850-20-PFSS-R,2,DIAGNOSTIKA CLINICAL LABORATORY,"MARIBBAY BUILDING, 76 QUEZON ST., DISTRICT 1, CAUAYAN CITY, ISABELA",CAUAYAN CITY / ISABELA,9174601296 (078)6520693,"REYES, MILA AMOR",diagnostikalaboratory@yahoo.com,diagnostikalaboratory@yahoo.com,4875111,,2,6,8,WITHOUT CONCERN,PASSED,Acceptable,SDTLPT-21-0-,1049,A
2,02-0972-19-PIBS-R,2,DR. RONALD P. GUZMAN MEDICAL CENTER,"ENRILE BOULEVARD, CARIG, TUGUEGARAO CITY, CAGAYAN",TUGUEGARAO CITY / CAGAYAN,9150833310/(078)3040925126,"PAGADDU, JANE G.",janepagaddu@yahoo.com,rpgmclab02@yahoo.com,4883032,,1,5,6,WITHOUT CONCERN,PASSED,Acceptable,SDTLPT-21-0-,1050,A
2,02-1605-19-PIBS-I,2,E.A. MENDOZA CLINIC,"NO. 112 RYAN MALL RIZAL ST., CENTRO 14, APARRI, CAGAYAN",APARRI / CAGAYAN,9978569532,"BALISI, SARA JANE",,Jhoel_pacis@yahoo.com,4893562,,1,5,6,WITHOUT CONCERN,PASSED,Acceptable,SDTLPT-21-0-,1051,A
2,02-1001-20-PIBS-R,2,GINCOR MEDICAL LABORATORY,"DON FRANCISCO ALBANO ST., CENTRO, CABAGAN, ISABELA ",CABAGAN/ ISABELA,9175507577,"ALCANTARA, CORAZON G.",corazonalcantara@yahoo.com,grgatan@yahoo.com,4880320,,1,4,5,WITHOUT CONCERN,PASSED,Highly Satisfactory,SDTLPT-21-0-,1052,HS
2,02-XXXX-20-PIBS-R,2,GS TRIMEDICA DRUG TESTING CENTER,"2ND FLOOR PATRIA BUILDING, LUNA STREET, CENTRO 7 (SIDE OF PEOPLE'S EMERGENCY HOSPITAL), TUGUEGARAO CITY, CAGAYAN",TUGUEGARAO CITY / CAGAYAN,09178340606/ 078-3730071,"BALISI, SARA JANE",,gstrimedica2@yahoo.com,4883885,,0,4,4,WITHOUT CONCERN,PASSED,Highly Satisfactory,SDTLPT-21-0-,1053,HS
2,02-0208-20-PIBS-R,2,HIGH CARE CENTRAL DIAGNOSTICS AND MEDICAL CLINIC INC.,"86 H AND R BLDG. DON JOSE CANCILLER AVE., BRGY. DISTRICT I, CAUAYAN CITY, ISABELA ",CAUAYAN CITY / ISABELA,09359742966/ (078) 6525304,"BONIFACIO, ANDRES SERIL",asbon227@yahoo.com,hccdmc@gmail.com,4879623,,1,0,1,WITHOUT CONCERN,PASSED,Excellent,SDTLPT-21-0-,1054,E
2,02-0658-19-PIBS-R,2,"ISABELA UNITED DOCTORS MEDICAL CENTER, INC.","NATIONAL HIGHWAY, BARANGAY CABARUAN, CAUAYAN CITY, ISABELA",CAUAYAN CITY / ISABELA,09063135036/09173178453,"PAGADDU, JANE G.",janepagaddu@yahoo.com,iudmclaboratory@yahoo.com,4910217,,1,5,6,WITHOUT CONCERN,PASSED,Acceptable,SDTLPT-21-0-,1055,A
2,02-0164-19-PFSS-R,2,JB CABRERA DIAGNOSTIC LABORATORY,"#10 LAKANDULA ST. COR. MAIN AVENUE, SAN GABRIEL, TUGUEGARAO CITY, CAGAYAN ",TUGUEGARAO CITY / CAGAYAN,09554226693/078-3969806,"BALISI, SARA JANE",,pinkunoh@yahoo.com,4851294,,1,3,4,WITHOUT CONCERN,PASSED,Highly Satisfactory,SDTLPT-21-0-,1056,HS
2,02-0217-18-PIBS-R,2,LABCARE HEALTH CLINIC AND DIAGNOSTIC CENTER,"#2 AVES- ALBANO BLDG., QUEZON ST., CAUAYAN CITY, ISABELA ",CAUAYAN CITY / ISABELA,9956937603,"BAUSA, DIWATA GRACE F.",,,4916534,,1,5,6,WITHOUT CONCERN,PASSED,Acceptable,SDTLPT-21-0-,1057,A
2,02-0904-20-PFSS-R,2,LIBERTAD SPECIALTY AND DIAGNOSTIC CLINIC,"2ND FLOOR CUARTEROS- BARROGA BLDG., MAHARLIKA HIGHWAY, LIBERTAD, ABULUG, CAGAYAN",ABULUG/CAGAYAN,9171169220,"CUARTEROS, ROSELYN B.",roselyncuarteros611@gmail.com,jacobcuarteros1967@gmail.com,4895514,,2,5,7,WITHOUT CONCERN,PASSED,Acceptable,SDTLPT-21-0-,1058,A
2,02-1383-19-PFSS-R,2,LIFELINE DIAGNOSTIC LABORATORY,"#9 M.H. DEL PILAR ST., BRGY. VIRA, ROXAS, ISABELA",ROXAS/ISABELA,09176090425/(078)6420403,"REYES, MILA AMOR",amoreymd@hotmail.com,lifelinediagnosticlaboratory@yahoo.com,4850778,,3,2,5,WITHOUT CONCERN,PASSED,Highly Satisfactory,SDTLPT-21-0-,1059,HS
2,02-0660-19-PIBS-R,2,MICRO TECH MEDICAL LABORATORY,"VINTAR ST., BRGY. SAN JUAN (NEAR AURORA CENTRAL SCHOOL), AURORA, ISABELA",AURORA / ISABELA,09175176526/078-83233776,"FLORES, VERONICA MARYBEL J.",marybelmed30@yahoo.com,marybelmed30@yahoo.com,4875109,,3,5,8,WITHOUT CONCERN,PASSED,Acceptable,SDTLPT-21-0-,1060,A
2,02-0659-19-PIBS-R,2,MLS DIAGNOSTIC LABORATORY AND DRUG TESTING CENTER,"NATIONAL HIGHWAY, BARANGAY CABARUAN, CAUAYAN, ISABELA",CAUAYAN CITY / ISABELA,09176228400/0783247290,"BAUSA, DIWATA GRACE F.",MLSDIAGNOSTICLAB@yahoo.com,MLSDIAGNOSTICLAB@yahoo.com,4919527,,1,3,4,WITHOUT CONCERN,PASSED,Highly Satisfactory,SDTLPT-21-0-,1061,HS
2,02-0899-18-GIBS-R,2,NUEVA VIZCAYA PROVINCIAL PUBLIC HEALTH LABORTORY AND DRUG TESTING LABORATORY,"PROVINCIAL INTEGRATED HEALTH OFFICE, CAPITOL COMPOUND, BAYOMBONG, NUEVA VIZCAYA ",BAYOMBONG / NUEVA VIZCAYA,9164952205,"VIDAD, NATANAEL B.",,pho.labnv@yahoo.com,4851423,,2,2,4,WITHOUT CONCERN,PASSED,Highly Satisfactory,SDTLPT-21-0-,1062,HS
2,02-1354-20-PIBS-R,2,PRIME DIAGNOSTIC LABORATORY ECHAGUE BRANCH,"POBLACION ROAD, SAN FABIAN, ECHAGUE, ISABELA",ECHAGUE/ISABELA,09951358326/0783056034,"REYES, EMEDITA LANGUIDO",dra_emedita_reyes@yahoo.com,primediagnosticlab@yahoo.com,4919532,,3,4,7,WITHOUT CONCERN,PASSED,Acceptable,SDTLPT-21-0-,1063,A
2,02-1352-20-PIBS-R,2,PRIME DIAGNOSTIC LABORATORY SANTIAGO BRANCH,"NO. 40 CAMACAM ST., CENTRO EAST, SANTIAGO CITY, ISABELA",SANTIAGO CITY / ISABELA,09951358326/0783050570,"REYES, EMEDITA LANGUIDO",dra_emedita_reyes@yahoo.com,primediagnosticlab@yahoo.com,4919534,,2,5,7,WITHOUT CONCERN,PASSED,Acceptable,SDTLPT-21-0-,1064,A
2,02-XXXX-20-GIBS-R,2,REGION 2 TRAUMA AND MEDICAL CENTER,"BRGY. MAGSAYSAY, BAYOMBONG, NUEVA VIZCAYA",BAYOMBONG / NUEVA VIZCAYA,09173127723/078-8053561,"MANIQUIS, MICHELLE CLAIRE",opd.lab.r2tmc@gmail.com,opd.lab.r2tmc@gmail.com,4851424,,1,1,2,WITHOUT CONCERN,PASSED,Excellent,SDTLPT-21-0-,1065,E
2,02-0661-19-GIBS-R,2,SAGUDAY MUNICIPAL HEALTH OFFICE LABORATORY,"CORNER LUCAS ST. PUROK NAMNAMA (PUBLIC MARKET), MAGSAYSAY, SAGUDAY, QUIRINO ","SAGUDAY, QUIRINO",9273117864,"VIDAD, NATHANIE",dalsyemmieilaga@yahoo.com,,4850573,,2,4,6,WITHOUT CONCERN,PASSED,Acceptable,SDTLPT-21-0-,1066,A
2,02-1625-21-PIBS-I,2,SAN BENEDICTO RENAL CARE CENTER,"2ND FLOOR, MYL BLDG, BUNTUN HIGHWAY, BDO BUNTUN BRANCH TUGUEGARAO CITY CAGAYAN",TUGUEGARAO CITY / CAGAYAN,9654820515,"BALISI, SARA JANE",,sanbenedictodrugtest@gmail.com,4987477,,0,5,5,WITHOUT CONCERN,PASSED,Highly Satisfactory,SDTLPT-21-0-,1067,HS
2,02-1493-20-PIBS-R,2,"ST. PAUL HOSPITAL OF TUGUEGARAO, INC.","LUNA EXTENSION, UGAC NORTE, TUGUEGARAO, CAGAYAN",TUGUEGARAO CITY / CAGAYAN,09778397733/(078)8442512,"BADUA, EDWARDO MANZANO III",emb3patho@yahoo.com,sph_tuguegarao@yahoo.com,4913420,,3,3,6,WITHOUT CONCERN,PASSED,Acceptable,SDTLPT-21-0-,1068,A
3,03-0671-18-PFSS-R,3,21ST CENTURY CLINICAL DIAGNOSTIC DRUG TEST CENTER,"304 3/F METROTOWN MALL, MC ARTHUR HI-WAY, STO. CRISTO, TARLAC CITY, TARLAC ",TARLAC CITY,09228799576  / (045) 9823095,"HERBERT G. PASCUAL, MD",drhgp_hgp@yahoo.com,dtl21stcentury@yahoo.com.ph,4850357,,1,1,2,WITHOUT CONCERN,PASSED,Excellent,SDTLPT-21-0-,1069,E
3,03-1260-19-PIBS-R,3,A.B.G. SPECIALIST CLINIC AND DIAGNOSTIC CENTER,"88C MASINLOC MALL, NORTH POBLACION, MASINLOC, ZAMBALES ",MASINLOC / ZAMBALES,9475236680,"GONZALES, ALICE BRIONES",abgpedia99@yahoo.com,abg_masinloc@yahoo.com,4861251,,2,5,7,WITHOUT CONCERN,PASSED,Acceptable,SDTLPT-21-0-,1070,A
3,03-0166-19-PIBS-R,3,ABG SPECIALIST CLINIC AND DIAGNOSTIC CENTER,"NATIONAL ROAD, PALANGINAN, IBA, ZAMBALES",IBA/ZAMBALES,09164987108/0478112323,"ONTOG, MARLENE S.",abg_laboratory@yahoo.com.ph,abg_laboratory@yahoo.com.ph,4861252,,0,4,4,WITHOUT CONCERN,PASSED,Highly Satisfactory,SDTLPT-21-0-,1071,HS
3,03-1373-18-PIBS-R,3,AC SACRED HEART MEDICAL CENTER,"MC ARTHUR HIWAY, STO. DOMINGO, ANGELES CITY, PAMPANGA",ANGELES CITY / PAMPANGA ,09565070082/0456245606 loc 1330,"ONG, REMEDIOS OCAMPO",remy2004ong@yahoo.com,shmclabdep@yahoo.com,4848847,,0,5,5,WITHOUT CONCERN,PASSED,Highly Satisfactory,SDTLPT-21-0-,1072,HS
3,03-0835-18-PIBS-R,3,ACCUCARE DIAGNOSTIC CENTER,"KM 44/45 N3A BLDG. CABANA, MAC ARTHUR HIGHWAY, LONGOS, MALOLOS, BULACAN ",MALOLOS CITY / BULACAN ,09324102357 / (044) 7606465,"MONINA C. MONTENEGRO, MD, DPSP",ningmontenegro@gmail.com,accucare@ymail.com,4847567,,2,0,2,WITHOUT CONCERN,PASSED,Excellent,SDTLPT-21-0-,1073,E
3,03-0422-20-PIBS-R,3,ACE DIAGNOSTIC CENTER,"2ND FLOOR CHRACY TOP BLDG. EL CAMINO RD., STO. NIÑO, MEYCAUAYAN, BULACAN ",MEYCAUAYAN CITY / BULACAN,09255435393 / (044) 8151454 / (02) 87828615,"SUSANA P. QUIAOIT, MD, FPSP",jerzymarion@yahoo.com,acediagctr@yahoo.com,4882347,,1,4,5,WITHOUT CONCERN,PASSED,Highly Satisfactory,SDTLPT-21-0-,1074,HS
3,03-XXXX-20-PIBS-R,3,ALLIMED DIAGNOSTIC LABORATORY,"RM 2-3 DR. ALLAN PINEDA BLDG., GEN. LUNA ST., BABO SACAN, PORAC, PAMPANGA",PORAC/PAMPANGA,09178411010/(045)6497816,"DIZON, FLORENCIO CONCENGCO",,allimeddxlaboratory@yahoo.com,4919524,,1,4,5,WITHOUT CONCERN,PASSED,Highly Satisfactory,SDTLPT-21-0-,1075,HS
3,03-0210-20-PFSS-R,3,AMEER DIAGNOSTIC LABORATORY,"A. MABINI STREET MOJON, MALOLOS CITY, BULACAN ",MALOLOS CITY / BULACAN ,09255255504 / (044) 3050430,"SUSANA P. QUIAOIT, MD, FPSP",jerzymarion@yahoo.com,ameerdtl_lab@yahoo.com,4879013,,0,4,4,WITHOUT CONCERN,PASSED,Highly Satisfactory,SDTLPT-21-0-,1076,HS
3,03-1499-20-PIBS-R,3,ANA LIZA SOLOMON- LOPEZ HEALTHCARE DIAGNOSTIC CLINIC,"UNIT C, 1F CHUA BLDG., 97-F TAÑEDO ST., TARLAC CITY",TARLAC CITY,09237366563 / (045) 6285312,"NICK R. FERNANDEZ, MD, DPSP",konicks76@yahoo.com,lopezanaliza75@gmail.com,4904171,,3,2,5,WITHOUT CONCERN,PASSED,Highly Satisfactory,SDTLPT-21-0-,1077,HS
3,03-0036-20-PIBS-R,3,ANALYTICON LABORATORY,"OLD WESLEYAN BLDG., MABINI ST. COR. QUIMSON ST., BRGY. QUEZON DISTRICT, CABANATUAN CITY, NUEVA ECIJA",CABANATUAN CITY / NUEVA ECIJA,9361913802/(044)456-9401,"LACUESTA, JUANITA TUCAY",,analyticonlab@yahoo.com,4929019,,0,5,5,WITHOUT CONCERN,PASSED,Highly Satisfactory,SDTLPT-21-0-,1078,HS
3,03-0499-20-PIBS-R,3,ANGELES MEDICAL CENTER INC. ,"641 RIZAL ST., LOURDES SUR, ANGELES CITY, PAMPANGA",ANGELES CITY / PAMPANGA ,09177907282/(045)322-4632,"PALACOL, IMELDA MARIE FREMIELLE F.",flowerwax@gmail.com,laboratory@angelesmed.com,4919526,,0,2,2,WITHOUT CONCERN,PASSED,Excellent,SDTLPT-21-0-,1079,E
3,03-0760-18-PIBS-R,3,ANGELES UNIVERSITY FOUNDATION MEDICAL CENTER,"MC ARTHUR HIGHWAY, ANGELES CITY, PAMPANGA ",ANGELES CITY / PAMPANGA ,045-6252924,"ONG , REMEDIOS O.",remy2004ong@yahoo.com,aufmc_capalm@hotmail.com,4911652,,1,3,4,WITHOUT CONCERN,PASSED,Highly Satisfactory,SDTLPT-21-0-,1080,HS
3,03-0423-20-PFSS-R,3,ANTOINETTE DRUG TESTING CENTER,"723 JRM BLDG., MASAGANA HOMES, MAC ARTHUR HIGH-WAY, TABANG, GUIGUINTO, BULACAN ",GUIGUINTO / BULACAN,09228382582 / (044) 6904946,"JONATHAN URBINO, MD",,irenectrinidad@yahoo.com,4919519,,2,0,2,WITHOUT CONCERN,PASSED,Excellent,SDTLPT-21-0-,1081,E
3,03-0167-19-PFSS-R,3,ATS DRUG TESTING CENTER,"1ST FLOOR FELNOR BLDG. QUIRINO ST., BRGY. SAN JOSE, BALANGA, BATAAN ",BALANGA CITY / BATAAN,09228873136/0472404100,"CELESTINO, LUISITO DE JESUS",louie66@yahoo.com,atsdrugtestingcenter@gmail.com,4835641,,3,3,6,WITHOUT CONCERN,PASSED,Acceptable,SDTLPT-21-0-,1082,A
3,03-0477-19-PIBS-R,3,AVENTUS MEDICAL CARE INC. (CLARK),"G/F BPO BUILDING 5, SM CITY CLARK, M.A. ROXAS HIGHWAY, BRGY. MALABANIAS, ANGELES, PAMPANGA ",ANGELES CITY / PAMPANGA ,09270424050/0454998417,"GARCIA, EMIL BRYAN MAMANGUN",docbryan12@yahoo.com,Laboratory.Pampanga@aventusmedical.com.ph,4842036,,0,3,3,WITHOUT CONCERN,PASSED,Highly Satisfactory,SDTLPT-21-0-,1083,HS
3,03-0500-20-PFSS-R,3,BALAGTAS POLYCARE CLINIC AND DIAGNOSTIC CENTER,"BOROL 1ST, BALAGTAS, BULACAN",BALAGTAS / BULACAN,09182105887 / 09276026420 / 09155012788,"ARMIDA C. EVANGELISTA, MD",armievangelista888@yahoo.com,blgtaspolycare@gmail.com,4922598,,0,0,0,WITHOUT CONCERN,PASSED,Excellent,SDTLPT-21-0-,1084,E
3,03-0478-19-PIBS-R,3,BALIUAG DIAGNOSTIC LABORATORY,"630 J. BUIZON ST., STO. CRISTO, BALIUAG, BULACAN ",BALIUAG / BULACAN,09228416857 / (044) 7662913,"REYNALDO G. TORRES, MD",reygtorres1956@yahoo.com,didirmt3@yahoo.com,4857065,,1,3,4,WITHOUT CONCERN,PASSED,Highly Satisfactory,SDTLPT-21-0-,1085,HS
3,03-0424-20-GIBS-R,3,BATAAN GENERAL HOSPITAL AND MEDICAL CENTER,"MANAHAN ST., TENEJERO, BALANGA CITY, BATAAN ",BALANGA CITY / BATAAN,09218196555/047-2371273,"MENDOZA, JEFFERSON B.",jebamen@yahoo.com,bghdrugtestinglab@yahoo.com,4877220,,1,4,5,WITHOUT CONCERN,PASSED,Highly Satisfactory,SDTLPT-21-0-,1086,HS
3,03-0948-19-PIBS-R,3,BATAAN HEALTH CARE CENTER,"P. GOMEZ ST. POBLACION , MARIVELES, BATAAN",MARIVELES/BATAAN,09173115338/047-9356153,"CRUZ, GABRIEL",bhcc_galo@yahoo.com,bhcc_galo@yahoo.com,4917918,,1,2,3,WITHOUT CONCERN,PASSED,Highly Satisfactory,SDTLPT-21-0-,1087,HS
3,03-0706-18-PIBS-R,3,BATAAN PENINSULA MEDICAL CENTER DRUG TESTING LABORATORY,"OLD PROVINCIAL ROAD, SAN RAMON, DINALUPIHAN, BATAAN ",DINALUPIHAN/BATAAN,09397633380/(047)481-2173,"DY, JANET LIM",janet_lim_dy@yahoo.com,bpmclab@yahoo.com,4920414,,2,3,5,WITHOUT CONCERN,PASSED,Highly Satisfactory,SDTLPT-21-0-,1088,HS
3,03-1491-19-PIBS-I,3,BATAAN ST. JOSEPH HOSPITAL & MEDICAL CENTER CORP.,"DON MANUEL BANZON AVE., BRGY. DOÑA FRANCISCA, BALANGA CITY, BATAAN",BALANGA CITY / BATAAN,(047) 237-0226 loc 112/09054356552,"CRUZ, GABRIEL JOSON",bsjhlaboratory@yahoo.com,bsjhlaboratory@yahoo.com,4929132,,0,5,5,WITHOUT CONCERN,PASSED,Highly Satisfactory,SDTLPT-21-0-,1089,HS
3,03-1140-19-PFSS-R,3,BIO-SCREEN DRUG TESTING CENTER,"2/F ST. AGATHA SQUARE BLDG., BRGY. POBLACION, GUIGUINTO, BULACAN ",GUIGUINTO / BULACAN,09273129658 / (044) 8122971,"AVELINO A. ALOMESEN, MD",,bioscreen.dtc@yahoo.com,4918836,,1,2,3,WITHOUT CONCERN,PASSED,Highly Satisfactory,SDTLPT-21-0-,1090,HS
3,03-0425-20-PFSS-R,3,BIOASSAY DIAGNOSTIC CENTER DRUG TESTING LAB,"1232 MIRANDA ST., STO. ROSARIO, ANGELES, PAMPANGA ",ANGELES CITY / PAMPANGA ,092097166772/045-3222898,"MALONZO, ROMMEL G.",,bioassay1232@yahoo.com,4876317,,0,4,4,WITHOUT CONCERN,PASSED,Highly Satisfactory,SDTLPT-21-0-,1091,HS
3,03-0915-19-PIBS-R,3,BIOCARE LABORATORY,"BL BLDG., ARELLANO, ORION, BATAAN 2102",ORION/BATAAN,9189435108,"CELESTINO, LUISITO",louie66@yahoo.com,biocarelaboratory@yahoo.com,4915760,,1,3,4,WITHOUT CONCERN,PASSED,Highly Satisfactory,SDTLPT-21-0-,1092,HS
3,03-1372-19-PIBS-R,3,BIOCHEM HEALTHCARE SERVICES INC.,"2/F #071 MC ARTHUR HI-WAY, DAU, MABALACAT, PAMPANGA ",MABALACAT CITY/PAMPANGA,9154474642/(045) 402 - 5809,"DIZON, FLORENCIO CONCENGCO",info@biochem.ph,info@biochem.ph,4910907,,3,5,8,WITHOUT CONCERN,PASSED,Acceptable,SDTLPT-21-0-,1093,A
3,03-0426-20-PIBS-R,3,BRAIN CHILD DIAGNOSTIC CENTER,"ENRIQUETTA I BLDG., CANIOGAN, CALUMPIT, BULACAN",CALUMPIT / BULACAN,9228257547,DENNIS JOSE S. CARBONELL,,brainchilddxcenter@yahoo.com,4914683,,2,4,6,WITHOUT CONCERN,PASSED,Acceptable,SDTLPT-21-0-,1094,A
3,03-1484-20-PIBS-R,3,BRIGINO GENERAL HOSPITAL,"20 QUIRINO HI-WAY, PECSONVILLE SUBD., TUNGKONG MANGGA, CITY OF SAN JOSE DEL MONTE, BULACAN ",SAN JOSE DEL MONTE / BULACAN,09435060843 / (044) 8154456,"MONTANO L. PRONTO, MD, FPSP",,bgh.lab@yahoo.com,4914010,,2,1,3,WITHOUT CONCERN,PASSED,Highly Satisfactory,SDTLPT-21-0-,1095,HS
3,03-0211-20-PIBS-R,3,BRITON-AMEER DIAGNOSTIC LABORATORY,"A. MABINI STREET, MOJON, MALOLOS CITY, BULACAN ",MALOLOS CITY / BULACAN ,09255255502 / (044) 7917339,"SUSANA P. QUIAOIT, MD, FPSP",jerzymarion@yahoo.com,ameerdtl_lab@yahoo.com,4879012,,0,5,5,WITHOUT CONCERN,PASSED,Highly Satisfactory,SDTLPT-21-0-,1096,HS
3,03-0427-20-PIBS-R,3,BULACAN DIAGNOSTIC CENTER,"826 F. VERGEL DE DIOS ST., POBLACION, BALIUAG, BULACAN ",BALIUAG / BULACAN,09334011628 / (044) 7661417,"GABRIEL J. CRUZ, MD",gjcruz20@hotmail.com,bulacandiagnostic@yahoo.com,4940630,,1,2,3,WITHOUT CONCERN,PASSED,Highly Satisfactory,SDTLPT-21-0-,1097,HS
3,03-0428-20-PIBS-R,3,BULACAN DIAGNOSTIC CENTER - BRANCH 1,"B.S. AQUINO AVENUE, TANGOS, BALIUAG, BULACAN ",BALIUAG / BULACAN,09334011628 / (044) 3080165,"GABRIEL J. CRUZ, MD",gjcruz20@hotmail.com,bulancandiagnostic@yahoo.com,4940631,,1,2,3,WITHOUT CONCERN,PASSED,Highly Satisfactory,SDTLPT-21-0-,1098,HS
3,03-0384-19-PIB-R,3,CAPAS HEALTHCARE DIAGNOSTIC LABORATORY -TARLAC CITY BRANCH,"ST. JOSEPH BLDG. II, JUAN LUNA ST., STO. CRISTO, TARLAC CITY ",TARLAC CITY,09071966740 / (045) 9828569,"NICK R. FERNANDEZ, MD, DPSP",konicks76@yahoo.com,rubsmagtoto@yahoo.com,4847601,,1,1,2,WITHOUT CONCERN,PASSED,Excellent,SDTLPT-21-0-,1099,E
3,03-1169-20-PIBS-R,3,CARELIFE MEDICAL AND DIAGNOSTIC CLINIC,"925 EL CAMINO RD., STO. NIÑO SUBD., BRGY. CAMALIG, MEYCAUAYAN CITY, BULACAN",MEYCAUAYAN CITY / BULACAN,9329167600,"MARIE MICHELLE Y. SO, MD",mariemichelle.so@gmail.com,carelife_mdc@yahoo.com,4919514,,0,2,2,WITHOUT CONCERN,PASSED,Excellent,SDTLPT-21-0-,1100,E
3,03-XXXX-20-PIBS-R,3,CAREWISE DIAGNOSTIC LABORATORY,"G/F JM MENDOZA BLDG., KM 25 MAC ARTHUR HIGHWAY, LOLOMBOY, BOCAUE, BULACAN",BOCAUE / BULACAN,9175786270,"REYNALDO G. TORRES, MD",reygtorres1956@yahoo.com,carewisediagnosticlaboratory@yahoo.com,4917925,,0,5,5,WITHOUT CONCERN,PASSED,Highly Satisfactory,SDTLPT-21-0-,1101,HS
3,03-0430-20-PIBS-R,3,CENTRIA MEDICAL SERVICES AND DIAGNOSTIC CENTER,"153 PASEO DEL CONGRESO, LIYANG, MALOLOS, BULACAN",MALOLOS CITY / BULACAN ,09363841461 / (044) 7924450,"VENERACION P. MUNAR, MD",,centriamedlab@yahoo.com,4917911,,0,2,2,WITHOUT CONCERN,PASSED,Excellent,SDTLPT-21-0-,1102,E
3,03-0763-12-PIBS-R,3,COMMUSERV DIAGNOSTIC SERVICES,"654 DON JUICO AVE. ANUNAS, ANGELES CITY, PAMPANGA",ANGELES CITY / PAMPANGA ,0920-9482425/(045)963-3787,"GALVAN, GIL BRYAN BRAGANZA",gilbryan_484@yahoo.com,commuservdiagnostic@gmail.com,4946269,,1,3,4,WITHOUT CONCERN,PASSED,Highly Satisfactory,SDTLPT-21-0-,1103,HS
3,03-0676-19-PFSS-R,3,DIASERV DIAGNOSTIC LABORATORY,"12 ZAMORA ST. DAVSAN SUBD., SINDALAN, SAN FERNANDO, PAMPANGA ",SAN FERNANDO CITY / PAMPANGA,09175701972/045-40098251-52,"GACASAN, JOCELYN Q.",,diaserv_2000@yahoo.com,4832934,,2,2,4,WITHOUT CONCERN,PASSED,Highly Satisfactory,SDTLPT-21-0-,1104,HS
3,03-0506-21-GIBS-R,3,DOH TREATMENT & REHABILITATION CENTER BATAAN,"BATANGAS III, LIYANG, PILAIL CITY, BATAAN",PILAIL CITY/BATAAN,9175961134,"CELESTINO, LUISITO",louie66@yahoo.com,laboratory.trcbataan@gmail.com,4966173,,2,3,5,WITHOUT CONCERN,PASSED,Highly Satisfactory,SDTLPT-21-0-,1105,HS
3,03-0431-20-GIBS-R,3,DR. PAULINO J. GARCIA MEMORIAL RESEARCH AND MEDICAL CENTER,"MABINI ST. , QUEZON DISTRICT, CABANATUAN CITY, NUEVA ECIJA ",CABANATUAN CITY / NUEVA ECIJA,09178202831/044-4638888,"MACAPAGAL, JOHN DENNIS DG.",violane1968@yahoo.com,rihardmvalencia@yahoo.com,4882250,,1,5,6,WITHOUT CONCERN,PASSED,Acceptable,SDTLPT-21-0-,1106,A
3,03-0681-20-PIBS-R,3,DR. PURIFICACION REYES- TADEO MEDICAL CLINIC AND LABORATORY,"PELMOKA ST., CORNER BAYUGA ST., SCIENCE CITY OF MUÑOZ, NUEVA ECIJA ",SCIENCE CITY OF MUÑOZ/NUEVA ECIJA,09222244507/(044)456-5896,"VITERBO, MIRIAN DE LEON",docmirianviterbo@yahoo.com,eveevangeline@yahoo.com,4895843,,1,3,4,WITHOUT CONCERN,PASSED,Highly Satisfactory,SDTLPT-21-0-,1107,HS
3,03-0386-19-PFSS-R,3,DRUGCHECK PHILIPPINES INC. - OLONGAPO,"#83 14TH STREET COR KESSING ST., NEW KALALAKE, OLONGAPO CITY, ZAMBALES ",OLONGAPO CITY / ZAMBALES,9164382701,"CRUZ, GABRIEL JOCSON",drcruz20@hotmail.com,olongapo_drugcheck@yahoo.com,4849212,,0,3,3,WITHOUT CONCERN,PASSED,Highly Satisfactory,SDTLPT-21-0-,1108,HS
3,03-0711-18-PIBS-R,3,"EASE DRUGS, CLINIC AND LABORATORY","#94 MAC ARTHUR HIGHWAY, ABANGAN SUR, MARILAO, BULACAN ",MARILAO / BULACAN,09257010408 / (044) 7114608 / 2487062,"JAIME G. SANTIAGO, MD",jgs1119@yahoo.com,easedrugs_lab@yahoo.com,4832763,,1,2,3,WITHOUT CONCERN,PASSED,Highly Satisfactory,SDTLPT-21-0-,1109,HS
3,03-1753-20-PIBS-R,3,EVERHEALTH DIAGNOSTIC LABORATORY,"819 MABINI ST., MOJON, MALOLOS CITY, BULACAN",MALOLOS CITY / BULACAN ,09333919743 / (044) 7913994,"JUANITA T. LACUESTA, MD",barbaratucay@gmail.com,everhealthlaboratory@gmail.com,4928679,,1,1,2,WITHOUT CONCERN,PASSED,Excellent,SDTLPT-21-0-,1110,E
3,03-0910-20-PFSS-R,3,EXPLORE DRUG TESTING LAB. & DIAGNOSTIC CENTER,"CAPITOL COMPOUND, STO. NIÑO, CITY OF SAN FERNANDO, PAMPANGA",SAN FERNANDO CITY / PAMPANGA,09478013159/(045)9611749,"YU-SO, MARIE MICHELLE",robinsor116@yahoo.com,robinsor116@yahoo.com,4918761,,0,3,3,WITHOUT CONCERN,PASSED,Highly Satisfactory,SDTLPT-21-0-,1111,HS
3,03-0171-19-PIBS-R,3,FABROS MEDICAL CLINIC,"2743 MENDOZA ST. LOLOMBOY, BOCAUE, BULACAN ",BOCAUE / BULACAN,09257117452 / (044) 8150288,"DIVINA G. FABROS, MD",fabrosmedicalclinic@gmailcom,fabrosmedicalclinic@gmail.com,4857708,,2,1,3,WITHOUT CONCERN,PASSED,Highly Satisfactory,SDTLPT-21-0-,1112,HS
3,03-XXXX-20-PIBS-R,3,FAST HEALTH DIAGNOSTIC AND MEDICAL CLINIC,"#25 SUPER, BARANGAY PATUBIG, MARILAO, BULACAN",MARILAO / BULACAN,09098055389 / 0917172826,"GABRIEL J. CRUZ, MD",gjcruz20@hotmail.com,fil_jane@yahoo.com,4915153,,1,2,3,WITHOUT CONCERN,PASSED,Highly Satisfactory,SDTLPT-21-0-,1113,HS
3,03-1005-20-GIBS-R,3,FORT MAGSAYSAY ARMY STATION HOSPITAL,"FORT MAGSAYSAY (7ID, KAUGNAY, PA), PALAYAN CITY, NUEVA ECIJA ",PALAYAN CITY/NUEVA ECIJA,9088800125/09175963160,"REYES, EMEDITA L.",fmash_7id@yahoo.com,fmash_7id@yahoo.com,4886588,,5,1,6,WITHOUT CONCERN,PASSED,Acceptable,SDTLPT-21-0-,1114,A
3,03-0854-20-PIBS-R,3,GEZYNE CLINICAL LABORATORY,0330 VERGEL DE DIOS ST. POBLACION BULACAN,PLARIDEL / BULACAN,09176490807 / 7955007,"BERNADETTE R. ESPIRITU, MD, FPSP",bremd2004@yahoo.com,gezyne.lopez@yahoo.com,4945992,,0,5,5,WITHOUT CONCERN,PASSED,Highly Satisfactory,SDTLPT-21-0-,1115,HS
3,03-1058-19-PIBS-R,3,GIMENA MEDICAL & DIAGNOSTIC CLINIC,"#4 MAC ARTHUR HIGHWAY, TABANG, GUIGUINTO, BULACAN ",GUIGUINTO / BULACAN,09175654922 / (044) 3061981,"OLGA M. BAUSA, MD",olga_bausa@gmail.com,nida_gimera@gmail.com,4854119,,3,0,3,WITHOUT CONCERN,PASSED,Highly Satisfactory,SDTLPT-21-0-,1116,HS
3,03-0503-20-PIBS-R,3,"GRACE GENERAL HOSPITAL, INC.","B1 L2 QUIRINO HIGHWAY EXTENSION, BRGY. MULAWIN, FRANCISCO HOMES, SAN JOSE DEL MONTER, BULACAN ",SAN JOSE DEL MONTE / BULACAN,09222504771 / (02) 87823949,"CARMELA T. REYES, MD",ggh_laboratory@yahoo.com,ggh_laboratory@yahoo.com,4888901,,3,4,7,WITHOUT CONCERN,PASSED,Acceptable,SDTLPT-21-0-,1117,A
3,03-0682-20-PIBS-R,3,"GUIMBA GENERAL HOSPITAL, INC.","BAGAIN ST., STA. VERONICA DISTRICT, GUIMBA, NUEVA ECIJA ",GUIMBA/NUEVA ECIJA,09175555614/(044) 958-1643,"DELA CRUZ, MARY ANN VALENTON",madlcruz417@yahoo.com,caribe060204@yahoo.com,4900874,,1,3,4,WITHOUT CONCERN,PASSED,Highly Satisfactory,SDTLPT-21-0-,1118,HS
3,03-0683-20-PIBS-R,3,HEALTH CENTRAL MEDICAL CLINIC & DIAGNOSTIC CENTER,"PROVINCIAL ROAD, STA. LUCIA ANGAT CITY, BULACAN",ANGAT CITY/ BULACAN,09328426936 / (044) 6973507,"DEXTER A. LEDESMA, MD",dexterledesma@gmail.com,hcmcdc03@gmail.com,4947944,,1,1,2,WITHOUT CONCERN,PASSED,Excellent,SDTLPT-21-0-,1119,E
3,03-0482-19-PIBS-R,3,HEALTHCORE DIAGNOSTIC CENTER,"ST. JOSEPH BLDG. IV, ST. JUDE VILLAGE, BRGY. ALFONSO, CONCEPCION, TARLAC ",CONCEPCION / TARLAC,09187862802 / (045) 9250283,"NICK R. FERNANDEZ, MD, DPSP",konicks76@yahoo.com,healthcorediagnostic@yahoo.com.ph,4847448,,1,0,1,WITHOUT CONCERN,PASSED,Excellent,SDTLPT-21-0-,1120,E
3,03-0913-20-PFSS-R,3,HEMATECH DIAGNOSTIC CENTER,"UNIT G RBL BLDG., MC ARTHUR HI-WAY, QUEBINWAN, SAN FERNANDO, PAMPANGA ",SAN FERNANDO CITY / PAMPANGA,09654697963/045-4352944,"DIZON, FLORENCIO CONCENGCO",macaraig.liezl@yahoo.com,macaraig.liezl@yahoo.com,4918974,,1,3,4,WITHOUT CONCERN,PASSED,Highly Satisfactory,SDTLPT-21-0-,1121,HS
3,03-0909-18-PIBS-R,3,HEMOLINE MEDICAL CLINIC AND DIAGNOSTIC LABORATORY,"UNIT F SANTOS COMMERCIAL BLDG. CORNER PAMPANG ROAD AND VISITACION ST., PAMPANG, ANGELES CITY, PAMPANGA ",ANGELES CITY / PAMPANGA ,09178224219/436-2527,"CRUZ, GABRIEL JOCSON",hemolinelab@yahoo.com,hemolinelab@yahoo.com,4890063,,0,1,1,WITHOUT CONCERN,PASSED,Excellent,SDTLPT-21-0-,1122,E
3,03-0434-20-PIBS-R,3,HI-PRECISION DIAGNOSTICS - ANGELES,"MC ARTHUR HI-WAY COR ANGELES-MAGALANG ROAD, STO. CRISTO, ANGELES, PAMPANGA",ANGELES CITY / PAMPANGA ,0920-9610407/(045)322-22-11,"TAGAYUNA, PEDRITO YABOT",bobongmd@yahoo.com,hpangeles@hi-precision.com.ph,4916839,,0,4,4,WITHOUT CONCERN,PASSED,Highly Satisfactory,SDTLPT-21-0-,1123,HS
3,03-0175-19-PIBS-R,3,HI-PRECISION DIAGNOSTICS - BALIUAG,"ROYAL STONE A, HOLDINGS BLDG. B.S. AQUINO AVE. BAGONG NAYON, BALIUAG, BULACAN  ",BALIUAG / BULACAN,09328656597 / (044) 7660281,,maritessg_hipre@yahoo.com,,4916845,,1,0,1,WITHOUT CONCERN,PASSED,Excellent,SDTLPT-21-0-,1124,E
3,03-0174-19-PIBS-R,3,HI-PRECISION DIAGNOSTICS - CABANATUAN,"THE CRESCENT BLDG., KM 14, MAHARLIKA HIGHWAY, ZULUETA DISTRICT, CABANATUAN CITY, NUEVA ECIJA ",CABANATUAN CITY / NUEVA ECIJA,(044)9409404/09178145093,"BAUTISTA-CAPINIG, IRMA GRACE B.",hpcabanatuan@hi-precision.com.ph,hpcabanatuan@hi-precision.com.ph,4916848,,0,5,5,WITHOUT CONCERN,PASSED,Highly Satisfactory,SDTLPT-21-0-,1125,HS
3,03-1554-18-PFSS-I,3,HI-PRECISION DIAGNOSTICS - MALOLOS,"GF SHELL BLDG., MC ARTHUR HI-WAY, SUMAPANG MATANDA, MALOLOS, BULACAN ",MALOLOS CITY / BULACAN ,09177087126 / (044) 7951554,"MARIA LOURDES P. SANTOS, MD",malousantosmd@hi-precision.cpm.ph,hpmalolos@hi-precision.com.ph,4916795,,1,4,5,WITHOUT CONCERN,PASSED,Highly Satisfactory,SDTLPT-21-0-,1126,HS
3,03-0652-18-PIBS-R,3,HI-PRECISION DIAGNOSTICS - SAN FERNANDO,"UNIT 101-103 G/F GOP BLDG. MCARTHUR HI-WAY COR DOÑA CONSOLACION, SAN FERNANDO, PAMPANGA ",SAN FERNANDO CITY / PAMPANGA,0920-961-0407/(045) 409-8352,"TAGAYUNA, PEDRITO YABOT",bobongmd@yahoo.com,hpsf@hi-precision.com.ph,4917003,,2,5,7,WITHOUT CONCERN,PASSED,Acceptable,SDTLPT-21-0-,1127,A
3,03-0090-21-PFSS-R,3,HI-PRECISION DIAGNOSTICS TARLAC,"6376 MC ARTHUR HIGHWAY BLOSSOMVILLE LANDMARK: NEAR RCBC BANK, TARLAC CITY, TARLAC",TARLAC CITY,09230232814 / 4561575,"KATHRYNA LESLY T. AYRO, MD, FPSP",kath_ayro@yahoo.com,hptarlac@hi-precision.com.ph,4969114,,0,5,5,WITHOUT CONCERN,PASSED,Highly Satisfactory,SDTLPT-21-0-,1128,HS
3,03-0437-20-PIBS-R,3,HOLY TRINITY GENERAL HOSPITAL,"JOSE ABAD SANTOS AVENUE, PLAZANG LUMA, ARAYAT, PAMPANGA ",ARAYAT/PAMPANGA,09228878699/045-981-0127,"CHUA, JOSEPHINE LO",jopinmd@yahoo.com,htgh2005@gmail.com,4918995,,1,5,6,WITHOUT CONCERN,PASSED,Acceptable,SDTLPT-21-0-,1129,A
3,03-0824-19-PIBS-R,3,I MEDICAL HEALTH CARE CLINIC,"WBC G/F BLDG. MC-ARTHUR HI-WAY IBAYO, MARILAO, BULACAN ",MARILAO / BULACAN,09424479988 / (044) 3223230,"MARICEL R. RIBO, MD",maricelregino_ribo74@yahoo.com,imedhealthcare2016@yahoo.com,4938989,,0,5,5,WITHOUT CONCERN,PASSED,Highly Satisfactory,SDTLPT-21-0-,1130,HS
3,03-0977-19-PIBS-R,3,ILAYA MEDICAL CLINIC LABORATORY,"LAUREL ST. SAN JOSE BALANGA, BATAAN ",BALANGA CITY / BATAAN,09178224219/247-237-5225,"CRUZ, GABRIEL J.",drcruz20@hotmail.com,ilayaclinic@yahoo.com,4900873,,1,5,6,WITHOUT CONCERN,PASSED,Acceptable,SDTLPT-21-0-,1131,A
3,03-1557-19-PIBS-I,3,INFINITYCARE DIAGNOSTIC,"0740 NATIONAL ROAD, ST. FRANCIS 1, LIMAY, BATAAN ",LIMAY/BATAAN,0917-596-1134/0929-311-3195,"CELESTINO, LUISITO",louie66@yahoo.com,infinitycarediagnostic@gmail.com,4912399,,3,2,5,WITHOUT CONCERN,PASSED,Highly Satisfactory,SDTLPT-21-0-,1132,HS
3,03-1483-20-GIBS-R,3,JAMES L. GORDON MEMORIAL HOSPITAL,"#1 PERIMETER ROAD, NEW ASINAN, OLONGAPO CITY, ZAMBALES ",OLONGAPO CITY / ZAMBALES,09474802525/602-1229,"OROPILLA, ANGELIE ERISTELA L.",tomi_timi@yahoo.com,matesdelacruz@yahoo.com,4918928,,0,4,4,WITHOUT CONCERN,PASSED,Highly Satisfactory,SDTLPT-21-0-,1133,HS
3,03-1007-20-PIBS-R,3,JASMINE LABORATORY,"B6 L29 AREA F, SAN PEDRO SAPANG PALAY, SAN JOSE DEL MONTE, BULACAN ",SAN JOSE DEL MONTE / BULACAN,09175370339 / (044) 9130985,"ARTURO C. LOPEZ, MD",artlopez297@yahoo.com,marin7569@yahoo.com,4919577,,1,3,4,WITHOUT CONCERN,PASSED,Highly Satisfactory,SDTLPT-21-0-,1134,HS
3,03-1475-19-PIBS-I,3,JD DIAGNOSTIC AND LABORATORY,"UNIT 109, STA. MARIA TOWN CENTER, CORAZON DE JESUS ST., POBLACION, STA. MARIA, BULACAN ",STA. MARIA / BULACAN,091781503330 / (044) 6414958,"JENNIFER D. MERCADO, MD, MMHoA, FPSP",jddiagnostic@yahoo.com,jddiagnostic@yahoo.com,4863865,,1,2,3,WITHOUT CONCERN,PASSED,Highly Satisfactory,SDTLPT-21-0-,1135,HS
3,03-0217-20-PIBS-R,3,JECSONS MEDICAL CENTER,2nd FLOOR LABORATORY Dept. Mc ARTHUR HIGHWAY SAN NICOLAS TARLAC,TARLAC CITY,(045) 9820379,"SHELDON STEVEN C. AQUINO, MD",,jecsonslab@gmail.com,4948615,,0,5,5,WITHOUT CONCERN,PASSED,Highly Satisfactory,SDTLPT-21-0-,1136,HS
3,03-1196-20-PFSS-R,3,JETT-NELLE DRUG TESTING LABORATORY,"3RD FLOOR LANDBANK BLDG., BAYANIHAN, GAPAN CITY, NUEVA ECIJA",GAPAN CITY/NUEVA ECIJA,0922-864-1443/0448061147,"REYES, EMEDITA L.",emeditareyes@yahoo.com,jlen_rmt01@yahoo.com,4914483,,3,2,5,WITHOUT CONCERN,PASSED,Highly Satisfactory,SDTLPT-21-0-,1137,HS
3,03-1415-18-PIBS-I,3,JHAYEN MEDICAL LABORATORY AND X-RAY SERVICES ,"ROOM 303 ASSUMPTA BLDG. CHURCH PATIO, SAN FERNANDO, PAMPANGA ",SAN FERNANDO CITY / PAMPANGA,9228612181,"CRUZ, GABRIEL JOCSON",dtcjhayenlab@yahoo.com,dtcjhayenlab@yahoo.com,4849942,,1,5,6,WITHOUT CONCERN,PASSED,Acceptable,SDTLPT-21-0-,1138,A
3,03-1684-19-GIBS-I,3,JOSE B. LINGAD MEMORIAL REGIONAL HOSPITAL,"MAC ARTHUR HIGHWAY, DOLORES, SAN FERNANDO, PAMPANGA ",SAN FERNANDO CITY / PAMPANGA,09055751877/045-9613544,"GALVAN, GIL BRYAN BRAGANZA",jblmrhlab@gmail.com,jblmrhlab@gmail.com,4836353,,1,5,6,WITHOUT CONCERN,PASSED,Acceptable,SDTLPT-21-0-,1139,A
3,03-0220-20-PIBS-R,3,JTP MEDICAL X-RAY SERVICES,"4TH FLOOR, MIRABES BLDG., V. TIOMICO ST., BRGY. STO ROSARIO, CITY OF SAN FERNANDO, PAMPANGA ",CITY OF SAN FERNANDO/PAMPANGA,09174731525/(045)961-6563,"CHUA, JOSEPHINE LO",,jtplab@hotmail.ph,4895317,,0,5,5,WITHOUT CONCERN,PASSED,Excellent,SDTLPT-21-0-,1140,E
3,03-XXXX-19-PIBS-R,3,LAB1 DIAGNOSTIC CENTER,"169 BLK 6 ASIAYIC, NATIONAL ROAD STREET, SAN ISIDRO, BATAAN",SAN ISIDRO/BATAAN,09958438110/047-6136397,"CRUZ, GABRIEL JOCSON",marites_endaya@yahoo.com,lab1mariveles@gmail.com,4873613,,2,3,5,WITHOUT CONCERN,PASSED,Highly Satisfactory,SDTLPT-21-0-,1141,HS
3,03-0222-20-PIBS-R,3,LABPRO DIAGNOSTIC CENTER,"#9026 TANDOC ST., PECSONVILLE SUBD., BRGY. TUNGKONG MANGGA, SAN JOSE DEL MONTE, BULACAN ",SAN JOSE DEL MONTE / BULACAN,(044) 9131152,"MARY YVONETTE C. NERVES, MD",bnerves@yahoo.com,labprodiagnostic@yahoo.com,4913611,,1,2,3,WITHOUT CONCERN,PASSED,Highly Satisfactory,SDTLPT-21-0-,1142,HS
3,03-0037-20-PIBS-R,3,LABWORKS DIAGNOSTIC LABORATORY,"#353 BRGY. WAWA (POBLACION), BALAGTAS, BULACAN ",BALAGTAS / BULACAN,09173853858 / 09331888773,"HUMPHREY C. BITUN, MD, FPSP",humphreybitun@yahoo.com,labworksdiagnosticlaboratory@yahoo.com,4912560,,1,1,2,WITHOUT CONCERN,PASSED,Excellent,SDTLPT-21-0-,1143,E
3,03-0181-19-PIBS-R,3,LACEDA MEDICAL CLINIC,"BLDG. 494 REMYFIELD COMPOUND, CBD AREA, SUBIC BAY FREEPORT ZONE, OLONGAPO CITY, ZAMBALES ",OLONGAPO CITY / ZAMBALES,09328570359/047-250-2380,"LACEDA, JOSEPH BLANCO",lacedamedical2012@yahoo.com,lacedamedical2012@yahoo.com,4893558,,0,4,4,WITHOUT CONCERN,PASSED,Highly Satisfactory,SDTLPT-21-0-,1144,HS
3,03-XXXX-20-PIBS-R,3,LIFE-SCREEN DIAGNOSTIC LABORATORY,"STALL ABC, AC BUILDING, SAN VICENTE, TARLAC CITY",TARLAC CITY,09193189650 / (045) 6280337,"FLORENCIO C. DIZON, MD",,life_screendl@yahoo.com,4920402,,2,3,5,WITHOUT CONCERN,PASSED,Highly Satisfactory,SDTLPT-21-0-,1145,HS
3,03-1603-20-PIBS-I,3,LN LABORATORY CLINIC,"LOT 21 BLOCK 66, BRGY. BAGONG BUHAY 1, CITY OF SAN JOSE DEL MONTE, BULACAN",SAN JOSE DEL MONTE / BULACAN,9326529967,"RHODERICK M. CULUZ, MD",rhoderick_md@yahoo.com,melisarobellonguevan0214@gmail.com,4914449,,0,2,2,WITHOUT CONCERN,PASSED,Excellent,SDTLPT-21-0-,1146,E
3,03-1145-19-PIBS-R,3,"LOVING MOTHER GENERAL HOSPITAL AND DIAGNOSTIC CENTER, INC.","BLOCK 6, F. TAÑEDO STREET, SAN NICOLAS, TARLAC CITY ",TARLAC CITY,09171564432 / (045) 9825644,"HERBERT G. PASCUAL, MD",drhgp_hgp@yahoo.com,lovingmotherhospitaldplm@gmail.com,4919809,,1,5,6,WITHOUT CONCERN,PASSED,Acceptable,SDTLPT-21-0-,1147,A
3,03-0528-20-PIBS-R,3,LSG DIAGNOSTIC LABORATORY AND X-RAY CLINIC,"7 MACABULOS ST., POBLACION, FLORIDABLANCA, PAMPANGA ",FLORIDABLANCA/PAMPANGA,09460305215/(045)970-0775,"CHUA, JOSEPHINE LO",lsglaboratory@yahoo.com,lsglaboratory@yahoo.com,4900867,,0,3,3,WITHOUT CONCERN,PASSED,Highly Satisfactory,SDTLPT-21-0-,1148,HS
3,03-0183-19-PFSS-R,3,LUCKY CHARM DRUG TESTING CENTER,"ISMAEL BLDG., C. DE JESUS ST., POBLACION, STA. MARIA, BULACAN ",STA. MARIA / BULACAN,09154891611 / 6414958,"JENNIFER D. MERCADO, MD, MMHoA, FPSP",charmdtl@yahoo.com,charmdtl@yahoo.com,4863864,,1,2,3,WITHOUT CONCERN,PASSED,Highly Satisfactory,SDTLPT-21-0-,1149,HS
3,03-0185-19-PIBS-R,3,MA. TRINITY LABORATORY AND X-RAY DIAGNOSTIC CENTER (PULILAN),"(IN FRONT OF BANK OF FLORIDA) NATIONAL ROAD, PALTAO, PULILAN, BULACAN ",PULILAN / BULACAN,09332517549 / (044) 6761068,"REYNALDO G. TORRES, MD",reygtorres1956@yahoo.com,ma.trinitydiagnostics@yahoo.com,4828821,,1,5,6,WITHOUT CONCERN,PASSED,Acceptable,SDTLPT-21-0-,1150,A
3,03-1273-20-PIBS-R,3,MAHARLIKA CAPA DENSON SPECIALTY CLINIC,"UNIT 5 SCHOOL OF SAINT IGNATIUS, #3 BIGTE ROAD, QUIRINO HIGHWAY, BIGTE, NORZAGARAY, BULACAN ",NORZAGARAY / BULACAN,9326142516,"FRAN I. EDEN, MD",,,4919970,,0,4,4,WITHOUT CONCERN,PASSED,Highly Satisfactory,SDTLPT-21-0-,1151,HS
3,03-0439-20-PIBS-R,3,MALOLOS HEALTH PROVIDERS INC.,"169 PASEO DEL CONGRESO, LIANG, MALOLOS CITY, BULACAN ",MALOLOS CITY / BULACAN ,09338153626 / (044) 7910089,"MARIE MICHELLE Y. SO, MD",mariemichelle.so@gmail.com,maloloshealthproviders@yahoo.com,4918792,,1,2,3,WITHOUT CONCERN,PASSED,Highly Satisfactory,SDTLPT-21-0-,1152,HS
3,03-0440-20-PFSS-R,3,MDLAB DIAGNOSTIC CENTER INC.,"LOT 23 BLOCK 11, 1ST STREET, BALIBAGO, ANGELES CITY, PAMPANGA ",ANGELES CITY / PAMPANGA ,045-4582614,"MALONZO, ROMMEL G.",mdlab2311@yahoo.com,mdlab2311@gmail.com,4876313,,0,5,5,WITHOUT CONCERN,PASSED,Highly Satisfactory,SDTLPT-21-0-,1153,HS
3,03-0694-19-PIBS-R,3,MEDHUB LAB MULTISPECIALTY AND DIAGNOSTIC CLINIC (BATAAN),"ROMAN HIGHWAY, PALIHAN CENTRO, HERMOSA, BATAAN ",HERMOSA/BATAAN,09175236482/047-6136805,"ECLARIN, RICARDO E.",medhubhermosa@gmail.com,medhubhermosa@gmail.com,4834053,,0,4,4,WITHOUT CONCERN,PASSED,Highly Satisfactory,SDTLPT-21-0-,1154,HS
3,03-0695-19-PIBS-R,3,MEDHUB LAB MULTISPECIALTY AND DIAGNOSTIC CLINIC (OLONGAPO),"DONATO BLDG., 69 RIZAL AVENUE, NEW BANICAIN, OLONGAPO CITY, ZAMBALES ",OLONGAPO CITY / ZAMBALES,9175272320,"ECLARIN, RICARDO E.",medhubclinic@gmail.com,medhubclinic@gmail.com,4833826,,0,4,4,WITHOUT CONCERN,PASSED,Highly Satisfactory,SDTLPT-21-0-,1155,HS
3,03-1599-18-PIBS-I,3,MEDICARD PHILS. INC.- CLARK,"2F WELLNESS ZONE SM CLARK, MALABANIAS, ANGELES CITY, PAMPANGA ",ANGELES CITY / PAMPANGA ,09959631307/4990366,"LOPEZ, ARTURO JR.",kbtolentino@medicardphils.com,kbtolentino@medicardphils.com,4883067,,4,4,8,WITHOUT CONCERN,PASSED,Acceptable,SDTLPT-21-0-,1156,A
3,03-1490-20-PIBS-I,3,"MEDICUS DIAGNOSTIC CENTER SAN RAFAEL, BULACAN","UNIT 6 CASOBEY BLDG., GALAS MAASIM, SAN RAFAEL, BULACAN",SAN RAFAEL / BULACAN,09754256808 / (044) 6974287,"VOLTAIRE C. YABUT, MD",voltsyabut@yahoo.com,medicussanrafael@gmail.com,4919812,,0,0,0,WITHOUT CONCERN,PASSED,Excellent,SDTLPT-21-0-,1157,E
3,03-0606-18-PIBS-R,3,MEDTRUST DIAGNOSTIC LABORATORY AND PHARMACY,"MC ARTHUR HIGHWAY, SINDALAN, SAN FERNANDO CITY, PAMPANGA ",SAN FERNANDO CITY / PAMPANGA,09175821757/(045)409-3052,"LEDESMA, DEXTER A.",dexterledesma@yahoo.com,medtrustdiagnosticlabpharma@gmail.com,4930468,,3,2,5,WITHOUT CONCERN,PASSED,Highly Satisfactory,SDTLPT-21-0-,1158,HS
3,03-0389-19-PIBS-R,3,MERIAN DIAGNOSTIC LABORATORY,"2468 ST. JOHN ST., VILLENA SUBDIVISION, SAN VICENTE, APALIT, PAMPANGA ",APALIT/PAMPANGA,09228876626/(045)652-0175,"ROMAN JR., GONZALO B.",jibyar@yahoo.com,meriandxl@gmail.com,4915781,,3,4,7,WITHOUT CONCERN,PASSED,Acceptable,SDTLPT-21-0-,1159,A
3,03-0898-19-PIBS-R,3,MICHAEL'S HEALTHLAB AND DIAGNOSTIC CLINIC,"MAHARLIKA HIGHWAY, BRGY. MALASIN, SAN JOSE CITY, NUEVA ECIJA ",SAN JOSE CITY / NUEVA ECIJA,,,,,4941429,,2,2,4,WITHOUT CONCERN,PASSED,Highly Satisfactory,SDTLPT-21-0-,1160,HS
3,03-0915-20-PIBS-R,3,MIH DRUG TESTING CENTER,"625 PARZON SQUARE BLDG., 3/F STALL H, STO. ROSARIO ST., BRGY. STO. DOMINGO, ANGELES CITY, PAMPANGA",ANGELES CITY / PAMPANGA ,9228735141/09108503945,"MALONZO, ROMMEL G.",rommelmalonzo18@yahoo.com.ph,threegirlsdtc@yahoo.com,4913296,,3,4,7,WITHOUT CONCERN,PASSED,Acceptable,SDTLPT-21-0-,1161,A
3,03-0487-19-PFSS-R,3,MIKROLAB DIAGNOSTIC LABORATORY AND HEALTH CLINIC,"MABINI EXTENSION, CABANATUAN, NUEVA ECIJA ",CABANATUAN CITY / NUEVA ECIJA,09171249200/044-4647944,"REYES, EMEDITA LANGUIDO",dra_emedita_reyes@yahoo.com,microlab2012@gmail.com,4857795,,1,5,6,WITHOUT CONCERN,PASSED,Acceptable,SDTLPT-21-0-,1162,A
3,03-0187-19-PIBS-R,3,MIRACULOUS FAITH ULTRASOUND AND DIAGNOSTIC CENTER,"MC ARTHUR HIGHWAY, WAWA, BALAGTAS, BULACAN ",BALAGTAS / BULACAN,09258428712 / (044) 3082663,"JAIME G. SANTIAGO, MD",easedrugs_lab@yahoo.com,miraculousfaith11@gmail.com,4837814,,2,2,4,WITHOUT CONCERN,PASSED,Highly Satisfactory,SDTLPT-21-0-,1163,HS
3,03-1009-20-PFSS-R,3,MJ SCREENLAB DRUG TESTING CENTER,"2-A PEÑA BLDG., GOV. LICAROS AVENUE, BRGY. BANGA, MEYCAUAYAN, BULACAN ",MEYCAUAYAN CITY / BULACAN,9173791681,"GABRIEL J. CRUZ, MD",gjcruz20@hotmail.com,mjscreenlab@gmail.com,4907933,,1,1,2,WITHOUT CONCERN,PASSED,Excellent,SDTLPT-21-0-,1164,E
3,03-XXXX-20-PIBS-R,3,MONTE ZION DIAGNOSTIC & MEDICAL CENTER CORP.,"UNIT 1-A LOT 4 GREENWOODS PARK, RIZAL AVENUE, CBD AREA, SUBIC BAY FREEPORT ZONE, 2222, OLONGAPO CITY, ZAMBALES",OLONGAPO CITY / ZAMBALES,09329398854/047-306-9029,"CABUDOY, RONALD C.",sales.monteziondiagnostic@gmail.com,sales.monteziondiiagnostic@gmail.com,4918691,,1,3,4,WITHOUT CONCERN,PASSED,Highly Satisfactory,SDTLPT-21-0-,1165,HS
3,03-1170-20-PIBS-R,3,MVA CLINICAL LABORATORY AND DIAGNOSTIC CLINIC,"MC ARTHUR HIGHWAY, ABANGAN SUR, MARILAO, BULACAN ",MARILAO / BULACAN,09176395928 / (044) 8150884,"MARILYN A. PAJEL-CALILUNG, MD",mvalab_8@yahoo.com,mvalab_8@yahoo.com,4918066,,1,0,1,WITHOUT CONCERN,PASSED,Excellent,SDTLPT-21-0-,1166,E
3,03-1611-21-PIBS-I,3,NEW WORLD DIAGNOSTICS INC. - BALIUAG BRANCH,"005 BS AQUINO AVENUE BANGONG NAYON, BALIUAG BULACAN",BALIUAG / BULACAN,(044) 7640901,"PAULO GIOVANNI L. MENDOZA, MD",,baliuag@nwdi.com.ph,4987036,,1,2,3,WITHOUT CONCERN,PASSED,Highly Satisfactory,SDTLPT-21-0-,1167,HS
3,03-0188-19-PIBS-R,3,NORZAGARAY DIAGNOSTIC AND CLINICAL LABORATORY,"2ND FLR. LCL BLDG., A. PAYUMO ST., POBLACION, NORZAGARAY, BULACAN ",NORZAGARAY / BULACAN,09369136424 / 8156743,"JENNIFER D. MERCADO, MD, MMHoA, FPSP",norzagaraydiagnostic@yahoo.com,norzagaraydiagnostic@yahoo.com,4863866,,0,1,1,WITHOUT CONCERN,PASSED,Excellent,SDTLPT-21-0-,1168,E
3,03-0231-20-PIBS-R,3,NUEVA ECIJA DOCTORS' HOSPITAL INC.,"MAHARLIKA HIGHWAY, CABANATUAN CITY, NUEVA ECIJA ",CABANATUAN CITY / NUEVA ECIJA,09178966818/(044)960-5504,"DE LA ROSA, ROLAN REYES",rrrtambo@yahoo.com,nedhi_lab@yahoo.com,4919813,,0,4,4,WITHOUT CONCERN,PASSED,Highly Satisfactory,SDTLPT-21-0-,1169,HS
3,03-0916-20-PIBS-R,3,OUR LADY OF MERCY GENERAL HOSPITAL INC.,"DOÑA REMEDIOS TRINIDAD HIGHWAY, LONGOS, PULILAN, BULACAN ",PULILAN / BULACAN,09255681178 / (044) 7952505,"REYNALDO G. TORRES, MD",reygtorres1956@yahoo.com,olmghlab16@yahoo.com,4937627,,0,5,5,WITHOUT CONCERN,PASSED,Highly Satisfactory,SDTLPT-21-0-,1170,HS
3,03-1011-20-PIBS-R,3,OUR LADY OF MT. CARMEL MEDICAL CENTER,"KM 78 MC ARTHUR HIGHWAY, BRGY. SAGUIN, SAN FERNANDO, PAMPANGA ",SAN FERNANDO CITY / PAMPANGA,09178410018/(045)636-6504,"AYRO, KATHRYNA LESLEY",tryna.lesley@gmail.com,mt.carmel_laboratory@yahoo.com,4889846,,1,1,2,WITHOUT CONCERN,PASSED,Highly Satisfactory,SDTLPT-21-0-,1171,HS
3,03-0234-20-PIBS-R,3,PAMPANGA MEDICAL SPECIALIST HOSPITAL,"KM 80 JOSE ABAD SANTOS AVENUE, SAN ANTONIO, GUAGUA, PAMPANGA ",GUAGUA/PAMPANGA,09178410068/09271360790,"AYRO, KATHRYNA LESLEY",kath_ayro@yahoo.com,elainegarcia0777@yahoo.com,4918598,,1,4,5,WITHOUT CONCERN,PASSED,Highly Satisfactory,SDTLPT-21-0-,1172,HS
3,03-0235-20-PFSS-R,3,PARIAN DIAGNOSTIC LABORATORY- CLARK,"2ND FLOOR CLARK HAUZ BLDG., M.A. ROXAS HIGHWAY, BAYANIHAN PARK, CLARK FREEPORT ZONE, ANGELES CITY, PAMPANGA ",ANGELES CITY / PAMPANGA ,9171154302,"ONG, REMEDRIOS O.",parian_lab@yahoo.com,pdlclark@yahoo.com,4919507,,0,4,4,WITHOUT CONCERN,PASSED,Highly Satisfactory,SDTLPT-21-0-,1173,HS
3,03-0233-20-PIBS-R,3,PARIAN DIAGNOSTIC LABORATORY- EASTGATE,"EASTGATE CITYWALK BLDG., BRGY. SAN JOSE, CITY OF SAN FERNANDO, PAMPANGA ",SAN FERNANDO CITY / PAMPANGA,9171154302/966-3800,"ONG, REMEDRIOS O.",parian_lab@yahoo.com,pldeastgate@yahoo.com,4919508,,0,3,3,WITHOUT CONCERN,PASSED,Highly Satisfactory,SDTLPT-21-0-,1174,HS
3,03-0236-20-PIBS-R,3,PARIAN DIAGNOSTIC LABORATORY- MEXICO,"JP RIZAL ST., PARIAN, MEXICO, PAMPANGA ",MEXICO CITY / PAMPANGA,09171154302/966-3542,"ONG, REMEDRIOS O.",parian_lab@yahoo.com,pdlmexico@yahoo.com,4919506,,0,5,5,WITHOUT CONCERN,PASSED,Highly Satisfactory,SDTLPT-21-0-,1175,HS
3,03-0237-20-PIBS-R,3,PARIAN DIAGNOSTIC LABORATORY- TELABASTAGAN,"LODESTONE COVE BLDG., #16 MC ARTHUR HIGHWAY TELABASTAGAN, CITY OF SAN FERNANDO, PAMPANGA ",SAN FERNANDO CITY / PAMPANGA,09171154302/458-1429,"ONG, REMEDRIOS O.",parian_lab@yahoo.com,pdltelebastagan@yahoo.com,4919509,,1,5,6,WITHOUT CONCERN,PASSED,Highly Satisfactory,SDTLPT-21-0-,1176,HS
3,03-0238-20-PFSS-R,3,PASTRANA CLINICAL LABORATORY,"251 BANGA 1ST, PLARIDEL, BULACAN",PLARIDEL / BULACAN,09196259657 / (044) 7951622,"RHODERICK M. CULUZ, MD",rhoderick_md@yahoo.com,amielypastrana@yahoo.com,4916292,,1,2,3,WITHOUT CONCERN,PASSED,Highly Satisfactory,SDTLPT-21-0-,1177,HS
3,03-0917-20-PFSS-R,3,PEDROSA DIAGNOSTIC CENTER,"BLK 57 LOT 3 PHASE 4-A EL CAMINO ROAD, STO. NIÑO, MEYCAUAYAN CITY, BULACAN ",MEYCAUAYAN CITY / BULACAN,09560121258 / (044) 6951295,"REYNALDO G. TORRES, MD",reygtorres1956@yahoo.com,pedrosadiagnostic@yahoo.com,4919497,,3,5,8,WITHOUT CONCERN,PASSED,Acceptable,SDTLPT-21-0-,1178,A
3,03-1437-20-PIBS-I,3,PENINSULA MEXICO DIAGNOSTIC CLINIC CORP.,"1F PENINSULA BLDG., JASA ROAD, LAGUNDI, MEXICO, PAMPANGA",MEXICO CITY / PAMPANGA,09253776626/045-455-5784,"ROMAN, GONZALO B.",peninsulaclinics@gmail.com,mexico.peninsula@gmail.com,4919576,,1,2,3,WITHOUT CONCERN,PASSED,Highly Satisfactory,SDTLPT-21-0-,1179,HS
3,03-XXXX-20-PIBS-R,3,PHCL DIAGNOSTIC CLINIC,"BONA ST., STA. CRUZ (BESIDE PUREGOLD STA. CRUZ LUBAO), LUBAO, PAMPANGA",LUBAO/PAMPANGA,9258744969,"AYRO, KATHRYNA LESLEY",jacwaph07@gmail.com,,4919133,,0,2,2,WITHOUT CONCERN,PASSED,Excellent,SDTLPT-21-0-,1180,E
3,03-0534-20-PIBS-R,3,PREMIERE GENERAL HOSPITAL OF NUEVA ECIJA INC.,"GROUND FLOOR, MAHARLIKA HIGHWAY, DAAN SARILE, CABANATUAN CITY, NUEVA ECIJA",CABANATUAN CITY / NUEVA ECIJA,09175596841/09327989860,"GULAPA, MAR-JAY SANTIAGO",mjgulapa1130@gmail.com,pmc_laboratory@yahoo.com,4890071,,1,5,6,WITHOUT CONCERN,PASSED,Acceptable,SDTLPT-21-0-,1181,A
3,03-1712-20-PIBS-I,3,PRIMELAB DIAGNOSTIC LABORATORY,"111 MCARTHUR HIGHWAY, SAN FRANCISCO, MABALACAT, PAMPANGA ",MABALACAT CITY/PAMPANGA,(045) 331-8657/09386620870,"YU-SO, MARIE MICHELLE",primelab0706@yahoo.com,primelab0706@yahoo.com,4930467,,2,4,6,WITHOUT CONCERN,PASSED,Acceptable,SDTLPT-21-0-,1182,A
3,03-XXXX-20-PIBS-R,3,PROCHECK DIAGNOSTIC CENTER,"BERNARDO BLDG., AGLIPAY ST., BRGY. POBLACION SUR, RIZAL, NUEVA ECIJA",RIZAL/NUEVA ECIJA,0956-301-4525/951-0285,"LACUESTA, JUANITA TUCAY",prohealthone@yahoo.com,prohealthone@yahoo.com,4941428,,1,2,3,WITHOUT CONCERN,PASSED,Highly Satisfactory,SDTLPT-21-0-,1183,HS
3,03-0441-20-PIBS-R,3,QUALIMED DIAGNOSTIC LABORATORY,"2ND FLOOR S.U.S. BUILDING, RIZAL ST., PALANGINAN, IBA, ZAMBALES ",IBA/ZAMBALES,9228091532,MARIE MICHELLE YU-SO,icasiamroseo@gmail.com,icasiamroseo@gmail.com,4893570,,3,5,8,WITHOUT CONCERN,PASSED,Acceptable,SDTLPT-21-0-,1184,A
3,03-1356-20-PIBS-R,3,QUALIMED HEALTH NETWORK- SJDM,"ALTARAZA SPINE ROAD, BRGY. TUNGKONG MANGGGA, SAN JOSE DEL MONTE, BULACAN ",SAN JOSE DEL MONTE / BULACAN,9178156691,"MARIE MICHELLE Y. SO, MD",mariemichelle.so@gmail.com,laboratory.sjdm@gmail.com,4885902,,0,5,5,WITHOUT CONCERN,PASSED,Highly Satisfactory,SDTLPT-21-0-,1185,HS
3,03-0846-21-PIBS-R,3,QUALISTAT MEDICAL AND DIAGNOSTIC CENTER,"UNIT 3 ASC BUILDING MAC ARTHUR HIGHWAY STO. DOMINGO 2 CAPAS TARLAC, CAPAS CITY, TARLAC",CAPAS CITY / TARLAC,9324538527,"NICK R. FERNANDEZ, MD, DPSP",konicks76@yahoo.com,qualistat.com@gmail.com,4966175,,3,1,4,WITHOUT CONCERN,PASSED,Highly Satisfactory,SDTLPT-21-0-,1186,HS
3,03-1147-19-PIBS-R,3,R&R HOLISTIC LABORATORY AND DIAGNOSTIC CENTER,"2ND AND 3RD FLOOR, G&P BLDG., MC ARTHUR HIGHWAY, BRGY. SINDALAN, SAN FERNANDO CITY, PAMPANGA ",SAN FERNANDO CITY / PAMPANGA,0922-818-5223/(045) 455-3413,"MIRANDA, MICHELLE TANGLAO",michelletanglaomiranda@gmail.com,rnrholisticlaboratory@gmail.com,4901107,,1,2,3,WITHOUT CONCERN,PASSED,Highly Satisfactory,SDTLPT-21-0-,1187,HS
3,03-00442-20-PIBS-R,3,RAYOS-VALENTIN HOSPITAL INC.,"#5 BALTAZAR SUBDIVISION, POBLACION NORTE, PANIQUI, TARLAC ",PANIQUI / TARLAC,09061461589 / (045) 9310621,MONSERRAT S. CHICHIOCO,chie_jblmgh@yahoo.com,rayosvalentinhospital@yahoo.com,4916525,,0,2,2,WITHOUT CONCERN,PASSED,Excellent,SDTLPT-21-0-,1188,E
3,03-1148-19-PIBS-R,3,RE DE JESUS MULTI-SPECIALTY CLINIC AND DIAGNOSTIC CENTER,"BACK OF LBC CAYPOMBO, CORNER CAYPOMBO, SANTA MARIA, BULACAN ",STA. MARIA / BULACAN,9325171404,"RONALD E. DE JESUS, MD",djmclab@gmail.com,djmclab@gmail.com,4851420,,1,2,3,WITHOUT CONCERN,PASSED,Highly Satisfactory,SDTLPT-21-0-,1189,HS
3,03-0192-19-PIBS-R,3,RIDON'S ST. JUDE MEDICAL CENTER CORPORATION,"# 62, 18TH ST. COR. HARRIS. ST. EAST BAJAC BAJAC, OLONGAPO CITY , ZAMBALES ",OLONGAPO CITY / ZAMBALES,09176263278/(047)222-5833,"GARCIA, EMIL BRYAN MAMANGUN",docbryan12@yahoo.com,rsjmcclinlab@yahoo.com,4923601,,2,4,6,WITHOUT CONCERN,PASSED,Acceptable,SDTLPT-21-0-,1190,A
3,03-0731-20-PIBS-R,3,ROSALES MEDICAL CLINIC AND LABORATORY,"39-B DON MANUEL AVENUE, KAPITAN PEPE SUBDIVISION, CABANATUAN CITY, NUEVA ECIJA",CABANATUAN CITY / NUEVA ECIJA,09088800125/(045)958-9923,"REYES, EMEDITA L. ",eir329@gmail.com,rosaleslaboratory@gmail.com,4918055,,1,3,4,WITHOUT CONCERN,PASSED,Highly Satisfactory,SDTLPT-21-0-,1191,HS
3,03-1751-19-PIBS-I,3,SACRED HEART HOSPITAL OF MALOLOS INC.,"DR. PERALTA STREET, GUINHAWA SUBDIVISION, MALOLOS, BULACAN",MALOLOS CITY / BULACAN ,09189262188 / (044) 7944744 loc 421,"PAULO GIOVANNI L. MENDOZA, MD",pgmendozamd@hotmail.com,shhlabdept@yahoo.com,4878684,,0,5,5,WITHOUT CONCERN,PASSED,Highly Satisfactory,SDTLPT-21-0-,1192,HS
3,03-0443-20-PIBS-R,3,"SAINT CLARE OB-GYN, PEDIATRIC & DIAGNOSTIC CLINIC","1ST FLOOR LC BUILDING, MAC ARTHUR HI-WAY, SAN ROQUE, TARLAC CITY, TARLAC ",TARLAC CITY,09327090822 / (045) 4911944,"NICK R. FERNANDEZ, MD, DPSP",konicks76@yahoo.com,saintclareclinic@gmail.com,4914481,,0,5,5,WITHOUT CONCERN,PASSED,Highly Satisfactory,SDTLPT-21-0-,1193,HS
3,03-0391-19-PIBS-R,3,SAINT JOSEPH DIAGNOSTIC LABORATORY,"ST. JOSEPH BLDG. IV, DOÑA CARMEN ST., COR. VICTOR ST., MT. VIEW, BALIBAGO, ANGELES, PAMPANGA ",ANGELES CITY / PAMPANGA ,09092133015/045-4582915,"FERNANDEZ, NICK RARAMA",saintjosephlab2015@yahoo.com.ph,saintjosephlab2015@yahoo.com.ph,4847446,,0,2,2,WITHOUT CONCERN,PASSED,Excellent,SDTLPT-21-0-,1194,E
3,03-0257-20-PIBS-R,3,SAN ANDRES DIAGNOSTIC CENTER,"OLONDRIZ ST. CORNER ROSARIO ST. SOUTH POBLACION MASINLOC, ZAMBALES ",MASINLOC / ZAMBALES,09178225219/099885479982,"CRUZ, GABRIEL JOCSON",gabriecruz20@hotmail.ph,andreanna_pd@yahoo.com,4904170,,0,4,4,WITHOUT CONCERN,PASSED,Highly Satisfactory,SDTLPT-21-0-,1195,HS
3,03-1290-18-GIBS-R,3,SAN JOSE CITY HEALTH OFFICE DRUG TESTING LABORATORY,"CHO BLDG., A.O. PASCUAL ST., SAN JOSE CITY, NUEVA ECIJA ",SAN JOSE CITY / NUEVA ECIJA,9178045828,"ROMAN, GONZALO BEN",drugtestinglab_sjc@yahoo.com,drugtestinglab_sjc@yahoo.com,4855236,,2,2,4,WITHOUT CONCERN,PASSED,Highly Satisfactory,SDTLPT-21-0-,1196,HS
3,03-0194-19-PIBS-R,3,SANTA ELENA DIAGNOSTIC CENTER,"BURGOS AVENUE SANGITAN, CABANATUAN CITY, NUEVA ECIJA ",CABANATUAN CITY / NUEVA ECIJA,09436062565/044-4633857,"REYES, EMEDITA L.",dra_emedita_reyes@yahoo.com,,4853319,,2,4,6,WITHOUT CONCERN,PASSED,Acceptable,SDTLPT-21-0-,1197,A
3,03-0631-18-PFSS-R,3,SANTA ELENA DIAGNOSTIC CENTER,"DR. GONZALES ST. TIBAG, BALIUAG, BULACAN ",BALIUAG / BULACAN,09436061914 / (044) 7664526,"EMEDITA L. REYES, MD",dra_emedita_reyes@yahoo.com,ceo_sgoc@yahoo.com,4853320,,1,5,6,WITHOUT CONCERN,PASSED,Acceptable,SDTLPT-21-0-,1198,A
3,03-0262-20-PIBS-R,3,SCZ MEDICAL CLINIC LABORATORY,"251 NATIONAL ROAD, POB. SOUTH, STA. CRUZ, ZAMBALES ",STA. CRUZ / ZAMBALES,9215633989,"ECLARIN, RICARDO",251sczmcl@gmail.com,251sczmcl@gmail.com,4882967,,2,5,7,WITHOUT CONCERN,PASSED,Acceptable,SDTLPT-21-0-,1199,A
3,03-0689-20-PIBS-R,3,"SEÑOR STO. NIÑO HOSPITAL, INC. ","1ST FLOOR BUILDING A, BURGOS STREET, POBLACION B, CAMILING, TARLAC ",CAMILING / TARLAC,09283627434 / (045) 4933004,"BU C. CASTRO, MD, FPSP",legalmed@yahoo.com,ssnhilabdept@gmail.com,4889848,,3,5,8,WITHOUT CONCERN,PASSED,Acceptable,SDTLPT-21-0-,1200,A
3,03-0263-20-PIBS-R,3,"SINGAPORE MEDICAL LABORATORIES, INC.","G/F ALTA CLARO BLDG., MAC ARTHUR HI-WAY CORNER SAN PABLO ST., BRGY. CLARO M. RECTO, ANGELES CITY, PAMPANGA",ANGELES CITY / PAMPANGA ,0917-516-9949/09177123023,"MENDOZA, PAULO GIOVANNI L.",paulo.mendoza@singaporedianostics.com,corelabangeles@singaporediagnostics.com,4884774,,2,5,7,WITHOUT CONCERN,PASSED,Acceptable,SDTLPT-21-0-,1201,A
3,03-0197-19-PIBS-R,3,SJ ORBE MEDICAL & LABORATORY CLINIC,"#36 GEN. PACHECO ST., CALUARIO, MEYCAUAYAN, BULACAN ",MEYCAUAYAN CITY / BULACAN,9178443289,"MARICEL R. RIBO, MD",maricelreginoribo74@yahoo.com,orbeclamorsusan@yahoo.com,4889947,,1,0,1,WITHOUT CONCERN,PASSED,Excellent,SDTLPT-21-0-,1202,E
3,03-1444-20-PIBS-R,3,SKYLINE HOSPITAL AND MEDICAL CENTER,"SKYLINE DRIVE COR. QUIRINO HIGHWAY, BRGY. TUNGKONG MANGGA, SAN JOSE DEL MONTE, BULACAN ",SAN JOSE DEL MONTE / BULACAN,09219280853 / (02) 2115245,"HUMPHREY C. BITUN, MD, FPSP",humphreybitun@yahoo.com,laboratory.skyline@gmail.com,4872992,,1,4,5,WITHOUT CONCERN,PASSED,Highly Satisfactory,SDTLPT-21-0-,1203,HS
3,03-XXXX-20-PIBS-R,3,ST. ALBERT MEDICAL AND DIAGNOSTIC CLINIC,"GROUND FLOOR, MELANIO'S BUILDING, MAHARLIKA HIGHWAY COR. GABALDON ST., CABANATUAN CITY, NUEVA ECIJA",CABANATUAN CITY / NUEVA ECIJA,09175596841/(044)329-9132,"GULAPA, MAR-JAY SANTIAGO",mjgulapa1130@gmail.com,stalbertmdc@gmail.com,4919503,,1,5,6,WITHOUT CONCERN,PASSED,Acceptable,SDTLPT-21-0-,1204,A
3,03-XXXX-19-PIBS-R,3,ST. ANASTACIA CLINICAL LABORATORY,"#234 STO. DOMINGO II, CAPAS, TARLAC",CAPAS CITY / TARLAC,09067437891 / 09321904223,"NICK R. FERNANDEZ, MD, DPSP",konicks76@yahoo.com,anastasialaboratory16@gmail.com,4864337,,1,3,4,WITHOUT CONCERN,PASSED,Highly Satisfactory,SDTLPT-21-0-,1205,HS
3,03-0308-20-PFSS-R,3,ST. VINCENT'S CLINICAL LABORATORY,"222 TANJECO ST.  SAN VICENTE, MALOLOS, BULACAN ",MALOLOS CITY / BULACAN ,9976389090,"MARILYN A. CABAL-BARZA, MD",,,4901000,,1,1,2,WITHOUT CONCERN,PASSED,Excellent,SDTLPT-21-0-,1206,E
3,03-1215-21-PIBS-I,3,ST. VINCENT'S CLINICAL LABORATORY II,"PASEO DEL CONGRESO ST. SAN GABRIEL, MALOLOS CITY, BULACAN",MALOLOS CITY / BULACAN ,09171193358 / (044) 7916477,"MARILYN A. CABAL-BARZA, MD",,stvincentpolydrug@yahoo.com,4972537,,1,5,6,WITHOUT CONCERN,PASSED,Acceptable,SDTLPT-21-0-,1207,A
3,03-0690-20-GIBS-R,3,SUBIC BAY DISPENSARY LABORATORY,"BLDG. 280, DEWEY AVE., SUBIC BAY FREE PORT ZONE, OLONGAPO CITY, ZAMBALES ",OLONGAPO CITY / ZAMBALES,09189047921/(047)232-3810,"ECLARIN, RICARDO",reypath023@yahoo.com,rizamd_1007@yahoo.com,4916537,,2,4,6,WITHOUT CONCERN,PASSED,Acceptable,SDTLPT-21-0-,1208,A
3,03-0691-20-PIBS-R,3,SUBIC FAMILY CARE AND DIAGNOSTIC CENTER,"0229 RIZAL ST. BARACA, SUBIC, ZAMBALES ",OLONGAPO CITY / ZAMBALES,09189047921/(047)232-3810,"ECLARIN, RICARDO",reypath023@yahoo.com,rizamd_1007@yahoo.com,4918070,,1,2,3,WITHOUT CONCERN,PASSED,Highly Satisfactory,SDTLPT-21-0-,1209,HS
3,03-0445-20-PIBS-R,3,TALON GENERAL HOSPITAL,TALON BLDG. F. TAÑEDO ST. POBLACION TARLAC CITY,TARLAC CITY,09175148151 /  (045) 9821400,RAYMOND NOLASCO F. TALON,tghlabdept@gmail.com,tghlabdept@gmail.com,4948612,,2,1,3,WITHOUT CONCERN,PASSED,Highly Satisfactory,SDTLPT-21-0-,1210,HS
3,03-1542-20-PIBS-R,3,TEC HEALTH MEDICAL CLINIC AND DIAGNOSTIC CENTER,"EMA TOWN CENTER, EL CAMINO ROAD, CAMALIG, MEYCAUAYAN CITY, BULACAN ",MEYCAUAYAN CITY / BULACAN,9234125505,"BERNADETTE R. ESPIRITU, MD, FPSP",bremd2004@yahoo.com,techealth@yahoo.com,4918926,,3,5,8,WITHOUT CONCERN,PASSED,Acceptable,SDTLPT-21-0-,1211,A
3,03-1706-20-PIBS-I,3,TESTA HEALTH MEDICAL AND DIAGNOSTIC CENTER,"ROOM 5 ALEXANDRA BUILDING, TINIO ST., SAN VICENTE, GAPAN CITY, NUEVA ECIJA ",GAPAN CITY/NUEVA ECIJA,09208914646/0917-574-6328,"DELA CRUZ, MARY ANN VALENTON",madlcruz417@yahoo.com,sheilamarieaglubat@yahoo.com,4919530,,2,4,6,WITHOUT CONCERN,PASSED,Acceptable,SDTLPT-21-0-,1212,A
3,03-1560-20-PIBS-R,3,"THE SKYMED DIAGNOSTICS AND MEDICAL LABORATORY, INC.","406 ROBES 3, MAHARLIKA, SAN JOSE DEL MONTE, BULACAN",SAN JOSE DEL MONTE / BULACAN,09776335783 / (044) 3079704,"SUSANA P. QUIAOIT, MD, FPSP",jerzymarion@yahoo.com,skymed.laboratory2018@gmail.com,4892994,,1,2,3,WITHOUT CONCERN,PASSED,Highly Satisfactory,SDTLPT-21-0-,1213,HS
3,03-0753-18-PIBS-R,3,TOMAS VILLASEÑOR DIAGNOSTIC LABORATORY,"79 TECSON, SAN JOSE, SAN MIGUEL, BULACAN ",SAN MIGUEL / BULACAN,09328517745 / (044) 6781355,"MA. JOSEFA DL. MESINA, MD",jojomesinamd@gmail.com,villasenor_17tomas@yahoo.com,4871290,,0,5,5,WITHOUT CONCERN,PASSED,Highly Satisfactory,SDTLPT-21-0-,1214,HS
3,03-1151-19-PFSS-R,3,TRIBOA MEDTECH INC.,"2ND FLR. TIMES SQUARE BUILDING, STA. RITA ROAD, SBFZ, OLONGAPO, ZAMBALES ",OLONGAPO CITY / ZAMBALES,09157033205/(047)2528242,"CRUZ, GABRIEL JOCSON",arenas_cecille@yahoo.com,triboa_medtech@yahoo.com,4924657,,1,3,4,WITHOUT CONCERN,PASSED,Highly Satisfactory,SDTLPT-21-0-,1215,HS
3,03-0264-20-PIBS-R,3,"V.L. MAKABALI MEMORIAL HOSPITAL, INC.","B. MENDOZA ST., STO. ROSARIO, SAN FERNANDO , PAMPANGA ",SAN FERNANDO CITY / PAMPANGA,09164905712/(045)961-2442 ,"YU-SO, MARIE MICHELLE",mariemichelle.so@gmail.com,ancillary.makabali@yahoo.com,4893609,,2,4,6,WITHOUT CONCERN,PASSED,Acceptable,SDTLPT-21-0-,1216,A
3,03-0265-20-PIBS-R,3,WESLEYAN UNIVERSITY- PHILIPPINES HOSPITAL SDTL,"TANDANG SORA, MABINI EXTENSION, CABANATUAN CITY, NUEVA ECIJA ",CABANATUAN CITY / NUEVA ECIJA,0925-377-6626/(044)940-9859 loc 110,"ROMAN, GONZALO B. ",jibyar@yahoo.com,wesleyanhospital.bb@gmail.com,4941030,,2,5,7,WITHOUT CONCERN,PASSED,Acceptable,SDTLPT-21-0-,1217,A
3,03-0693-20-PIBS-R,3,XCELLAB DIAGNOSTIC AND IMAGING CENTER,"2 ANW BLDG., HILARIO STREET, TARLAC CITY, TARLAC ",TARLAC CITY,09159362139 / (045) 9256058,"NICK R. FERNANDEZ, MD, DPSP",konicks76@yahoo.com,xcellabdic@gmail.com,4914722,,1,2,3,WITHOUT CONCERN,PASSED,Highly Satisfactory,SDTLPT-21-0-,1218,HS
6,05-1668-19-PIBS-I,5,ABONAL DIAGNOSTIC LABORATORY,"ARCANGEL BLDG., UNIT-2, BAGASBAS RD., BRGY. VI, DAET, CAMARINES NORTE",DAET / CAMARINES NORTE,09285019440/09669865666,"FORNOLES, HERIBERTO ",abonaldxlab@gmail.com,abonaldxlab@gmail.com,4858004,,4,2,6,WITHOUT CONCERN,PASSED,Acceptable,SDTLPT-21-0-,1219,A
6,05-1618-19-PIBS-R,5,ALBAY DOCTORS' HOSPITAL INC. DRUG TESTING LABORATORY,"PEÑARANDA ST., LEGAZPI CITY, ALBAY ",LEGAZPI CITY / ALBAY,09999902055/(052)480-8747 loc 103,"RAÑOLA, MADELINE D.L",beam823@hotmail.com,lids064@yahoo.com,4861258,,2,5,7,WITHOUT CONCERN,PASSED,Acceptable,SDTLPT-21-0-,1220,A
6,05-1220-20-PFSS-R,5,BICOL DRUG TESTING & NEURO- PSYCHIATRIC LABORATORY,"31 CAPT. F. AQUENDE DRIVE, LEGAZPI CITY, ALBAY ",LEGAZPI CITY / ALBAY,09162827909 / 201-0593 / 09297091361,"RAÑOLA, MADELINE D.L",bicoldrug@yahoo.com,bicoldrug@yahoo.com,4919517,,1,3,4,WITHOUT CONCERN,PASSED,Highly Satisfactory,SDTLPT-21-0-,1221,HS
6,05-1399-20-GIBS-R,5,BMC POISON CONTROL UNIT & DRUG TESTING LABORATORY,"PANGANIBAN DRIVE, CONCEPCION PEQUEÑA, NAGA CITY, CAMARINES SUR ",NAGA CITY / CAMARINES SUR,09999729007 / 472-3434 / 09772158987,"FROYALDE, JANETA BORDONADA",bmcpcu@gmail.com ,bmcdtl_2003@yahoo.com,4915782,,2,5,7,WITHOUT CONCERN,PASSED,Acceptable,SDTLPT-21-0-,1222,A
6,05-1032-18-GIBS-R,5,CAMP ELIAS ANGELES STATION HOSPITAL,"9TH ID, CAMP ELIAS ANGELES, SAN JOSE, PILI, CAMARINES SUR ",PILI / CAMARINES SUR,949901087,"FORNOLES, HERIBERTO ",dodin99@gmail.com,dodin99@gmail.com,4850106,,3,5,8,WITHOUT CONCERN,PASSED,Acceptable,SDTLPT-21-0-,1223,A
6,05-1687-20-PFSS-I,5,CARE+ DIAGNOSTICS & LABORATORY,"2ND FLOOR, DOOR#5, BAGASBAS ROAD, BRGY. VI, DAET, CAMARINES NORTE",DAET / CAMARINES NORTE,9778899049,"PLAZA, TERESITA SARE",,careplusdiagnostics.2015@gmail.com ,4930466,,2,3,5,WITHOUT CONCERN,PASSED,Highly Satisfactory,SDTLPT-21-0-,1224,HS
6,05-0618-20-PIBS-R,5,"D.A. BALMADRID MEDICAL, SURGICAL & DIAGNOSTIC SERVICES","#169 MARINO BLDG.,  SAN PABLO, VIRAC, CATANDUANES ",VIRAC / CATANDUANES,9612682700,BALMADRID. DONDI ARCILLA,anniebalmadrid@yahoo.com ,anniebalmadrid@yahoo.com ,4901604,,1,0,1,WITHOUT CONCERN,PASSED,Excellent,SDTLPT-21-0-,1225,E
6,05-0948-21-PFSS-R,5,GIMAIR DRUG TESTING LABORATORY,"197 BAGASBAS RD., BRGY. 6, DAET, CAMARINES NORTE",DAET / CAMARINES NORTE,09179457035 / 09054269841,"GIMPAYA, ANDY VALDEZ ",andygimpaya@yahoo.com,giancarlotarroyo5@gmail.com ,4999519,,1,0,1,WITHOUT CONCERN,PASSED,Excellent,SDTLPT-21-0-,1226,E
6,05-0739-19-PFSS-R,5,JB LEGAZPI MEDICAL CLINIC AND DIAGNOSTIC LABORATORY- DARAGA,"G/F UNITED INSTITUTE BLDG., RIZAL ST., SAGPON, DARAGA, ALBAY ",SAGPON/ALBAY,(052)742-2679,"BINALINGBING, JOEL",jb_clinic@yahoo.com,jc_clinic@yahoo.com,4725410,,3,2,5,WITHOUT CONCERN,PASSED,Highly Satisfactory,SDTLPT-21-0-,1227,HS
6,05-0934-19-PFSS-R,5,JHUNROSE DRUG TESTING CENTER,"14 BALINTAWAK ST., ALBAY DISTRICT, LEGAZPI, ALBAY ",LEGAZPI CITY / ALBAY,9258971012,,,,4897900,,1,3,4,WITHOUT CONCERN,PASSED,Highly Satisfactory,SDTLPT-21-0-,1228,HS
6,05-0740-19-PIBS-R,5,MASBATE CITY POLYCLINIC AND DIAGNOSTIC LABORATORY,"MEDINA ST. CORNER ROSERO ST., BRGY. JT FERNANDEZ, MASBATE CITY, MASBATE ",MASBATE CITY / MASBATE,09995574000 / (056) 5882405,"AMADORA, PANTELEON JR. KWONG ",daisydarylle@yahoo.com,daisydarylle@yahoo.com,4919823,,3,1,4,WITHOUT CONCERN,PASSED,Highly Satisfactory,SDTLPT-21-0-,1229,HS
6,05-0247-20-PIBS-R,5,MASBATE DOCTORS HOSPITAL,"ROSERO STREET, BRGY. CENTRO, MASBATE CITY, MASBATE ",MASBATE CITY / MASBATE,(056)333-6395/09389215218,"AMADORA, PANTELEON JR. KWONG ",fdepl@yahoo.com,romeolegaspi95@gmail.com,4875108,,3,2,5,WITHOUT CONCERN,PASSED,Highly Satisfactory,SDTLPT-21-0-,1230,HS
6,05-1307-19-PFSS-R,5,MRR SUPREME BIO-LAB,"#14 BALINTAWAK ST, ALBAY DISTRICT, LEGAZPI CITY, ALBAY ",LEGAZPI CITY / ALBAY,09297186175/09209606458,"GIMPAYA, ANDY VALDEZ ",gimpayamd@gmail.com,mrrsupreme@yahoo.com,4839839,,1,3,4,WITHOUT CONCERN,PASSED,Highly Satisfactory,SDTLPT-21-0-,1231,HS
6,05-0619-20-GIBS-R,5,NAGA CITY HOSPITAL DRUG TESTING CENTER,"PEÑAFRANCIA AVENUE, NAGA CITY, CAMARINES SUR ",NAGA CITY / CAMARINES SUR,(054)881-9466/09178512567,"PLAZA, TERESITA SARE",tin2_citydrug@yahoo.com,tin2_citydrug@yahoo.com,4882527,,1,4,5,WITHOUT CONCERN,PASSED,Highly Satisfactory,SDTLPT-21-0-,1232,HS
6,05-1544-20-PIBS-R,5,NAGA HEALTH CARE DIAGNOSTIC CENTER,"12 J. MIRANDA AVENUE, CONCEPCION PEQUEÑA, NAGA CITY, CAMARINES SUR ",NAGA CITY / CAMARINES SUR,09328581072 / 054-8118184 / 09175803885 ,"TUPUE, RENE BORIBOR ",,nagahealth_naga88@yahoo.com,4890507,,1,3,4,WITHOUT CONCERN,PASSED,Highly Satisfactory,SDTLPT-21-0-,1233,HS
6,05-1262-19-PIBS-R,5,NAGA HEALTH CARE DIAGNOSTIC CENTER- GOA BRANCH,"102 RIZAL, BAGUMBAYAN PEQUEÑO, GOA, CAMARINES SUR ",GOA  / CAMARINES SUR,09215881072 / 0548819079 / 09285019440 ,"FORNOLES, HERIBERTO ",heriberto_fornoles@yahoo.com,,4890508,,1,2,3,WITHOUT CONCERN,PASSED,Highly Satisfactory,SDTLPT-21-0-,1234,HS
6,05-0621-20-PIBS-R,5,"PARTIDO MEDICAL AND DIAGNOSTIC CENTRE, INC ","PANDAY ST., BRGY. PANDAY, GOA, CAMARINES SUR ",GOA  / CAMARINES SUR,09178670596 / (054) 453-1555 ,"GIMPAYA, ANDY VALDEZ ",partidomedical@gmail.com,partidomedical@gmail.com,4909586,,0,1,1,WITHOUT CONCERN,PASSED,Excellent,SDTLPT-21-0-,1235,E
6,05-1463-21-PFSS-R,5,QUEUE LYNX DRUG TESTING CENTER,"APO DRIVE, MAYON AVENUE CONCEPCION PEQUEÑA NAGA CITY CAMARINES SUR",NAGA CITY / CAMARINES SUR,09064121476 / (054) 205-0740 ,"GIMPAYA, ANDY VALDEZ ",andygimpaya@yahoo.com,qlynx07@yahoo.com,4961415,,1,3,4,WITHOUT CONCERN,PASSED,Highly Satisfactory,SDTLPT-21-0-,1236,HS
6,05-1425-21-PFSS-R,5,QUEUE LYNX DRUG TESTING LABORATORY AND MEDICAL CLINIC,"HIGHWAY 1, ZONE 2, SAN ISIDRO IRIGA CITY CAMARINES SUR ",IRIGA CITY / CAMARINES SUR,09064121476 / (054) 205-0740 ,"GIMPAYA, ANDY VALDEZ ",andygimpaya@yahoo.com,qlynx07@yahoo.com,4961240,,,3,3,WITHOUT CONCERN,PASSED,Highly Satisfactory,SDTLPT-21-0-,1237,HS
6,05-1185-19-PIBS-R,5,RAPID GLOBAL MEDICAL DIAGNOSTIC INC.,"2/F LONG SE BLDG., BRGY. 24, RIZAL ST., LEGAZPI CITY, ALBAY ",LEGAZPI CITY / ALBAY,0998862955 / (052) 201-9172 / 09083255998 ,"PLAZA, TERESITA S. ",,rgmdi.laboratory@gmail.com ,4886547,,0,3,3,WITHOUT CONCERN,PASSED,Highly Satisfactory,SDTLPT-21-0-,1238,HS
6,05-0622-20-PIBS-R,5,"SACRED HEART CLINIC LEGAZPI CITY, INC.","114 PEÑARANDA ST., BRGY. ORO SITE, LEGAZPI CITY, ALBAY ",LEGAZPI CITY / ALBAY,201-0070/09506547800,"PLAZA, TERESITA S. ",sacredheartcliniclegazpi@yahoo.com,sacredheartcliniclegazpi@yahoo.com,4879637,,2,5,7,WITHOUT CONCERN,PASSED,Acceptable,SDTLPT-21-0-,1239,A
6,05-0530-19-PFSS-R,5,SORMED DIAGNOSTIC CLINIC,"1F FERNANDO'S MALL, RIZAL ST., PIOT, SORSOGON CITY, SORSOGON ",SORSOGON CITY / SORSOGON,09218346788 / 09273711545,"TAYZON, KARLO EMIR M. ",karlotayzon@yahoo.com,sormeddc@yahoo.com,4913421,,2,1,3,WITHOUT CONCERN,PASSED,Highly Satisfactory,SDTLPT-21-0-,1240,HS
6,05-1186-19-PIBS-R,5,SORSOGON MEDICAL MISSION GROUP HOSPITAL AND HEALTH SERVICES COOPERATIVE SCREENING DRUG TESTING LABORATORY,"LABORATORY DEPARTMENT, MAHARLIKA HIGHWAY, PANGPANG, SORSOGON CITY, SORSOGON ",SORSOGON CITY / SORSOGON,9155318698,"SILVA, AUDIE GONZALES ",audiegsilva@yahoo.com,francistroyj@gmail.com,4918065,,1,3,4,WITHOUT CONCERN,PASSED,Highly Satisfactory,SDTLPT-21-0-,1241,HS
6,05-1339-19-PIBS-R,5,SOUTHEAST OCCUPATIONAL HEALTH AND ENVIRONMENTAL SAFETY SERVICES INC.,"2ND FLOOR, TOWER MALL BLDG. 4, LANDCO BUSINESS PARK, LEGAZPI CITY, ALBAY ",LEGAZPI CITY / ALBAY,09985832289 / (052)742-4820,"TAYZON, KARLO EMIR M. ",karlotayzon@yahoo.com,sohessi.lab@gmail.com,4910849,,1,1,2,WITHOUT CONCERN,PASSED,Excellent,SDTLPT-21-0-,1242,E
6,05-1436-19-PIBS-R,5,"ST. JOHN HOSPITAL, INC.","PANGANIBAN DRIVE, BRGY. TINAGO, NAGA CITY, CAMARINES SUR ",NAGA CITY / CAMARINES SUR,09473228718 / (054) 4738502 / (054) 4724521 / 09228747585,"PADUA, ROBERTO JR. DIAZ ",robertdpadua@yahoo.com,jp_medtech@yahoo.com,4912330,,2,4,6,WITHOUT CONCERN,PASSED,Acceptable,SDTLPT-21-0-,1243,A
6,05-1318-20-PIBS-R,5,ST. LOUISE COOPERATIVE DIAGNOSTIC CENTER- DRUG TESTING,"#10 MAYON AVE., CONCEPCION PEQUEÑA, NAGA CITY, CAMARINES SUR  ",NAGA CITY / CAMARINES SUR,09176373079 / (054) 472-2005 / (054) 881-1370 ,"TAYZON, KARLO EMIR M. ",slcdc@yahoo.com,slcdc@yahoo.com,4890065,,0,2,2,WITHOUT CONCERN,PASSED,Excellent,SDTLPT-21-0-,1244,E
6,05-0531-19-PIBS-R,5,ST. PIO DIAGNOSTIC LABORATORY,"PARAÑAL BLDG., GUEVARRA ST., ZONE 1, SAN VICENTE, PILI, CAMARINES SUR ",PILI / CAMARINES SUR,09338654788 / 09175031542,"IBARRIENTOS, RAYMUNDO BALA ",dribarrientos@yahoo.com,st.piolab@gmail.com ,4918067,,1,1,2,WITHOUT CONCERN,PASSED,Excellent,SDTLPT-21-0-,1245,E
6,05-XXXX-20-PIBS-R,5,VIRAC MEDICAL DIAGNOSTIC CENTER INC.,"JCB BUILDING, CONSTANTINO, VIRAC, CATANDUANES",VIRAC / CATANDUANES,09983916716 / 0527405778 / 09175033142 ,"IBARRIENTOS, RAYMUNDO BALA ",rayibarrientos@gmail.com,viracmedicalclinic@gmail.com,4921707,,3,3,6,WITHOUT CONCERN,PASSED,Acceptable,SDTLPT-21-0-,1246,A
6,05-1435-19-PIBS-R,5,WASHINGTON MEDICAL CLINIC AND DIAGNOSTIC LABORATORY,"RAYUCO BLDG., BRGY. 7 BAÑO, RIZAL STREET, LEGAZPI CITY, ALBAY ",LEGAZPI CITY / ALBAY,09173286690 / 09985334352 ,"RAÑOLA, MADELINE D.L",beam823@hotmail.com,washingtonlaboratory@gmail.com,4920519,,3,3,6,WITHOUT CONCERN,PASSED,Acceptable,SDTLPT-21-0-,1247,A
7,06-0763-20-PIBS-R,6,ABELITA DIAGNOSTIC CENTER,"2/F RODCON BLDG., COR., DEL ROSARIO-PEDREÑA STS., POBLACION BALASAN, ILOILO",BALASAN CITY/ ILOILO,09302982002/09176213088,"SOMBONG, ANNA VICTORIA JAVATO",,medicusbalasan@yahoo.com.ph,4886724,,1,3,4,WITHOUT CONCERN,PASSED,Highly Satisfactory,SDTLPT-21-0-,1248,HS
7,06-1670-20-PIBS-,6,ACM DIAGNOSTIC LABORATORY AND MEDICAL CLINIC,"#8LVS ONG AND SONS BLDG. ARANETA ST., BAGO CITY, NEGROS OCCIDENTAL",BAGO/NEGROS OCCIDENTAL,09561383264/0347324473,"BUYCO, CHARLES MICHAEL A.",charlesbuyco@yahoo.com,acmdiagnosticlab@yahoo.com,4919504,,3,0,3,WITHOUT CONCERN,PASSED,Highly Satisfactory,SDTLPT-21-0-,1249,HS
7,06-0978-20-PIBS-R,6,"ADVENTIST MEDICAL CENTER -  BACOLOD, INC.","C.V. RAMOS AVENUE, TACULING, BACOLOD CITY, NEGROS OCCIDENTAL",BACOLOD CITY/NEGROS OCCIDENTAL,09177018179/09285220865,"GAMBOA, EMILIA DUYAG",emiliagamboa@yahoo.com,laboratory@adventisthealth_bcd.com,4920405,,0,3,3,WITHOUT CONCERN,PASSED,Highly Satisfactory,SDTLPT-21-0-,1250,HS
7,06-XXXX-XX-XXXX-X,6,ALRIJG MEDICAL CLINIC AND LABORATORY,"DOOR #15 EL COURT BUILDING, 1ST LACSON STS., BRGY.17, BACOLOD CITY, NEGROS OCCIDENTAL",BACOLOD CITY/NEGROS OCCIDENTAL,09235167772/(034) 4355395,"MONTES, LENI GALO",lenimontes@yahoo.com,alrijg@yahoo.com,4853060,,5,1,6,WITHOUT CONCERN,PASSED,Acceptable,SDTLPT-21-0-,1251,A
7,06-0935-20-GIBS-R,6,ANGEL SALAZAR MEMORIAL GENERAL HOSPITAL DRUG TESTING LABORATORY,"ATABAY, SAN JOSE ANTIQUE",SAN JOSE/ANTIQUE,09062272579/09173051131,"MOSCOSO, ANA MARIA CORVERA",anamaria.moscoso@yahoo.com,yapma.florinel@yahoo.com,4890056,,5,3,8,WITHOUT CONCERN,PASSED,Acceptable,SDTLPT-21-0-,1252,A
7,06-0250-20-PIBS-R,6,ANVIL ILOILODIAGNOSTIC AND MEDICAL CENTER INC.,"NORALYN BLDG. ROOSEVELT STREET (NEAR STA. BARBARA CENTRAL ELEMENTARY SCHOOL), STA. BARBARA, ILOILO",STA. BARBARA/ ILOILO,09338625387/09228342853,"GAYAPA, MARGIE SORILLA",margegayapa@yahoo.com,medicussta.barbara_dtl@yahoo.com,4918843,,0,2,2,WITHOUT CONCERN,PASSED,Excellent,SDTLPT-21-0-,1253,E
7,06-1319-20-GIBS-R,6,BACOLOD CITY GOVT. UNIT/ BACOLOD CITY DRUG TESTING CENTER,"BRGY.20 A.B. PARREÑO ST. GAL, BACOLOD CITY, NEGROS OCCIDENTAL",BACOLOD CITY/NEGROS OCCIDENTAL,7080634,"PALMA, ROSA MARIA MARTINEZ",Shandy25dark@yahoo.com,,4896788,,4,2,6,WITHOUT CONCERN,PASSED,Acceptable,SDTLPT-21-0-,1254,A
7,06-XXXX-XX-XXXX-X,6,BACOLOD DIAGNOSTIC CENTER,"DOOR#5 21 ST. ST., MEDICAL LANE, B.S. AQUINO DRIVE, BACOLOD, NEGROS OCCIDENTAL",BACOLOD CITY/NEGROS OCCIDENTAL,,,,,4914721,,0,2,2,WITHOUT CONCERN,PASSED,Excellent,SDTLPT-21-0-,1255,E
7,06-XXXX-XX-XXXX-X,6,BIO CLINICA DRUG TESTING LABORATORY,"BALDEVIA PENSION HOUSE BUILDING. BURGOS STREET, SILAY, NEGROS OCCIDENTAL",SILAY/NEGROS OCCIDENTAL,(034)4953352,"GAMBOA, EMILIA DUYAG",bioclinicalaboratory@yahoo.com,bioclinicalaboratory@yahoo.com,4873617,,3,3,6,WITHOUT CONCERN,PASSED,Acceptable,SDTLPT-21-0-,1256,A
7,06-0556-20-PIBS-R,6,BL00D CHECK CLINICAL LABORATORY AND SERVICES,"#5 CUEVA STREET, POBLACION 2, SAGAY CITY, NEGROS OCCIDENTAL",SAGAY CITY/NEGROS OCCIDENTAL,09205039485/09173106862,"MONTES, LENI GALO",,Blood.Check2@gmail.com,4918826,,3,3,6,WITHOUT CONCERN,PASSED,Acceptable,SDTLPT-21-0-,1257,A
7,06-1368-20-PFSS-R,6,CADIZ CLINICAL LABORATORY,"CADIZ CLINICAL LABORATORY, MAGSAYSAY ST. BRGY. ZONE III, CADIZ CITY, NEGROS OCCIDENTAL",CADIZ/NEGROS OCCIDENTAL,09302561148/09173106862,"MONTES, LENI GALO",cadizclinical01@yahoo.com,,4919840,,5,3,8,WITHOUT CONCERN,PASSED,Acceptable,SDTLPT-21-0-,1258,A
7,06-0866-20-PIBS-R,6,CAPIZ DOCTORS' HOSPITAL,"BRGY. LAWAAN, ROXAS CITY, CAPIZ",ROXAS CITY/ CAPIZ,09778049486/09324367099,"SY-TAN, JULIA P.",juliapsytan@gmail.com,christinejoren_08@yahoo.com,4912335,,4,3,7,WITHOUT CONCERN,PASSED,Acceptable,SDTLPT-21-0-,1259,A
7,06-XXXX-XX-XXXX-X,6,CENTRI CLINICAL LABORATORY,"1ST STREET SAN MIGUEL JORDAN, GUIMARAS",GUIMARAS,09982830047/0335812190,"SOMBONG, ANNA VICTORIA JAVATO",avjsombong@yahoo.com,bluecastle_16@yahoo.com,4893534,,1,2,3,WITHOUT CONCERN,PASSED,Highly Satisfactory,SDTLPT-21-0-,1260,HS
7,06-0534-19-PIBS-R,6,"CLINICA DE ILOILO, INC.","2ND FLOOR UNION BANK BLDG., IZNART STREET ILOILO CITY",ILOILO CITY / ILOILO,09177794401/0333302522,"LIBANAN, LYSA LYNN UY",babyaia223@yahoo.com,clinicadeiloilo@yahoo.com.ph,4839841,,3,1,4,WITHOUT CONCERN,PASSED,Highly Satisfactory,SDTLPT-21-0-,1261,HS
7,06-0764-20-PFSS-R,6,CMC DRUG TESTING CENTER,"BLK 1 MALIPAYON VILLAGE, TIZA, ROXAS CITY, CAPIZ",ROXAS CITY/ CAPIZ,09159407300/09189627735,"BUCAYAN, MADELAINE PEQUIERDA",madelainebucayan@yahoo.com.ph,cmcdtc@yahoo.com,4919938,,1,2,3,WITHOUT CONCERN,PASSED,Highly Satisfactory,SDTLPT-21-0-,1262,HS
7,06-1256-19-GIBS-R,6,CORAZON LOCSIN MONTELIBANO MEMORIAL REGIONAL HOSPITAL,"DEPT. OF PATHOLOGY, CORAZON LOCSIN MONTELIBANO MEMORIAL REGIONAL HOSPITAL, BURGOS-LACSON STS., BRGY 9",BACOLOD CITY/NEGROS OCCIDENTAL,09772067554/09212053007,"FERRARIS, HANS FRANCIS DORONILA",,chrisannedublin@gmail.com,4840780,,1,3,4,WITHOUT CONCERN,PASSED,Highly Satisfactory,SDTLPT-21-0-,1263,HS
7,06-1320-20-PFSS-R,6,CTG NCR DRUG TESTING CENTER,"2/F ROOM 203 CAPERNAUM BLDG.#18 LACSON ST., BACOLOD, NEGROS OCCIDENTAL",BACOLOD CITY/NEGROS OCCIDENTAL,9303540877,"MONTES, LENI GALO",lenimontes@yahoo.com,ctgncr_dtc2001,4901603,,2,1,3,WITHOUT CONCERN,PASSED,Highly Satisfactory,SDTLPT-21-0-,1264,HS
7,06-1367-20-PIBS-R,6,DR. BORJA'S DIAGNOSTIC LABORATORY,"MC ARTHUR DRIVE, BRGY. CUBAY, JARO, ILOILO CITY, ILOILO",ILOILO CITY / ILOILO,09998004360/09304614271,"TIONGSON, MA. VICTORIA SALDAÑA",vstmd01@gmail.com,medicusphilippinestabucsuba@yahoo.com.ph,4905362,,0,3,3,WITHOUT CONCERN,PASSED,Highly Satisfactory,SDTLPT-21-0-,1265,HS
7,06-0939-20-PIBS-R,6,DR. PABLO O. TORRE MEMORIAL HOSPITAL - DTL,"B.S. AQUINO DRIVE, BRGY. 5, DPOTMH - DEPARTMENT OF PATHOLOGY, BACOLOD CITY, NEGROS OCCIDENTAL",BACOLOD CITY/NEGROS OCCIDENTAL,09569183498/09569183498,"ZERRUDO, MELANIE ROSE BUENAFE",ugbnsf@gmail.com,ugbnsf@gmail.com,4904187,,2,3,5,WITHOUT CONCERN,PASSED,Highly Satisfactory,SDTLPT-21-0-,1266,HS
7,06-0558-20-PIBS-R,6,"DR. V.T. TALEON MEDICAL, XRAY AND DIAGNOSTIC LABORATORY","GROUND FLOOR, YMCA BUILDING, IZNAN STREET, ILOILO CITY",ILOILO CITY / ILOILO,09565521412/09173028468,"SIRA, MA. BEMERLY JARDIOLIN",bemspatho@yahoo.com,taleonmedical@yahoo.com,4893533,,3,4,7,WITHOUT CONCERN,PASSED,Acceptable,SDTLPT-21-0-,1267,A
7,06-XXXX-XX-XXXX-X,6,DRUGPOINT DRUG TESTING LABORATORY,"2ND FLOOR, BOYSCOUT COMPOUND, 3RD LACSON STREET, BACOLOD, NEGROS OCCIDENTAL",BACOLOD CITY/NEGROS OCCIDENTAL,09984298067/09228355026,"BUYCO, CHARLES MICHAEL A.",charlesbuyco@yahoo.com,drugpoint25@yahoo.com,4844279,,7,1,8,WITHOUT CONCERN,PASSED,Acceptable,SDTLPT-21-0-,1268,A
7,06-0991-19-PFSB-R,6,GAN CLINICAL LABORATORY,G/F KAHIRUP BLDG. GUANCO ST. ILOILO CITY,ILOILO CITY / ILOILO,09166841903/09173159367,"ABELLO, STEPHANIE ALMIRA",,gancliclab@yahoo.com,486263,,,2,2,WITHOUT CONCERN,PASSED,Excellent,SDTLPT-21-0-,1269,E
7,06-XXXX-XX-XXXX-X,6,GENETIC DRUG TESTING LABORATORY,"BESIDE LTO OFFICE, BRGY TIZA, ROXAS CITY, CAPIZ",ROXAS CITY/ CAPIZ,09158748420/0365224684,"RIVERA, WINFRED SUMAGAYSAY",genely20@yahoo.com,genely20@yahoo.com,4913599,,1,1,2,WITHOUT CONCERN,PASSED,Excellent,SDTLPT-21-0-,1270,E
7,06-1513-20-PIBS-I,6,HEALTH METRICS INC. - ILOILO,"AMK BUILDING, 68 GENERAL LUNA STREET, BRGY. INDAY, ILOILO CITY, ILOILO",ILOILO CITY / ILOILO,09672601852/033335-46-12 LOC.119,"BUYCO, CHARLES MICHAEL A.",lab-iloilo@healthmetrics.com.ph,lab-iloilo@healthmetrics.com.ph,4945484,,4,2,6,WITHOUT CONCERN,PASSED,Acceptable,SDTLPT-21-0-,1271,A
7,06-0236-19-PIBS-R,6,HEALTHLINK (ILOILO) INC. DRUG TESTING LABORATORY,"#12 MABINI STREET, ILOILO CITY, ILOILO",ILOILO CITY / ILOILO,09369557005-0335082691,"ABELLO, STEPHANIE ALMIRA",rdl315.rl@gmail.com,rdl315.rl@gmail.com,4870046,,0,2,2,WITHOUT CONCERN,PASSED,Excellent,SDTLPT-21-0-,1272,E
7,06-0645-21-PIBS-R,6,HEALTHLINK (ILOILO) INC. DRUG TESTING LABORATORY - CABATUAN BRANCH,"ZONE 5 CONFESSOR DRIVE, CABATUAN ILOILO",CABATUAN/ILOILO,09501588216/09488822075,"SALAZAR, MA. IRIS VERGARA",mairisjvergara_md@yahoo.com,healthlinkcabatuan@yahoo.com,4972535,,4,3,7,WITHOUT CONCERN,PASSED,Acceptable,SDTLPT-21-0-,1273,A
7,06-0643-21-PIBS-R,6,HEALTHLINK (ILOILO) INC. DRUG TESTING LABORATORY - GUIMBAL BRANCH,"AARON GELVEZON BUILDING, RIZAL STREET, ILOILO, GUIMBAL, ILOILO",GUIMBAL/ILOILO,09093782245/09173159367,"ABELLO, STEPHANIE ALMIRA",babymax2271@yahoo.com.ph,hlguimbal@yahoo.com,4972534,,4,2,6,WITHOUT CONCERN,PASSED,Acceptable,SDTLPT-21-0-,1274,A
7,06-0561-20-PIBS-R,6,HEALTHSCREEN CLINICAL LABORATORY,LUNA STREET LAPA 2 (FRONTING WIT WESTERN INSTITUTE OF TECHNOLOGY),ILOILO CITY / ILOILO,09171455271/09177794401,"LIBANAN, LYSA LYNN UY",,healthscreenclin.lab@yahoo.com,4896796,,4,3,7,WITHOUT CONCERN,PASSED,Acceptable,SDTLPT-21-0-,1275,A
7,06-1611-20-PIBS-R,6,HEALTHSENSE LABORATORY,"HEDRIANA ST., PUROK III (AT THE BACK OF PAVIA MUNICIPAL HALL), PAVIA, ILOILO",PAVIA/ILOILO,09205831634/0333203244,"SIRA, MA. BEMERLY JARDIOLIN",bemspatho@yahoo.com,healthsenselaboratory@gmail.com,4919832,,4,2,6,WITHOUT CONCERN,PASSED,Acceptable,SDTLPT-21-0-,1276,A
7,06-0085-20-PIBS-R,6,"ILOILO PDS AND LABORATORY CENTER, INC.","#7A MABINI STREET, BRGY. RAILWAY, LA PAZ, ILOILO CITY, ILOILO",ILOILO CITY / ILOILO,09171430962/09495931281,"RAVENA, JAMES SONGHENG",iloilopdslab_doh@yahoo.com,iloilopdslab_doh@yahoo.com,4918519,,5,3,8,WITHOUT CONCERN,PASSED,Acceptable,SDTLPT-21-0-,1277,A
7,06-0766-20-PFSS-R,6,MCS DIAGNOSTIC CENTER (BACOLOD),"LOYOLA BUILDING HILADO STREET CORNER LN AGUSTIN DRIVE BARANGAY VILLAMONTE, BACOLOD, NEGROS OCCIDENTAL",BACOLOD CITY/NEGROS OCCIDENTAL,09175999551/09228354626,"MONTES, LENI GALO",lenimontes@yahoo.com,diagnosticmcs@gmail.com,4915771,,2,3,5,WITHOUT CONCERN,PASSED,Highly Satisfactory,SDTLPT-21-0-,1278,HS
7,06-XXXX-XX-XXXX-X,6,MCS DIAGNOSTIC CENTER (SAN CARLOS),"DOOR 3 YANG BLDG., C.L. LEDESMA SR. AVE., BRGY 11. (BESIDE CARMEL'S INN), SAN CARLOS CITY, NEGROS OCCIDENTAL",SAN CARLOS CITY / NEGROS OCCIDENTAL,09323283067/09228354626,"MONTES, LENI GALO",lenimontes@yahoo.com,mcssancarlos@gmail.com,4915770,,2,3,5,WITHOUT CONCERN,PASSED,Highly Satisfactory,SDTLPT-21-0-,1279,HS
7,06-XXXX-XX-XXXX-X,6,MEDI-LINK SERVICES INCORPORATED,"2ND FLOOR MEDI-LINK BUILDING, B.S. AQUINO DRIVE, BRGY. VILLAMONTE, BACOLOD CITY, NEGROS OCCIDENTAL",BACOLOD CITY/NEGROS OCCIDENTAL,09396549749/09189306221,"FERRARIS, HANS FRANCIS DORONILA",hfdf38@yahoo.com,medilinkservicesinc@gmail.com,4904181,,1,3,4,WITHOUT CONCERN,PASSED,Highly Satisfactory,SDTLPT-21-0-,1280,HS
7,06-1416-20-PIBS-R,6,MEDICUS DIAGNOSTIC CENTER AND MEDICAL CLINICS - ANTIQUE BRANCH,"T.A. FORNIER ST. ATABAY, SAN JOSE, ANTIQUE, SAN JOSE, ANTIQUE",SAN JOSE/ANTIQUE,09951639927/09085783305,"JAVATO, SOMBONG ANNA VICTORIA",medicusantique_dtl@yahoo.com,medicusantique_dtl@yahoo.com,4891519,,4,0,4,WITHOUT CONCERN,PASSED,Highly Satisfactory,SDTLPT-21-0-,1281,HS
7,06-0834-20-PFSS-R,6,MEDICUS DIAGNOSTIC CENTER AND MEDICAL CLINICS - JARO BRANCH,"JARO COMMERCIAL COMPLEX, LOPEZ JAENA STREET, JARO, ILOILO CITY, ILOILO",ILOILO CITY / ILOILO,09507666706/033-503-4348,"SOMBONG, ANNA VICTORIA JAVATO",medicusjaro_dtl@yahoo.com,medicusjaro_dtl@yahoo.com,4891520,,0,3,3,WITHOUT CONCERN,PASSED,Highly Satisfactory,SDTLPT-21-0-,1282,HS
7,06-0563-20-PIBS-R,6,MEDICUS DIAGNOSTIC CENTER AND MEDICAL CLINICS - MAIN,"G/F LOURDES BUILDING, QUEZON ST., BRGY. DANAO, ILOILO CITY",ILOILO CITY / ILOILO,09324743355/0335081858,"SOMBONG, ANNA VICTORIA JAVATO",Medicusmain_dtl@yahoo.com,Medicusmain_dtl@yahoo.com,4891521,,0,2,2,WITHOUT CONCERN,PASSED,Excellent,SDTLPT-21-0-,1283,E
7,06-0768-20-PIBS-R,6,MEDICUS DIAGNOSTIC CENTER AND MEDICAL CLINIS,"G/F ROMEO GO BLDG., HUERVANA ST., BRGY. LAGUDA, LAPAZ",ILOILO CITY / ILOILO,09559348962/330-9004,"SOMBONG, ANNA VICTORIA JAVATO",medicuslapaz_dtl@yahoo.com,medicuslapaz_dtl@yahoo.com,4891522,,3,1,4,WITHOUT CONCERN,PASSED,Highly Satisfactory,SDTLPT-21-0-,1284,HS
7,06-0258-20-PIBS-R,6,MEDICUS MEDICAL CENTER CORPORATION,"RV. BERNARDO AVENUE, BRGY. SAN RAFAEL, MANDURRIAO, ILOILO",ILOILO/ILOILO,09063217454/033-508-5377,"SOMBONG, ANNA VICTORIA JAVATO",medicuscondo_dtl@yahoo.com,medicuscondo_dtl@yahoo.com,4891518,,1,3,4,WITHOUT CONCERN,PASSED,Highly Satisfactory,SDTLPT-21-0-,1285,HS
7,06-1058-20-PIBS-R,6,"MEDISENSE LABORATORY CENTER, INC.","MEDISENSE LABORATORY CENTER, INC DELGADO ST. BRGY. MALIPAYON, ILOILO",ILOILO/ILOILO,09178765170/033333-3113,"LIBANAN, LYSA LYNN UY",msl_iloilo@yahoo.com,msl_iloilo@yahoo.com,4878124,,0,0,0,WITHOUT CONCERN,PASSED,Excellent,SDTLPT-21-0-,1286,E
7,06-XXXX-XX-XXXX-X,6,MINA DRUGTESTING LABORATORY,"PATARATA ST., MINA WEST, MINA, ILOILO, MINA, ILOILO",MINA/ILOILO,09186241603/0335309377,"SOMBONG, ANNA VICTORIA JAVATO",,rhumina@yahoo.com,4910733,,0,2,2,WITHOUT CONCERN,PASSED,Excellent,SDTLPT-21-0-,1287,E
7,06-0238-19-PIBS-R,6,"MP ANALYSIS & LABORATORY, INC.","VLI MEDICAL PLAZA, CAPITOL BUSINESS CENTER, BRGY. VILLAMONTE",BACOLOD CITY/NEGROS OCCIDENTAL,09468969610/0344353766,"MONTES, LENI GALO",lenimontes@yahoo.com,medicalplaza@live.com,4832870,,1,3,4,WITHOUT CONCERN,PASSED,Highly Satisfactory,SDTLPT-21-0-,1288,HS
7,06-0770-20-PIBS-R,6,PANAY HEALTH CARE MEDICAL DIAGNOSTICS AND PHARMACY PHL,"ESTANCIA, KALIBO, AKLAN",KALIBO/AKLAN,09395550570/036-268-7216,"TEMPLONUEVO-FLORES, CHARMAINE SINEL",charmainefloresmd@gmail.com,phcmpe@yahoo.com.ph,4886704,,1,3,4,WITHOUT CONCERN,PASSED,Highly Satisfactory,SDTLPT-21-0-,1289,HS
7,06-1639-19-PIBS- I,6,PLAZA LIBERTAD MEDICAL SPECIALISTS' CENTER,PLMSC BLDG. DELA RAMA ST. ZAMORA CITY PROPER,ZAMORA CITY PROPER / ILOILO,09086026077/09173029136,"TIONGSON, MA. VICTORIA SALDAÑA",vstmd01@gmail.com,plmsc.ilo2@yahoo.com,4847550,,1,3,4,WITHOUT CONCERN,PASSED,Highly Satisfactory,SDTLPT-21-0-,1290,HS
7,06-1062-20-PIBS-R,6,PRIMEVIEW MEDICAL SPECIALIST,"SIMEON AGUILAR ST. (FRONT OF PASS 1 CENTRAL SCHOOL), PASSI CITY, ILOILO",PASSI CITY / ILOILO,09175050560/09173028468,"SIRA, MA. BEMERLY JARDIOLIN",,primeviewpassi@yahoo.com,4919816,,0,3,3,WITHOUT CONCERN,PASSED,Highly Satisfactory,SDTLPT-21-0-,1291,HS
7,06-1060-20-PIBS-R,6,PRIMEVIEW MEDICAL SPECIALIST AND IMAGING CENTER,"Q. ABETO ST. MANDURRIAO ( NEAR AT WESTERN VISAYAS MEDICAL CENTER), ILOILO CITY, ILOILO",ILOILO CITY / ILOILO,09175050560/033321-1266,"SIRA, MA. BEMERLY JARDIOLIN",,primeview_iloilo@yahoo.com.ph,4919815,,0,2,2,WITHOUT CONCERN,PASSED,Excellent,SDTLPT-21-0-,1292,E
7,06-XXXX-XX-XXXX-X,6,Q DIAGNOSTIC CENTER,"LKC BLDG., CORNER LOCSIN-BURGOS STS, BACOLOD CITY, NEGROS OCCIDENTAL",BACOLOD CITY/NEGROS OCCIDENTAL,09189306221/034-441-6723,"FERRARIS, HANS FRANCIS DORONILA",ferrarishansfrancis@yahoo.com,qdiagnosticcenter@gmail.com,4911472,,4,3,7,WITHOUT CONCERN,PASSED,Acceptable,SDTLPT-21-0-,1293,A
7,06-1018-21-PIBS-R,6,QPL DIAGNOSTICS AND CLINIC,"BC BLDG., OSMEÑA AVE., BRGY. IV, VICTORIAS CITY, NEGROS OCCIDENTAL",VICTORIAS CITY/NEGROS OCCIDENTAL,09184498-222/0922-835-5026,"BUYCO, CHARLES MICHAEL A.",charlesbuyco@yahoo.com,qplvictorias@outlook.com,4985650,,3,1,4,WITHOUT CONCERN,PASSED,Highly Satisfactory,SDTLPT-21-0-,1294,HS
7,06-0771-20-PIBS-R,6,QUALIMED HOSPITAL - ILOILO,"3F QUALIMED HOSP., AYALA ATRIA PARK DISTRICT, DON DONATO PISON AVE, SAN RAFAEL, MANDURRIAO, ILOILO CITY, ILOILO",ILOILO CITY / ILOILO,09171448626/63-033-500-400 loc 5312,"SOMBONG, ANNA VICTORIA JAVATO",,qualimedlab@yahoo.com,4912312,,3,3,6,WITHOUT CONCERN,PASSED,Acceptable,SDTLPT-21-0-,1295,A
7,06-0941-20-PIBS-R,6,QUBE DIAGNOSTIC LABORATORY,"QUISUMBING CLINIC, 124 LOCSIN-BROCE STREET, BARANGAY 2, SAN CARLOS CITY, NEGROS OCCIDENTAL",SAN CARLOS CITY / NEGROS OCCIDENTAL,09665393149/034-729-8499,"GADINGAN, DONALDSON M.",dmgpathologist@yahoo.com,qubediagnosticlab@gmail.com,4916536,,2,2,4,WITHOUT CONCERN,PASSED,Highly Satisfactory,SDTLPT-21-0-,1296,HS
7,06-1361-19-PIBS-R,6,REAL MEDICAL LABORATORY AND DIAGNOSTIC CENTER DRUG TESTING FACILITY,"PEÑARANDA ST. BAYBAY SUR, MIAGAO",ILOILO/ILOILO,09778997555/0333152337,"BIEREN, MARIANETTE NOELLE MESIAS",reallabDC16@gmail.com,reallabDC16@gmail.com,4879798,,1,3,4,WITHOUT CONCERN,PASSED,Highly Satisfactory,SDTLPT-21-0-,1297,HS
7,06-0269-20-PIBS-R,6,RED SHIELD CLINICAL LABORATORY,"3F, ROOM F, E.L. SORIANO BLDG, LACSON ST., BRGY 18, BACOLOD CITY, NEGROS OCCIDENTAL",BACOLOD CITY/NEGROS OCCIDENTAL,09224612863/09189012302,"VILLANUEVA, WALTER DE LEON",waltervmd@yahoo.com,redshieldcl@yahoo.com.ph,4919837,,1,3,4,WITHOUT CONCERN,PASSED,Highly Satisfactory,SDTLPT-21-0-,1298,HS
7,06-0775-20-GIBS-R,6,ROXAS MEMORIAL PROVINCIAL HOSPITAL ,"ARNALDO BOULEVARD, ROXAS CITY, CAPIZ",ROXAS CITY/ CAPIZ,09981816926/09324367099,"TAN, JULIA P. SY",juliapsytan@gmail.com,rmph.drugtesting@gmail.com,4912343,,0,3,3,WITHOUT CONCERN,PASSED,Highly Satisfactory,SDTLPT-21-0-,1299,HS
7,06-1371-20-PIBS-R,6,SAINT JUDE MEDICAL AND CLINICAL LABORATORY,"COR. OSMEÑA AVE., GONZAGA ST, BRGY 1., VICTORIAS CITY, NEGROS OCCIDENTAL",VICTORIAS CITY/NEGROS OCCIDENTAL,09561560551/09173106862,"MONTES, LENI GALO",lenimontes@yahoo.com,stjudevictorias@yahoo.com,4919826,,0,3,3,WITHOUT CONCERN,PASSED,Highly Satisfactory,SDTLPT-21-0-,1300,HS
7,06-0242-19-PIBS-R,6,SILAY DIAGNOSTIC CENTER,"N10-12 PRINCE HYPERMART BLDG., ANTONIO LUNA ST. BRGY I",SILAY/NEGROS OCCIDENTAL,09322370115/09189306221,"FERRARIS, HANS FRANCIS DORONILA",ferrarishansfrancis@yahoo.com,silaydiagnosticcenter@yahoo.com,4875106,,3,3,6,WITHOUT CONCERN,PASSED,Acceptable,SDTLPT-21-0-,1301,A
7,06-0826-21-PIBS-R,6,"SOUTH BACOLOD GENERAL HOSPITAL AND MEDICAL CENTER, INC.","ARANETA HIGHWAY, PAHANOCOY, BACOLOD CITY, NEGROS OCCIDENTAL",BACOLOD CITY/NEGROS OCCIDENTAL,09176523933/0347042911,"FERRARIS, HANS FRANCIS DORONILA",laboratory.sbgh@gmail.com,laboratory.sbgh@gmail.com,4980915,,4,3,7,WITHOUT CONCERN,PASSED,Acceptable,SDTLPT-21-0-,1302,A
7,06-0272-20-PIBS-R,6,SOUTH HEALTH CLINICAL LAB AND SOUTH HEALTH MEDICS PHARMA,"SOUTH HEALTH BUILDING, TAN LORENZO STREET, BRGY 3. KABANKALAN CITY, NEGROS OCCIDENTAL",KABANKALAN CITY / NEGROS OCCIDENTAL,09465064511/0344712570,"LAYDA, ERIBERTO RELIQUIAS",shdtl17@yahoo.com,shdtl17@yahoo.com,4896791,,5,3,8,WITHOUT CONCERN,PASSED,Acceptable,SDTLPT-21-0-,1303,A
7,06-XXXX-XX-XXXX-X,6,ST. ANNE DRUG TESTING CENTER,"365 CAPITOL SITE, KALIBO, AKLAN",KALIBO/AKLAN,09208033205/0362689643,"SARUSAD, EDGAR ALLAN A.",,stanne_clinic@yahoo.com,4886703,,2,3,5,WITHOUT CONCERN,PASSED,Highly Satisfactory,SDTLPT-21-0-,1304,HS
7,06-0564-20-PIBS-R,6,STATLAB INC.,CORNER GEN. LUNA-IBARRA STS. VILLA ANITA,ILOILO CITY / ILOILO,09091284349/3362693,"TIONGSON, MA. VICTORIA SALDAÑA",ustmd01@gmail.com,statlabinc@yahoo.com,4883012,,2,3,5,WITHOUT CONCERN,PASSED,Highly Satisfactory,SDTLPT-21-0-,1305,HS
7,06-0273-20-PIBS-R,6,"SUPERCARE MEDICAL SERVICES, INC. (ILOILO BRANCH)","3/F 22 MANFRED'S PLACE, GEN. LUNA ST., ILOILO CITY, ILOILO",ILOILO CITY / ILOILO,09183441391/033335-30-51,"SALAZAR, MA. IRIS VERGARA",lab.iloilo@supercare.com.ph,lab.iloilo@supercare.com.ph,4901557,,0,3,3,WITHOUT CONCERN,PASSED,Highly Satisfactory,SDTLPT-21-0-,1306,HS
7,06-XXXX-XX-XXXX-X,6,"THE DOCTOR'S HOSPITAL, INC. DRUG TESTING LABORATORY","LABORATORY DEPARTMENT, THE DOCTOR'S HOSPITAL INC. B.S. AQUINO DRIVE, BACOLOD CITY, NEGROS OCCIDENTAL",BACOLOD CITY/NEGROS OCCIDENTAL,034468-2100 LOCAL:1138/1139,"MONTES, LENI GALO",laboratory@thedoctorshospital.com,laboratory@thedoctorshospital.com,4904185,,5,2,7,WITHOUT CONCERN,PASSED,Acceptable,SDTLPT-21-0-,1307,A
7,06-XXXX-XX-XXXX-X,6,THE RIVERSIDE MEDICAL CENTER INC. (UNA KONSULTA),SM CITY(SOUTH WING) LUZURIAGA STREET,BACOLOD CITY/NEGROS OCCIDENTAL,09954686401/4354052,"ZERRUDO, MELANIE ROSE BUENAFE",mbzerrudo@yahoo.com,rdrstrn@yahoo.com,4863966,,4,2,6,WITHOUT CONCERN,PASSED,Acceptable,SDTLPT-21-0-,1308,A
7,06-0247-20-PIBS-R,6,"TRANSNATIONAL MEDICAL AND DIAGNOSTIC CENTER, INC.","E. LOPEZ STREET JARO ILOILO CITY, ILOILO",ILOILO CITY / ILOILO,09175681814/503-7406/09175681814,,jennifer.murga@tmdc.ph,jennifer.murga@tmdc.ph,4914046,,2,3,5,WITHOUT CONCERN,PASSED,Highly Satisfactory,SDTLPT-21-0-,1309,HS
7,06-XXXX-XX-XXXX-X,6,VILLANUEVA CLINICAL LABORATORY,#8 16TH LACSON ST.,BACOLOD CITY/NEGROS OCCIDENTAL,09189012302/0344335277,"VILLANUEVA, WALTER DE LEON",waltervmd@yahoo.com,waltervmd@yahoo.com,4858009,,6,1,7,WITHOUT CONCERN,PASSED,Acceptable,SDTLPT-21-0-,1310,A
7,06-0544-19-GIBS-R,6,WEST VISAYAS STATE UNIVERSITY MEDICAL CENTER,"E. LOPEZ ST. JARO, ILOILO CITY",ILOILO CITY / ILOILO,0333202431/3360576,"SOMBONG, ANNA VICTORIA JAVATO",avjsombong@yahoo.com,wvsumc.drugtestinglaboratory@gmail.com,4843677,,2,3,5,WITHOUT CONCERN,PASSED,Highly Satisfactory,SDTLPT-21-0-,1311,HS
7,06-1141-19-GIBS-R,6,WESTERN VISAYAS MEDICAL CENTER DRUG TESTING LABORATORY,"Q. ABETO STREET MANDURRIAO, ILOILO, ILOILO",ILOILO/ILOILO,09173159367/0333213545,"ABELLO, STEPHANIE ALMIRA",babymax2271@yahoo.com,wvmedtl2@yahoo.com,4916922,,0,3,3,WITHOUT CONCERN,PASSED,Highly Satisfactory,SDTLPT-21-0-,1312,HS
7,06-0545-19-PIBS-R,6,YGEIA MEDICAL CENTER INC. (BACOLOD BRANCH),PASEO VERDE LACSON DRIVE MANDALAUAN,BACOLOD CITY/NEGROS OCCIDENTAL,458-39-69,"BUYCO, CHARLES MICHAEL A.",ygeia@ygeiamed.com.ph,,4849524,,6,0,6,WITHOUT CONCERN,PASSED,Acceptable,SDTLPT-21-0-,1313,A
8,07-1570-20-GFSS-R,7,"53RD EBDE, PHILIPPINE ARMY DRUG TESTING CENTER","53RD CAMP, LAPULAPU, APAS, CEBU CITY",CEBU CITY / CEBU,,"AGTUCA JR., CHAMBERLAIN I.",ogtwo_ebde@gmail.com,,4964664,25/03/2021,4,3,7,WITHOUT CONCERN,PASSED,Acceptable,SDTLPT-21-0-,1314,A
8,07-1418-20-PIBS-R,7,ACCUMED DIAGNOSTIC AND HEALTH SERVICES,"2F NGA BLDG. PUEBLO VERDE, MEZ II, BASAK, LAPU-LAPU CITY, CEBU",LAPU LAPU CITY/CEBU,09214268097/ 494-1030,"RUSIA-UY, RUBY OHAYAS",ubings@yahoo.com,accumedopon@gmail.com,4919553,,5,2,7,WITHOUT CONCERN,PASSED,Acceptable,SDTLPT-21-0-,1315,A
8,07-1373-20-PIBS-R,7,"ACTIVEONE HEALTH, INC.","G/F 12 BLDG. JOSE MARIA DEL MAR ST. I.T. PARK, LAHUG, CEBU CITY",CEBU CITY / CEBU,09178680142/ 09958738754,"LIM, MARIA KARISSA GUANTERO",gift.quintanilla@activeonehealth.com,gift.quintanilla@activeonehealth.com,4919578,,2,3,5,WITHOUT CONCERN,PASSED,Highly Satisfactory,SDTLPT-21-0-,1316,HS
8,07-0275-20-PIBS-R,7,ADVANCE HEALTH SERVICES COOPERATIVE ,"PCF BLDG., 20 GOV. M. ROA ST. CAPITOL SITE, CEBU CITY, CEBU",CEBU CITY / CEBU,0933671757/(032)2384693,ALMA E. MALILONG,lab.ahscoop@gmail.com,lab.ahscoop@gmail.com,4913426,,3,2,5,WITHOUT CONCERN,PASSED,Highly Satisfactory,SDTLPT-21-0-,1317,HS
8,07-1504-19-PFSS-I,7,ALBTEC DRUG TESTING CENTER,"SAN VICENTE ST., BOGO CITY, CEBU (AT THE BACK OF PNB)",BOGO CITY/ CEBU,90721718047,JUDITO G. CABALLERO,juditocab@yahoo.com,kate.tecson01@gmail.com,4879627,,3,3,6,WITHOUT CONCERN,PASSED,Acceptable,SDTLPT-21-0-,1318,A
8,07-1526-20-PIBS-R,7,"ALLEGIANT REGIONAL CARE HOSPITALS, INC.","SITIO MALINAO, BARANGAY AGUS LAPU-LAPU CITY, CEBU",LAPU LAPU CITY/CEBU,09286338128/(032)4934248,MARK ANTHONY F. SON,collared123@gmail.com,archospitals.laboratory@outlook.com,4879626,,4,3,7,WITHOUT CONCERN,PASSED,Acceptable,SDTLPT-21-0-,1319,A
8,07-1237-20-PFSS-R,7,ALPHA DIAGNOSTIC CENTER -  TAYTAY,"AT THE BACK OF LTO TAYTAY, DANAO CITY, CEBU",DANAO CITY/CEBU,(032)254-7305,"MARTINEZ, SEBASTIAN GAISKA L.",alphalaboratoy@yahoo.com,jelen2214@gmail.com,4893513,,0,1,1,WITHOUT CONCERN,PASSED,Excellent,SDTLPT-21-0-,1320,E
8,07-1255-20-PFSS-R,7,ALPHA DIAGNOSTIC CENTER - CEBU,"F. RAMOS ST. CORNER GENERAL ECHAVEZ EXIT, CEBU CITY, CEBU",CEBU CITY / CEBU,(032)254-7305,"BIGORNIA, LYDIA ALMADRO",alphalaboratoy@yahoo.com,alphalaboratory@yahoo.com,4891507,,0,3,3,WITHOUT CONCERN,PASSED,Highly Satisfactory,SDTLPT-21-0-,1321,HS
8,07-1254-20-PFSS-R,7,ALPHA DIAGNOSTIC CENTER- MACTAN,"UNIT 17, THE ARCADE M.L. QUEZON NATIONAL HI-WAY PAJO, LAPU-LAPU CITY, CEBU",LAPU LAPU CITY/CEBU,09232523689/ 341-3225,"BIGORNIA, LYDIA ALMADRO",alphamactanlab@yahoo.com,alphamactanlab@yahoo.com,4919945,,1,1,2,WITHOUT CONCERN,PASSED,Excellent,SDTLPT-21-0-,1322,E
8,07-XXXX-XX-XXXX-X,7,AMOSUP SEAMEN'S HOSPITAL-CEBU,"CAMINO VICINAL ST., BRGY. UMAPAD, MANDAUE CITY, CEBU",MANDAUE CITY / CEBU,09369048990/(032)2366871,ANNETTE L. SALLILAS,als12993@gmail.com,amosupseamenslabcebu@yahoo.com,4874634,,4,3,7,WITHOUT CONCERN,PASSED,Acceptable,SDTLPT-21-0-,1323,A
8,07-XXXX-XX-XXXX-X,7,AQUILES CLINICAL LABORATORY ,"299 R. BOYLES ST. POBLACION UBAY, BOHOL",UBAY / BOHOL,09176711257/038-5010846,SEBASTIAN G. MARTINEZ,,AquilesClinicalLaboratory@gmail.com,4840781,,4,2,6,WITHOUT CONCERN,PASSED,Acceptable,SDTLPT-21-0-,1324,A
8,07-1254-19-PIBS-I,7,AVENTUS MEDICAL CARE INC. (CYBERGATE CEBU),"UNIT 309 AND 302 LEVEL 3, ROBINSONS CYBERGATE, DON GIL GARCIA AND J. LLORENTE ST., CAPITOL SITE CEBU CITY, CEBU",CEBU CITY / CEBU,09396341692/2369028,MARJORIE L. CANG,Laboratory.Cybergate@aventusmedical.com.ph,Laboratory.Cybergate@aventusmedical.com.ph,4842420,,4,1,5,WITHOUT CONCERN,PASSED,Highly Satisfactory,SDTLPT-21-0-,1325,HS
8,07-XXXX-XX-XXXX-X,7,B-KRUS DRUG TESTING CENTER,"V. ALBANO ST., BAKILID MANDAUE, CEBU",MANDAUE CITY / CEBU,09569088482/(032)2722350,SEBASTIAN G. MARTINEZ,basti_martinez@yahoo.com,mav2_blisspharm@yahoo.com,4829437,,2,3,5,WITHOUT CONCERN,PASSED,Highly Satisfactory,SDTLPT-21-0-,1326,HS
8,07-XXXX-XX-XXXX-X,7,"B. N. GOTHONG HEALTHCARE SOLUTIONS, INC.","UNIT 1 & 2 ALPA CENTRUM, LOPEZ JAENA ST. SUBANGDAKU MANDAUE, CEBU",MANDAUE CITY / CEBU,09173052478/(032)2392684,RUBY O. RUSIA-UY,ubings@yahoo.com,chasedy@yahoo.com,4839835,,2,3,5,WITHOUT CONCERN,PASSED,Highly Satisfactory,SDTLPT-21-0-,1327,HS
8,07-0570-20-GIBS-R,7,BAIS CITY HEALTH CLINICAL AND DRUG TESTING LABORATORY,"LAUREL ST., BAIS CITY, NEGROS ORIENTAL",BAIS CITY / NEGROS ORIENTAL,9258749809,"MCINTIRE, ROGELIO SINOAG",N/A,Lojeda496@yahoo.com,4893530,,4,2,6,WITHOUT CONCERN,PASSED,Acceptable,SDTLPT-21-0-,1328,A
8,07-0088-20-PFSS-R,7,BANAWAN DRUG TESTING CENTER,"1021 ZAMORA ST., UBOS, BANAWAN, NEGROS ORIENTAL",BANAWAN/NEGROS ORIENTAL,09173142914/(035)40-9010,"DE JESUS, NOEL C.",noelcdj@hotmail.com,mclas1260@yahoo.com,4888248,,0,2,2,WITHOUT CONCERN,PASSED,Excellent,SDTLPT-21-0-,1329,E
8,07-0550-20-PIBS-R,7,BEST DIAGNOSTIC CORPORATION- BOHOL BRANCH,"#0029 M. PARRAS ST. POBLACION II, TAGBILIRAN CITY, BOHOL",TAGBILIRAN CITY / BOHOL,09178010162/ 09088921435/ 412-7280/ 427-1720,"PERMITES, JANE ELANOR LAGARE",bestbohol13@gmail.com,bestbohol13@gmail.com,4918452,,4,1,5,WITHOUT CONCERN,PASSED,Highly Satisfactory,SDTLPT-21-0-,1330,HS
8,07-XXXX-XX-XXXX-X,7,BOGO LGU DRUG TESTING CENTER,"GAIRAN, BOGO CITY, CEBU",BOGO CITY/ CEBU,9177063496,"PALAY, RENE GALO MATARLO",shelleycoming@yahoo.com,shelleycoming@yahoo.com,4919574,,3,0,3,WITHOUT CONCERN,PASSED,Highly Satisfactory,SDTLPT-21-0-,1331,HS
8,07-1459-19-PFSS-R,7,BOHOL MEDICAL LAB TESTING CENTER,"R. ENERIO ST., CIRCUMFERENTIAL ROAD, DAMPAS, TAGBILIRAN, BOHOL",TAGBILIRAN CITY / BOHOL,09166232860/09129852024/038-4111152,DOLOREICH A. DUMALUAN,,,4829430,,2,2,4,WITHOUT CONCERN,PASSED,Highly Satisfactory,SDTLPT-21-0-,1332,HS
8,07-1087-19-GFSS-R,7,BOHOL PROVINCIAL DRUG TESTING/SCREENING LABORATORY,"J.A. CLARIN ST. DAO DISTRICT TAGBILIRAN CITY, BOHOL",TAGBILIRAN CITY / BOHOL,09952786346/038-4120950,GREG JULIUS D. SODUSTA V,phodtl_bohol@yahoo.com,phodtl_bohol@yahoo.com,4861264,,0,3,3,WITHOUT CONCERN,PASSED,Highly Satisfactory,SDTLPT-21-0-,1333,HS
8,07-XXXX-XX-XXXX-X,7,CARCAR WOMEN & CHILDREN LYING-IN POLYCLINIC & LABORATORY,"BARACCA, POBLACION II (NEAR CEBU PROVINCIAL HOSPITAL-CARCAR) CARCAR CITY, CEBU",CARCAR CITY / CEBU,(032)4878458,EVEYLEN A. CHI,lyndonvillegas@yahoo.com,wclpl_a1@yahoo.com.ph,4864380,,2,4,6,WITHOUT CONCERN,PASSED,Acceptable,SDTLPT-21-0-,1334,A
8,07-1620-19-PIBS-R,7,CARMEN COPPER CORP. DTL,"CARMEN COPPER HOSPITAL, DON ANDRES SORIANO, TOLEDO CITY, CEBU",TOLEDO CITY/ CEBU,09227369400/032-8881201 loc 2820,ALMA E. MALILONG,tdsuico@carmencopper.com,tdsuico@carmencopper.com,4847445,,4,1,5,WITHOUT CONCERN,PASSED,Highly Satisfactory,SDTLPT-21-0-,1335,HS
8,07-0486-18-PIBS-R,7,CEBU DOCTORS' UNIVERSITY HOSPITAL,"OSMEÑA BLVD., BRGY. CAPITOL SITE, CEBU CITY, CEBU PROVINCE",CEBU CITY / CEBU,09237188188/032-2555555 loc 179,ALMA E. MALILONG,cduhlabresults2@yahoo.com,cduhlabresults2@yahoo.com,4847443,,4,0,4,WITHOUT CONCERN,PASSED,Highly Satisfactory,SDTLPT-21-0-,1336,HS
8,07-1374-PIBS-R,7,"CEBU NORTH GENERAL HOSPITAL, INC.","KAUSWAGAN ROAD, TALAMBAN, CEBU CITY, CEBU",CEBU CITY / CEBU,09177724041/09237188126,"YU, MARIE EMMELINE B.",emmelinebyu@yahoo.com,cebunorthgenhospitallaboratory@gmail.com,4886546,,2,2,4,WITHOUT CONCERN,PASSED,Highly Satisfactory,SDTLPT-21-0-,1337,HS
8,07-0996-19-PFSS-R,7,"CEBU SAGRADA CORAZON HEALTH SERVICES, INC.","ROOM 310 CITY SAVINGS FINANCIAL PLAZA, CORNER P. BURGOS ST & OSMEÑA BLVD, CEBU CITY, CEBU",CEBU CITY / CEBU,(032)4122925,THEODORE M. ZAMORA,cebusagradalab@yahoo.com,cebusagradalab@yahoo.com,4854063,,1,3,4,WITHOUT CONCERN,PASSED,Highly Satisfactory,SDTLPT-21-0-,1338,HS
8,07-0852-19-PIBS-R,7,"CEBU SPECIALISTS AMBULATORY CARE CENTER, INC.","2F BAI CENTER, CEBU SOUTH ROAD, BASAK SAN NICOALS, CEBU CITY, CEBU (BEFORE SHOPWISE), CEBU CITY",CEBU CITY / CEBU,,"ABANILLA, SUSAN BRIONES",cebuambulatoryclinic@gmail.com,4957022,23/02/2021,,1,3,4,WITHOUT CONCERN,PASSED,Highly Satisfactory,SDTLPT-21-0-,1339,HS
8,07-0497-21-PIBS-R,7,CENTER FOR HEALTH SERVICES INC.,"6/F, UNIT 12, THE NORTH ATRIUM BLDG; MC BRIONES ST. (HI-WAY), COR A.S. FORTUNA ST., MANDAUE CITY, CEBU CITY",MANDAUE CITY / CEBU,,"SON, MARK ANTHONY FAJARDO",chsicebulab@gmail.com,4987771,08/07/2021,,1,2,3,WITHOUT CONCERN,PASSED,Highly Satisfactory,SDTLPT-21-0-,1340,HS
8,07-0999-19-PIBS-R,7,CHONG HUA HOSPITAL,"DON MARIANO CUI ST. FUENTE OSMEÑA, CEBU CITY, CEBU",CEBU CITY / CEBU,09453494849/2558000,ERIC P. LASALA,eric_lasala@chonghua.com.ph,chhc_laboratory@chonghua.com.ph,4854061,,4,3,7,WITHOUT CONCERN,PASSED,Acceptable,SDTLPT-21-0-,1341,A
8,07-0575-20-PIBS-R,7,CHONG HUA HOSPITAL MANDUE,"UG FLOOR DEPT. OF LABORATORY SERVICES, CHONG HUA HOSPITAL MADAUE, BARANGAY SUBANGDAKU, MANDAUE CITY, CEBU",MANDAUE CITY / CEBU,09175265423/2338000 loc 8252,ERIC P. LASALA,eric_lasala@chonghua.com.ph,limar_jay_tongco@chonghua.com.ph,48751101,,1,3,4,WITHOUT CONCERN,PASSED,Highly Satisfactory,SDTLPT-21-0-,1342,HS
8,07-XXXX-XX-XXXX-X,7,"COR ISEU MEDICAL CLINIC LABORATORY, X-RAY AND PHARMACY","NATIONAL HIGHWAY BUANOY, BALAMBAN, CEBU 6041",BALAMBAN/CEBU ,(032)383-3096/09101029733,"ZAMORA, THEODORE MASILOG",luchie_atat@yahoo.com,chapuen88@gmail.com,4896492,,0,2,2,WITHOUT CONCERN,PASSED,Excellent,SDTLPT-21-0-,1343,E
8,07-1323-20-PIBS-R,7,"CUPSI CENTER FOR WOMEN'S HEALTH, INC.","#2 B. RODRIGUEZ ST. FUENTE OSMEÑA, CEBU CITY",CEBU CITY / CEBU,09223097244/ 254-2380/ 418-7599,"MALILONG, ALMA ESTELLA",almaemalilong@yahoo.com,cupsilaboratory@yahoo.com,4918962,,4,3,7,WITHOUT CONCERN,PASSED,Acceptable,SDTLPT-21-0-,1344,A
8,07-1065-20-PFSS-R,7,CYBER MEDICAL & DIAGNOSTIC LABORATORY,"2F LA NORA BLDG. N. BACALSO AVENUE SAMBAG 1, CEBU CITY",CEBU CITY / CEBU,09175850195/ 256-2957/ 340-9499,"MARTINEZ, SEBASTIAN GAISKA LARRAZABAL",cybermedical.dl@gmail.com,cybermedical.dl@gmail.com,4936748,,2,3,5,WITHOUT CONCERN,PASSED,Highly Satisfactory,SDTLPT-21-0-,1345,HS
8,07-1435-20-PFSS-R,7,DIAGNOSTIC CARE AND LABORATORY SERVICES,"DR. V. LOCSIN ST., BARANGAY 3, DUMAGUETE CITY, NEGROS ORIENTAL",DUMAGUETE CITY / NEGROS ORIENTAL ,421-0259,"MCINTIRE, ROGELIO SINO-AG",daffodilramirez@yahoo.com,daffodilramirez@yahoo.com,4919946,,4,3,7,WITHOUT CONCERN,PASSED,Acceptable,SDTLPT-21-0-,1346,A
8,07-1579-21-GIBS-R,7,DOH-TREATMENT AND REHABILITATION CENTER ARGAO LABORATORY,"CANDABONG, BINLOD, ARGAO, CEBU CITY",CEBU CITY / CEBU,"RUSIA-UY, RUBY O.",,jaime.tallo@yahoo.com,,4993628,29/07/2021,1,3,4,WITHOUT CONCERN,PASSED,Highly Satisfactory,SDTLPT-21-0-,1347,HS
8,07-0981-20-PIBS-R,7,"GILLAMAC DIAGNOSTIC & MEDICAL LABORATORIES, INC.","169 SANLIANGKO ST., CEBU CITY, CEBU",CEBU CITY / CEBU,09177942885/(032)418-4091,"CAPATOY, CECILIA L.",cplepon@yahoo.com,gillamac.lab@gmail.com,4893535,,5,1,6,WITHOUT CONCERN,PASSED,Acceptable,SDTLPT-21-0-,1348,A
8,07-0253-19-GIBS-R,7,GOV. CELESTINO GALLARES MEMORIAL HOSPITAL,"103 MIGUEL PARRAS STREET POBLACION II, TAGBILIRAN CITY, BOHOL",TAGBILIRAN CITY / BOHOL,09279556818/038-4113185,ANNETTE L. SALILLAS,annette_salillas@yahoo.com,gcgmh_bohol@yahoo.com,4861262,,0,3,3,WITHOUT CONCERN,PASSED,Highly Satisfactory,SDTLPT-21-0-,1349,HS
8,07-0920-19-PIBS-R,7,HEALTH CARE DIAGNOSTIC AND DRUGTESTING LABORATORY,"2ND FLOOR MERCURY DRUGSTORE NLE BUILDING, NAGA, CEBU",NAGA / CEBU,09175893484/4899901,DONALDSON M. GADINGAN,hcdc_naga2014@yahoo.com,hcdc_naga2014@yahoo.com,4858003,,0,0,0,WITHOUT CONCERN,PASSED,Excellent,SDTLPT-21-0-,1350,E
8,07-1427-19-PIBS-I,7,HEALTH CARE DIAGNOSTIC AND DRUGTESTING LABORATORY,"POB. 3 COLON STREET FRONTING BRGY. HALL, DUMAGUETE CITY, NEGROS ORIENTAL",DUMAGUETE CITY / NEGROS ORIENTAL ,09175893484/(035)4223880,DONALDSON M. GADINGAN,hcdcdtebranch123@gmail.com,hcdcdtebranch123@gmail.com,4858002,,4,2,6,WITHOUT CONCERN,PASSED,Acceptable,SDTLPT-21-0-,1351,A
8,07-0921-19-PIBS-R,7,HEALTH CARE DIAGNOSTIC CENTER,"2ND FLOOR RM. 2G NEW SACRED HEART PHARMACY BLDG. NORTHROAD DARO (FRONTING NEGROS ORIENTAL PROVINCIAL HOSPITAL) DUMAGUETE CITY, NEGROS ORIENTAL ",DUMAGUETE CITY / NEGROS ORIENTAL ,09175893484/(035)4222189,DONALDSON M. GADINGAN,hcdc_888@yahoo.com,hcdc_888@yahoo.com,4857798,,4,3,7,WITHOUT CONCERN,PASSED,Acceptable,SDTLPT-21-0-,1352,A
8,07-0555-19-PIBS-R,7,HI-PRECISION DIAGNOSTICS-MACTAN,"MV PATALINGHUG JR. AVE., LAPU-LAPU CITY, CEBU",LAPU LAPU CITY/CEBU,09328994895/(032)520142/(032)5201143,GRACE JOY C. AVILA,hpd-cebu@hi-precision.com.ph,hpd_cebu@hi-precision.com.ph,4879621,,4,2,6,WITHOUT CONCERN,PASSED,Acceptable,SDTLPT-21-0-,1353,A
8,07-XXXX-XX-XXXX-X,7,HI-PRECISION DIAGNOSTICS-MANDAUE,"DIAMOND  PLAZA, MC BRIONES, NATIONAL HIGHWAY, MANDAUE CITY, CEBU",MANDAUE CITY / CEBU,09177124551/(032)4202453/(032)2388600,GRACE JOY C. AVILA,dtmandaue@hpd-cebu.com,dtmandaue@hpd_cebu.com,4879619,,1,2,3,WITHOUT CONCERN,PASSED,Highly Satisfactory,SDTLPT-21-0-,1354,HS
8,07-0557-19-PIBS-R,7,HI-PRECISION DIAGNOSTICS-TABUNOK,"SOUTH NATIONAL HIGHWAY, TALISAY CITY, CEBU",TALISAY CITY/ ,09177126562/(032)2366277/(032)4917965,GRACE JOY C. AVILA,dttabunok@hpd-cebu.com,dttabunok@hpd-cebu.com,4879620,,4,1,5,WITHOUT CONCERN,PASSED,Highly Satisfactory,SDTLPT-21-0-,1355,HS
8,07-XXXX-XX-XXXX-X,7,IMMACULATE CONCEPCION DRUGTEST LABORATORY,"PAMUGAS BUILDING, J.A. CLARIN ST., DAMPAS, TAGBILARAN CITY, BOHOL",TAGBILIRAN CITY / BOHOL,09228547507/(038)5019939,"ARCAY, JUANITA ARSUA",N/A,immaculate282012@yahoo.com,4896493,,3,3,6,WITHOUT CONCERN,PASSED,Acceptable,SDTLPT-21-0-,1356,A
8,07-1538-20-PFSS-R,7,JS MEDICAL AND DIAGNOSTIC CENTER,"322 MACROVILLE AYALA ACCESS ROAD, GORORDO AVENUE, CEBU CITY, CEBU",CEBU CITY / CEBU,09228572821/3838456,REYNETTE CHRISTINE J. LIGARAY,jsmedical_06@yahoo.com.ph,jsmedical_06@yahoo.com.ph,4883035,,3,2,5,WITHOUT CONCERN,PASSED,Highly Satisfactory,SDTLPT-21-0-,1357,HS
8,07-0982-20-PIBS-R,7,KAISER MEDICAL CENTER CLINIC AND DIAGNOSTICS,"2ND STREET, MEZ-1, LBO, LAPULAPU CITY, CEBU",LAPU LAPU CITY/CEBU,09226998945/(032)520-9388,"PABLEO, RIAN JOHN B.",rianjohn.pableo@yahoo.com,kmc.mactan.patientcare@kaisermedcenter.com,4890068,,4,3,7,WITHOUT CONCERN,PASSED,Acceptable,SDTLPT-21-0-,1358,A
8,07-1528-20-PIBS-R,7,"KAISER MEDICAL CENTER, INC","UNIT 0242-0246 LOWER GROUND FLOOR, SM SEASIDE, CEBU CITY, 6000",CEBU CITY / CEBU,9611553357,"PABLEO, RIAN JOHN B.",rianjohn.pableo@yahoo.com,rolfignacio@gmail.com,4929020,,3,1,4,WITHOUT CONCERN,PASSED,Highly Satisfactory,SDTLPT-21-0-,1359,HS
8,07-XXXX-XX-XXXX-X,7,LABCORE INCORPORATED,"28 WES BLDG. J. LLORENTE STREET, CEBU CITY, CEBU",CEBU CITY / CEBU,09177728005/(032)8882222,GRACE JOY C. AVILA,drugtest@hpd-cebu.com,drugtest@hpd-cebu.com,4879618,,2,2,4,WITHOUT CONCERN,PASSED,Highly Satisfactory,SDTLPT-21-0-,1360,HS
8,07-1067-20-GIBS-R,7,LAPU-LAPU CITY HEALTH OFFICE DRUG TESTING LABORATORY,"UNIT 406 EMTER 4 BLD. MIRASOL STREET, CEBU CITY",CEBU CITY / CEBU,,"ABELARDO, ALERA JACA",aalera@yahoo.com,4973533,20/05/2021,,6,1,7,WITHOUT CONCERN,PASSED,Acceptable,SDTLPT-21-0-,1361,A
8,07-1069-20-PIBS-R,7,"LAPU-LAPU MIEDCAL DIAGOSTIC CENTER, INC. ","FFG ARCADE, A. TUMULAK ST., BRGY. GUN-DO",LAPU LAPU CITY/CEBU,09069549368/(032)4959328,"CIMAFRANCA, JUDE MARTIN FALCON",llmdci07@gmail.com,llmdci07@gmail.com,4896799,,,3,3,WITHOUT CONCERN,PASSED,Highly Satisfactory,SDTLPT-21-0-,1362,HS
8,07-1070-20-GIBS-R,7,LGU-MEDELLIN DRUG TESTING LABORATORY,"NEW MEDELLIN ESTATE SUBDIVISION, POBLACION, MEDELLIN, CEBU CITY",CEBU CITY / CEBU,9237188126,"YU, MARIE EMMELINE BORROMEO",medellindtc@yahoo.com,medellindtc@yahoo.com,4917921,,4,0,4,WITHOUT CONCERN,PASSED,Highly Satisfactory,SDTLPT-21-0-,1363,HS
8,07-1241-20-PIBS-R,7,"LIFE & HEALTH HMP, INC.","BF PARAS BLDG., MANUEL L. QUEZON AVENUE, PAJO, LAPU-LAPU CITY, CEBU CITY",LAPU LAPU CITY/CEBU,(032) 412-1094/09331349763,"RUSIA-UY, RUBY OHAYAS",lifeandhealthmedtech@gmail.com,lifeandhealthmedtech@gmail.com,4905365,,4,1,5,WITHOUT CONCERN,PASSED,Highly Satisfactory,SDTLPT-21-0-,1364,HS
8,07-XXXX-XX-XXXX-X,7,LORENZO DIAGNOSTIC LABORATORY,"ABELLA'S BLDG., POBLACION WARD 1 (BESIDE METROBANK) MINGLANILLA, CEBU",MINGLANILLA / CEBU,09179568789/(032)4904870,THEODORE M. ZAMORA,lorenzolorenzo123@yahoo.com,lorenzolorenzo123@yahoo.com,4920410,,0,3,3,WITHOUT CONCERN,PASSED,Highly Satisfactory,SDTLPT-21-0-,1365,HS
8,07-1240-20-PIBS-R,7,LR MEDICAL LABORATORY AND CLINIC,"2ND FLOOR ADELA BUILDING, GENERAL MAXILOM ST., COGON RAMOS, CEBU CITY",CEBU CITY / CEBU,09324076692/410-7485,"NIOG, MARVI DULNUAN",lrmedicalhd@gmail.com,lrmedicalhd@gmail.com,4904179,,2,3,5,WITHOUT CONCERN,PASSED,Highly Satisfactory,SDTLPT-21-0-,1366,HS
8,07-XXXX-XX-XXXX-X,7,MAAYO MEDICAL CLINIC CORPORATION,"PLARIDEL ST., BARANGGAY ALANG-ALANG, MANDAUE CITY, CEBU",MANDAUE CITY / CEBU,09956540529/ 888-2662,"CAPATOY, CECILIA LEPON",cplepon@yahoo.com,dtlaboratorymaayo@gmail.com,4918961,,4,0,4,WITHOUT CONCERN,PASSED,Highly Satisfactory,SDTLPT-21-0-,1367,HS
8,07-0579-20-PFSS-R,7,MEDGRUPPE POLYCLINICS AND DIAGNOSTIC CENTER INC.,"2ND LEVEL APM CENTRALE MALL, SORIANO AVE. MABOLO, CEBU CITY",CEBU CITY / CEBU,032-232-2273/09177221056,"AZNAR, PETER SANSON",paznarmd@gmail.com,labdept.primecarecebu@gmail.com,4890073,,3,2,5,WITHOUT CONCERN,PASSED,Highly Satisfactory,SDTLPT-21-0-,1368,HS
8,07-XXXX-XX-XXXX-X,7,MEDICAL CITY MANDAUE INCORPORATED,"S.B. CABAHUG STREET, CENTRO, MANDAUE CITY, CEBU CITY",CEBU CITY / CEBU,032-4224201/09324222056,"CAPATOY, CECILIA LEPON",medcitymandaue_inc@yahoo.com,medcitymandaue_inc@yahoo.com,4911466,,1,2,3,WITHOUT CONCERN,PASSED,Highly Satisfactory,SDTLPT-21-0-,1369,HS
8,07-0281-20-PIBS-R,7,"MEDICARD PHILIPPINES, INC.-CEBU","UNIT 704 FLB CORPORATE CENTER BLDG., ARCHBISHOP REYES AVENUE, CEBU CITY",CEBU CITY / CEBU,,"ZAMORA, THEODORE MASLAG",cebu.laboratory@medicardphils.com,4934778,18/11/2020,,4,3,7,WITHOUT CONCERN,PASSED,Acceptable,SDTLPT-21-0-,1370,A
8,07-1071-20-PIBS-R,7,MEDICUS DIAGNOSTIC CENTER - CEBU BRANCH,"ZR & DC BUILDING CORNER J. LLORENTE ST. OSMEÑA BLVD. COR. J. LLORENTE ST. FUENTE, CEBU CITY",CEBU CITY / CEBU,,"AGTUCA JR., CHAMBERLAIN I.",medicuscebu@yahoo.com,4952561,05/02/2021,,4,2,6,WITHOUT CONCERN,PASSED,Acceptable,SDTLPT-21-0-,1371,A
8,07-0282-20-PIBS-R,7,MY HEALTH CLINIC-CEBU,"3RD FLOOR ROBINSONS CYBERGATE MALL OSMEÑA BLVD., CEBU CITY",CEBU CITY / CEBU,09178579565/09178040949,"MORENO, MATTHEW ALFONSO",heero.yuy@gmail.com,myhcebu_lab@myhealth.ph,4886084,,2,2,4,WITHOUT CONCERN,PASSED,Highly Satisfactory,SDTLPT-21-0-,1372,HS
8,07-0985-20-PFSS-R,7,"NEGROS FAMILY HEALTH SERVICES, INC.","DOOR #6 GOBONSENG BLDG. NORTH ROAD, DARO DUMAGUETE CITY, NEGROS ORIENTAL",DUMAGUETE CITY / NEGROS ORIENTAL ,09182299450/527-1232,"MCINTIRE, ROGELIO SINO-AG",negrosfamilylaboratory@gmail.com,negrosfamilydt@yahoo.com,4917797,,1,2,3,WITHOUT CONCERN,PASSED,Highly Satisfactory,SDTLPT-21-0-,1373,HS
8,07-0639-19-PIBS-R,7,NEGROS ORIENTAL HOSPITAL AND HEALTH SERVICES COOPERATIVE,"UYMATIAO BUILDING, STA ROSA ST., DUMAGUETE CITY, NEGROS ORIENTAL",DUMAGUETE CITY / NEGROS ORIENTAL ,09454368099/(035)4210326,ROGELIO S. MCINTIRE,medical_coop@yahoo.com,medical_coop@yahoo.com,4844406,,4,1,5,WITHOUT CONCERN,PASSED,Highly Satisfactory,SDTLPT-21-0-,1374,HS
8,07-0948-20-GIBS-R,7,NEGROS ORIENTAL PROVINCIAL HOSPITAL DRUG TESTING LABORATORY,"REAL ST. PIAPI, DUMAGUETE CITY, NEGROS ORIENTAL",DUMAGUETE CITY / NEGROS ORIENTAL ,0396-850-9682 / 035-225-4921,"HORTALEZA, LEOPOLDO RICOHERMOSA JR.",nophlaboratory@gmail.com,nophlaboratory@gmail.com,4910851,,3,0,3,WITHOUT CONCERN,PASSED,Highly Satisfactory,SDTLPT-21-0-,1375,HS
8,07-1073-20-PIBS-R,7,OASIS DIAGNOSTIC AND LABORATORY CENTER,"2ND FLOOR, FE BLDG., SIM BOGO BUSINESS PARK, LA PURISIMA CONCEPCION, BOGO, CEBU",BOGO CITY/ CEBU,09664111201 / 032-4345159,"ZAMORA, THEODORE MASLOG",oasismedicalbogo@gmail.com,oasismedicalbogo@gmail.com,4914727,,2,3,5,WITHOUT CONCERN,PASSED,Highly Satisfactory,SDTLPT-21-0-,1376,HS
8,07-1420-20-PFSS-R,7,OPON MEDICAL DIAGNOSTIC CORPORATION,"E.E BLDG. SOUTH OSMEÑA ST., BRGY. GUN-OB, LAPU-LAPU CITY, CEBU ",LAPU LAPU CITY/CEBU,09435873857 / 495-3252,"ZAMORA, THEODORE MASLOG",oponmedical2014@gmail.com,oponmedical2014@gmail.com,4904178,,4,3,7,WITHOUT CONCERN,PASSED,Acceptable,SDTLPT-21-0-,1377,A
8,07-1392-20-PIBS-R,7,PATIENT HEALTH CARE DIAGNOSTIC AND DRUG TESTING CENTER,"FORTUGALEZA BLDG. BRGY. SUBA, BAYAWAN CITY NEGROS ORIENTAL",BAYAWAN CITY/ NEGROS ORIENTAL,9175893484,"GADINGAN, DONALDSON MERECITO",patienthcdc_bayawan@yahoo.com,patienthcdc_bayawan@yahoo.com,4010485,,1,0,1,WITHOUT CONCERN,PASSED,Excellent,SDTLPT-21-0-,1378,E
8,07-0819-18-PFSS-R,7,PATIENT HEALTH CARE DIAGNOSTIC AND DRUG TESTING CENTER-SIQUIJOR,"UNIT 4 FLORANTE LAGUDAS BUILDING, NEAR SIQ. PUBLIC MARKET, POBLACION, SIQUIJOR, SIQUIJOR",SIQUIJOR CITY/ SIQUIJOR,09057438808/(035)4809837,DONALDSON M. GADINGAN,patienthealthcared@yahoo.com.ph,patienthealthcared@yahoo.com.ph,4844278,,1,3,4,WITHOUT CONCERN,PASSED,Highly Satisfactory,SDTLPT-21-0-,1379,HS
8,07-XXXX-XX-XXXX-X,7,PERPETUAL SUCCOUR HOSPITAL,"GORORDO AVENUE, CEBU CITY",CEBU CITY / CEBU,09229952280/ 323-2421,"PANOPIO, IBARRA",psoterol@yahoo.com,pshclinlab@gmail.com,4900869,,3,3,6,WITHOUT CONCERN,PASSED,Acceptable,SDTLPT-21-0-,1380,A
8,07-1202-19-PIBS-R,7,"PHYSICIAN'S DIAGNOSTIC SERVICES CENTER, INC.-CEBU","108 F. RAMOS ST. CORNER JUNQUERA ST., CEBU CITY, CEBU",CEBU CITY / CEBU,09178532249/(32)2541778,LYDIA A. BIGORNIA,lydbig@gmail.com,pdsc_lab7@yahoo.com,4693081,,0,2,2,WITHOUT CONCERN,PASSED,Excellent,SDTLPT-21-0-,1381,E
8,07-XXXX-XX-XXXX-X,7,QUALIMED HEALTH CENTER,"6/F EBLDC 4 BLDG. JOSE DEL MAR ST., IT PARK, APAS, CEBU CITY",CEBU CITY / CEBU,,"DULNUAN-NIOG, MARVI GUIDANGEN",qualimedclinic@gmail.com,,4919104,30/07/2020,4,2,6,WITHOUT CONCERN,PASSED,Acceptable,SDTLPT-21-0-,1382,A
8,07-1141-21-PIBS-I,7,RALS MEDICAL LABORATORY,"PJ BURGOS ST, CORNER ORLACSAN ST, ALANG-ALANG, MANDAUE CITY",MANDAUE CITY / CEBU,,"SON, MARK ANTHONY FAJARDO",ralsmedicallaboratory@gmai.com,,4966176,09/04/2020,2,0,2,WITHOUT CONCERN,PASSED,Excellent,SDTLPT-21-0-,1383,E
8,07-1295-19-PFSS-R,7,RC MEDICAL & DRUG TEST CENTER,"MASLOG BLDG., R. ENERIO ST., POB. 3, TAGBILIRAN CITY, BOHOL",TAGBILIRAN CITY / BOHOL,09212075668/(038)5017250,JUANITA A. ARCAY,docwennie@yahoo.com,san_roque_tagbiliran@yahoo.com,4810067,,4,0,4,WITHOUT CONCERN,PASSED,Highly Satisfactory,SDTLPT-21-0-,1384,HS
8,07-XXXX-XX-XXXX-X,7,REACTIVE MEDICAL LABORATORY & X-RAY,"2ND FLR. LTH BLDG., FUENTE OSMEÑA, CAPITOL SITE, CEBU CITY",CEBU CITY / CEBU,09271764921/ 253-4887,"CABALLERO, JUDITO",reactive_med@yahoo.com,reactive_med@yahoo.com,4890069,,2,1,3,WITHOUT CONCERN,PASSED,Highly Satisfactory,SDTLPT-21-0-,1385,HS
8,07-XXXX-XX-XXXX-X,7,REACTIVE MEDICAL LABORATORY & X-RAY,"GROUND FLR., MONDEJAR BLDG. CITY HALL ROAD., PUSOK, LAPU-LAPU CITY",LAPU LAPU CITY/CEBU,09271764921/ 341-1163,"CABALLERO, JUDITO",reactive_med@yahoo.com,reactive_med@yahoo.com,4890070,,1,3,4,WITHOUT CONCERN,PASSED,Highly Satisfactory,SDTLPT-21-0-,1386,HS
8,07-1325-20-PIBS-R,7,SAN LUCAS MEDICAL,"SAN LUCAS  COMMERCIAL CENTER, WARD 1 POBLACION, MINGLANILLA, CEBU",MINGLANILLA / CEBU,09953040298/ 231-3898,"SON, MARK ANTHONY FAJARDO",collared123@gmail.com,lab@sanlucasmedical.com,4896496,,3,3,6,WITHOUT CONCERN,PASSED,Acceptable,SDTLPT-21-0-,1387,A
8,07-1160-19-PFSS-R,7,SHANDRIE DRUG TESTING CENTER AND MEDICAL CLINIC,"0079, RAMON ENERIO ST., POBLACION III, TAGBILIRAN CITY, BOHOL (NEAR LTO INFRONT OF DEPT. OF INFO. & COMMUNICATIONS TECH)",TAGBILIRAN CITY / BOHOL,09338295417/(038)4228859,JUANITA A. ARCAY,shandriebohol@yahoo.com,shandriebohol@yahoo.com,4857794,,2,1,3,WITHOUT CONCERN,PASSED,Highly Satisfactory,SDTLPT-21-0-,1388,HS
8,07-1634-19-PFSS-I,7,SHANDRIE DRUG TESTING CENTER AND MEDICAL CLINIC-CARCAR BRANCH,"G/F CARCAR TRAVELLER'S INN, TANGASAN, VALLADOLID (BESIDE LTO CARCAR), CARCAR CITY, CEBU",CARCAR CITY / CEBU,09475746896/(032)4228859,THEODORE M. ZAMORA,,shandreicarcar@gmail.com,4847449,,2,1,3,WITHOUT CONCERN,PASSED,Highly Satisfactory,SDTLPT-21-0-,1389,HS
8,07-XXXX-XX-XXXX-X,7,"SINGAPORE MEDICAL LABORATORIES, INC","2F MAXICARE PCC BLDG., LOT 5 BLK 6 MINDANAO AVE, CEBU BUSINESS PARK",CEBU CITY / CEBU,09176357580/ 09176358929,"MORENO, MATTHEW ALFONSO",suzzette.garces@singaporediagnostics.com,suzzette.garces@singaporediagnostics.com,4886086,,0,3,3,WITHOUT CONCERN,PASSED,Highly Satisfactory,SDTLPT-21-0-,1390,HS
8,07-0986-20-PIBS-R,7,ST. AGUSTINE CLINICAL LABORATORY,"BUKING-KING ST. POBLACION, CARMEN, CEBU",CARMEN / CEBU,09235627782/ 266-2824,"MALILONG, ALMA ESTELLA",st.agustine2014@gmail.com,st.agustine2014@gmail.com,4915763,,6,2,8,WITHOUT CONCERN,PASSED,Acceptable,SDTLPT-21-0-,1391,A
8,07-0829-20-PIBS-R,7,ST. PETER-PAUL MEDICAL CLINIC INC. CEBU,"458-B COLON ST., CEBU CITY",CEBU CITY / CEBU,09178142328/ 412-1104,"MALILONG, ALMA ESTELLA",aemalilong@yahoo.com,sppmcicebu@yahoo.com.ph,4890553,,3,1,4,WITHOUT CONCERN,PASSED,Highly Satisfactory,SDTLPT-21-0-,1392,HS
8,07-0090-20-PIBS-R,7,"STANFORD MEDICAL AND DIAGNOSTIC CLINIC, INC.","G/F, AVON PLAZA BUILDING, CAPITOL SITE, CEBU CITY, CEBU",CEBU CITY / CEBU,09177772257/2557853,MARVI D. NIOG,stanford_lab@yahoo.com.ph,stanford_lab@yahoo.com.ph,4883034,,1,3,4,WITHOUT CONCERN,PASSED,Highly Satisfactory,SDTLPT-21-0-,1393,HS
8,07-1764-19-PIBS-I,7,STARS & COMET MEDICAL CLINIC AND LABORATORY,"R. YOSOYA ST., POTOHAN, TUBIGON, BOHOL",TUBIGON / BOHOL,09253010522/ 508-8486,"CABALLERO, JUDITO",s_clo@yahoo.com,s_clo@yahoo.com,4918051,,4,3,7,WITHOUT CONCERN,PASSED,Acceptable,SDTLPT-21-0-,1394,A
8,07-0263-19-PIBS-R,7,STO. NIÑO DIAGNOSTIC CLINIC,"A&D BUILDING B. RODRIGUEZ STREET, CAPITOL SITE, CEBU CITY, CEBU",CEBU CITY / CEBU,09334869469/(032)2534084/(032)2549485,JUDITO G. CABALLERO,sndc_dtl@yahoo.com,sndc_dtl@yahoo.com,4854065,,4,0,4,WITHOUT CONCERN,PASSED,Highly Satisfactory,SDTLPT-21-0-,1395,HS
8,07-XXXX-XX-XXXX-X,7,"SUPERCARE MEDICAL SERVICES, INC- CEBU","2F PBCOM BLDG. GENERAL MAXILOM AVE. , CEBU",CEBU CITY / CEBU,09271276242/ 238-8581,"CHI, EVEYLEN ANG",lab.cebu@supercare.com.ph,lab.cebu@supercare.com.ph,4901555,,2,3,5,WITHOUT CONCERN,PASSED,Highly Satisfactory,SDTLPT-21-0-,1396,HS
8,07-XXXX-XX-XXXX-X,7,SYNTYCHE DRUG TEST,"85 N. BACALSO AVENUE, CEBU CITY, CEBU",CEBU CITY / CEBU,09233826612/032-2548574,,,,4848089,,4,3,7,WITHOUT CONCERN,PASSED,Acceptable,SDTLPT-21-0-,1397,A
8,07-1391-20-PFSS-R,7,TALIBON DRUG TESTING CENTER,"LTO TALIBON, C.P.G AVENUE, POBLACION, TALIBON, BOHOL",TALIBON / BOHOL,9176175885,"YU, JESSICA SOCORRO GABOYA",auzajun@gmail.com,auzajun@gmail.com,4917796,,0,3,3,WITHOUT CONCERN,PASSED,Highly Satisfactory,SDTLPT-21-0-,1398,HS
8,07-XXXX-XX-XXXX-X,7,TINA DIAGNOSTIC LABORATORY,"CASIA STREET, BRGY. 08, TUBURAN, CEBU CITY, CEBU",CEBU CITY / CEBU,9235184741,ALMA E. MALILONG,aemalilong@gmail.com,tinadiagnosticlab@yahoo.com,4858016,,1,3,4,WITHOUT CONCERN,PASSED,Highly Satisfactory,SDTLPT-21-0-,1399,HS
8,07-XXXX-XX-XXXX-X,7,TOTAL HEALTH CHECK DIAGNOSTIC CORP.,"J. FLORENSE ST. CAPISOL SITE, CEBU ",CEBU CITY / CEBU,09173641089/ 268-87-28,"ZAMORA, THEODORE MASLOG",,,4904186,,4,3,7,WITHOUT CONCERN,PASSED,Acceptable,SDTLPT-21-0-,1400,A
8,07-0265-19-PFSS-R,7,TRISH DIAGNOSTICS,"3RD FLOOR, NDI BLDG., A. DEL ROSARIO ST., CENTRO MANDAUE, MANDAUE, CEBU",MANDAUE CITY / CEBU,09177961388/(032)2384049,JUDITO G. CABALLERO,trishdiagnostics@yahoo.com,trishdiagnostics@yahoo.com,4844276,,4,1,5,WITHOUT CONCERN,PASSED,Highly Satisfactory,SDTLPT-21-0-,1401,HS
8,07-1584-19-PFSS-I,7,UNG'S DRU TESTING CENTER,"NONO LIMBAGA DRIVE, BRGY. 9 (LANDMARK: UNG'S SUPERSTORE INC. I), TANJAY CITY, NEGROS ORIENTAL",TANJAY CITY / NEGROS ORIENTAL,09198526621/(035)4159807,DONALDSON M. GADINGAN,ungsdtl@gmail.com,ungsdtl@gmail.com,4879633,,2,2,4,WITHOUT CONCERN,PASSED,Highly Satisfactory,SDTLPT-21-0-,1402,HS
8,07-0295-20-PIBS-R,7,UNIVERSITY OF CEBU MEDICAL CENTER,"OUANO AVENUE, CITY SOUTH SPECIAL ECONOMIC ADMINISTRATIVE ZONE, MANDAUE CITY",MANDAUE CITY / CEBU,,"LIM, MARIA KARISSA GUANTERO",ronniel.dayaday@gmail.com,4931598,30/10/2020,,4,1,5,WITHOUT CONCERN,PASSED,Highly Satisfactory,SDTLPT-21-0-,1403,HS
8,07-0582-20-PIBS-R,7,WEST COAST MEDICAL LABORATORY,"D.MACAPAGAL HIGHWAY, POBLACION, TOLEDO, CEBU",TOLEDO CITY/ CEBU,09177423714/ 467-8417,"CABALLERO, JUDITO",juditocaballero@gmail.com,westcoastmedlabtoledo@gmail.com,4893581,,3,3,6,WITHOUT CONCERN,PASSED,Acceptable,SDTLPT-21-0-,1404,A
9,08-1281-19-PFSS-R,8,ANAHAW NEURO- PSYCHIATRIC DRUG TESTING LABORATORY,"63 JUSTICE ROMUALDEZ, TACLOBAN CITY, LEYTE ",TACLOBAN CITY/LEYTE,,,,,4840758,,0,4,4,WITHOUT CONCERN,PASSED,Highly Satisfactory,SDTLPT-21-0-,1405,HS
9,08-1327-20-PFSS-R,8,CDU DRUG TESTING LABORATORY,"298 R. MAGSAYSAY AVE., POBLACION ZONE 22, BAYBAY CITY, LEYTE ",BAYBAY CITY/LEYTE,,,,,4875112,,0,4,4,WITHOUT CONCERN,PASSED,Highly Satisfactory,SDTLPT-21-0-,1406,HS
9,08-1035-19-GIBS-R,8,CITY DRUG ABUSE PREVENTION AND REHABILITATION OFFICE,"J. D. AVELINO ST., CITY HALL COMPOUND, CALBAYOG, WESTERN SAMAR ",CALBAYOG/WESTERN SAMAR,,,,,4840033,,3,4,7,WITHOUT CONCERN,PASSED,Acceptable,SDTLPT-21-0-,1407,A
9,08-0268-19-PIBS-R,8,CLINICA GATCHALIAN & HOSPITAL DTL,"KANGLEON ST., ORMOC CITY, LEYTE ",ORMOC CITY/LEYTE,,,,,4893559,,4,3,7,WITHOUT CONCERN,PASSED,Acceptable,SDTLPT-21-0-,1408,A
9,08-1076-20-PIBS-R,8,DIVINE RAYS DIAGNOSTIC & MEDICAL,"R. KANGLEON ST., BRGY. MANTAHAN, MAASIN, SOUTHERN LEYTE ",MAASIN / SOUTHERN LEYTE,,,,,4873522,,1,1,2,WITHOUT CONCERN,PASSED,Excellent,SDTLPT-21-0-,1409,E
9,08-1075-20-PIBS-R,8,DIVINE RAYS DIAGNOSTIC & MEDICAL SUPPLIES,"170 DR BLDG., AVENIDA VETERANOS ST., TACLOBAN CITY, LEYTE ",TACLOBAN CITY/LEYTE,,,,,4873523,,0,1,1,WITHOUT CONCERN,PASSED,Excellent,SDTLPT-21-0-,1410,E
9,08-1077-20-PIBS-R,8,DIVINE RAYS DIAGNOSTIC & MEDICAL SUPPLIES- CATARMAN,"ROXAS ST., BRGY. JP RIZAL, CATARMAN, NORTHERN SAMAR ",CATARMAN / NORTHERN SAMAR,,,,,4873518,,3,2,5,WITHOUT CONCERN,PASSED,Highly Satisfactory,SDTLPT-21-0-,1411,HS
9,08-1079-20-PIBS-R,8,DIVINE RAYS DIAGNOSTIC AND MEDICAL CENTER,"OSMEÑA STREET (IN FRONT OF SOGOD DISTRICT HOSPITAL), SOGOD, SOUTHERN LEYTE",SOGOD / SOUTHERN LEYTE,,,,,4873521,,3,1,4,WITHOUT CONCERN,PASSED,Highly Satisfactory,SDTLPT-21-0-,1412,HS
9,08-1081-20-PIBS-R,8,DIVINE RAYS DIAGNOSTIC AND MEDICAL SUPPLIES,"LILIA AVENUE, COGON, ORMOC CITY, LEYTE",ORMOC CITY/LEYTE,,,,,4873608,,1,5,6,WITHOUT CONCERN,PASSED,Acceptable,SDTLPT-21-0-,1413,A
9,08-1080-20-PIBS-R,8,DIVINE RAYS FAMILY HEALTH CARE CENTER,"MAGSAYSAY BOULEVARD, BRGY. EAST AWANG, CALBAYOG, SAMAR",CALBAYOG/WESTERN SAMAR,,,,,4873519,,1,0,1,WITHOUT CONCERN,PASSED,Excellent,SDTLPT-21-0-,1414,E
9,08-0629-20-PFSS-R,8,DON BOSCO DRUG TESTING LABORATORY,"471 MEJIA BLDG., REAL ST., BRGY. 22, ORMOC CITY, LEYTE ",ORMOC CITY/LEYTE,,,,,4890064,,0,5,5,WITHOUT CONCERN,PASSED,Highly Satisfactory,SDTLPT-21-0-,1415,HS
9,08-0630-20-GIBS-R,8,EASTERN VISAYAS REGIONAL MEDICAL CENTER DRUG TESTING LABORATORY,"R. MAGSAYSAY BLVD., LIBERTAD, BRGY. 1&4,  TACLOBAN CITY, LEYTE ",TACLOBAN CITY/LEYTE,,,,,4909588,,0,2,2,WITHOUT CONCERN,PASSED,Excellent,SDTLPT-21-0-,1416,E
9,08-0791-20-PIBS-R,8,GUIUAN CLINICAL LABORATORY & DRUG TESTING CENTER,"LUGAY ST., WARD 8, GUIUAN, EASTERN SAMAR ",GUIAN / EASTERN SAMAR,,,,,4918975,,1,3,4,WITHOUT CONCERN,PASSED,Highly Satisfactory,SDTLPT-21-0-,1417,HS
9,08-1673-19-PIBS-I,8,HCL- HEALTH CHECK LABORATORY,"M.L. QUEZON ST., BAYBAY CITY, LEYTE",BAYBAY CITY/LEYTE,,,,,4916448,,1,3,4,WITHOUT CONCERN,PASSED,Highly Satisfactory,SDTLPT-21-0-,1418,HS
9,08-0923-18-PIBS-R,8,HQA BIOLAB AND DIAGNOSTIC CLINIC,"BRGY. SMO. ROSARIO, CASTIN STREET, NAVAL, BILIRAN ",NAVAL/BILIRAN,,,,,4861000,,1,3,4,WITHOUT CONCERN,PASSED,Highly Satisfactory,SDTLPT-21-0-,1419,HS
9,08-0963-18-PFSS-R,8,"NAVAL DOCTORS HEALTHCARE SERVICE, INCORPORATED","154 P. INOCENTES STREET, SMO. ROSARIO, NAVAL, BILIRAN ",NAVAL/BILIRAN,,,,,4863869,,2,4,6,WITHOUT CONCERN,PASSED,Acceptable,SDTLPT-21-0-,1420,A
9,08-1379-20-PFSS-R,8,ORMOC DRUG TESTING CENTER,"CARLOTA HILLS, BRGY. CAN-ADIENG, ORMOC CITY, LEYTE ",ORMOC CITY/LEYTE,,,,,4886702,,0,3,3,WITHOUT CONCERN,PASSED,Highly Satisfactory,SDTLPT-21-0-,1421,HS
9,08-0569-19-PIBS-R,8,REGION 8 HEALERS' INITIATIVE INCORPORATED,"203 AVENIDA VETERANOS CORNER STO. NIÑO STREETS, TACLOBAN CITY, LEYTE ",TACLOBAN CITY/LEYTE,,,,,4843675,,1,5,6,WITHOUT CONCERN,PASSED,Acceptable,SDTLPT-21-0-,1422,A
9,08-1083-20-PIBS-R,8,RVC DIAGNOSTIC,"CORNER ZAMORA AND SALVADOR ST., BRGY. PAWING, PALO, LEYTE",PALO / LEYTE,,,,,4875107,,3,0,3,WITHOUT CONCERN,PASSED,Highly Satisfactory,SDTLPT-21-0-,1423,HS
9,08-0315-20-PIBS-R,8,"ST. BENEDICT LABORATORY, DRUG TESTING & MEDICAL CLINIC","REAL STREET, BRGY. SONGCO, BORONGAN CITY, EASTERN SAMAR",BORONGAN CITY/EASTERN SAMAR,,,,,4900871,,4,3,7,WITHOUT CONCERN,PASSED,Acceptable,SDTLPT-21-0-,1424,A
9,08-0794-20-PFSS-R,8,ST. CLARE CLINICAL AND DRUG TESTING LABORATORY,"DCPS BLDG., J.P. RIZAL ST., BRGY. ACACIA, CATARMAN, NORTHERN SAMAR ",CATARMAN / NORTHERN SAMAR,,,,,4929021,,1,1,2,WITHOUT CONCERN,PASSED,Excellent,SDTLPT-21-0-,1425,E
9,08-XXXX-19-PIBS-R,8,TNB DRUG TESTING DIAGNOSTIC LABORATORY,"AUNUBING ST., BRGY. COGON, ORMOC CITY, LEYTE ",ORMOC CITY/LEYTE,,,,,4858013,,2,2,4,WITHOUT CONCERN,PASSED,Highly Satisfactory,SDTLPT-21-0-,1426,HS
9,08-1566-21-PIBS-R,8,ULTRASCAN DIAGNOSTIC CLINIC,"CORNER T. CLAUDIO AND SEN. ENAGE ST. GROUND FL. ULTRASCAN BLDG., TACLOBAN CITY, LEYTE",TACLOBAN CITY/LEYTE,,,,,4976636,,0,5,5,WITHOUT CONCERN,PASSED,Highly Satisfactory,SDTLPT-21-0-,1427,HS
10,09-1294-20-PIBS-R,9,ABAD MEDICAL CLINIC AND CLINICAL LABORATORY,"ECHAVEZ STREET, CENTRAL, DIPOLOG CITY, ZAMBOANGA DEL NORTE",DIPOLOG CITY  /  ZAMBOANGA DEL NORTE,09501869027/09195751977,"TORREGOSA, MARY ANN, ROLEDA",,elgenoabad@yahoo.com,4919572,27/01/2020,4,1,5,WITHOUT CONCERN,PASSED,Highly Satisfactory,SDTLPT-21-0-,1428,HS
10,09-0313-18-PFSS-R,9,ACCU-DRUGLINES DRUG TEST CENTER,"#301 BESIDES EDWIN ANDREWS AIR BASE, 1ST GATE, STA. MARIA ZAMBOANGA, ZAMBOANGA DEL SUR",ZAMBOANGA / ZAMBOANGA DEL SUR,09228518555/(062)957-4086,MARY ANN R. TORREGOSA,gllim_05@yahoo.com,gllim_05@yahoo.com,4836548,,4,3,7,WITHOUT CONCERN,PASSED,Acceptable,SDTLPT-21-0-,1429,A
10,09-0200-20-PIBS-R,9,AJ DIAGNOSTIC LABORATORY,"2ND FLR. PASALUBONG CENTER POBLACION IPIL, ZAMBOANGA SIGUBAY",IPIL / ZAMBOANGA SIBUGAY ,09173086776/062-9576390,MARY ANN R. TORREGOSA,roledaMA@gmail.com,ajmt1021@gmail.com,4904184,,0,3,3,WITHOUT CONCERN,PASSED,Highly Satisfactory,SDTLPT-21-0-,1430,HS
10,09-0316-20-PFSS-R,9,AR DRUGTESTING LABORATORY,"PUROK HILLSIDE, UPPER PULACAN LABANGAN, ZAMBOANGA DEL SUR ",LABANGAN / ZAMBOANGA DEL SUR,9175257663,AMYROSE E. DE ALBAN,,marian_pa_97@yahoo.com.ph,4911470,,1,1,2,WITHOUT CONCERN,PASSED,Excellent,SDTLPT-21-0-,1431,E
10,09-108520-PIBS-R,9,BUUG DIAGNOSTIC LABORATORY,"LAO BUILDING, MIARE STREET (NEAR LTO OFFICE BUUG), BUUG, ZAMBOANGA SIBUGAY",BUUG/ZAMBOANGA SIBUGAY,9293759527,"LAMAYRA, GERARD LEAÑO",doklamayra@gmail.com,gsingson21@yahoo.com,4953923,03/02/2020,1,3,4,WITHOUT CONCERN,PASSED,Highly Satisfactory,SDTLPT-21-0-,1432,HS
10,09-XXXX-XX-XXXX-X,9,DIA-METH DRUG TESTING CENTER AND CLINICAL LABORATORY,"JOAN'S BLDG. NUÑEZ EXT. MAYOR VITALIANO AGAN AVEN. CAMINO NUEVO Z..C, ZAMBOANGA CITY, ZAMBOANGA DEL SUR",ZAMBOANGA CITY / ZAMBOANGA DEL SUR,09550815808/0629911704,"PABER, ORLANDO PANSI",NO EMAIL,newdiameth@yahoo.com,4918932,,4,3,7,WITHOUT CONCERN,PASSED,Acceptable,SDTLPT-21-0-,1433,A
10,09-1216-19-PIBS-1,9,GERONIMO DIAGNOSTIC CLINIC,"FRONTING ROTONDA AIRPORT HIGHWAY MINAOG DIPOLOG, ZAMBOANGA DEL NORTE",DIPOLOG CITY  /  ZAMBOANGA DEL NORTE,09284990190/2129685,CHONILO O. RUIZ,,idageronimo@gmail.com,4822480,05/03/2020,3,1,4,WITHOUT CONCERN,PASSED,Highly Satisfactory,SDTLPT-21-0-,1434,HS
10,09-XXXX-XX-XXXX-X,9,HOFILEÑA HOSPITAL,"F.S. PAJARES AVENUE, PAGADIAN ",PAGADIAN CITY / ZAMBOANGA DEL SUR,NO CONTACT #,NO HOL,,NO EMAIL,4918059,23/01/2020,3,3,6,WITHOUT CONCERN,PASSED,Acceptable,SDTLPT-21-0-,1435,A
10,09-1434-20-PFSS-R,9,JAR MEDICAL NETWORKERS AND MOBILE DIAGNOSTIC SERVICES,"PUROK 6, VENIUSEA BUILDING, AYALA, ZAMBOANGA CITY, ZAMBOANGA DEL SUR",ZAMBOANGA CITY / ZAMBOANGA DEL SUR,09067073303/09067073303,"RODRIGUEZ, LUIS RAMON",mednetayala@gmail.com,mednetayala@gmail.com,4921701,06/02/2020,4,2,6,WITHOUT CONCERN,PASSED,Acceptable,SDTLPT-21-0-,1436,A
10,09-1522-21-GIBS-R,9,"KUTA MAJOR CESAR L SANG-AN STATION HOSPITAL, DRUG TESTING LABORATORY","UPPER PULACAN, LABANGAN, ZAMBOANGA DEL SUR",LABANGAN / ZAMBOANGA DEL SUR,09177289819/09174524215,"ALBAN, AMY ROSE EISMA - DE",,kmclsdtc1id@gmail.com,4979450,17/07/2020,0,1,1,WITHOUT CONCERN,PASSED,Excellent,SDTLPT-21-0-,1437,E
10,09-1468-19-PIBS-R,9,MEDNET DRUG TESTING CENTER,"RM 207 EJS BUILDING VETERANS AVENUE ZONE IV, ZAMBOANGA, ZAMBOANGA DEL SUR",ZAMBOANGA / ZAMBOANGA DEL SUR,09959261434/06-9755689,"RODRIGUEZ, LUIS RAMON",NO EMAIL,g.degoma@yahoo.com,4921600,17/07/2020,3,1,4,WITHOUT CONCERN,PASSED,Highly Satisfactory,SDTLPT-21-0-,1438,HS
10,09-XXXX-XX-XXXX-X,9,ODJ MEDICAL DIAGNOSTIC CLINIC,"GROUND FLOOR, CHIONG BLDG. PRK. ORCHID, POBLACION, IPIL, ZAMBOANGA SIBUGAY",IPIL / ZAMBOANGA SIBUGAY ,9173084677,"TORREGOSA, MARY ANN, ROLEDA",NO EMAIL,jntsilorio@yahoo.com,4918888,1/9/22020,1,3,4,WITHOUT CONCERN,PASSED,Highly Satisfactory,SDTLPT-21-0-,1439,HS
10,09-XXXX-XX-XXXX-X,9,PDC DIAGNOSTIC CENTER,"CERILLES STREET, SAN FRANCISCO DISTRICT PAGADIAN, ZAMBOANGA DEL SUR",PAGADIAN CITY / ZAMBOANGA DEL SUR,09989713599/062-214-4900,MARIA CYNTHIA R. HERRERA,pdcdiagnostic@yahoo.com,pdcdiagnostic@yahoo.com,4897208,,4,2,6,WITHOUT CONCERN,PASSED,Acceptable,SDTLPT-21-0-,1440,A
10,09-0796-20-PIBS-R,9,PUERICULTURE MATERNITY LYING-IN HOSPITAL CLINICAL LABORATORY,"P. BRILLANTES STREET, ZAMBOANGA CITY, ZAMBOANGA DEL SUR",ZAMBOANGA CITY / ZAMBOANGA DEL SUR,09264212916/0629917575,"ANGELES, MYRNA PALAHUDDIN",angeles_myrna@yahoo.com,janebombio@yahoo.com,4873514,,7,0,7,WITHOUT CONCERN,PASSED,Acceptable,SDTLPT-21-0-,1441,A
10,09-0317-20-PFSS-R,9,RABZKHIEL DRUG TESTING LABORATORY,"SPDA COMPOUND VETERANS AVENUE ZONE IV, ZAMBOANGA CITY, ZAMBOANGA DEL SUR",ZAMBOANGA CITY / ZAMBOANGA DEL SUR,09552080785/09167804070,"ANGELES, MYRNA PALAHUDDIN",myrnap@yahoo.com,drabzkhiel@yahoo.com,4893517,,0,3,3,WITHOUT CONCERN,PASSED,Highly Satisfactory,SDTLPT-21-0-,1442,HS
10,09-XXXX-XX-XXXX-X,9,SIA CLINICAL LABORATORY,"MCLL HIGHWAY TETUAN (BETWEEN BAYANIHAN WOODS AND ALG CARWASH), ZAMBOANGA CITY, ZAMBOANGA DEL SUR",ZAMBOANGA CITY / ZAMBOANGA DEL SUR,09169135786/991-2966,"ANGELES, MYRNA PALAHUDDIN",angeles_myrna@yahoo.com,sialab_1994@yahoo.com.ph,4918970,1//23/2020,1,0,1,WITHOUT CONCERN,PASSED,Excellent,SDTLPT-21-0-,1443,E
10,09-1448-20-PIBS-I,9,SPEED MEDICHECK CLINICAL LABORATORY,"2ND FLOOR, ROOM 205, EJS BUILDING, VETERANS AVENUE, BARANGAY ZONE IV, ZAMBOANGA CITY, ZAMBOANGA DEL SUR",ZAMBOANGA CITY / ZAMBOANGA DEL SUR,09177079564/09777468951,"TORREGOSA, MARY ANN, ROLEDA",,rosastacruz@yahoo.com,4919834,15/11/2019,4,0,4,WITHOUT CONCERN,PASSED,Highly Satisfactory,SDTLPT-21-0-,1444,HS
10,09-0857-19-PFSS-R,9,SPEED MEDICHECK DRUG TESTING CENTER,"2ND FLOOR, ROOM 203 EJS BLDG. VETERANS AVE.  BRGY ZONE IV ZAMBONGA, ZAMBOANGA DEL SUR",ZAMBOANGA / ZAMBOANGA DEL SUR,990-1317,MARY ANN R. TORREGOSA,rosastacruz@yahoo.com,rosastacruz@yahoo.com,4854060,16/01/2020,4,0,4,WITHOUT CONCERN,PASSED,Highly Satisfactory,SDTLPT-21-0-,1445,HS
10,09-1395-19-PIBS-R,9,ST. ANNE CLINICAL LABORATORY ,"3/F BMD BLDG. FS PAJARES AVE CORNER SANSON ST. PAGADIAN, ZAMBOANGA DEL SUR (LANDMARK INFRONT OF HOFLEÑA HOSPITAL)",PAGADIAN CITY / ZAMBOANGA DEL SUR,09089068333/(062)-2158190,MARY ANN R. TORREGOSA,,sta.anne_clinicallaboratory@yahoo.com,4858018,,2,3,5,WITHOUT CONCERN,PASSED,Highly Satisfactory,SDTLPT-21-0-,1446,HS
10,09-XXXX-XX-XXXX-X,9,SWEET FAITH DIAGNOSTIC LABORATORY,"A. MABINI STREET POBLACION, SINDANGAN, ZAMBOANGA DEL NORTE, SINDANGAN, ZAMBOANGA DEL NORTE",SINDANGAN/ ZAMBOANGA DEL NORTE,09367513780/09064216266,"RATERTA, JAY SALON",NO EMAIL,clytiesatorremolate@yahoo.com,4913597,14/11/2019,2,3,5,WITHOUT CONCERN,PASSED,Highly Satisfactory,SDTLPT-21-0-,1447,HS
10,09-0486-20-PFSS-R,9,THE AGAPE HEALTH CARE CENTER,"35 FELICISIMO HERRERA CORNER TOMAS CLAUDIO STS., DIPOLOG CITY, ZAMBOANGA DEL NORTE",DIPOLOG CITY  /  ZAMBOANGA DEL NORTE,09185391243/065-212-7055,"RUIZ, CHONILO OCHOTORENA",choniloruiz@yahoo.com,agapehealth@yahoo.com,4909591,,0,3,3,WITHOUT CONCERN,PASSED,Highly Satisfactory,SDTLPT-21-0-,1448,HS
10,09-1180-20-PIBS-R,9,UNIVERSIDAD DE ZAMBOANGA MEDICAL CENTER INC.,"247 SAN JOSE ROAD, ZAMBOANGA CITY, ZAMBOANGA DEL SUR",ZAMBOANGA / ZAMBOANGA DEL SUR,09067673023/09177102109,"OCAMPO, OSCAR MARELLA",omocampo@yahoo.com,uzmc@uz.edu.ph,4913392,,4,3,7,WITHOUT CONCERN,PASSED,Acceptable,SDTLPT-21-0-,1449,A
10,09-1181-20-PIBS-R,9,WEST METRO MEDICAL CENTER,"VETERANS AVENUE EXTENSION ZAMBOANGA CITY, ZAMBOANGA DEL SUR",ZAMBOANGA CITY / ZAMBOANGA DEL SUR,09952642293/09565232974,"ANGELES, MYRNA PALAHUDDIN",westmetro_lab09@yahoo.com.ph,westmetro_lab09@yahoo.com.ph,4905364,04/06/2020,4,3,7,WITHOUT CONCERN,PASSED,Acceptable,SDTLPT-21-0-,1450,A
10,09-1204-19-PFSS-R,9,YHANG DRUG TESTING CENTER,"11 VET. AVE. BARANGAY ZONE-IV ZAMBOANGA, ZAMBOANGA DEL SUR",ZAMBOANGA / ZAMBOANGA DEL SUR,09059659078/(062) 9937663,JOHN HERNANI V. ANACAN JR,amisali_thelma@yahoo.com,amisali_thelma@yahoo.com,4874636/4829432,04/06/2020,5,0,5,WITHOUT CONCERN,PASSED,Highly Satisfactory,SDTLPT-21-0-,1451,HS
10,09-0487-20-GIBS-R,9,ZAMBOANGA CITY MEDICAL CENTER DRUG TESTING LABORATORY,"DR. EVANGELISTA ST. CORNER VETERANS AVENUE STA. CATALINA, ZAMBOANGA CITY, ZAMBOANGA DEL SUR",ZAMBOANGA CITY / ZAMBOANGA DEL SUR,09156996004/062-991-2934,"ANGELES, MYRNA PALAHUDDIN",angeles_myrna@yahoo.com,weweng_6814@yahoo.com.ph,4886715,,4,1,5,WITHOUT CONCERN,PASSED,Highly Satisfactory,SDTLPT-21-0-,1452,HS
10,09-1530-20-GIBS-R,9,ZAMBOANGA DEL NORTE MEDICAL CENTER DRUG TESTING LABORATORY,"NATIONAL HIGHWAY, SICAYAB, DIPOLOG CITY, ZAMBOANGA DEL NORTE",DIPOLOG CITY  /  ZAMBOANGA DEL NORTE,09195751977/065-212-5084,"TORREGOSA, MARY ANN, ROLEDA",ma.torregosa@gmail.com,,4913424,23/07/2020,4,2,6,WITHOUT CONCERN,PASSED,Acceptable,SDTLPT-21-0-,1453,A
10,09-1451-19-PIBS-R,9,ZAMBOANGA SIBUGAY DIAGNOSTIC LABORATORY AND DRUG TESTING CENTER,"PUROK GOLDEN SHOWER POBLACION IPIL, ZAMBOANGA SIGUBAY",IPIL / ZAMBOANGA SIBUGAY ,0966778177/09331961882,MARY ANN R. TORREGOSA,,amalia_1955@yahoo.com,4878366/4774190,15/11/2019,0,3,3,WITHOUT CONCERN,PASSED,Highly Satisfactory,SDTLPT-21-0-,1454,HS
10,09-0755-19-GIBS-R,9,"ZAMBOANGA, CITY HEALTH OFFICE DRUG TESTING CENTER","RIZAL ST., PETTIT BARRACKS, ZONE IV ZAMBOANGA, ZAMBOANGA DEL SUR",ZAMBOANGA / ZAMBOANGA DEL SUR,09051258377/9913780,MYRNA P. ANGELES,angelesmyrna@yahoo.com,candlegarcia@yahoo.com,4851358,,1,2,3,WITHOUT CONCERN,PASSED,Highly Satisfactory,SDTLPT-21-0-,1455,HS
10,09-0840-20-PFSS-R,9,ZDS MULTILABORATORY,"VIRATA BLDG, RIZAL AVENUE, STA LUCIA DISTRICT, PAGADIAN CITY, ZAMBOANGA DEL SUR",PAGADIAN CITY / ZAMBOANGA DEL SUR,9999913080/0622154455,"SANTOS, GEMMA LIBERTY DACANAY",zdsmultilaboratory@yahoo.com,zdsmultilaboratory@yahoo.com,4913295,,2,3,5,WITHOUT CONCERN,PASSED,Highly Satisfactory,SDTLPT-21-0-,1456,HS
11,10-0989-20-GFSS-R,10,52ND ENGINEER BRIGADE DRUG TEST LABORATORY,"CAMP NATIVIDAD BRGY TANKULAN, MANOLO FORTICH, BUKIDNON",MANOLO FORTICH/BUKIDNON,09177268486/09209600365,"ABROGUEÑA, JERRY C.",,kapancrudo@hotmail.com,4927042,,2,3,5,WITHOUT CONCERN,PASSED,Highly Satisfactory,SDTLPT-21-0-,1457,HS
11,10-1253-20-PFSS-R,10,A&K MALAYBALAY CLINICAL LAB&DRUG TESTING CENTER,"ORLEANS BLDG. SAN VICTORES ST. BARANGAY 9, MALAYBALAY CITY, BUKUDNON",MALAYBALAY CITY / BUKIDNON,09068502429/09068502429,"ABROGUEÑA, JERRY C.",kda_29abella@yahoo.com,kda_29abella@yahoo.com,4912417,16/01/2020,5,2,7,WITHOUT CONCERN,PASSED,Acceptable,SDTLPT-21-0-,1458,A
11,10-0575-19-PIBS-R,10,ABELLA MIDWAY HOSPITAL,"4007 P. VALERO ST., VALENCIA CITY, BUKIDNON",VALENCIA CITY/BUKIDNON,09189424178/088283533,"SAAVEDRA, MAXIMO JR. ACENAS",sue_maki@yahoo.com.ph,dinah_abella@yahoo.com,4878367,,4,3,7,WITHOUT CONCERN,PASSED,Acceptable,SDTLPT-21-0-,1459,A
11,10-0951-20-PIBS-R,10,ADVENTIST MEDICAL CENTER VALENCIA CITY DRUG TESTING LABORATORY,"A. AGUILAR STREET POBLACION, VALENCIA CITY, BUKIDNON",VALENCIA CITY/BUKIDNON,09156593141/09177182076,"PRANTILLA, ALEGATA RACHEL",amcvalencia2016@gmail.com,amcvalencia2016@gmail.com,4948608,,3,3,6,WITHOUT CONCERN,PASSED,Acceptable,SDTLPT-21-0-,1460,A
11,10-XXXX-XX-XXXX-X,10,C.D.O POLYMEDIC LIMKETKAI MEDICAL CLINIC,"2ND FLOOR GATEWAY LIMKETKAI MALL, CAGAYAN DE ORO CITY, MISAMIS ORIENTAL",CAGAYAN DE ORO CITY/MISAMIS ORIENTAL,9173051163,"SAAVEDRA, MAXIMO JR. ACENAS",No email,polymedic.lkk@gmail.com,4915772,,3,3,6,WITHOUT CONCERN,PASSED,Acceptable,SDTLPT-21-0-,1461,A
11,10-1483-19-PIBS-R,10,CAGAYAN DE ORO POLYMEDIC GENERAL HOSPITAL DTL,"DON APOLINAR VELEZ STREET, CAGAYAN DE ORO, MISAMIS ORIENTAL",CAGAYAN DE ORO CITY/MISAMIS ORIENTAL,09176338338/088-856-4467,"SAAVEDRA, MAXIMO JR. ACENAS",No email,cdopolymedicgeneralhospitlab@gmail.com,4915774,,2,2,4,WITHOUT CONCERN,PASSED,Highly Satisfactory,SDTLPT-21-0-,1462,HS
11,10-0577-19-GIBS-R,10,"CAMP EVANGELISTA STATION HOSPITAL, 41D, PA SCREENING DRUG TESTING LABORATORY","CAMP EDI'LBERTO EVANGELISTA, PATAG, CAGAYAN DE ORO CITY, MISAMIS ORIENTAL",CAGAYAN DE ORO CITY/MISAMIS ORIENTAL,09162548698/09177989988,"NERY, RAMON M.",ceshlab@gmail.com,ceshlab@gmail.com,4878370,,1,3,4,WITHOUT CONCERN,PASSED,Highly Satisfactory,SDTLPT-21-0-,1463,HS
11,10-XXXX-XX-XXXX-X,10,CAPITOL UNIVERSITY MEDICAL CENTER,"SAN PEDRO GUSA CAGAYA DE ORO CITY, MISAMIS ORIENTAL",CAGAYAN DE ORO CITY/MISAMIS ORIENTAL,09177292994/09177292994,"SAAVEDRA, MAXIMO JR. ACENAS",cumclab.cdo@gmail.com,No email,4897779,,1,2,3,WITHOUT CONCERN,PASSED,Highly Satisfactory,SDTLPT-21-0-,1464,HS
11,10-XXXX-XX-XXXX-X,10,CDO POLYMEDIC MEDICAL PLAZA INC.,"CDO POLYMEDIC MEDICA PLAZA KAUSWAGAN NATIONAL HIGHWAY KAUSWAGAN, CAGAYAN DE ORO CITY, MISAMIS ORIENTAL",CAGAYAN DE ORO CITY/MISAMIS ORIENTAL,088-858-5241,"SAAVEDRA, MAXIMO JR. ACENAS",sue_maki@yahoo.com.ph,cdopolymedicmedicalplaza@gmail.com,4915775,,4,3,7,WITHOUT CONCERN,PASSED,Acceptable,SDTLPT-21-0-,1465,A
11,10-1299-20-PIBS-R,10,CEDAR SCIENTIFIC CLINICAL LABORATORY DRUG TESTING,"PHOENICIA BLDG., JAMES HAYES ST., CAMAMAN-AN, CAGAYAN DE ORO CITY, MISAMIS ORIENTAL",CAGAYAN DE ORO CITY/MISAMIS ORIENTAL,09176267204/0888573017,"ABADIANO, EDGARDO B.",cedarscientificlab@yahoo.com,cedarscientificlab@yahoo.com,4918894,,0,3,3,WITHOUT CONCERN,PASSED,Highly Satisfactory,SDTLPT-21-0-,1466,HS
11,10-0319-18-PIBS-R,10,CMDC MULTISPECIALISTS DIAGNOSTIC CENTER,"OLANGO STREET CORNER LAPASAN HIGHWAY, CAGAYAN DE ORO CITY, MISAMIS ORIENTAL",CAGAYAN DE ORO CITY/MISAMIS ORIENTAL,09173211221/09209600365,"ABROGUEÑA, JERRY C.",,graciacasino2121@yahoo.com,4829431,,4,1,5,WITHOUT CONCERN,PASSED,Highly Satisfactory,SDTLPT-21-0-,1467,HS
11,10-XXXX-XX-XXXX-X,10,DON CARLOS DOCTORS HOSPITAL DRUG TESTING LABORATORY,"E. AGUINALDO ST. POBLACION, DON CARLOS, BUKIDNON",DON CARLOS/BUKIDNON,9353145672,"SAAVEDRA, MAXIMO JR. ACENAS",No email,rechelle_grace@yahoo.com,4883880,,7,1,8,WITHOUT CONCERN,PASSED,Acceptable,SDTLPT-21-0-,1468,A
11,10-XXXX-XX-XXXX-X,10,DON CARLOS HEALTH CHECK DIAGNOSTIC INC.,"P-1A TENORIO ARCADE, DON CARLOS HEALTH CHECK, DON CARLOS BUKIDNON",DON CARLOS/BUKIDNON,09177193727/088-828-0578,"ALEGATA, RACHEL P.",doncarloshealthcheckdiagnostics@yahoo.com,Renalynpadayogdog@yahoo.com,4893525,,0,3,3,WITHOUT CONCERN,PASSED,Highly Satisfactory,SDTLPT-21-0-,1469,HS
11,10-XXXX-XX-XXXX-X,10,DPCY HEALTH CARE DIAGNOSTIC AND DRUG TESTING CENTER,"3RD HAYES STS., MULTIPURPOSE BUILDING BARANGAY 40, CAGAYAN DE ORO CITY, MISAMIS ORIENTAL",CAGAYAN DE ORO CITY/MISAMIS ORIENTAL,09052194693/088-881-2306,"ABROGUEÑA, JERRY C.",dpcyhealthcare@gmail.com,dpcyhealthcare@gmail.com,4917798,,0,3,3,WITHOUT CONCERN,PASSED,Highly Satisfactory,SDTLPT-21-0-,1470,HS
11,10-1402-20-PIBS-R,10,DYNAMICRON DIAGNOSTIC CENTER,"GENERAL AGUINALDO - ECHIVERRI STS., POBLACION, ILIGAN, LANAO DEL NORTE",ILIGAN CITY / LANAO DEL NORTE,09166707808/09455727620,"RUIZ, CHONILO OCHOTORENA",No email,dynamicrondiagnosticcenter@gmail.com,4912340,,1,3,4,WITHOUT CONCERN,PASSED,Highly Satisfactory,SDTLPT-21-0-,1471,HS
11,10-0990-20-PFSS-R,10,FAITH HOSPITAL,"FELICIANO STREET, BARANGAY AGUADA, OZAMIZ CITY, MISAMIS OCCIDENTAL",OZAMIZ CITY/MISAMIS OCCIDENTAL,09171291999/0883199262,"FELICIANO, ANGEL JR., TOBIAS",faith_hospital1972@yahoo.com,faith_laboratory2013@yahoo.com,4918971,13/12/2019,,3,3,WITHOUT CONCERN,PASSED,Highly Satisfactory,SDTLPT-21-0-,1472,HS
11,10-0579-19-PFSS-R,10,FORTUNER DRUG CHECK CENTER,"FRONTING LTO 4TH EAST ROSARIO HEIGHTS TUBOD, ILIGAN CITY, LANAO DEL NORTE",ILIGAN CITY / LANAO DEL NORTE,9177201274,"RUIZ, CHONILO OCHOTORENA",fortuner_drugcheck@yahoo.com,No email,484738,31/10/2019,1,0,1,WITHOUT CONCERN,PASSED,Excellent,SDTLPT-21-0-,1473,E
11,10-0279-19-PIBS-R,10,GREATLAB POLYCLINIC & DRUG TESTING CENTER,"2ND FLOOR LIFESTYLE DISTRICT, CORRALES EXTENSION, CAGAYAN DE ORO CITY, MISAMIS ORIENTAL",CAGAYAN DE ORO CITY/MISAMIS ORIENTAL,09175652141/09173182558,"ABROGUEÑA, JERRY C.",greatlabpolyclinic@gmail.com,greatlabpolyclinic@gmail.com,4854067,30/10/2019,1,3,4,WITHOUT CONCERN,PASSED,Highly Satisfactory,SDTLPT-21-0-,1474,HS
11,10-1746-19-PIBS-I,10,GREATLAB TAGOLOAN DIAGNOSTIC & DRUG TESTING COMPANY,"#1 MATANDANG SORA ST., POBLACION, TAGOLOAN, MISAMIS ORIENTAL",TAGOLOAN/ MISAMIS ORIENTAL,09171858460/09173182558,"LAMAYRA, GERARD LEANO",greatlabtagoloan@gmail.com,greatlabtagoloan@gmail.com,4854068,,1,3,4,WITHOUT CONCERN,PASSED,Highly Satisfactory,SDTLPT-21-0-,1475,HS
11,10-0881-18-PIBS-R,10,HI-PRECISION DIAGNOSTICS - CDO,"J.R. BORJA ST. CORNER, AGUINALDO ST., COGON, CAGAYAN DE ORO, MISAMIS ORIENTAL",CAGAYAN DE ORO CITY/MISAMIS ORIENTAL,09177088986/09176279284,"SAAVEDRA, MAXIMO JR. ACENAS",sue_maki@yahoo.com.ph,hpcdo@hi-precision.com.ph,4916850,,2,3,5,WITHOUT CONCERN,PASSED,Highly Satisfactory,SDTLPT-21-0-,1476,HS
11,10-1440-20-PIBS-I,10,ILIGAN DIAGNOSTIC CENTER AND MULTIPURPOSE COOPERATIVE,"QUEZON AVENUE EXTENSION, PALA-O (INFRONT OF CITY HOSPITAL-GTLMH), ILIGAN CITY, LANAO DEL NORTE",ILIGAN CITY / LANAO DEL NORTE,09177797571/09369605905,"RUIZ, CHONILO OCHOTORENA",cooplab.lab2020@gmail.com,cooplab.lab2020@gmail.com,4912397,,2,3,5,WITHOUT CONCERN,PASSED,Highly Satisfactory,SDTLPT-21-0-,1477,HS
11,10-0580-19-PIBS-R,10,INTERNIST HUB… 4 MEDICAL AND DIAGNOSTIC CENTER,"PYB RESIDENCES 3RD FLOOR RM. 302, ZAMORA COR. LLUCH ST., POBLACION, ILIGAN CITY, LANAO DEL NORTE, ILIGAN CITY, LANAO DEL NORTE",ILIGAN CITY / LANAO DEL NORTE,09479594398/063-222-8668,"RUIZ, CHONILO OCHOTORENA",No email,internisthub@gmail.com,4863867,09/01/2021,2,3,5,WITHOUT CONCERN,PASSED,Highly Satisfactory,SDTLPT-21-0-,1478,HS
11,10-XXXX-XX-XXXX-X,10,JC BLESS DRUG TEST CENTER,"FRONTING LTO 3RD EAST ROSARIO HEIGHTS, TUBOD, ILIGAN CITY, LANAO DEL NORTE",ILIGAN CITY / LANAO DEL NORTE,09171830289/0633021917,"RUIZ, CHONILO OCHOTORENA",No email,jcblessdtc@gmail.com,4845315,,2,1,3,WITHOUT CONCERN,PASSED,Highly Satisfactory,SDTLPT-21-0-,1479,HS
11,10-0592-20-PIBS-R,10,JEM DIAGNOSTIC CENTER,"JEM BLDG., MEDINA AVENUE, CARMEN ANNEX, OZAMIZ CITY, MISAMIS OCCIDENTAL",OZAMIZ CITY/MISAMIS OCCIDENTAL,09052165806/0885861319,"TEE, HAROLD L.",hlt50@yahoo.com,jem_diagnostic@yahoo.com,4883015,,1,,1,WITHOUT CONCERN,PASSED,Excellent,SDTLPT-21-0-,1480,E
11,10-1599-19-PIBS-I,10,JJB MEDICAL DIAGNOSTICS,"GROUND FLOOR, FICCO BLDG. PINOYAK ROAD, MARANDING,LALA, LANAO DEL NORTE",LALA / LANAO DEL NORTE,0999-998-5433,"GURO, RASHIDAH ABUBACAR",rash_guro@yahoo.com,jc_anda@yahoo.com,4795013,,4,1,5,WITHOUT CONCERN,PASSED,Highly Satisfactory,SDTLPT-21-0-,1481,HS
11,10-1033-18-PFSS-R,10,KCLM DRUG TESTING CENTER,"BSP BLDG. HAYE ST. BRGY 40, CAGAYAN DE ORO CITY, MISAMIS ORIENTAL",CAGAYAN DE ORO CITY/MISAMIS ORIENTAL,09176779480/088-8811659,"ABROGUEÑA, JERRY C.",abogado_cathy@yahoo.com,abogado_cathy@yahoo.com,4890062,,2,1,3,WITHOUT CONCERN,PASSED,Highly Satisfactory,SDTLPT-21-0-,1482,HS
11,10-0321-2-PIBS-R,10,LIFELINK DRUG TESTING SITE,"PADERO BLDG 204 A, VELEZ ST., CAGAYAN DE ORO, MISAMIS ORIENTAL",CAGAYAN DE ORO CITY/MISAMIS ORIENTAL,09171468872/09209600365,"ABROGUEÑA, JERRY C.",lifelink11@yahoo.com,lifelink11@yahoo.com,4913294,,3,0,3,WITHOUT CONCERN,PASSED,Highly Satisfactory,SDTLPT-21-0-,1483,HS
11,10-XXXX-XX-XXXX-X,10,LMA DRUG TESTING CENTER,"LAWANSA BUILDING, CAMAGUE HIGHWAY, TOMINOBO PROPER, ILIGAN CITY, LANAO DEL NORTE",ILIGAN CITY / LANAO DEL NORTE,09156885641/09064502394,"RUIZ, CHONILO OCHOTORENA",No email,lmadrugtest@yahoo.com,4889845,,2,2,4,WITHOUT CONCERN,PASSED,Highly Satisfactory,SDTLPT-21-0-,1484,HS
11,10-XXXX-XX-XXXX-X,10,LTJ DRUG TESTING LABORATORY,"REVIL STREET, OROQUIETA CITY, MISAMIS OCCIDENTAL",OROQUIETA CITY / MISAMIS OCCIDENTAL,088-531-1009,"ACOMPAÑADO, CHRISTINE GUANTERO",No email,aileen.taladua@yahoo.com,4883037,,3,3,6,WITHOUT CONCERN,PASSED,Acceptable,SDTLPT-21-0-,1485,A
11,10-1380-20-GIBS-R,10,MAYOR HILARION A. RAMIRO SR. MEDICAL CENTER,"MANINGCOL, OZAMIZ, MISAMIS OCCIDENTAL",OZAMIZ CITY/MISAMIS OCCIDENTAL,09276040719/088-521-0440,"TEE, HAROLD L.",hlt50@yahoo.com,mharsmc.lab@gmail.com,4904183,,2,3,5,WITHOUT CONCERN,PASSED,Highly Satisfactory,SDTLPT-21-0-,1486,HS
11,10-1456-19-PIBS-R,10,NINE MEDICAL LABORATORY,"NINE MEDICAL LABORATORY, NATIONAL HIGHWAY, BRGY. 23, GINGOOG CITY (NEAR PNB), GINGOOG CITY, MISAMIS ORIENTAL",GINGOOG CITY / MISAMIS ORIENTAL,09561687158/09209453229,"LAMAYRA, GERARD LEANO",9medlab@gmail.com,9medlab@gmail.com,4893641,,2,3,5,WITHOUT CONCERN,PASSED,Highly Satisfactory,SDTLPT-21-0-,1487,HS
11,10-XXXX-XX-XXXX-X,10,NORTHERN MINDANAO MEDICAL CENTER - DRUG TESTING LAB.,"GROUND FLOOR NORTHERN MINDANAO MEDICAL CENTER, CAPITOL COMPOUND, CAGAYAN DE ORO CITY, MISAMIS ORIENTAL",CAGAYAN DE ORO CITY/MISAMIS ORIENTAL,09177026322/09209600365,"ABROGUEÑA, JERRY C.",nmmc_patho@yahoo.com,dtlnmmc@gmail.com,4848091,,0,3,3,WITHOUT CONCERN,PASSED,Highly Satisfactory,SDTLPT-21-0-,1488,HS
11,10-XXXX-XX-XXXX-X,10,OZAMIZ CITY ST. JOSEPH GENERAL HOSPITAL DRUG TESTING LABORATORY,"WASHINGTON ST. 50TH BARANGAY, OZAMIZ CITY, MISAMIS OCCIDENTAL",OZAMIZ CITY/MISAMIS OCCIDENTAL,09209823708/0885211726,"MARAVE, JOSEPHINE CHIONG",josephinemarave@yahoo.com.ph,josephinemarave@yahoo.com.ph,4839840,,2,3,5,WITHOUT CONCERN,PASSED,Highly Satisfactory,SDTLPT-21-0-,1489,HS
11,10-0087-20-PIBS-R,10,PDS PEME SYSTEM INTERNATIONAL CORPORATION,"BURGOS STREET, CORNER T. CHAVEZ STREET, BARANGAY 6, CAGAYAN DE ORO CITY, MISAMIS ORIENTAL",CAGAYAN DE ORO CITY/MISAMIS ORIENTAL,09176331011/0888511500,"BANGCONG, RAY TOMAS II SALVANERA",,cdo@pdsclinics.com,4916449,,3,1,4,WITHOUT CONCERN,PASSED,Highly Satisfactory,SDTLPT-21-0-,1490,HS
11,10-0953-20-PFSS-R,10,QUICKSCAN DRUG TESTING LABORATORY,"SAN VICTORES ST., BRGY 9, MALAYBALAY CITY, BUKIDNON",MALAYBALAY CITY / BUKIDNON,09166927071/0883149227,"ABROGUEÑA, JERRY C.",vylette_vine@yahoo.com,vylette_vine@yahoo.com,4883018,20/01/2020,5,0,5,WITHOUT CONCERN,PASSED,Highly Satisfactory,SDTLPT-21-0-,1491,HS
11,10-0583-19-PIBS-R,10,SACRED HEART MEDICAL LABORATORY,"67 TORIBIO CHAVES ST. BRGY 4, CAGAYAN DE ORO CITY, MISAMIS ORIENTAL",CAGAYAN DE ORO CITY/MISAMIS ORIENTAL,09976144489/088-8819958,"ABROGUEÑA, JERRY C.",sacredheartxlabcdo@gmail.com,sacredheartxlabcdo@gmail.com,4883029,,1,3,4,WITHOUT CONCERN,PASSED,Highly Satisfactory,SDTLPT-21-0-,1492,HS
11,10-XXXX-XX-XXXX-X,10,"SMA MEDICAL LABORATORY, DRUG TEST AND DIAGNOSTIC CENTER","10TH EAST ROSARIO HEIGHTS TUBOD, ILIGAN CITY, LANAO DEL NORTE",ILIGAN CITY / LANAO DEL NORTE,09171557399/09062493876,"RUIZ, CHONILO OCHOTORENA",,smadrugtest@yahoo.com,4919829,,2,1,3,WITHOUT CONCERN,PASSED,Highly Satisfactory,SDTLPT-21-0-,1493,HS
11,10-XXXX-XX-XXXX-X,10,ST. VINCENT FERRER CLINICAL LABORATORY,"#500 J.APOSTOL BLDG. 2/F G. LA VIÑA ST. POBLACION, VALENCIA BUKIDNON",VALENCIA CITY/BUKIDNON,09177040494/0888285017,"SAAVEDRA, MAXIMO JR. ACENAS",sue_maki@yahoo.com.ph,st.vincentferrerclinlab@yahoo.com.ph,4883017,,0,0,0,WITHOUT CONCERN,PASSED,Excellent,SDTLPT-21-0-,1494,E
11,10-1092-20-PIBS-R,10,TAGOLOAN POLYMEDIC GENERAL HOSPITAL,"PHIVIDEC COMPOUND, STA. CRUZ, TAGOLOAN, MISAMIS ORIENTAL",TAGOLOAN/ MISAMIS ORIENTAL,9258986944,"SAAVEDRA, MAXIMO JR. ACENAS",,lab.tpgh@gmail.com,4915773,15/11/2019,0,3,3,WITHOUT CONCERN,PASSED,Highly Satisfactory,SDTLPT-21-0-,1495,HS
11,10-1438-20-PFSS-R,10,VITALAB HEALTH CARE INC.,"ATC BLDG. DOOR 3, LUNA VELEZ ST. BRGY 19, CAGAYAN DE ORO CITY, MISAMIS ORIENTAL",CAGAYAN DE ORO CITY/MISAMIS ORIENTAL,09177999684/088-851-5621,"LAMAYRA, GERARD LEANO",doclamayra@gmail.com,Babyshugiexray.vitalab@gmail.com,4912418,,4,3,7,WITHOUT CONCERN,PASSED,Acceptable,SDTLPT-21-0-,1496,A
12,11-0729-20-PFSS-R,11,AC-RED DRUG TESTING CENTER,"PUROK 5, TRADING BOULEVARD, BRGY 38-D DAVAO, DAVAO DEL SUR",DAVAO / DAVAO DEL SUR,09166449429/(082)3335812,MARLON M. MARAMION,,ac_reddrugtestmedicalcenter@yahoo.com,4901615,2/24/2020,0,1,1,WITHOUT CONCERN,PASSED,Excellent,SDTLPT-21-0-,1497,E
12,11-0322-20-PIBS-R,11,"ADVENTIST HOSPITAL-DAVAO, INC.","FRONTING CONVENIENCE STORE KM 7, MCARTHUR HIGHWAY BANGKAL DAVAO, DAVAO DEL SUR",DAVAO / DAVAO DEL SUR,9385438298/082-2983805,LEONCIO U. ONG,ahdlaboratory@gmail.com,ahdlaboratory@gmail.com,4890066,,0,3,3,WITHOUT CONCERN,PASSED,Highly Satisfactory,SDTLPT-21-0-,1498,HS
12,11-0596-20-PIBS-R,11,ALTERADO GENERAL HOSPITAL INC.,"P. VILLANUEVA STREET, R CASTILLO, AGDAO, DAVAO, DAVAO DEL SUR",DAVAO / DAVAO DEL SUR,09498806162/082-2243022,OSACAR P. GRAGEDA,alterado_generalhospital@yahoo.com.ph,alterado_generalhospital@yahoo.com.ph,4922592,7/29/20,4,3,7,WITHOUT CONCERN,PASSED,Acceptable,SDTLPT-21-0-,1499,A
12,11-1426-19-PIBS-R,11,"ANDA RIVERVIEW MEDICAL CENTER, INC.","BRGY 2-A, MAGALLANES STREET, ANDA RIVERSIDE DAVAO, DAVAO DEL SUR",DAVAO / DAVAO DEL SUR,09398589559/(082)2210808 loc 203,OSACAR P. GRAGEDA,oscargrageda@yahoo.com,armci_hospital@gmail.com,4890059,08/03/2020,4,3,7,WITHOUT CONCERN,PASSED,Acceptable,SDTLPT-21-0-,1500,A
12,11-0598-20-PFSS-R,11,BERNARDO-LACANILAO CLINICAL LABORATORY AND DRUG TESTING CENTER,"DR. 5 BERNARDO BLDG., A. PICHON ST., BRGY. 2-A DAVAO, DAVAO DEL SUR",DAVAO / DAVAO DEL SUR,09175035901/082-2210877,OSACAR P. GRAGEDA,blcl8000@gmail.com,blcl8000@gmail.com,4912339,2/13/2020,2,3,5,WITHOUT CONCERN,PASSED,Highly Satisfactory,SDTLPT-21-0-,1501,HS
12,11-0991-20-PIBS-R,11,BIOANALYTICAL LABORATORY AND DIAGNOSTIC CLINIC INC. ,"DOOR 2 & 3 GRI BUSINESS BUILDING KM. 14 PANACAN DAVAO, DAVAO DEL SUR",DAVAO / DAVAO DEL SUR,09325604891/082-2249580,EDMUNDO J. VISITACION JR.,bioana2009@gmail.com,bioana2009@gmail.com,4918895,10/23/20,0,3,3,WITHOUT CONCERN,PASSED,Highly Satisfactory,SDTLPT-21-0-,1502,HS
12,11-0348-20-PIBS-R,11,"BMCDC HEALTH CARE, INC.-MATINA","JJLL BLDG. 1, STO. NIÑO VILLAGE, MCARTHUR HIGHWAY, MATINA DAVAO, DAVAO DEL SUR",DAVAO / DAVAO DEL SUR,09422750-700/082-2332044,OSACAR P. GRAGEDA,oscargrageda@yahoo.com,bhimatina.lab@gmail.com,4883022,,2,2,4,WITHOUT CONCERN,PASSED,Highly Satisfactory,SDTLPT-21-0-,1503,HS
12,11-0349-20-PIBS-R,11,BMCDC HEALTHCARE INC.,"UNIT 117 & 118 NOVA TIERRA SQUARE, LANANG DAVAO, DAVAO DEL SUR",DAVAO / DAVAO DEL SUR,09327833732/082-2330035/3225101,OSACAR P. GRAGEDA,oscargrageda@yahoo.com,bmcdc.lananglab@gmail.com,4883021,,2,2,4,WITHOUT CONCERN,PASSED,Highly Satisfactory,SDTLPT-21-0-,1504,HS
12,11-0954-20-PFSS-R,11,BOSHWIN MEDICAL AND DRUG TEST CENTER,"ENTRANCE VILLA PATRICIA PRK GALINGAN MANKILAM TAGUM, DAVAO DEL NORTE ",TAGUM CITY /  DAVAO DEL NORTE,9282356840/084-2181966,EUGENIA S. HINGPIT,cero_mariavictoria@yahoo.com,cero_mariavictoria@yahoo.com,4889285,,4,1,5,WITHOUT CONCERN,PASSED,Highly Satisfactory,SDTLPT-21-0-,1505,HS
12,11-0338-18-PIBS-R,11,"BROKENSHIRE INTEGRATED HEALTH MINISTRIES, INC.","BROKENSHIRE HEIGHTS, MADAPO (BRGY. 8-A) DAVAO, DAVAO DEL SUR",DAVAO / DAVAO DEL SUR,09325798434/(082)305-3170 loc 4117/4543,EDMUNDO J. VISITACION JR.,edpatho@yahoo.com,laboratory@brokenshire.org,4861254,,4,3,7,WITHOUT CONCERN,PASSED,Acceptable,SDTLPT-21-0-,1506,A
12,11-XXXX-XX-XXXX-X,11,BUHANGIN MEDICAL CLINIC AND DIAGNOSTIC CENTER,"2ND FLOOR GIMENES BUILDING, KILOMETER 5, BUHANGIN STREET DAVAO, DAVAO DEL SUR",DAVAO / DAVAO DEL SUR,09984879728/09327491584/(082)2939684,OSACAR P. GRAGEDA,oscargrageda@yahoo.com,buhanginclinic@gmail.com,4883025,08/03/2020,0,2,2,WITHOUT CONCERN,PASSED,Excellent,SDTLPT-21-0-,1507,E
12,11-0590-21-PIBS-R,11,"CARELIFE MEDICAL LABORATORY AND DIAGNOSTIC CENTER, INC. ","DOOR #18, JIN LONG BUILDING, BRGY. UBALDE, R. CASTILLO, DAVAO CITY, DAVAO DEL SUR",DAVAO CITY / DAVAO DEL SUR,09953860197/(082)2873138,OSCAR P. GRAGEDA,carelife.laboratory@gmail.com,carelife.laboratory@gmail.com,4976635,,2,3,5,WITHOUT CONCERN,PASSED,Highly Satisfactory,SDTLPT-21-0-,1508,HS
12,11-0599-20-PFSS-R,11,CUBERO DRUG TEST CENTER,"BLOCK 1 LOT 1 NHA DAHICAN MATI, DAVAO ORIENTAL",MATI / DAVAO ORIENTAL,9302767512,LUNINGNING P. CUBERO,gningmd@yahoo.com,c.phellie@gmail.com,4873516,7/17/2020,4,2,6,WITHOUT CONCERN,PASSED,Acceptable,SDTLPT-21-0-,1509,A
12,11-8587-19-PFSS-R,11,DATU BAGO DRUG TESTING CENTER ,"SAN PEDRO STREET, BRGY 38-D DAVAO, DAVAO DEL SUR",DAVAO / DAVAO DEL SUR,09233104250/(082)2244227,MARLON M. MARAMION,dbdtc_2008@yahoo.com,dbdtc_2008@yahoo.com,4910848,,4,1,5,WITHOUT CONCERN,PASSED,Highly Satisfactory,SDTLPT-21-0-,1510,HS
12,11-1469-21-GFSS-R,11,DAVAO DEL NORTE DRUG TESTING LABORATORY,"CAPITOL CENTER, MANKILAM TAGUM CITY, DAVAO DEL NORTE",TAGUM CITY /  DAVAO DEL NORTE,9496206711,MARY ANNE L. BERNAS,roscleenadlaya@gmail.com,roscleenadlaya@gmail.com,4970058,10/23/2020,2,1,3,WITHOUT CONCERN,PASSED,Highly Satisfactory,SDTLPT-21-0-,1511,HS
12,11-0354-20-PIBS-R,11,DAVAO DOCTORS HOSPITAL (CLINICA HILARIO),"118 ELPIDIO QUIRINO AVENUE DAVAO, DAVAO DEL SUR",DAVAO / DAVAO DEL SUR,09257000725/09176780816/(082)2228000 local 8400,OSACAR P. GRAGEDA,laboratory@ddh.com.ph,gpdelacruz@ddh.com.ph,4897310,11/06/2020,2,3,5,WITHOUT CONCERN,PASSED,Highly Satisfactory,SDTLPT-21-0-,1512,HS
12,11-1622-19-PIBS-R,11,DAVAO MEDICAL SCHOOL FOUNDATION HOSPITAL INC.,"GAHOL AVE., BRGY 19-B DAVAO, DAVAO DEL SUR",DAVAO / DAVAO DEL SUR,09176397682/(082)227-9390 loc 259,OSACAR P. GRAGEDA,oscargrageda@yahoo.com,dmsfhilaboratory@gmail.com,4881653,1/13/21,0,3,3,WITHOUT CONCERN,PASSED,Highly Satisfactory,SDTLPT-21-0-,1513,HS
12,11-1093-20-GIBS-R,11,DAVAO REGIONAL MEDICAL CENTER,"DAVAO REGIONAL MEDICAL CENTER, BRGY APOKON TAGUM, DAVAO DEL NORTE",TAGUM CITY /  DAVAO DEL NORTE,09228356464/09126417327,ALEJANDRO L. DOMINGO,drmcmainlaboratory@gmail.com,drmcmainlaboratory@gmail.com,4900999,07/09/2020,4,3,7,WITHOUT CONCERN,PASSED,Acceptable,SDTLPT-21-0-,1514,A
12,11-1382-20-PIBS-R,11,"DAVAO SPECIALISTS CLINIC AND DIAGNOSTIC LABORATORY, INC.","GROUND FLOOR, BEECHNUT SQUARE BLDG., STA. ANA AVENUE DAVAO, DAVAO DEL SUR",DAVAO / DAVAO DEL SUR,09433974104/(082)2956894,ALEJANDRO L. DOMINGO JR.,med_laboratory@yahoo.com,med_laboratory@yahoo.com,4919817,08/03/2020,0,3,3,WITHOUT CONCERN,PASSED,Highly Satisfactory,SDTLPT-21-0-,1515,HS
12,11-0589-19-PFSS-R,11,DURIAN DRUG TESTING CENTER,"DOOR 1 MAGNO BLDG QUIMPO BOULEVARD DAVAO, DAVAO DEL SUR",DAVAO / DAVAO DEL SUR,09293449105/09333104250/(082)2250937,MARLON M. MARAMION,ddtc_2014@yahoo.com,ddtc_2014@yahoo.com,4910846,,5,2,7,WITHOUT CONCERN,PASSED,Acceptable,SDTLPT-21-0-,1516,A
12,11-0289-19-PFSS-R,11,FREE DRUG TESTING CENTER,"DOOR 3 ADOLFO BLDG. CORNER PALM DRIVE, J.P. LAUREL AVENUE DAVAO, DAVAO DEL SUR",DAVAO / DAVAO DEL SUR,09107317118/(082)2336520,MARLON M. MARAMION,marlonmaramion@yahoo.com,adelinamunez@yahoo.com,4870388,,2,0,2,WITHOUT CONCERN,PASSED,Excellent,SDTLPT-21-0-,1517,E
12,11-XXXX-XX-XXXX-X,11,"FRIENDLYCARE FOUNDATION, INC-DAVAO",GF SPERD BLDG. PICHON MAGALLANES ST. CORNER ILLUSTRE ST. BRGY. 2A DAVAO CITY,DAVAO CITY / DAVAO DEL SUR,,OSACAR P. GRAGEDA,fcfi.laboratory@gmail.com,,4918524,07/17/2020,4,3,7,WITHOUT CONCERN,PASSED,Acceptable,SDTLPT-21-0-,1518,A
12,11-XXXX-XX-XXXX-X,11,GOOD SAMARITAN DIAGNOSTIC HUB,"DUJALI BLDG., QUEZON ST., NEW PANDAN PANABO, DAVAO DEL NORTE",PANABO CITY / DAVAO DEL NORTE,9280306759,JOHARI M. ANCHETA,,ferrancullodiagnosticlab@gmail.com,4918899,07/12/2020,1,1,2,WITHOUT CONCERN,PASSED,Excellent,SDTLPT-21-0-,1519,E
12,11-XXXX-XX-XXXX-X,11,HEALTHPLUS DIAGNOSTIC SPECIALISTS INC.,"DOOR 1 STA. ANA REALTY BLDG., GUERRERO ST. DAVAO, DAVAO DEL SUR",DAVAO / DAVAO DEL SUR,09228951192/082-2271192,JOHN PATRICK C. PADILLA,healthplusdavao@yahoo.com,healthplusdavao@yahoo.com,4847441,10/15/20,4,1,5,WITHOUT CONCERN,PASSED,Highly Satisfactory,SDTLPT-21-0-,1520,HS
12,11-1513-19-PIBS,11,HI-PRECISION DIAGNOSTICS-DAVAO,"GROUND FLOOR BORMAHECO BLDG. 209 J.P LAUREL AVE., BAJADA BRGY. 19-B DAVAO, DAVAO DEL SUR",DAVAO / DAVAO DEL SUR,09778910007/2872584,MARLON M. MARAMION,marlonmaramion@yahoo.com,hpdavao@hi-precision.com.ph,4916787,,1,3,4,WITHOUT CONCERN,PASSED,Highly Satisfactory,SDTLPT-21-0-,1521,HS
12,11-1095-20-PIBS-R,11,"HYATT DIAGNOSTIC SYSTEM, INC.","2/F JALTAN BUILDING, C.M. RECTO STREET DAVAO, DAVAO DEL SUR",DAVAO / DAVAO DEL SUR,09228931002/082-2867569,JOHN PATRICK C. PADILLA,hyattdiagnostic@gmail.com,hyattdiagnostic@gmail.com,4883031,06/25/2020,1,3,4,WITHOUT CONCERN,PASSED,Highly Satisfactory,SDTLPT-21-0-,1522,HS
12,11-XXXX-XX-XXXX-X,11,LYCON DIAGNOSTIC CENTER,"G/F ESPINO BLDG J.P. LAUREL AVE. BAJADA DAVAO, DAVAO DEL SUR",DAVAO / DAVAO DEL SUR,09206353932/(082)2991880,ALEJANDRO L. DOMINGO JR.,lycondx@gmail.com,lycondx@gmail.com,4891517,02/06/2020,4,1,5,WITHOUT CONCERN,PASSED,Highly Satisfactory,SDTLPT-21-0-,1523,HS
12,11-1097-20-PIBS-R,11,MEDISENSE LABORATORY CENTER INC.,"2ND & 3RD FLOOR DAKUDAO &SONS BLDG. SAN PEDRO ST. CORNER ANDA DAVAO, DAVAO DEL SUR",DAVAO / DAVAO DEL SUR,09274130329/082-2223799,JOHN PATRICK C. PADILLA,msldavao.oic@gmail.com,msldavao.oic@gmail.com,4914485,8/20/2020,4,1,5,WITHOUT CONCERN,PASSED,Highly Satisfactory,SDTLPT-21-0-,1524,HS
12,11-0290-19-PIBS-R,11,"METRO DAVAO MEDICAL AND RESEARCH CENTER, INC.","KM. 4 J.P. LAUREL AVENUE, BAJADA DAVAO, DAVAO DEL SUR",DAVAO / DAVAO DEL SUR,09153026477/287-7777 loc 5102,OSACAR P. GRAGEDA,mdmrci.lab@gmail.com,mdmrci.lab@gmail.com,4858014,,0,3,3,WITHOUT CONCERN,PASSED,Highly Satisfactory,SDTLPT-21-0-,1525,HS
12,11-0955-20-PFSS-R,11,MKC DRUG TEST LABORATORY,"PUROK MAGSANOK, CAPITOL AVE MANKILAM TAGUM, DAVAO DEL NORTE",TAGUM CITY /  DAVAO DEL NORTE,09187593150/(084)2160021,ALEJANDRO L. DOMINGO JR.,pearl_mkc@yahoo.com,pearl_mkc@yahoo.com,4915765,,1,1,2,WITHOUT CONCERN,PASSED,Excellent,SDTLPT-21-0-,1526,E
12,11-1340-20-PFSS-1,11,MT. APO DRUG TESTING LABORATORY ,"A & J BLDG, MT. APO ST. BRGY. 7-A (POB) DAVAO CITY, DAVAO DEL SUR",DAVAO CITY / DAVAO DEL SUR,09981544986/09165805537,EDMUNDO J. VISITACION JR.,,mtapodtl@gmail.com,4920515,08/03/2020,3,1,4,WITHOUT CONCERN,PASSED,Highly Satisfactory,SDTLPT-21-0-,1527,HS
12,11-1243-20-PFSS-R,11,NOEL SJ ZAPANTA MAHOGANY DRUGTESTING CENTER,"A. PICHON ST. DAVAO, DAVAO DEL SUR",DAVAO / DAVAO DEL SUR,09331481413/082-3053852,JOUVENAL C. DELGADO,mahoganydavao03852@yahoo.com,mahoganydavao03852@yahoo.com,4896990,7/29/20,1,2,3,WITHOUT CONCERN,PASSED,Highly Satisfactory,SDTLPT-21-0-,1528,HS
12,11-1188-20-PIBS-R,11,PACIFICMD MEDICAL CLINIC,"BABAK-SAMAL KAPUTIAN ROAD, BRGY. VILLARICA (BESIDE PARK N'GO, BEFORE 7/11, INFRONT OF SKY MERCHANDISE) SAMAL, DAVAO DEL NORTE",SAMAL / DAVAO DEL NORTE,09236003920/0933850583,MARLON M. MARAMION,marlon_maramion@yahoo.com,PacificMD@yahoo.com/PacificMDMC@gmail.com,4919968,08/03/2020,1,3,4,WITHOUT CONCERN,PASSED,Highly Satisfactory,SDTLPT-21-0-,1529,HS
12,11-0778-19-PFSS-R,11,PBA PHARMACY MEDICAL CLINICS & DRUG TESTING LABORATORY,"G/F PBA BLDG., RIZAL ST., MAGUGPO POBLACION TAGUM, DAVAO DEL NORTE",TAGUM CITY /  DAVAO DEL NORTE,09327862579/09169996334/(084)6559558,BERNARDO S. ANG,drbang@yahoo.com,ordinarioedenmae@yahoo.com,4847440,08/03/2020,4,2,6,WITHOUT CONCERN,PASSED,Acceptable,SDTLPT-21-0-,1530,A
12,11-0357-20-PIBS-R,11,PHILIPPINE MKKEI JIN KAI POLYCLINIC AND DIAGNOSTIC CENTER,"ANGLIONGTO AVENUE, LANANG, DAVAO, DAVAO DEL SUR",DAVAO / DAVAO DEL SUR,09322386072/2353781 local 101,MARLON M. MARAMION,pmjkpolyclinic@yahoo.com,pmjkpolyclinic@yahoo.com,4896998,,1,3,4,WITHOUT CONCERN,PASSED,Highly Satisfactory,SDTLPT-21-0-,1531,HS
12,11-0088-20-PFSS-R,11,"PHYSICIANS' DIAGNOSTIC SERVICES CENTER, INC. -DAVAO","GF/ #49 JOSE PALMA GIL ST. BRGY. 4-A DISTRICT 1 INFRONT OF CINEMATHEQUE CENTRE DAVAO, DAVAO DEL SUR",DAVAO / DAVAO DEL SUR,9661706015/(082)2246772,"ALEJANDRO L. DOMINGO, JR.",davao@pdsclinics.com,davao@pdsclinics.com/dbwpdslab@yahoo.com,4918080,,3,3,6,WITHOUT CONCERN,PASSED,Acceptable,SDTLPT-21-0-,1532,A
12,11-0292-19-PIBS-R,11,POLYCLINIC DAVAO INCORPORATED,"SANTIAGO ARTIAGA CORNER AURORA QUEZON STREETS BARANGAY 36-D DAVAO, DAVAO DEL SUR",DAVAO / DAVAO DEL SUR,082-2227622,OSACAR P. GRAGEDA,polyclinicdvoinc_08@yahoo.com,polyclinicdvoinc_08@yahoo.com,4732256,,1,3,4,WITHOUT CONCERN,PASSED,Highly Satisfactory,SDTLPT-21-0-,1533,HS
12,11-XXXX-XX-XXXX-X,11,RAMED ADVANCED DIAGNOSTIC AND OUTPATIENT CENTER,"36 QUIMPO BLVD., ECOLAND PHASE 1 DAVAO, DAVAO DEL SUR",DAVAO / DAVAO DEL SUR,9435256505/082-2950631,MARLON M. MARAMION,rpmedadocmanager@gmail.com,laboratory@rpmedadoc.com,4836545,,2,3,5,WITHOUT CONCERN,PASSED,Highly Satisfactory,SDTLPT-21-0-,1534,HS
12,11-0358-20-PIBS-R,11,"RIVERA MEDICAL CENTER, INC.","7302 SAN FRANCISCO PANABO CITY, DAVAO DEL NORTE",PANABO CITY / DAVAO DEL NORTE,09257087780/(084)6285234,OSCAR P. GRAGEDA,oscargrageda@yahoo.com,rmci_lab@yahoo.com.ph,4950468,09/03/2020,2,3,5,WITHOUT CONCERN,PASSED,Highly Satisfactory,SDTLPT-21-0-,1535,HS
12,11-0592-19-PIBS-R,11,SAN PEDRO HOSPITAL OF DAVAO CITY INC. DRUG TEST LABORATORY,"C. GUZMAN ST. BRGY. 14-B DAVAO, DAVAO DEL SUR",DAVAO / DAVAO DEL SUR,09278353098/222-6100 to 6106 loc 132/197,OSACAR P. GRAGEDA,sanpedrohospital@yahoo.com,sanpedrohospital@yahoo.com,4863957,7/28/2020,,3,3,WITHOUT CONCERN,PASSED,Highly Satisfactory,SDTLPT-21-0-,1536,HS
12,11-1396-19-PFSS-R,11,SAN ROQUE RETROUVAILLE CENTER,"DOOR #5, DABON BLDG. AURORA 6TH ST. BRGY. SAN JOSE DIGOS, DAVAO DEL SUR",DIGOS CITY / DAVAO DEL SUR,09089469726/(082)5538291,IMELDA L. BELGA,ilb_meldsmd@yahoo.com,pvezil_villaluz@yahoo.com,4847439,08/03/2020,3,2,5,WITHOUT CONCERN,PASSED,Highly Satisfactory,SDTLPT-21-0-,1537,HS
12,11-1502-20-PFSS-R,11,SAN ROQUE RETROUVAILLE CENTER,"DOOR 8, ARAFOL BUILDING MARGARITA VILL. MANKILAM TAGUM, DAVAO DEL NORTE",TAGUM CITY /  DAVAO DEL NORTE,09293047525/(084)2164796,EUGENIA S. HINGPIT,,srdfc_mankilam@yahoo.com,4879631,08/05/2020,4,,4,WITHOUT CONCERN,PASSED,Highly Satisfactory,SDTLPT-21-0-,1538,HS
12,11-0718-21-PIBS-R,11,"SINGAPORE MEDICAL LABORATORIES, INC.","2F, ML2 BLDG., 26 SOBRECAREY ST., BRGY. 15-B, BO OBRERO, DAVAO CITY, DAVAO DEL SUR",DAVAO CITY / DAVAO DEL SUR,09176394648/082-2334291,JOHN PATRICK C. PADILLA,tinapads@yahoo.com,corelabdavao@singaporediagnostics.com,4962708,,1,3,4,WITHOUT CONCERN,PASSED,Highly Satisfactory,SDTLPT-21-0-,1539,HS
12,11-1311-19-PFSS-I,11,SOLID FOUR DRUG TESTING CENTER,DOOR 4 PIATOS BLDG. PICAON ST. (FORMERLY MAGALLANES ST. BESIDE CITY HEALTH OFFICE),DAVAO / DAVAO DEL SUR,09506035867/082-3276232,JOUVENAL C. DELGADO,solidfour@yahoo.com,solidfour@yahoo.com,2600327,08/03/2020,4,1,5,WITHOUT CONCERN,PASSED,Highly Satisfactory,SDTLPT-21-0-,1540,HS
12,11-XXXX-XX-XXXX-X,11,SOUTH MINDANAO DRUG TEST CENTER,"DOOR 9, 2ND FLOOR, MAGSAYSAY PARK, BRGY. 27-C DAVAO, DAVAO DEL SUR",DAVAO / DAVAO DEL SUR,(082)2251835,FLORANNE MARGARET L. VERGARA,smdtc_2005@yahoo.com.ph,smdtc_2005@yahoo.com.ph,4910847,03/05/2020,3,1,4,WITHOUT CONCERN,PASSED,Highly Satisfactory,SDTLPT-21-0-,1541,HS
12,11-0593-19-GIBS-R,11,SOUTHERN PHILLIPINES MEDICAL CENTER,"HSSL BLDG. SPMC COMPOUND JP LAUREL DAVAO, DAVAO DEL SUR",DAVAO / DAVAO DEL SUR,09489375868/082-2272731 local 4144,MARLON M. MARAMION,marlon_maramion@yahoo.com,lab@spmc.com.ph,4858011,6/18/20,4,1,5,WITHOUT CONCERN,PASSED,Highly Satisfactory,SDTLPT-21-0-,1542,HS
12,11-0811-20-PIBS-R,11,SUREHEALTH MANAGEMENT DIAGNOSTIC CENTER CO.,"DOOR 1 DIOKNO BLDG., GEMPESAW ST., DAVAO CITY (INLINE OF BOHOL TRADING UYANGUREN) DAVAO DEL SUR ",DAVAO / DAVAO DEL SUR,09336126787/082-3279129,ALEJANDRO L. DOMINGO,surehealthdavao@gmail.com,surehealthdavao@gmail.com,4918927,03/05/2020,1,3,4,WITHOUT CONCERN,PASSED,Highly Satisfactory,SDTLPT-21-0-,1543,HS
12,11-0634-20-PIBS-R,11,TADECO HOSPITAL,"PUROK 18, BRGY. A. O. FLOIRENDO PANABO, DAVAO DEL NORTE",PANABO CITY / DAVAO DEL NORTE,09201193955/082-234771 loc 840,OSACAR P. GRAGEDA,oscargrageda@yahoo.com,rgpilapil@anflocor.com,4890067,,0,3,3,WITHOUT CONCERN,PASSED,Highly Satisfactory,SDTLPT-21-0-,1544,HS
12,11-1568-20-PIBS-R,11,UIC CLINICAL LABORATORY,"BONIFACIO ST. BARANGAY 35-D DAVAO, DAVAO DEL SUR",DAVAO / DAVAO DEL SUR,09255001953/(082)2271573 loc 225/227,LEONCIO U. ONG,uicclinicallaboratory@gmail.com,uicclinicallaboratory@gmail.com,4919936,7/21/2020,2,3,5,WITHOUT CONCERN,PASSED,Highly Satisfactory,SDTLPT-21-0-,1545,HS
12,11-1139-21-PIBS-R,11,ULTRALABX DIAGNOSTIC CENTER,"GEN. LIM ST. ZONE III DIGOS CITY, DAVAO DEL SUR",DIGOS CITY / DAVAO DEL SUR,9154960258,JOHN PATRICK C. PADILLA,,ultalabx@gmail.com,4972533,02/13/2020,0,3,3,WITHOUT CONCERN,PASSED,Highly Satisfactory,SDTLPT-21-0-,1546,HS
12,11-XXXX-XX-XXXX-X,11,UM MEDICAL & MULTITEST DIAGNOSTIC CENTER INC.,"CAYETANO BANGOY ST. DAVAO, DAVAO DEL SUR",DAVAO / DAVAO DEL SUR,09198862947/(082)2228066,JOHN PATRICK C. PADILLA,hcduremdesjr@gmail.com,hcduremdesjr@gmail.com,4861261,02/26/2020,4,2,6,WITHOUT CONCERN,PASSED,Acceptable,SDTLPT-21-0-,1547,A
12,11-0605-20-PIBS-R,11,VITALAB REDMARK CORPORATION,"DOOR 2&3 MAGRICOM BLDG. KM. 5 BAJADA DAVAO, DAVAO DEL SUR",DAVAO / DAVAO DEL SUR,09985445932/(082)3055190,EDMUNDO J. VISITACION JR.,edpatho@yahoo.com,vitalabredmark.corp@yahoo.com,4912420,7/17/2020,0,3,3,WITHOUT CONCERN,PASSED,Highly Satisfactory,SDTLPT-21-0-,1548,HS
12,11-0606-20-PIBS-R,11,VITALAB REDMARK CORPORATION BRANCH 1,"DOOR 1 ALBAY BLDG., MCARTHUR HIGHWAY, MATINA DAVAO, DAVAO DEL SUR",DAVAO / DAVAO DEL SUR,09985445832/(082)2252198,EDMUNDO J. VISITACION JR.,edpatho@yahoo.com,vitalabmatina@gmail.com,4912421,7/30/20,1,3,4,WITHOUT CONCERN,PASSED,Highly Satisfactory,SDTLPT-21-0-,1549,HS
12,11-0294-19-PIBS-R,11,VITAMER MEDICAL LABORATORY (SCREENING DRUG TESTING LABORATORY),"SAMPAGUITA ST. MINTAL, DAVAO, DAVAO DEL SUR",DAVAO / DAVAO DEL SUR,09171360317/082-2930085,ALEJANDRO L. DOMINGO JR.,,vitamermedicallab@gmail.com,4861256,,2,3,5,WITHOUT CONCERN,PASSED,Highly Satisfactory,SDTLPT-21-0-,1550,HS
12,11-0360-20-PFSS-R,11,WATCH DRUG TESTING & DIAGNOSTIC CENTER,"2ND FLOOR CHUA BLDG. OSMENA ST. MAGUGPO POBLACION TAGUM, DAVAO DEL NORTE",TAGUM CITY /  DAVAO DEL NORTE,9269491235,ALEJANDRO L. DOMINGO JR.,aldjr0615@yahoo.com,junet_reloj@yahoo.com,4917917,08/03/2020,3,2,5,WITHOUT CONCERN,PASSED,Highly Satisfactory,SDTLPT-21-0-,1551,HS
13,12-0812-20-PIBS-R,12,ALLAH VALLEY MEDICAL SPECIALISTS CENTER INC. HOSPITAL,"ZONE 3, PUROK VILLEGAS, GENSAN DRIVE, CITY OF KORONADAL, SOUTH COTABATO",KORONADAL CITY / SOUTH COTABATO,09209137727/09202873406,LINGAYON-SALCEDO NENA CAMIRING,nenskimd@yahoo.com.ph,m_hannyz@yahoo.com,4904180,,4,2,6,WITHOUT CONCERN,PASSED,Acceptable,SDTLPT-21-0-,1552,A
13,12-0370-18-PFSS-R,12,BIOTECH DRUG TEST AND NEURO CENTER,"42 BONIFACIO, TACURONG, SULTAN KUDARAT",TACURONG/SULTAN KUDARAT,9174490218,"GASATAYA, DR. VITA BASIAO",vitz_gasataya@yahoo.com,biotechdtl06@yahoo.com.ph,4825652,03/12/2019,0,1,1,WITHOUT CONCERN,PASSED,Excellent,SDTLPT-21-0-,1553,E
13,12-1385-19-GIBS-R,12,COTABATO REGIONAL AND MEDICAL CENTER,"SINSUAT AVENUE, ROSARY HEIGHTS X, COTABATO CITY, MAGUINDANAO",COTABATO CITY/MAGUINDANAO,09173383890/(064)421-2340,LINGAYON-SALCEDO NENA CAMIRING,crmcpathology@gmail.com,crmcpathology@gmail.com,4891516,07/09/2020,3,2,5,WITHOUT CONCERN,PASSED,Highly Satisfactory,SDTLPT-21-0-,1554,HS
13,12-0863-19-PIBS-R,12,DAVAO SPECIALISTS CLINIC AND DIAGNOSTIC LABORATORY INC.,"2/F MARQUEZ BLDG., DON RUFINO ALONZO ST. CORNER DON ROMAN VILO ST., POBLACION 6, COTABATO CITY ",COTABATO CITY/MAGUINDANAO,,,,,4919937,20/02/2020,3,2,5,WITHOUT CONCERN,PASSED,Highly Satisfactory,SDTLPT-21-0-,1555,HS
13,12-0361-20-PIBS-R,12,DR. ARTURO P. PINGOY MEDICAL CENTER,"GENERAL SANTOS DRIVE, ZONE 4, KORONADAL CITY, SOUTH COTABATO",KORONADAL CITY / SOUTH COTABATO,09992261393/083-228-2202,"ALCONCEL, EDWIN CACATIAN",niwde552000@yahoo.com,dchi_dtl@yahoo.com,4886705,02/13/2020,4,2,6,WITHOUT CONCERN,PASSED,Acceptable,SDTLPT-21-0-,1556,A
13,12-0362-20-PFSS-R,12,FONG'S DRUG TESTING CENTER,"2/F DAPROZA BLDG., DAPROZA AVENUE, DADIANGAS NORTH, GENERAL SANTOS CITY, SOUTH COTABATO",GENERAL SANTOS CITY / SOUTH COTABATO,09327735685/09238800152,"ALCONCEL, EDWIN CACATIAN",niwde552000@yahoo.com,fongsmedlab@yahoo.com,4883026,12/21/2020,2,3,5,WITHOUT CONCERN,PASSED,Highly Satisfactory,SDTLPT-21-0-,1557,HS
13,12-XXXX-XX-XXXX-X,12,GENERAL SANTOS DOCTORS HOSPITAL INC.,"NATIONAL HIGHWAY, GENERAL DOCTORS HOSPITAL, GENERAL SANTOS CITY, SOUTH COTABATO",GENERAL SANTOS CITY / SOUTH COTABATO,09258892121/083-250-2888,"GRAGEDA, OSCAR PANUNCIALAN",oscargrageda@yahoo.com,gsdhlaboratory@gmail.com,4886708,03/05/2020,,3,3,WITHOUT CONCERN,PASSED,Highly Satisfactory,SDTLPT-21-0-,1558,HS
13,12-0297-19-PFSS-R,12,HALILI DRUGTEST CENTER,"G/F SPECTRUM BLDG. OSMEÑA DRIVE, KIDAPAUAN CITY, NORTH COTABATO",KIDAPAWAN CITY / NORTH COTABATO,09481210631/521-0529,"LEDESMA, ABRAHAM YBAÑEZ",bramii7@yahoo.com,meriammambunan@yahoo.com,4863959,08/05/2020,2,2,4,WITHOUT CONCERN,PASSED,Highly Satisfactory,SDTLPT-21-0-,1559,HS
13,12-0072-20-CL-2,12,HEALTH HUB LABORATORY AND MEDICAL CLINIC,"G/F MATINONG BLDG. ALLAH VALLEY DRIVE POBLACION (LIBERTAD) SURALLAH, SOUTH COTABATO",SURALLAH/ SOUTH COTABATO,09097598704/083-5533792,"GASATAYA, DR. VITA BASIAO",nollybelandres33@gmail.com,chalaboratory1981@gmail.com,4915766,,3,4,7,WITHOUT CONCERN,PASSED,Acceptable,SDTLPT-21-0-,1560,A
13,12-0784-19-PIBS-R,12,"HEALTHCARE DIAGNOSTIC LAB., INC.","DON ROMAN VILO STREET COTABATO CITY (NEAR OLD CITY HALL), COTABATO CITY, MAGUINDANAO",COTABATO CITY/MAGUINDANAO,09177708343/09209137727,"SALCEDO-LINGAYON, NENA CAMIRING",No email,healthcarediagnosticlab@yahoo.com,4847444,,4,2,6,WITHOUT CONCERN,PASSED,Acceptable,SDTLPT-21-0-,1561,A
13,12-0814-20-PIBS-R,12,HOWARD HUBBARD MEMORIAL HOSPITAL,"BRGY. CANNERY SITE POLOMOLOK, SOUTH COTABATO",POLOMOLOK/SOUTH COTABATO,09475300988/083-500-2183,"ALCONCEL, EDWIN CACATIAN",niwde552000@yahoo.com,chealminaza@ymail.com,4901607,02/20/2020,2,2,4,WITHOUT CONCERN,PASSED,Highly Satisfactory,SDTLPT-21-0-,1562,HS
13,12-1522-20-PIBS-R,12,HUMAN INDEX DIAGNOSTICS AND WELLNESS SOLUTIONS,"RGH BLDG. JOSE CATOLICO AVENUE, BARANGAY LAGAO, GENERAL SANTOS CITY, SOUTH COTABATO",GENERAL SANTOS CITY / SOUTH COTABATO,09328460188/8822211088,"GRAGEDA, OSCAR PANUNCIALAN",oscargrajeda@yahoo.com,HumanIndexDiagnostics@gmail.com,4883030,,1,3,4,WITHOUT CONCERN,PASSED,Highly Satisfactory,SDTLPT-21-0-,1563,HS
13,12-0602-19-PFSS-R,12,JCD HI-PRECISION BIO-LAB,"049 RITZ TOWNHOUSE, SOUTH OSMEÑA ST., GENERAL SANTOS CITY, SOUTH COTABATO",GENERAL SANTOS CITY / SOUTH COTABATO,09228518555/0835535388,"CRISOSTOMO, KENNETH CABRILLOS",jcdgensan@yahoo.com,jcdgensan@yahoo.com,4834054,08/03/2020,4,2,6,WITHOUT CONCERN,PASSED,Acceptable,SDTLPT-21-0-,1564,A
13,12-0603-19-PFSS-R,12,JCD HI-PRECISION BIO-LAB,"JAYCEE AVENUE, GIRL SCOUT BUILDING, KORMADAL CITY, SOUTH COTABATO",KORONADAL CITY / SOUTH COTABATO,09228518555/0835200054,"CRISOSTOMO, KENNETH CABRILLOS",jcdkormadal@yahoo.com,jcdkormadal@yahoo.com,4834055,08/03/2020,4,3,7,WITHOUT CONCERN,PASSED,Acceptable,SDTLPT-21-0-,1565,A
13,12-1350-19-PFSS-R,12,JGR DRUG TESTING CENTER AND MEDICAL CLINIC,"GROUND FLOOR, ROBINSONS MALL, J. CATOLICO ST., BRGY. LAGAO, GENERAL SANTOS CITY, SOUTH COTABATO",GENERAL SANTOS CITY / SOUTH COTABATO,09282760695/818 4667,LINGAYON-SALCEDO NENA CAMIRING,drcarlodee@gmail.com,jgrrobinsons@gmail.com,4886710,7/23/2020,2,3,5,WITHOUT CONCERN,PASSED,Highly Satisfactory,SDTLPT-21-0-,1566,HS
13,12-0604-19-PFSS-R,12,JM DRUG TESTING CENTER,"J.P. LAUREL ST. LIBERTAD, SURALLAH, KORONADAL, SOUTH COTABATO",KORONADAL CITY / SOUTH COTABATO,9162675776,LINGAYON-SALCEDO NENA CAMIRING,jelancebrix@yahoo.com,jelancebrix@yahoo.com,4863954,12/18/2020,5,2,7,WITHOUT CONCERN,PASSED,Acceptable,SDTLPT-21-0-,1567,A
13,12-0611-20-PFSS-R,12,JRG DRUG TESTING CENTER AND MEDICAL CLINIC,"2F GAISANO GRAND MALL, STO. NIÑO, CITY OF KORONADAL, SOUTH COTABATO",KORONADAL CITY / SOUTH COTABATO,09164041986/09209137727,LINGAYON-SALCEDO NENA CAMIRING,nenalingayon@gmail.com,yasminsalvador944@gmail.com,4883027,,4,3,7,WITHOUT CONCERN,PASSED,Acceptable,SDTLPT-21-0-,1568,A
13,12-1674-20-GFSS-I,12,KIDAPAWAN CITY DRUG TESTING LABORATORY,"QUEZON BLVD., POBLACION, KIDAPAWAN CITY, COTABATO",KIDAPAWAN CITY / NORTH COTABATO,09153523020/064 577 1377,"SALCEDO-LINGAYON, NENA CAMIRING",nenalingayon@gmail.com,ema93sg@yahoo.com,4918844,08/12/2020,4,2,6,WITHOUT CONCERN,PASSED,Acceptable,SDTLPT-21-0-,1569,A
13,12-0787-19-PFSS-R,12,M/S DRUG TESTING CENTER,"ASPILLA BLDG. QUIRINO DRIVE, KIDAPAWAN CITY, COTABATO",KIDAPAWAN CITY / NORTH COTABATO,09162937307/064 521 0529,"LEDESMA, ABRAHAM YBAÑEZ",msdtc_@yahoo.com,msdtc_@yahoo.com,4891511,7/29/20,0,3,3,WITHOUT CONCERN,PASSED,Highly Satisfactory,SDTLPT-21-0-,1570,HS
13,12-0820-20-PIBS-R,12,"MLANG SPECIALIST MEDICAL CENTER, INC.","PUROK 2, BARANGAY SANGAT, MLANG, NORTH COTABATO",MLANG/NORTH COTABATO,09987915582/09209137727,LINGAYON-SALCEDO NENA CAMIRING,nenalingayon@gmail.com,msmcilab@yahoo.com,4919939,,1,3,4,WITHOUT CONCERN,PASSED,Highly Satisfactory,SDTLPT-21-0-,1571,HS
13,12-0364-20-PIBS-R,12,RUMERAZ DIAGNOSTIC LABORATORY,"CORONICA DAYAO BLDG. QUEZON BOULEVARD, KIDAPAWAN CITY, COTABATO",KIDAPAWAN CITY / NORTH COTABATO,9109177454,"VERGARA, FLORANNE MARGARET L.",rumerazdiagnosticlaboratory@yahoo.com,rumerazdiagnosticlaboratory@yahoo.com,4919836,7/23/2020,1,3,4,WITHOUT CONCERN,PASSED,Highly Satisfactory,SDTLPT-21-0-,1572,HS
13,12-0822-20-PFSS-R,12,"SAN ROQUE RETROUVAILLE CENTER KORONADAL CITY, SOUTH COTABATO","GSP BLDG., BONIFACIO ST. ZONE IV, KORONADAL CITY, SOUTH COTABATO",KORONADAL CITY / SOUTH COTABATO,09989563144/083-8251707,"GASATAYA, DR. VITA BASIAO",vitz_md@yahoo.com,jnatamayo14@yahoo.com,4890551,07/28/2020,4,3,7,WITHOUT CONCERN,PASSED,Acceptable,SDTLPT-21-0-,1573,A
13,12-0957-20-PIBS-R,12,SOCSARGEN COUNTY HOSPITAL DRUG TESTING LABORATORY,"BULA - LAGAO ROAD, COR L. ARRADAZA ST., GENERA SANTOS CITY, SOUTH COTABATO",GENERAL SANTOS CITY / SOUTH COTABATO,09514817393/553-8906 loc. 110,"CRISOSTOMO, KENNETH CABRILLOS",drkennethcrisostomo@gmail.com,sch_laboratory@yahoo.com,4914726,03/12/2020,0,3,3,WITHOUT CONCERN,PASSED,Highly Satisfactory,SDTLPT-21-0-,1574,HS
13,12-1602-20-GIBS-R,12,SOUTH COTABATO PROVINCIAL HOSPITAL SDTL,"AGUINALDO ST., BRGY. ZONE III AT THE BACK OF PROVINCIAL CAPITOL OF SOUTH COTABATO, KORONADAL CITY, SOUTH COTABATO",KORONADAL CITY / SOUTH COTABATO,09177269214/083 2283206,"GASATAYA, DR. VITA BASIAO",vitz_md@yahoo.com,vitz_md@yahoo.com,4920517,23/07/2020,5,0,5,WITHOUT CONCERN,PASSED,Highly Satisfactory,SDTLPT-21-0-,1575,HS
13,12-XXXX-XX-XXXX-X,12,SPECIALISTS CLINIC AND DIAGNOSTIC LABORATORY,"G/F JUDUTA BLDG., J. CATOLICO SR., VENUE, LAGAO, GENERAL SANTOS CITY, 9500, SOUTH COTABATO",GENERAL SANTOS CITY / SOUTH COTABATO,09094033240/083 887 4551,"DOMINGO, ALEJANDRO JR. LOPEZ",scdlgensan0614@yahoo.com,scdlgensan0614@yahoo.com,4919933,06/19/2020,2,3,5,WITHOUT CONCERN,PASSED,Highly Satisfactory,SDTLPT-21-0-,1576,HS
13,12-0790-19-PIBS-R,12,SPECIALISTS CLINIC AND DIAGNOSTIC LABORATORY,"MARTIN BUILDING, SANTO NINO STREET, POBLACION, MIDSAYAP, NORTH COTABATO",MIDSAYAP / NORTH COTABATO,09468672755/09433974104,"DOMINGO, ALEJANDRO JR. LOPEZ",,scdl_0800@yahoo.com,4919947,7/29/20,2,3,5,WITHOUT CONCERN,PASSED,Highly Satisfactory,SDTLPT-21-0-,1577,HS
13,12-0366-20-PIBS-R,12,ST. ELIZABETH HOSPITAL INC.,"NATIONAL HIGHWAY COR. SANTIAGO BLVD., GENERAL SANTOS CITY, SOUTH COTABATO",GENERAL SANTOS CITY / SOUTH COTABATO,09329626077/09190718854,"CRISOSTOMO, KENNETH CABRILLOS",kccrisostomo@seni.ph,laboratory@seni.ph,4897780,09/12/2019,3,3,6,WITHOUT CONCERN,PASSED,Acceptable,SDTLPT-21-0-,1578,A
13,12-1190-20-PFSS-R,12,TOWNSQUARE DRUG TESTING CENTER,"038 VILLANUEVA BLDG., ROXAS EAST AVE., GENERAL SANTOS CITY, SOUTH COTABATO",GENERAL SANTOS CITY / SOUTH COTABATO,09282565731/083-5542025,"GASATAYA, DR. VITA BASIAO",peachy_nonaillada@yahoo.com.uk,peachy_nonaillada@yahoo.com.uk,4890074,03/01/2020,4,2,6,WITHOUT CONCERN,PASSED,Acceptable,SDTLPT-21-0-,1579,A
13,12-1306-20-GIBS-R,12,TUPI RHU DRUG TESTING LABORATORY,"PK. 8, POBLACION, TUPI, SOUTH COTABATO",TUPI/ SOUTH COTABATO,09466976195/083 226 2827,"GASATAYA, DR. VITA BASIAO",vitz_md@yahoo.com,tupidtl@yahoo.com,4897782,9/17/2020,1,3,4,WITHOUT CONCERN,PASSED,Highly Satisfactory,SDTLPT-21-0-,1580,HS
13,12-0606-20-PIBS-R,12,VITALAB HEALTHCARE INC.,"UNIT 5,6,7 VALLEY HIGH NATIONAL HIGHWAY, GENERAL SANTOS CITY, SOUTH COTABATO",GENERAL SANTOS CITY / SOUTH COTABATO,09985445932/087-4546,"ALCONCEL, EDWIN CACATIAN",vitalab_healthcare@yahoo.com,vitalab_healthcare@yahoo.com,4912422,06/18/2020,1,3,4,WITHOUT CONCERN,PASSED,Highly Satisfactory,SDTLPT-21-0-,1581,HS
4,4A-0697-20-PFSS-R,4A,ABM LABORATORY AND DRUG TEST,"ARC PLACE BLDG. 2 SUMULONG ST., DOLORES, TAYTAY, RIZAL ",TAYTAY CITY / RIZAL,9281894958,"GASCON, JOHANNA RUBY DE LEON",donabelmanalo@gmail.com,donabelmanalo@gmail.com,4904169,04/10/2019,1,4,5,WITHOUT CONCERN,PASSED,Highly Satisfactory,SDTLPT-21-0-,1582,HS
4,4A-0283-20-PIBS-R,4A,"ABR MULTISPECIALTY CLINIC, DIAGNOSTIC AND PHARMACY","TAVERA ST., TAVERA (POB.), PAKIL, LAGUNA ",PAKIL / LAGUNA,09228353867/09355751649,"SUPEÑA, RAYMUNDO COBRES",analizaromeo@yahoo.com,analizaromeo@yahoo.com,4896490,16/04/2019,0,5,5,WITHOUT CONCERN,PASSED,Highly Satisfactory,SDTLPT-21-0-,1583,HS
4,4A-0395-19-PIBS-R,4A,ACCUCELL DIAGNOSTIC CENTER,"RM 219-221 FEMAR BLDG. M.L. QUEZON STREET, SAN ROQUE, ANTIPOLO CITY ",ANTIPOLO CITY/  RIZAL,0927-532-9559/02-8696-6751; 02-8697-6876,"AGUIRRE, ROMIL MILLAN",romilaguirre@yahoo.com,accucelldiagnosticcenter@yahoo.com.ph,4918839,06/02/2020,0,5,5,WITHOUT CONCERN,PASSED,Highly Satisfactory,SDTLPT-21-0-,1584,HS
4,4A-0396-19-PIBS-R,4A,ACCUCELL DIAGNOSTIC CENTER,"SEN. LORENZO SUMULONG, MEMORIAL CIRCLE, SAN ROQUE, ANTIPOLO CITY, RIZAL ",ANTIPOLO CITY/  RIZAL,0927-532-9559/02-8696-6751-52; 02-8697-6876; 8782-9067,"AGUIRRE, ROMIL MILLAN",romilaguirre@yahoo.com,accucelldiagnosticcenter@yahoo.com.ph,4918838,27/02/2020,1,1,2,WITHOUT CONCERN,PASSED,Excellent,SDTLPT-21-0-,1585,E
4,4A-0284-20-PIBS-R,4A,ACCUCHRIST DIAGNOSTIC LABORATORY,"3 SUMULONG ST. BRGY. SAN JUAN, MORONG, RIZAL ",MORONG / RIZAL,09062415180/02-2136073,"DEMATERA, FRANCIS FENIQUITO",ffdematera1014,lfgeronimo55@yahoo.com,4910740,17/02/2020,0,4,4,WITHOUT CONCERN,PASSED,Highly Satisfactory,SDTLPT-21-0-,1586,HS
4,4A-1198-20-PFSS-R,4A,ACCUPROBE DRUG TESTING CENTER,"UNIT 2D 2ND FLR AGUIRRE BLDG., 19 GARCIA ST., BRGY. NUEVA, SAN PEDRO, LAGUNA ",SAN PEDRO / LAGUNA,09199131604/028-832-5366,"BARRON, JAIME A.",accuprobedtc@gmail.com,accuprobedtc@gmail.com,4896494,13/02/2020,1,4,5,WITHOUT CONCERN,PASSED,Highly Satisfactory,SDTLPT-21-0-,1587,HS
4,4A-1250-19-PIBS-I,4A,ACCUREMED DIAGNOSTIC CLINIC AND LABORATORY,"UNIT A&B, BLOCK 34, LOT 12, NARRA I, SILANG, CAVITE",SILANG / CAVITE,09424589574/(046)4339900,"SILVA, AZEUS OBA",docazeesilva@yahoo.com,accuremeddiagnostic@gmail.com,4870558,30/01/2020,1,4,5,WITHOUT CONCERN,PASSED,Highly Satisfactory,SDTLPT-21-0-,1588,HS
4,4A-1507-19-PIBS-I,4A,ADMC PHARMACY AND DIAGNOSTIC CORPORATION,"J. DE LEON STREET (IN FRONT OF RED CROSS), STA. CRUZ, LAGUNA",STA.CRUZ / LAGUNA,(049)501-1560,"PALACOL, IMELDA MARIE FREMIELLE",,admc_97@yahoo.com,4861260,17/02/2020,2,2,4,WITHOUT CONCERN,PASSED,Highly Satisfactory,SDTLPT-21-0-,1589,HS
4,4A-1308-20-PIBS-R,4A,ADRAMEDIX MEDICAL AND DIAGNOSTIC CENTER,"FT. CATAPUSAN ST. PLAZA ALDEA, TANAY RIZAL",TANAY / RIZAL,09557324827/86549545,"LIM, ANNALIZA T.",,Adramedixclinic@gmail.com,4945459,30/01/2020,1,3,4,WITHOUT CONCERN,PASSED,Highly Satisfactory,SDTLPT-21-0-,1590,HS
4,4A-1465-20-PFSS-R,4A,ADSL DRUG SCREENING LABORATORY AND MEDICAL CLINIC,"2ND FLOOR JLL BUILDING, BRGY. PAG-ASA, BINANGONAN, RIZAL ",BINANGONAN / RIZAL,9178401381/(02)8-6939100,"VALLE, ARNULFO ATANACIO",,adsl2017@yahoo.com,4879622,04/06/2020,3,3,6,WITHOUT CONCERN,PASSED,Acceptable,SDTLPT-21-0-,1591,A
4,4A-0499-19-PIBS-R,4A,ADVENTHEALTH MEDICAL AND DIAGNOSTIC CLINIC (FORMERLY PROMED MEDICAL AND DIAGNOSTIC CLINIC),"2ND FLOOR, DON ONOFRE BLDG. II, OLD NATIONAL HI-WAY, SALA, CABUYAO CITY, LAGUNA",CABUYAO CITY / LAGUNA,09087194525/(049)3043150,"BONGAT, ROGELDA GONZALES",adventhealth.mdc@gmail.com,adventhealth.mdc@gmail.com,4828038,29/07/2020,0,5,5,WITHOUT CONCERN,PASSED,Highly Satisfactory,SDTLPT-21-0-,1592,HS
4,4A-0832-19-PFSS-R,4A,AIZAROSE DRUG SCREENING LABORATORY,"2ND FLR. MARCA'S BLDG., BRGY. VILLA NAVA, GUMACA, QUEZON ",GUMACA/QUEZON,09154216928/632-2854,"CRUZ, MARIA LUISA ROSPI P.",aizarose_dsl@yahoo.com,aizarose_dsl@yahoo.com,4904093,30/07/2020,2,2,4,WITHOUT CONCERN,PASSED,Highly Satisfactory,SDTLPT-21-0-,1593,HS
4,4A-0695-20-PIBS-R,4A,"ALANA'S CARE LABORATORY AND DIAGNOSTICS CENTER, INC.","2/F PABOREAL BLDG., BRGY. GOV. FERRER, GEN. TRIAS CITY, CAVITE ",GEN. TRIAS/CAVITE,,,,,4924838,,0,3,3,WITHOUT CONCERN,PASSED,Highly Satisfactory,SDTLPT-21-0-,1594,HS
4,4A-0007-19-PIBS-R,4A,AN ARCHY CLINICAL LABORATORY,"NARRA AVE., UPPER VILLAGE, BRGY. NARRA, SAN PEDRO, LAGUNA ",SAN PEDRO / LAGUNA,,,,,4839332,,1,5,6,WITHOUT CONCERN,PASSED,Acceptable,SDTLPT-21-0-,1595,A
4,4A-0290-20-PFSS-R,4A,ARC DRUG SCREENING LABORATORY,"3RD FLOOR BANAWE BUILDING, PUROK 6, BRGY. BALIBAGO, SANTA ROSA CITY, LAGUNA",SANTA ROSA CITY / LAGUNA,09088182425/(049)54481223,"TORRES, JENNIFER BABASA",jentorresmd@gmail.com,arcdrugtestinglaboratory@gmail.com,4900868,20/02/2020,1,1,2,WITHOUT CONCERN,PASSED,Excellent,SDTLPT-21-0-,1596,E
4,4A-1366-19-GIBS-R,4A,"ARESCOM INFIRMARY CAMP RIEGO DE DIOS, PARADAHAN I, TANZA, CAVITE","PARADAHAN I, TANZA, CAVITE ",TANZA / CAVITE,09274176890/09177291334,"OROPESA, MA. LINDA ESPINA",Arescom_MedicalDispensary@yahoo.com,Arescom_MedicalDispensary@yahoo.com,4854687,21/11/2019,1,4,5,WITHOUT CONCERN,PASSED,Highly Satisfactory,SDTLPT-21-0-,1597,HS
4,4A-0540-20-PFSS-R,4A,ASHER DRUG TESTING LABORATORY,"117 M.L. QUEZON ST. SAN ROQUE, ANTIPOLO CITY, RIZAL ",ANTIPOLO CITY/  RIZAL,09205864072/8251-22-21,"LLANERA, FREDERICK REYES",fllanera@yahoo.com,asher_drugtest@yahoo.com,4898872,9777940219,1,0,1,WITHOUT CONCERN,PASSED,Excellent,SDTLPT-21-0-,1598,E
4,4A-0399-19-PFSS-R,4A,ASJ MEDICAL & DIAGNOSTIC CLINIC,"2F 201 CENTENNIAL BLDG., DIEZMO RD., BRGY PULO, CABUYAO, LAGUNA ",CABUYAO CITY / LAGUNA,09325942844/(049) 544 7323,"CARINGAL, EXALTACION ALMIRANEZ",,asjmd_clinic@yahoo.com,4879629,05/02/2020,2,3,5,WITHOUT CONCERN,PASSED,Highly Satisfactory,SDTLPT-21-0-,1599,HS
4,4A-0016-19-PIBS-R,4A,"AVENTUS MEDICAL CARE, INC.- STA. ROSA ","UNIT 5-9 CARVAJAL BUILDING II, NATIONAL HIGHWAY, BALIBAGO, STA. ROSA, LAGUNA ",STA.ROSA CITY / LAGUNA,09267460717/(049)5300410,"LOPEZ JR., ARTURO CARAANG",laboratory.starosa@aventusmedical.com.ph,laboratory.starosa@aventusmedical.com.ph,4842040,17/01/2020,0,5,5,WITHOUT CONCERN,PASSED,Highly Satisfactory,SDTLPT-21-0-,1600,HS
4,4A-0020-19-PFSS-R,4A,"BALAYAN MEDICAL CLINIC, LABORATORY SERVICES & DRUG TESTING CENTER","TOLENTINO BLVD., BALAYAN, BATANGAS ",BALAYAN / BATANGAS,09176204143/09758505873,"MARTINEZ, MEMARIBEL PEDRAZA",monepmart@gmail.com,balayanlab_dtc@yahoo.com,4858702,23/12/2019,0,1,1,WITHOUT CONCERN,PASSED,Excellent,SDTLPT-21-0-,1601,E
4,4A-1254-19-PIBS-R,4A,BALIBAGO POLYCLINIC AND HOSPITAL DRUG TESTING LABORATORY,"PROVINCIAL ROAD, BRGY. BALIBAGO, SANTA ROSA, LAGUNA ",STA.ROSA CITY / LAGUNA,09171450518/0495341591,"FIBRA, AMELIA CO",bphdtl1996@gmail.com,bphdtl1996@gmail.com,4847450,30/01/2020,1,1,2,WITHOUT CONCERN,PASSED,Excellent,SDTLPT-21-0-,1602,E
4,4A-0703-19-PFSS-R,4A,BATANGAS CLINICAL LABORATORY,"32, RAMOS BLDG., D. SILANG ST., BRGY. 19, BATANGAS CITY, BATANGAS ",BATANGAS CITY / BATANGAS,09175716785/(043)722-2362,"RAMOS, CELSO SAEZ",rcelso69@yahoo.com,bats_clinicalab@yahoo.com,4844254,05/12/2019,3,1,4,WITHOUT CONCERN,PASSED,Highly Satisfactory,SDTLPT-21-0-,1603,HS
4,4A-1171-20-GIBS-R,4A,BATANGAS MEDICAL CENTER DRUG TESTING LABORATORY,"RM 20 2ND FLOOR OPD BUILDING, BIHI ROAD, CAPITOL SITE, KUMINTANG IBABA, BATANGAS CITY ",BATANGAS CITY / BATANGAS,09282174502/(043)7408307 LOC 1048,"PAGDUNZULAN, FRANK GERALD CATANGAY",fgcpagdunzulan19@gmail.com,djhuliu209@gmail.com/batmc_dtl@yahoo.com,4894405,23/07/2020,2,5,7,WITHOUT CONCERN,PASSED,Acceptable,SDTLPT-21-0-,1604,A
4,4A-1372-20-PIBS-I,4A,BCA MEDICAL DISTRIBUTION & DIAGNOSTIC CENTER,"NO. 3525 GENERAL MALVAR AVE. BRGY. POBLACION 2, STO. TOMAS, BATANGAS",STO. TOMAS CITY/ BATANGAS,09431392348/043-430-5841,"LEDESMA, DEXTER AGUDON",dexteraledesma@yahoo.com,bcamedclinic@gmail.com,4914812,26/12/2019,0,5,5,WITHOUT CONCERN,PASSED,Highly Satisfactory,SDTLPT-21-0-,1605,HS
4,4A-1719-20-PIBS-I,4A,BEYOND MEDICAL HUB INC.,"EJ BLDG., DOÑA CONCHA, PASTOR ROAD, PALLOCAN WEST, BATANGAS CITY",BATANGAS CITY / BATANGAS,09175200653/09989570487,"DE CHAVEZ, AIRA LIZA  FAJARDO",beyondmedicalhub@gmail.com,laboratorybeyondmedicalhubinc@gmail.com,4923129,28/01/2021,2,4,6,WITHOUT CONCERN,PASSED,Acceptable,SDTLPT-21-0-,1606,A
4,4A-0830-20-PIBS-R,4A,BINAKAYAN HOSPITAL AND MEDICAL CENTER INC.,"175 COVELANDIA RD., BRGY. BALSAHAN- BISITA, BINAKAYAN, KAWIT, CAVITE ",KAWIT / CAVITE,0956-5232584/(046) 516 0500 loc 103,"CEJUDO, NEILA DE ASIS",neilacejudo@@outlook.com,bhmclaboratory@gmail.com,4919521,26/08/2020,0,4,4,WITHOUT CONCERN,PASSED,Highly Satisfactory,SDTLPT-21-0-,1607,HS
4,4A-0291-20-PIBS-R,4A,"BINANGONAN LAKEVIEW HOSPITAL, INC.","KM. 31 MANILA EAST ROAD,TAGPOS, BINANGONAN, RIZAL ",BINANGONAN / RIZAL,09175311633/02-570-0791 loc 181,"ALVARADO, ANAROSE CARIAGA",alvaradoclinicdiagnostic@gmail.com,blhi.lab1032014@gmail.com,4894133,11/02/2020,1,2,3,WITHOUT CONCERN,PASSED,Highly Satisfactory,SDTLPT-21-0-,1608,HS
4,4A-1370-19-PIBS-R,4A,BIO-AID DIAGNOSTIC CENTER,"2/F- LAB DEPARTMENT, FABELLA-NARCISO MEDICAL AND MATERNITY CLINIC AND INFIRMARY, BLOCK 1 LOT 4 FATIMA 1, DBB, DASMARIÑAS, CAVITE ",DASMARIÑAS CITY / CAVITE,09051708844/(046)8511453,"FABELLA-NARCISO, CHARLENE GADON",bioaid.ccnhealthcare@gmail.com,bioaid.ccnhealthcare@gmail.com,4854709,31/10/2019,0,4,4,WITHOUT CONCERN,PASSED,Highly Satisfactory,SDTLPT-21-0-,1609,HS
4,4A-0022-19-PIBS-R,4A,BIOHEALTH MEDICAL CLINIC AND DIAGNOSTICS CORP.,"248 GENERAL TRIAS DRIVE (IN FRONT OF PETRON GAS STATION), ROSARIO, CAVITE ",ROSARIO / CAVITE,(046)4323288,"SOLIS, FLORECITA LUDIVINA TESORO",biohealth.laboratory@gmail.com,biohealth.medicaldiagnostic@gmail.com,4835705,23/12/2019,2,4,6,WITHOUT CONCERN,PASSED,Acceptable,SDTLPT-21-0-,1610,A
4,4A-0704-19-PIBS-R,4A,BIOTEKNIQUE DIAGNOSTIC LABORATORY CORPORATION,"2/F ATDRMAM BLDG., J.P. LAUREL HIGHWAY, MATAAS NA LUPA, LIPA CITY, BATANGAS ",LIPA CITY / BATANGAS,09057603464/(043)7561622,"ATUN, JENNY MAUREEN LAURINARIA",05.biotek@gmail.com,05.biotek@gmail.com,4852712,13/12/2019,2,1,3,WITHOUT CONCERN,PASSED,Highly Satisfactory,SDTLPT-21-0-,1611,HS
4,4A-0705-19-PFSS-R,4A,CABUYAO MEDICAL CLINIC & PHARMACY,"(IN FRONT OF OSPITAL NG CABUYAO) 83 LIMCAOCO SUBD., BRGY. III, CABUYAO CITY, LAGUNA ",CABUYAO CITY / LAGUNA,09325640648/(049)531-0192,"BONGAT, ROGELDA GONZALES",rogiebongat_md@yahoo.com,cabuyao_medicallab@yahoo.com,4849312,13/12/2019,0,4,4,WITHOUT CONCERN,PASSED,Highly Satisfactory,SDTLPT-21-0-,1612,HS
4,4A-0295-20-PIBS-R,4A,CALAMBA DOCTORS' HOSPITAL,"KM 49 NATIONAL HIGHWAY, PARIAN, CALAMBA, LAGUNA ",CALAMBA CITY / LAGUNA,09159240992/(049) 5457371,MARY ANN O. CABRERA,amsi.cdhlaboratory@gmail.com,amsi.cdhlaboratory@gmail.com,4910599,06/02/2020,2,3,5,WITHOUT CONCERN,PASSED,Highly Satisfactory,SDTLPT-21-0-,1613,HS
4,4A-1018-20-PIBS-R,4A,CALAMBA MEDICAL CENTER DRUG TESTING LABORATORY,"CROSSING, BRGY. REAL, CALAMBA, LAGUNA ",CALAMBA CITY / LAGUNA,09223440552/(049)5456080 loc. 1216,"TORRES, JENNIFER BABASA",jentorresmd@gmail.com,drugtest@cmc.ph,4878794,08/11/2019,1,3,4,WITHOUT CONCERN,PASSED,Highly Satisfactory,SDTLPT-21-0-,1614,HS
4,4A-1548-19-PIBS-I,4A,"CARMONA HOSPITAL AND MEDICAL CENTER, INC.","MACARIA BUSINESS CENTER, GOVERNOR'S DRIVE COR. PURIFICACION ST., BRGY. MABUHAY, CARMONA, CAVITE ",CARMONA / CAVITE,09663292291/09985829983/(046) 419-8110,"LOPEZ JR., ARTURO C.",chmci.lab@gmail.com,chmci.lab@gmail.com,4919831,23/07/2020,1,4,5,WITHOUT CONCERN,PASSED,Highly Satisfactory,SDTLPT-21-0-,1615,HS
4,4A-1163-19-GIBS-R,4A,CAVITE NAVAL HOSPITAL DRUG TESTING LABORATORY,"PASCUAL LEDESMA NAVAL STATION, FORT SAN FELIPE, CAVITE CITY ",CAVITE CITY/CAVITE,09178482980/(046)4310469,"SEVILLA, WILFREDO FELICIA",willsevilla@yahoo.com,cnhlab.dt@yahoo.com,4834957,20/02/2020,2,4,6,WITHOUT CONCERN,PASSED,Acceptable,SDTLPT-21-0-,1616,A
4,4A-1739-20-PIBS-I,4A,"CENTER FOR HEALTH SERVICES, INC. - CAVITE","BLOCK 31A LOT 4C, BROOKSIDE LANE, BRGY. SAN FRANCISCO, GENERAL TRIAS, CAVITE",GENERAL TRIAS/ CAVITE,0917-701-4427/(046) 412-2767,"GO, CARL CHESTER FLOYD LUANSING",,chsicavite.laboratory@gmail.com,4938292,16/03/2021,0,5,5,WITHOUT CONCERN,PASSED,Highly Satisfactory,SDTLPT-21-0-,1617,HS
4,4A-0975-20-PFSS-R,4A,CGA CLINICAL LABORATORY,"20 GEN. LUNA ST., SAN PABLO CITY, LAGUNA ",SAN PABLO CITY / LAGUNA,09494907865/(049) 5621868,"CARINGAL, EXALTACION ALMIRANEZ",cga_clin_lab@yahoo.com,cga_clin_lab@yahoo.com,4904176,18/11/2019,2,3,5,WITHOUT CONCERN,PASSED,Highly Satisfactory,SDTLPT-21-0-,1618,HS
4,4A-1209-20-PIBS-R,4A,CHEDRICK LABORATORY AND DIAGNOSTIC CENTER,"F. MANGOBOS ST., POBLACION I, BAUAN, BATANGAS ",BAUAN / BATANGAS,09177739240/(043) 4035686,"TORIO, MARITESS TERESITA MENDOZA",mtmtpath@yahoo.com,chedricklaboratory@yahoo.com,4919822,15/07/2020,0,5,5,WITHOUT CONCERN,PASSED,Highly Satisfactory,SDTLPT-21-0-,1619,HS
4,4A-0500-19-PIBS-R,4A,"CHERONZELLE DIAGNOSTIC LABORATORY, X-RAY AND MEDICAL CLINIC","290(2/F) SAN VICENTE ST. BRGY. NUEVA, SAN PEDRO LAGUNA ",SAN PEDRO / LAGUNA,09176022073/0288086970,"MANERA, GODOFREDO RAINIER BUSTO",nalu504@yahoo.com,cheronzelle_medicalclinic@yahoo.com,4882826,20/08/2020,3,2,5,WITHOUT CONCERN,PASSED,Highly Satisfactory,SDTLPT-21-0-,1620,HS
4,4A-XXXX-19-PIBS-I,4A,CITI_CARE ULTRASOUND SERVICES AND DIAGNOSTIC CENTER,"002 DR. J. SALUD ST., MAGDIWANG, NOVELETA, CAVITE ",NOVELETA / CAVITE,09070976238/4762516,"SOLIS, FLORECITA LUDIVINA TESORO",citicare_862010@yahoo.com,citicare_862010@yahoo.com,4881382,01/06/2021,3,1,4,WITHOUT CONCERN,PASSED,Highly Satisfactory,SDTLPT-21-0-,1621,HS
4,4A-XXXX-19-PIBS-I,4A,CITI_CARE ULTRASOUND SERVICES AND DIAGNOSTIC CENTER,"1012 NATIONAL ROAD, BANTAYAN, BINAKAYAN, KAWIT, CAVITE ",KAWIT / CAVITE,481-7112,"SOLIS, FLORECITA LUDIVINA TESORO",citicare_862010@yahoo.com,citicare_862010@yahoo.com,4881383,10/10/2019,1,0,1,WITHOUT CONCERN,PASSED,Excellent,SDTLPT-21-0-,1622,E
4,4A-1445-18-PIBS-I,4A,"CITY OF GENERAL TRIAS DOCTORS MEDICAL CENTER, INC.","GOVERNORS DRIVE, BRGY. MANGGAHAN, GENERAL TRIAS CITY, CAVITE ",GENERAL TRIAS/ CAVITE,09664632175/4162222 LOC 174,"ROTOLLO, DOREEN LABAYANDOY",gentridocslaboratory@yahoo.com,gentridocslaboratory@yahoo.com,4860558,18/06/2020,1,3,4,WITHOUT CONCERN,PASSED,Highly Satisfactory,SDTLPT-21-0-,1623,HS
4,4A-1561-21-PFSS-R,4A,CLS DIAGNOSTIC AND MEDICAL CLINIC,"2ND FLOOR DM RAGASA BUILDING BRGY PARIAN, CALABAMBA CITY, LAGUNA",CALAMBA CITY / LAGUNA,9324100940,"SILVA, AZEUS OBA",azesilvamd@yahoo.com,clsdiagnostic@yahoo.com,4960175,13/02/2020,1,3,4,WITHOUT CONCERN,PASSED,Highly Satisfactory,SDTLPT-21-0-,1624,HS
4,4A-1702-20-PFSS-I,4A,COSTA MEDICA HEALTHCARE AND DIAGNOSTIC CENTER,"LOT 1 BLK 2 REMIGIO BUILDING, COSTA VERDE, ROSARIO, CAVITE",ROSARIO / CAVITE,09175914511/09452203805/(046) 454-3467,"LEDESMA, DEXTER AGUDON",dexteralederma@yahoo.com,costamedica@yahoo.com,4918890,07/08/2020,0,5,5,WITHOUT CONCERN,PASSED,Highly Satisfactory,SDTLPT-21-0-,1625,HS
4,4A-XXXX-20-PIBS-R,4A,CP REYES SATELLITE DRUG SCREENING LABORATORY,"BARANGAY SANTIAGO, MALVAR, BATANGAS",,9338294193,"RAMOS, CELSO SAEZ",tmcidtl@yahoo.com,benjamincharmaine@ymail.com,4894916,15/01/2020,0,4,4,WITHOUT CONCERN,PASSED,Highly Satisfactory,SDTLPT-21-0-,1626,HS
4,4A-0046-20-PIBS-R,4A,"CRM CLINICAL LABORATORY, DRUG TESTING & MEDICAL CLINIC","GEN. MALVAR AVE., BRGY. 4, STO. TOMAS, BATANGAS",STO. TOMAS CITY/ BATANGAS,09985401350/(043) 778-6274,AZEUS O. SILVA,azesilvamd@yahoo.com.ph,crmcynthia@gmail.com,4891748,24/01/2020,1,4,5,WITHOUT CONCERN,PASSED,Highly Satisfactory,SDTLPT-21-0-,1627,HS
4,4A-1063-21-PIBS-R,4A,CURIS LABORATORY AND DIAGNOSTIC CENTER,"HINCH BUILDING, P. CANLAPAN St COR APACIBLE ST, BATANGAS CITY, BATANGAS",BATANGAS CITY / BATANGAS,09677709932/09503623832/(043)4024386,"TORIO, MARITESS TERESITA MENDOZA",mtmtpatho@yahoo.com,curisldc@gmail.com,4957677,09/07/2020,2,4,6,WITHOUT CONCERN,PASSED,Acceptable,SDTLPT-21-0-,1628,A
4,4A-1398-20-PIBS-R,4A,CYGNETMED HEALTH SYSTEM- DRUG TESTING LABORATORY,"HS BERON TRI-CENTER, NATIONAL HIGHWAY, TAGAPO, CITY OF STA . ROSA, LAGUNA",STA.ROSA CITY / LAGUNA,09328512134/(049)3022017,"LLANERA, FREDERICK",admin_chs@gmail.com,dtl_chs@cygnetmed.com,4715958,13/12/2019,1,2,3,WITHOUT CONCERN,PASSED,Highly Satisfactory,SDTLPT-21-0-,1629,HS
4,4A-0299-20-PIBS-R,4A,DANIEL O. MERCADO MEDICAL CENTER,"# 1 PRES. LAUREL HIGHWAY, TANAUAN CITY, BATANGAS ",TANAUAN CITY / BATANGAS,09199208093/7781810 LOC 110,"NAVARRO, ROZANI ODOÑO",danielmercadomc@yahoo.com,danielmercadomc@yahoo.com,4882829,27/02/2020,1,5,6,WITHOUT CONCERN,PASSED,Acceptable,SDTLPT-21-0-,1630,A
4,4A-1558-19-PFSS-I,4A,DASMA- MEDICA DRUG TESTING CENTER,"#50 DON PLACIDO CAMPOS AVE., COR. J. RAMIREZ ZONE 1, DASMARIÑAS CITY, CAVITE",DASMARIÑAS CITY / CAVITE,09338130522/09209203439,"CRUZ, LUIS PATERNO",pathoshark@yahoo.com,dasmamedica2019@gmail.com,4829834,23/07/2020,1,3,4,WITHOUT CONCERN,PASSED,Highly Satisfactory,SDTLPT-21-0-,1631,HS
4,4A-1368-19-PIBS-R,4A,DASMARIÑAS CITY MEDICAL CENTER INC.,"2F LABORATORY DEPARTMENT, SALAWAG CROSSING, SALAWAG, DASMARIÑAS CITY , CAVITE ",DASMARIÑAS CITY / CAVITE,09176371409/(046) 4839000 loc 9045,"PASCUAL, JOANNE MARIE RODRIGUEZ",jmrp1116@gmail.com,dcmcdrugtestlab@yahoo.com,4890137,16/04/2019,1,5,6,WITHOUT CONCERN,PASSED,Acceptable,SDTLPT-21-0-,1632,A
4,4A-XXXX-XX-XXXX-X,4A,DCEPS MEDICAL SERVICES CO.,"A. SORIANO HIGHWAY AMAYAL, TANZA, CAVITE CITY",CAVITE CITY/CAVITE,9175046399,"DOTOLLO, DOREEN L.",dceps.medical.services@gmail.com,dceps.medical.services@gmail.com,5001524,06/02/2020,,,,WITHOUT CONCERN,PASSED,Excellent,SDTLPT-21-0-,1633,E
4,4A-1565-20-PFSS-R,4A,"DCLC HEALTHCARE DIAGNOSTICS, INC.","TRC PLACE, SUMULONG HIGHWAY, BRGY. SAN ISIDRO, CAINTA, RIZAL ",CAINTA CITY / RIZAL,09228444819/8871-7557,"LLANERA, FREDERICK REYES",lab@dclc.wsc.ph,lab@dclc.wsc.ph,4917355,18/06/2020,1,2,3,WITHOUT CONCERN,PASSED,Highly Satisfactory,SDTLPT-21-0-,1634,HS
4,4A-0027-19-PIBS-R,4A,DE LA SALLE - HSC DRUG TESTING LAB,"3RD FLR. ANGELO KING BLDG., MED. RESEARCH CENTER, GOV. D . MANGUBAT AVE., BUROL, DASMARIÑAS, CAVITE ",DASMARIÑAS CITY / CAVITE,09152938067/(046)4300131 loc 1118,"CRUZ, LUIS PATERNO",pathoshark@yahoo.com,delasallehsc_drugtestinglab@yahoo.com.ph,4829833,,1,1,2,WITHOUT CONCERN,PASSED,Excellent,SDTLPT-21-0-,1635,E
4,4A-1166-19-PIBS-R,4A,DIVINE GRACE MEDICAL CENTER (ACE MED INC.),"2ND. FLR., DIVINE GRACE MEDICAL CENTER MAIN BUILDING, EPZA BY-PASS ROAD, TEJERO, GENERAL TRIAS, CAVITE ",GENERAL TRIAS/ CAVITE,099778208498/(046)4826888 loc 114-116,"ABAD-LAPUEBLA, MARIMIN, ALTEZA",maabad.lapueblaupmd76@yahoo.com,dgmc_sdtl@yahoo.com.ph,4831974,23/07/2020,,,,WITHOUT CONCERN,PASSED,Excellent,SDTLPT-21-0-,1636,E
4,4A-0932-21-PIBS-R,4A,DOC AID DIAGNOSTIC CENTER,G/F LAGMAN - GARCIA BLDG. MOLINO RD. 3 BACOOR CAVITE 4A,BACOOR CITY / CAVITE,09279597669/(046)9706357,MONINA C. MONTENEGRO,docaiddiagnostics@gmail.com,docaiddiagnostics@gmail.com,4965310,09/01/2020,0,4,4,WITHOUT CONCERN,PASSED,Highly Satisfactory,SDTLPT-21-0-,1637,HS
4,4A-0028-19-PIBS-R,4A,DOC JITZ FAMILY CLINIC AND LABORATORY FACILITY,"157 ML QUEZON AVE., BRGY. SAN ROQUE, ANTIPOLO CITY, RIZAL ",ANTIPOLO CITY/  RIZAL,9662371122,"ESPIRITU, BERNADETTE ROJAS",bremd2004@yahoo.com,docjitzlaboratory@yahoo.com,4886543,13/12/2019,1,5,6,WITHOUT CONCERN,PASSED,Acceptable,SDTLPT-21-0-,1638,A
4,4A-0400-19-PFSS-R,4A,DRUGCHECK PHILIPPINES INC. - BIÑAN,"AREZA TOWN CENTER, NATIONAL HI-WAY, CANLALAY, BIÑAN, LAGUNA ",BIÑAN / LAGUNA,09175359350/(049) 511 5601,"ONTOG, MARLENE SIPLON",,dcpi_binan2014@yahoo.com,4854274,09/07/2020,0,4,4,WITHOUT CONCERN,PASSED,Highly Satisfactory,SDTLPT-21-0-,1639,HS
4,4A-0030-19-PIBS-R,4A,E.R. SAN JUAN CLINICAL LABORATORY,"64 RIZAL AVE. BRGY. SAN ISIDRO, TAYTAY, RIZAL ",TAYTAY CITY / RIZAL,09338143559/0286586117,"CLEMENTE, PAULO ANTONIO ESPINO",pauloeclemente@yahoo.com,sjlab87@yahoo.com,4857793,13/12/2019,1,3,4,WITHOUT CONCERN,PASSED,Highly Satisfactory,SDTLPT-21-0-,1640,HS
4,4A-0151-18-PIBS-R,4A,EMILIO AGUINALDO COLLEGE MEDICAL CENTER - CAVITE,"BRGY. SALITRAN II, DASMARIÑAS, CAVITE ",DASMARIÑAS CITY / CAVITE,"09177030263/(046)4163010 loc 111,112","SOLIS, FLORECITA LUDIVINA TESORO",drdvt53@yahoo.com,lab@eacmed.org.ph,4825519,15/11/2019,1,3,4,WITHOUT CONCERN,PASSED,Highly Satisfactory,SDTLPT-21-0-,1641,HS
4,4A-0301-20-PIBS-R,4A,FAMMED DIAGNOSTIC CENTER,"SITIO 1 NATIONAL ROAD, BRGY. BIÑAN, PAGSANJAN, LAGUNA",PAGSANJAN / LAGUNA,9171166206,"TORRES, JENNIFER BABASA",fammeddiagnostic@yahoo.com,fammeddiagnostic@yahoo.com,4893639,20/02/2020,0,1,1,WITHOUT CONCERN,PASSED,Excellent,SDTLPT-21-0-,1642,E
4,4A-0265-18-PFSS-R,4A,"FAMOUS CARE MEDICAL CLINIC, LABORATORY & DIAGNOSTIC CENTER","9027 ANTERO STREET, POBLACION IV, A. SORIANO HIWAY, TANZA, CAVITE ",TANZA / CAVITE,09190053069/046-476-9936,"CABUDOY, RONALD CADIZ",doccab2001@yahoo.com,famouscare_mcldc2008@yahoo.com,4919099,24/01/2020,0,4,4,WITHOUT CONCERN,PASSED,Highly Satisfactory,SDTLPT-21-0-,1643,HS
4,4A-1384-19-PIBS-R,4A,FATIMA UNIVERSITY MEDICAL CENTER ANTIPOLO CORP.,"KM 23 SUMULONG HI-WAY, BRGY. STA. CRUZ, ANTIPOLO, RIZAL ",ANTIPOLO CITY/  RIZAL,09175241722/(02) 7278845,"PASCUAL, HERBERT GUILLERMO",lab.fumca@gmail.com,lab.fumca@gmail.com,4857468,24/01/2020,0,5,5,WITHOUT CONCERN,PASSED,Highly Satisfactory,SDTLPT-21-0-,1644,HS
4,4A-0732-20-PIBS-R,4A,"FIRST CABUYAO HOSPITAL AND MEDICAL CENTER, INC.","12 NATIONAL ROAD, BARANGAY SALA, CABUYAO CITY, LAGUNA ",CABUYAO CITY / LAGUNA,09054615905/8768383 LOC 129,"SILVA, AZEUS OBA",azesilvamd@yahoo.com.ph,laboratory@fchmci.com,4876708,15/01/2020,1,2,3,WITHOUT CONCERN,PASSED,Highly Satisfactory,SDTLPT-21-0-,1645,HS
4,4A-1325-18-PIBS-I,4A,FIRST FILIPINO SAINT HOSPITAL,"GOVERNOR'S DRIVE, SAN ROQUE, NAIC, CAVITE ",NAIC/ CAVITE,09773647861/(046)6863066,"DOTOLLO, DOREEN LABAYANDOY",slrhlaboratory@yahoo.com,slrhlaboratory@yahoo.com,4873289,09/01/2020,0,5,5,WITHOUT CONCERN,PASSED,Highly Satisfactory,SDTLPT-21-0-,1646,HS
4,4A-0035-19-PIBS-R,4A,FIRSTCARE MEDICAL SERVICES INC.,"UNITS 1 & 2 IJF BUILDING, STA. LUCIA DRIVE, COSTA VERDE TEJEROS CONVENTION, ROSARIO, CAVITE ",ROSARIO / CAVITE,09773181104/(046)4400949,"CABRERA, MARY ANN OMILA",first_care2@yahoo.com,first_care2@yahoo.com,4832762,13/12/2019,1,1,2,WITHOUT CONCERN,PASSED,Excellent,SDTLPT-21-0-,1647,E
4,4A-0036-19-PIBS-R,4A,"FIRSTCARE MEDICAL SERVICES, INC.","130 C.M. DELOS REYES ST., MANGGAHAN, GENERAL TRIAS, CAVITE ",GENERAL TRIAS/ CAVITE,09166944945/(046)4162847,"CABRERA, MARY ANN OMILA",fcmed_services@yahoo.com.ph,fcmed_services@yahoo.com.ph,4832676,24/01/2020,1,1,2,WITHOUT CONCERN,PASSED,Excellent,SDTLPT-21-0-,1648,E
4,4A-0708-19-PIBS-R,4A,FORTMED MEDICAL CLINICS INC.- STA. ROSA,"FORTMED BUILDING, UNITED BOULEVARD, STA. ROSA BUSINESS PARK, GREENFIELD CITY, BRGY. SAN JOSE, STA. ROSA CITY, LAGUNA ",STA.ROSA CITY / LAGUNA,09269468792/(049)5844381,"DE ALBAN, AMY ROSE EISMA",starosafortmed@yahoo.com,starosafortmed@yahoo.com,4856585,28/11/2019,1,1,2,WITHOUT CONCERN,PASSED,Excellent,SDTLPT-21-0-,1649,E
4,4A-1020-20-PIBS-R,4A,FRIENDLYCARE FOUNDATION INC.-MASINAG,"G/F SILICONE BLDG., SUMULONG HI-WAY, MAYAMOT, ANTIPOLO, RIZAL ",ANTIPOLO CITY/  RIZAL,682-3015/09228232343,"TORRES, REYNALDO G.",fcmasinag@gmail.com,fcmasinag@gmail.com,4918526,30/01/2020,1,1,2,WITHOUT CONCERN,PASSED,Excellent,SDTLPT-21-0-,1650,E
4,4A-1168-19-PFSS-R,4A,FRNJ DRUG TEST LABORATORY,"UNIT B., 3/F IDI BLDG. KAPT VICTOR ST. CORNER M.H. DEL PILAR, BRGY. III, SILANG, CAVITE  ",SILANG / CAVITE,9176352514,"MALUTO, EMILIANO UGALI JR.",medtek521@gmail.com,medtek521@gmail.com,4861255,18/06/2020,0,3,3,WITHOUT CONCERN,PASSED,Highly Satisfactory,SDTLPT-21-0-,1651,HS
4,4A-1204-20-PIBS-R,4A,GENERAL TRIAS MATERNITY AND PEDIATRIC HOSPITAL,"BRGY. TEJERO, GENERAL TRIAS, CAVITE ",GENERAL TRIAS/ CAVITE,046-4370124,FLORECITA LUDIVINA T. SOLIS,maeho4@yahoo.com,gtmphlab_gt@yahoo.com,4919153,12/03/2020,1,1,2,WITHOUT CONCERN,PASSED,Excellent,SDTLPT-21-0-,1652,E
4,4A-1615-19-PIBS-R,4A,"GENTRI MEDICAL CENTER AND HOSPITAL, INC.","SANTUSAN STREET, BRGY. MANGGAHAN, GENERAL TRIAS, CAVITE ",GENERAL TRIAS/ CAVITE,09558947392/424-0888 loc 115,"DELA ROSA, ROLAND REYES",gmch_lab@yahoo.com,gmch_lab@yahoo.com,4899620,03/09/2020,0,4,4,WITHOUT CONCERN,PASSED,Highly Satisfactory,SDTLPT-21-0-,1653,HS
4,4A-1628-19-PIBS-I,4A,"GLOBAL CARE MEDICAL CENTER OF BAY, INC.","NATIONAL HI-WAY, BRGY. MAITIM, BAY, LAGUNA ",BAY / LAGUNA,09190717015/09054267009,"FLORENTINO, ALEXANDER CAÑETE",alexflorentinomd@gmail.com,gcmcbaylaboratory@gmail.com,4901275,29/07/2020,1,5,6,WITHOUT CONCERN,PASSED,Acceptable,SDTLPT-21-0-,1654,A
4,4A-0504-19-PIBS-R,4A,GLOBAL CARE MEDICAL CENTER OF CANLUBANG,"J. YULO AVENUE, BRGY. CANLUBANG, CALAMBA CITY, LAGUNA ",CALAMBA CITY / LAGUNA,9338696340,"FLORENTINO, ALEXANDER CAÑETE",alexflorentinomd@gmail.com,laboratory@globalcanlubangcare,4897640,9228811396,0,5,5,WITHOUT CONCERN,PASSED,Highly Satisfactory,SDTLPT-21-0-,1655,HS
4,4A-1462-20-PIBS-R,4A,"GLOBAL MEDICAL CENTER OF LAGUNA, INC.","NATIONAL HIGHWAY, BRGY. BANLIC, CABUYAO, LAGUNA ",CABUYAO CITY / LAGUNA,09157906078/(049) 5445812,"CRUZ, LUIS PATERNO",pathoshark@yahoo.com/gmcl.laboratorydt@gmail.com,gmcl.laboratorydt@gmail.com,4915699,05/06/2020,0,4,4,WITHOUT CONCERN,PASSED,Highly Satisfactory,SDTLPT-21-0-,1656,HS
4,4A-1210-20-PIBS-R,4A,GLOBALIFE MEDICAL LABORATORY & POLYCLINIC,"9012 JASMIN ST., DE ROMAN SUBD., DAANG AMAYA I, TANZA, CAVITE",TANZA / CAVITE,09153483286/(046)4891607,"SOLIS, FLORECITA LUDIVINA TESORO",globalife_medlab@yahoo.com.ph,globalife_medlab@yahoo.com.ph,4883390,09/07/2020,4,4,8,WITHOUT CONCERN,PASSED,Acceptable,SDTLPT-21-0-,1657,A
4,4A-1723-19-PIBS-I,4A,GREEN PASTURE SPECIALISTS CLINIC,"BLK5 LOT31 PH4 GOLDEN CITY SUBDIVISION, BRGY. DILA, STA. ROSA CITY, LAGUNA",STA.ROSA CITY / LAGUNA,09424797784/(02) 5194120,"SUPEÑA, RAYMUNDO C.",quickstep_pila@yahoo.com,green_pasturecdc@yahoo.com,4883886,18/02/2021,1,0,1,WITHOUT CONCERN,PASSED,Excellent,SDTLPT-21-0-,1658,E
4,4A-0551-21-PIBS-R,4A,GRT DIAGNOSTIC CENTER,"2/F REYES BLDG. RIZAL AVENUE, TAYTAY CITY, RIZAL",TAYTAY CITY / RIZAL,09152619578/09086550912/82345940,"LLANERA, FREDERICK R",,grttaytay30@gmail.com,4983866,9957545535,1,3,4,WITHOUT CONCERN,PASSED,Highly Satisfactory,SDTLPT-21-0-,1659,HS
4,4A-0979-19-PIBS-R,4A,"HEALTH ACCESS MEDICAL AND LABORATORY SERVICES, INC.","HBC BUILDING, 9023 ROQUE C. LAZAGA SR., BALIBAGO SANTA ROSA CITY LAGUNA",STA.ROSA CITY / LAGUNA,9430926695/049-3024579,"DEFENSOR, DARIO D.",scarecrow_2105@yahoo.com,healthaccess2017@gmail.com,4946500,30/01/2020,1,0,1,WITHOUT CONCERN,PASSED,Excellent,SDTLPT-21-0-,1660,E
4,4A-XXXX-20-PIBS-R,4A,HEALTH CIERGE DIAGNOSTIC CLINIC,"2/F LT BLDG. EMILIO AGUINALDO HI-WAY, SAN AGUSTIN 1, DASMARIÑAS CITY, CAVITE",DASMARIÑAS CITY / CAVITE,9333297052,"MIRANDILLA, ERIC MANILA",ericmirandillamd@gmail.com,hcdc.laboratory@gmail.com,4919785,25/10/2019,0,5,5,WITHOUT CONCERN,PASSED,Highly Satisfactory,SDTLPT-21-0-,1661,HS
4,4A-0305-20-PIBS-R,4A,HEALTH EXPERT CLINICAL LABORATORY,"30 E. RODRIGUEZ HI-WAY, SAN JOSE, RODRIGUEZ, RIZAL ",RODRIGUEZ / RIZAL,09189253901/89972239,"AGUIRRE, ROMIL MILLAN",romilaguirre@yahoo.com,healthexpertcl@yahoo.com,4880649,03/07/2020,1,2,3,WITHOUT CONCERN,PASSED,Highly Satisfactory,SDTLPT-21-0-,1662,HS
4,4A-1429-19-PIBS-R,4A,HEALTHMED SPECIALIST MULTI-SPECIALTY CLINIC & DIAGNOSTIC CENTER CORP.,"G/F MPH BLDG., INDANG-TRECE RD., BRGY. LUCIANO, TRECE MARTIREZ, CAVITE ",TRECE MARTIREZ CITY / CAVITE,09994107907/(046)4167208,"CABUDOY, RONALD DE CADIZ",doccab2001@yahoo.com,healthmed_specialist@yahoo.com,4875091,13/02/2020,0,5,5,WITHOUT CONCERN,PASSED,Highly Satisfactory,SDTLPT-21-0-,1663,HS
4,4A-0306-20-PIBS-R,4A,HEALTHPRO DIAGNOSTIC CENTER,"9008 PURELIFE BLDG. CATTLEYA ST., LM SUBD., MARKET AREA, STA. ROSA, LAGUNA ",SANTA ROSA CITY / LAGUNA,0932-9137680,VOLTAIRE C. YABUT,,healthprodiagnosticcenter@gmail.com,4919807,27/02/2020,1,4,5,WITHOUT CONCERN,PASSED,Highly Satisfactory,SDTLPT-21-0-,1664,HS
4,4A-0831-20-PIBS-R,4A,HEALTHPROBE MEDICAL DIAGNOSTIC CLINIC,"336B ML BUILDING, MOLINO ROAD, MOLINO 3, BACOOR, CAVITE ",BACOOR CITY / CAVITE,0917-8148643/046-5124926/046-8725648,"AMATA, ARNEL HIDALGO",hpdiagnostic2008@gmail.com,hpdiagnostic2008@gmail.com,4918845,26/08/2020,3,0,3,WITHOUT CONCERN,PASSED,Highly Satisfactory,SDTLPT-21-0-,1665,HS
4,4A-1644-20-PIBS-R,4A,HEALTHRITE DIAGNOSTIC SERVICES,"BLK. B LOT 12, LUZVIMINDA I, DASMARIÑAS, CAVITE",DASMARIÑAS CITY / CAVITE,09770128329/046-4351301,"SOLIS, FLORECITA LUDOVINA T.",healthritediagnosticlab@gmail.com,healthritediagnosticlab@gmail.com,4914038,29/07/2020,3,2,5,WITHOUT CONCERN,PASSED,Highly Satisfactory,SDTLPT-21-0-,1666,HS
4,4A-0923-20-PIBS-R,4A,HEALTHSERV LOS BAÑOS MEDICAL CENTER,"8817 NATIONAL HIGHWAY, BATONG MALAKE, LOS BAÑOS, LAGUNA",LOS BAÑOS / LAGUNA,09175033744/(049) 536-4858; (049) 536-8501,"GO, EDNA MAY LASAP",emgpathtwo@yahoo.com,labhealthserv@gmail.com,4884630,09/07/2019,0,3,3,WITHOUT CONCERN,PASSED,Highly Satisfactory,SDTLPT-21-0-,1667,HS
4,4A-0836-19-PIBS-R,4A,HEALTHWEALTH MEDICAL SPECIALIST CO.,"UNIT 106 G/F RETAIL 3 THE SQUARE, LANCASTER NEW CITY, IMUS, CAVITE ",IMUS CITY / CAVITE,09064784215/09204274602,"DOTOLLO, DOREEN LABAYANDOY",,healthwealthmedicalspecialist@yahoo.com,4874695,30/10/2020,0,3,3,WITHOUT CONCERN,PASSED,Highly Satisfactory,SDTLPT-21-0-,1668,HS
4,4A-0404-19-PFSS-R,4A,HI-PRECISION DIAGNOSTICS - ANTIPOLO,"B1 L1 CIRCUMFERENTIAL ROAD, BRGY. SAN ROQUE, ANTIPOLO CITY, RIZAL ",ANTIPOLO CITY/  RIZAL,09176343213/09338182036/87279100,"SANTOS, MARIA LOURDES PINEDA",hpantipolo@hi-precision.com.ph,hpantipolo@hi-precision.com.ph,4916837,14/02/2020,1,5,6,WITHOUT CONCERN,PASSED,Acceptable,SDTLPT-21-0-,1669,A
4,4A-1559-18-PIBS-I,4A,HI-PRECISION DIAGNOSTICS - BACOOR,"UNIT A F.V.Y. COMMERCIAL BLDG., EMILIO AGUINALDO HIGHWAY, BACOOR, CAVITE ",BACOOR CITY / CAVITE,09177138420/09338193884/440-0657,"MONTENEGRO, MONINA CACAWA",ningmontenegro@gmail.com,hpbacoor@hi-precision.com.ph,4916841,05/06/2020,1,4,5,WITHOUT CONCERN,PASSED,Highly Satisfactory,SDTLPT-21-0-,1670,HS
4,4A-0505-19-PFSS-R,4A,HI-PRECISION DIAGNOSTICS - CAINTA,"G/F 105 GARDENWALK, FELIX AVE., BRGY. STO. DOMINGO, CAINTA, RIZAL ",CAINTA CITY / RIZAL,09176343152/395-7012,"HERNANDEZ, SIERRA ROMA SALAZAR",srshernandezmd@yahoo.com,hpcainta@hi-precision.com.ph,4916847,9255007030,0,4,4,WITHOUT CONCERN,PASSED,Highly Satisfactory,SDTLPT-21-0-,1671,HS
4,4A-0405-19-PIBS-R,4A,HI-PRECISION DIAGNOSTICS - DASMARIÑAS,"UNIT 2F 19/14-17  CENTRAL MALL, SALITRAN RD., DASMARIÑAS, CAVITE ",DASMARIÑAS CITY / CAVITE,09178192261/(046) 424-1796,"CABUDOY, RONALDO DE CADIZ",doccab2001@yahoo.com,hpdasma@hi-precision.com.ph,4916785,23/07/2020,0,2,2,WITHOUT CONCERN,PASSED,Excellent,SDTLPT-21-0-,1672,E
4,4A-0406-19-PIBS-R,4A,HI-PRECISION DIAGNOSTICS - KAWIT BRANCH,"UNIT 101 V CENTRAL MALL, CENTENNIAL RD., KAWIT, CAVITE ",KAWIT / CAVITE,09176343240/863-999 loc 111,"CABUDOY, RONALDO DE CADIZ",doccab2001@yahoo.com,hpkawit@hi-precision.com.ph,4916793,06/03/2020,0,3,3,WITHOUT CONCERN,PASSED,Highly Satisfactory,SDTLPT-21-0-,1673,HS
4,4A-0907-19-PIBS-R,4A,HI-PRECISION DIAGNOSTICS PLUS - BATANGAS ,"MEDICAL EXPERT BLDG., NATIONAL ROAD, BRGY. SAN ROQUE, ROSARIO, BATANGAS ",ROSARIO / BATANGAS,09338259509/(043)740-8824,"CUETO, MARICAR HERNANDEZ",maricarhernandezmd@yahoo.com,hpbatangas@hi-precision.com.ph,4916843,18/11/2019,2,5,7,WITHOUT CONCERN,PASSED,Acceptable,SDTLPT-21-0-,1674,A
4,4A-0408-19-PIBS-R,4A,HI-PRECISION DIAGNOSTICS PLUS - CALAMBA BRANCH,"G/F ANDENSON BLDG. III, NATIONAL HIGHWAY, BRGY. PARIAN, CALAMBA, LAGUNA ",CALAMBA CITY / LAGUNA,09177028748/09257075131/(049) 508-9872/8863-9999 loc 297,"MONTENEGRO, MONINA CACAWA",ningmontenegro@gmail.com,hpcalamba@hi-precision.com.ph,4916849,23/07/2020,0,5,5,WITHOUT CONCERN,PASSED,Highly Satisfactory,SDTLPT-21-0-,1675,HS
4,4A-0409-19-PIBS-R,4A,HI-PRECISION DIAGNOSTICS PLUS - STA. ROSA,"UNIT G01 AND G02 SAN JOSE BLDG. STA. ROSA ESTATES COMMERCIAL STRIP, TAGAYTAY RD., STA. ROSA, LAGUNA ",STA.ROSA CITY / LAGUNA,09338259508/(049) 543-6661,"CABUDOY, RONALDO DE CADIZ",hpdsr@hi-precision.com.ph,hpdsr@hi-precision.com.ph,4917007,12/03/2020,2,5,7,WITHOUT CONCERN,PASSED,Acceptable,SDTLPT-21-0-,1676,A
4,4A-0211-21-PIBS-R,4A,HI-PRECISION DIAGNOSTICS PLUS LIPA BRANCH,"6/F ANFA BLDG. J.M. KATIGBAK ST. MATAAS NA LUPA, LIPA CITY, BATANGAS",LIPA CITY / BATANGAS,09230232813/7024037,"CUETO, MARICAR H.",maricarhernandezcuet@hipretiro.com.ph,hplipa@hi-precision.com.ph,4969111,30/01/2020,0,3,3,WITHOUT CONCERN,PASSED,Highly Satisfactory,SDTLPT-21-0-,1677,HS
4,4A-0323-20-PIBS-R,4A,"HMICARE, INC.","9179 GENERAL EMILIO AGUINALDO HIGHWAY, SAMPALOC I, DASMARIÑAS, CAVITE ",DASMARIÑAS CITY / CAVITE,(046) 423-4038 loc 124/ 09154503013,"TEMPLO, FELIPE JR S.",smartbox.net@yahoo.com,maycee.fcwtino@hmi.com.ph,4915627,17/03/2020,1,2,3,WITHOUT CONCERN,PASSED,Highly Satisfactory,SDTLPT-21-0-,1678,HS
4,4A-0093-19-PFSS-R,4A,"HRD SPECIALTY CLINIC AND DIAGNOSTIC SERVICES, INC","250 HERCE'S BLDG., COR. MAMATID RD., BANLIC, CABUYAO, LAGUNA ",CABUYAO CITY / LAGUNA,09172593333/(049)5025114,"OROPILLA, ANGELIE ERISTELA L.",aeristela@gmail.com,hrd_clinic@yahoo.com,4862767,26/12/2019,3,1,4,WITHOUT CONCERN,PASSED,Highly Satisfactory,SDTLPT-21-0-,1679,HS
4,4A-0506-19-PIBS-R,4A,"HRD SPECIALTY CLINIC AND DIAGNOSTIC SERVICES, INC","G/F ANNIE'S PLAZA, SAN AGUSTIN 1, DASMARIÑAS, CAVITE ",DASMARIÑAS CITY / CAVITE,09951583626/0464377972,"SILVA, AZEUS OBA",hrdclinicdasmaii@gmail.com,hrdclinicdasmaii@gmail.com,4862768,261-03-44/09176530246,,3,3,WITHOUT CONCERN,PASSED,Highly Satisfactory,SDTLPT-21-0-,1680,HS
4,4A-0858-20-PFSS-R,4A,ICCT COLLEGES DRUG TESTING CENTER INC.,"V.V. SOLIVEN AVENUE, CAINTA, RIZAL ",CAINTA CITY / RIZAL,682-5914,"LLANERA, FREDERICK REYES",icctdrugtest@yahoo.com,icctdrugtest@yahoo.com,4895417,11/06/2021,1,1,2,WITHOUT CONCERN,PASSED,Excellent,SDTLPT-21-0-,1681,E
4,4A-1205-20-PFSS-R,4A,IHCDL DRUG TESTING CENTER,"UNIT 2C 2/F AGUIRRE BUILDING, GARCIA ST., BARANGAY NUEVA, SAN PEDRO, LAGUNA",SAN PEDRO / LAGUNA,09995635214/8403-3799,"DE GUIA, CYNTHIA AGUILA",deguia.cynthia@gmail.com,ihcdl_dtc@gmail.com,4890049,06/02/2020,3,5,8,WITHOUT CONCERN,PASSED,Acceptable,SDTLPT-21-0-,1682,A
4,4A-1219-18-PIBS-R,4A,IMMANUEL DIAGNOSTIC AND DRUG TESTING LABORATORY,"OHLIMAR BUILDING, JP LAUREL ST., BARANGAY XI, NASUGBU, BATANGAS ",NASUGBU / BATANGAS,09231934695/09279554697/048-4160483,"TORIO, MARITESS TERESITA MENDOZA",mtmtpath@yahoo.com,immanueldiagnostics@gmail.com,4912329,05/08/2020,1,4,5,WITHOUT CONCERN,PASSED,Highly Satisfactory,SDTLPT-21-0-,1683,HS
4,4A-1464-20-PIBS-R,4A,J.A. MANALO MEDICAL LABORATORY AND POLYCLINIC,"GOVERNORS DRIVE, BRGY. SAN MIGUEL 1B, MARAGONDON, CAVITE ",MARAGONDON / CAVITE,09178509626/(046) 2357524,"TUNGOL, ROSANNA SANTOS",jazmin0706@yahoo.com,jazmin0706@yahoo.com,4911296,28/02/2020,1,3,4,WITHOUT CONCERN,PASSED,Highly Satisfactory,SDTLPT-21-0-,1684,HS
4,4A-XXXX-20-PIBS-R,4A,JADE MEDICAL & DIAGNOSTIC CENTER,"3RD FLOOR DRQ BUILDING, JM LOYOLA ST., BRGY. MADUYA, CARMONA, CAVITE",CARMONA / CAVITE,9989954736,"ONTOG, MARLENE SIPLON",jademd_drugtesting@yahoo.com,jademd_drugtesting@yahoo.com,4883881,25/10/2019,,5,5,WITHOUT CONCERN,PASSED,Highly Satisfactory,SDTLPT-21-0-,1685,HS
4,4A-1024-20-PIBS-R,4A,"JANCOR DIAGNOSTICS & MEDICAL, INC.","L43 B22, JANCOR BLDG., MAIN ST., COSTA VERDE SUBD., BRGY. TEJEROS CONVENTION, ROSARIO, CAVITE ",ROSARIO / CAVITE,09363351648/(046) 4727994,"LEDESMA, DEXTER A.",dexteraledesma@yahoo.com,dtl.jancordiagnostic@gmail.com,4912181,22/11/2019,3,5,8,WITHOUT CONCERN,PASSED,Acceptable,SDTLPT-21-0-,1686,A
4,4A-1211-20-PFSS-R,4A,JAZ FAMILY CLINIC AND DIAGNOSTIC CENTER,"24 M. SANTOS ST., SAN ROQUE, ANTIPOLO CITY ",ANTIPOLO CITY/  RIZAL,9162186895,"AGUIRRE, ROMIL MILLAN",,jasmin_magnotesoro@yahoo.com,4918829,18/06/2020,1,5,6,WITHOUT CONCERN,PASSED,Acceptable,SDTLPT-21-0-,1687,A
4,4A-1570-20-PFSS-I,4A,JDJ DRUG TESTING CENTER,"B-8 L-29 AMAPOLA ST., ANTIPOLO HILLS SUBD., BRGY. SAN LUIS, ANTIPOLO CITY",ANTIPOLO CITY/  RIZAL,8663-7392,"AXIBAL, MAXIMO JR BAC",axibalmdpath@yahoo.com.ph,jdjdrugtestingcenter@yahoo.com.ph,4918170,18/06/2020,3,3,6,WITHOUT CONCERN,PASSED,Acceptable,SDTLPT-21-0-,1688,A
4,4A-1173-19-PIBS-R,4A,JHAMEL MEDICAL & DIAGNOSTIC LABORATORY ,"445 DARASA 1, TANAUAN CITY, BATANGAS ",TANAUAN CITY / BATANGAS,,,,,4924839,19/06/2020,0,3,3,WITHOUT CONCERN,PASSED,Highly Satisfactory,SDTLPT-21-0-,1689,HS
4,4A-XXXX-20-PIBS-R,4A,JMY DRUG TESTING LABORATORY,"#6 J. BUENVIAJE ST., CAINTA, RIZAL",CAINTA CITY / RIZAL,9322660039,"GO, CARL CHESTER FLOYD L.",jmy.dtl@gmail.com,jmy.dtl@gmail.com,4884614,26/12/2019,1,1,2,WITHOUT CONCERN,PASSED,Excellent,SDTLPT-21-0-,1690,E
4,4A-1212-20-PIBS-R,4A,JOSETORRES MEDICAL LABORATORY SERVICES AND DIAGNOSTIC CENTER,"KM. 16 AGUINALDO HI-WAY, PANAPAAN 1, CITY OF BACOOR, CAVITE ",BACOOR CITY / CAVITE,0932-847-0689/046-416-44-98,"CAJA, JOCELYN MYRA REYES",,lenardojose99@yahoo.com,4919520,02/10/2020,1,3,4,WITHOUT CONCERN,PASSED,Highly Satisfactory,SDTLPT-21-0-,1691,HS
4,4A-0859-20-PIBS-R,4A,K MATTERS TAGUIG DIALYSIS AND DIAGNOSTIC CENTER COMPANY,"UNITS 33-35 CENTURY COMMERCIAL COMPLEX III, DASMARIÑAS CITY, CAVITE ",DASMARIÑAS CITY / CAVITE,0921-5779166/(046) 686-0450,"MONTENEGRO, MONINA CACAWA",kmattersdasma.laboratory@gmail.com,kmattersdasma.laboratory@gmail.com,4921705,,1,2,3,WITHOUT CONCERN,PASSED,Highly Satisfactory,SDTLPT-21-0-,1692,HS
4,4A-1025-20-PIBS-R,4A,KAIROSMED DIAGNOSTIC CENTER,"#121 DON P. CAMPOS 21F AGRICULTURAL BANK BLDG., DASMARIÑAS CITY CAVITE",DASMARIÑAS CITY / CAVITE,09175603357/09778418256/(046)4890088,"EVANGELISTA, CYRIL KIM NEE- ESTUYE",amygdala50@yahoo.com,kairosmeddiagnostic@gmail.com,4945720,28/11/2019,1,3,4,WITHOUT CONCERN,PASSED,Highly Satisfactory,SDTLPT-21-0-,1693,HS
4,4A-1026-20-PIBS-R,4A,"KAISER MEDICAL CENTER, INC.","PHASE 1 NEAR GATE 2 CAVITE ECONOMIC ZONE, ROSARIO, CAVITE",ROSARIO / CAVITE,09171835288/(046) 8514916,"RODRIGO, RODRIGO C.",laboratorykmccavite@yahoo.com,laboratorykmccavite@yahoo.com,4920401,08/11/2019,1,1,2,WITHOUT CONCERN,PASSED,Excellent,SDTLPT-21-0-,1694,E
4,4A-1635-21-PIBS-R,4A,LABCON DIAGNOSTIC CENTER,"KAPITAN ISKO STREET, LIAN CITY, BATANGAS",LIAN/BATANGAS,09278010154/(043)2773249,"TORIO, MARITESS TERESITA MENDOZA",labcondiagnosticcenter@gmail.com,labcondiagnosticcenter@gmail.com,4972532,05/08/2020,2,2,4,WITHOUT CONCERN,PASSED,Highly Satisfactory,SDTLPT-21-0-,1695,HS
4,4A-1027-20-PIBS-R,4A,LABSERVE DIAGNOSTIC CENTER,"UNIT B 2/F J&H BLDG, ML QUEZON AVE. BRGY. SAN ISIDRO, ANGONO RIZAL",ANGONO CITY / RIZAL,09175585248/02-88758013/87279227,"ESPIRITU, BERNADETTE R.",,labservedc@gmail.com,4946529,30/01/2020,0,5,5,WITHOUT CONCERN,PASSED,Highly Satisfactory,SDTLPT-21-0-,1696,HS
4,4A-0490-20-PFSS-R,4A,LACOSTA FAMILY CLINIC AND DIAGNOSTIC CENTER,"KM 25, ORTIGAS AVE. EXT., TAYTAY, RIZAL ",TAYTAY CITY / RIZAL,8234-1411,"DEFENSOR, DARIO DALISAY",scarecrow_2105@yahoo.com,lacostafamilyclinic@yahoo.com,4919116,27/11/2020,0,2,2,WITHOUT CONCERN,PASSED,Excellent,SDTLPT-21-0-,1697,E
4,4A-0327-20-PIBS-R,4A,LAGUNA DIAGNOSTIC CENTER & MULTISPECIALTY CLINIC - CALAMBA,"NATIONAL HIGHWAY CROSSING, BARANGAY 1 POBLACION, CALAMBA, LAGUNA ",CALAMBA CITY / LAGUNA,09359232519/09420704737,"OROPILLA, ANGELIE ERISTELA L.",,ldc.diagnostic@yahoo.com,4868890,01/02/2020,0,5,5,WITHOUT CONCERN,PASSED,Highly Satisfactory,SDTLPT-21-0-,1698,HS
4,4A-0102-19-PIBS-R,4A,LAGUNA DIAGNOSTIC CENTER & MULTISPECIALTY CLINIC - STA ROSA,"LDC BLDG., NATIONAL ROAD, BRGY. TAGAPO, STA. ROSA CITY, LAGUNA ",STA.ROSA CITY / LAGUNA,498274753,"MANAOIS, HERBERT ZULUETA",ldcstarosa@yahoo.com,ldcstarosa@yahoo.com,4868887,26/12/2019,2,5,7,WITHOUT CONCERN,PASSED,Acceptable,SDTLPT-21-0-,1699,A
4,4A-0325-20-PIBS-R,4A,LAGUNA DIAGNOSTIC CENTER- STA. CRUZ,"3999 QUEZON AVENUE, BRGY. STO. ANGEL SUR, STA. CRUZ, LAGUNA ",STA.CRUZ / LAGUNA,09661503403/(049)5010675,"LEE, ARISTOTLE PETER",ldcstacruz@yahoo.com,ldcstacruz@yahoo.com,4868889,12/03/2020,2,1,3,WITHOUT CONCERN,PASSED,Highly Satisfactory,SDTLPT-21-0-,1700,HS
4,4A-0155-19-PIBS-R,4A,LAGUNA HOLY FAMILY HOSPITAL,"1824 J. DE LEON ST. BRGY. PAGSAWITAN STA. CRUZ, LAGUNA ",STA.CRUZ / LAGUNA,09773979079/0495011278 LOC 222,"RAMOS, CELSO SAEZ",,lhfhlaboratory@gmail.com,4826259,19/09/2019,3,4,7,WITHOUT CONCERN,PASSED,Acceptable,SDTLPT-21-0-,1701,A
4,4A-1657-19-PFSS-I,4A,"LAGUNA INDUSTRIAL HEALTH CLINIC, INC. - PACIANO RIZAL BRANCH","LIHCI BLDG. NATIONAL RD, PACIANO RIZAL, CALAMBA, LAGUNA ",CALAMBA CITY / LAGUNA,09166892317/5024072,"DALMACIO, LEOVIC C.",lagind900@yahoo.com,lagind900@yahoo.com,4850428,14/08/2020,0,2,2,WITHOUT CONCERN,PASSED,Excellent,SDTLPT-21-0-,1702,E
4,4A-0238-18-PIBS-R,4A,LC DIAGNOSTIC CENTER,"230 MERCHAN ST, BRGY 9, LUCENA, QUEZON ",LUCENA CITY / QUEZON,09338111415/0427106215,"TUAZON, TERESITA DE VENCIA",lcdiagnostic24@yahoo.com,lcdiagnostic24@yahoo.com,4863868,15/11/2019,1,5,6,WITHOUT CONCERN,PASSED,Acceptable,SDTLPT-21-0-,1703,A
4,4A-0116-19-PIBS-R,4A,LDC DIAGNOSTIC AND MULTISPECIALTY CLINIC,"B & G BUILDING, JP LAUREL HIWAY COR. S. CASTILLO ST., BARANGAY 2, TANAUAN CITY, BATANGAS ",TANAUAN CITY / BATANGAS,09171463111/0437844620,"EMAR, CUSTODIO",ldc_diagnostic@yahoo.com,ldctanauan@gmail.com,4868885,26/12/2019,1,3,4,WITHOUT CONCERN,PASSED,Highly Satisfactory,SDTLPT-21-0-,1704,HS
4,4A-0860-20-PIBS-R,4A,LIPA MEDIX MEDICAL CENTER,"J.P. LAUREL HIGHWAY, BALINTAWAK, LIPA CITY, BATANGAS ",LIPA CITY / BATANGAS,0933-852-6522/043-756-2342,"RAMOS, CELSO SAEZ",lab.dept_lmmc@yahoo.com,lab.dept_lmmc@yahoo.com,4919827,23/01/2020,2,2,4,WITHOUT CONCERN,PASSED,Highly Satisfactory,SDTLPT-21-0-,1705,HS
4,4A-1028-20-PIBS-R,4A,LIVING MYTH INDUSTRIAL CLINIC,"2ND FLOOR SERAFIN BUSINESS CENTER, BANLIC, CABUYAO, LAGUNA ",BANLIC CABUYAO / LAGUNA,0920-631-1130,"CARINGAL, EXALTACION A.",,mar_rcso2003@yahoo.com,4941780,30/01/2020,0,5,5,WITHOUT CONCERN,PASSED,Highly Satisfactory,SDTLPT-21-0-,1706,HS
4,4A-1213-20-PIBS-R,4A,LOS BAÑOS BIOSCAN CLINLAB AND MEDICAL CLINIC,"AGAPITA COMPLEX, LOPEZ AVE., BATONG MALAKE, LOS BAÑOS , LAGUNA ",LOS BAÑOS / LAGUNA,09455313186/(049) 536-4875,"LEDESMA, DEXTER AGUDON",lb_bioscanclinlab@yahoo.com.ph,lb_bioscanclinlab@yahoo.com.ph,4918892,29/07/2020,0,5,5,WITHOUT CONCERN,PASSED,Highly Satisfactory,SDTLPT-21-0-,1707,HS
4,4A-1429-20-PIBS-R,4A,M.V. SANTIAGO MEDICAL CENTER,"FCIE COMPOUND, BRGY. LANGKAAN II, DASMARIÑAS, CAVITE ",DASMARIÑAS CITY / CAVITE,09179044323/(046) 4021302,"CAGAMPAN, MA. CARMEN LIMLINGAN",mcagmd@yahoo.com,mvsantiagodtl@yahoo.com,4885795,13/02/2020,2,5,7,WITHOUT CONCERN,PASSED,Acceptable,SDTLPT-21-0-,1708,A
4,4A-0754-18-PFSS-R,4A,MACRO ACCESS DRUG TESTING CENTER,"DAYO COMPOUND MAHARLIKA HIGHWAY, SAN NICOLAS, SAN PABLO CITY, LAGUNA ",SAN PABLO CITY / LAGUNA,09202961873/5237389,"PALACOL, IMELDA MARIE F. PALACOL",flowerax@gmail.com,macro_a11@yahoo.com,4850430,29/07/2020,0,4,4,WITHOUT CONCERN,PASSED,Highly Satisfactory,SDTLPT-21-0-,1709,HS
4,4A-0053-20-PIBS-R,4A,MAKILING MEDICAL CLINIC AND DIAGNOSTIC CENTER INC.,"LOT 5 BLOCK 3 KM 53, PAN PHILIPPINE HIWAY, MILAGROSA (TULO), CALAMBA, LAGUNA ",CALAMBA CITY / LAGUNA,(02) 3591990/09065406705,"SOLIS, FLORECITA LUDIVINA TESORO",makilingmed.laboratory@gmail.com,makilingmed.laboratory@gmail.com,4885956,26/12/2019,0,5,5,WITHOUT CONCERN,PASSED,Highly Satisfactory,SDTLPT-21-0-,1710,HS
4,4A-0741-20-PIBS-R,4A,"MARIAN HOSPITAL OF SANTA ROSA, INC.","816-A RIZAL BLVD., BRGY. TAGAPO, SANTA ROSA CITY, LAGUNA",SANTA ROSA CITY / LAGUNA,09175202802/(049) 5029094,"FORONDA, RHONNEL BUCSIT",marian_08@yahoo.com,marian.hospital@yahoo.com.ph,4903082,26/06/2020,1,5,6,WITHOUT CONCERN,PASSED,Acceptable,SDTLPT-21-0-,1711,A
4,4A-0610-21-PFSS-R,4A,MARY IMMACULATE DRUG TESTING AND DIAGNOSITC CENTER,"CROSSING POBLACION 4, STO. TOMAS CITY, BATANGAS",STO. TOMAS CITY/ BATANGAS,9209612059,"SILVA, AZEUS OBA",maryimmaculate.diagnostic@gmail.com,maryimmaculate.diagnostic@gmail.com,4955428,28/10/2019,0,3,3,WITHOUT CONCERN,PASSED,Highly Satisfactory,SDTLPT-21-0-,1712,HS
4,4A-1336-20-PIBS-R,4A,MARY IMMACULATE LABORATORY - GEN. TRIAS,"328 C.M. DELOS REYES AVENUE, MANGGAHAN, GEN. TRIAS, CAVITE ",GENERAL TRIAS/ CAVITE,046-4848001,"QUEIPO, SALVACION NANCY CECILIO",,,4904719,21/11/2019,3,4,7,WITHOUT CONCERN,PASSED,Acceptable,SDTLPT-21-0-,1713,A
4,4A-0536-20-PIBS-R,4A,MARY IMMACULATE LABORATORY - IMUS,"RM 205 MERCURY DRUG BLDG, NUEÑO AVE., TANZANG LUMA I, IMUS, CAVITE ",IMUS CITY / CAVITE,(046) 471-4002,SALVACION C. QUEIPO,rcma_lab@yahoo.com,rcma_lab@yahoo.com,4904720,09451575861/09222240754,1,2,3,WITHOUT CONCERN,PASSED,Highly Satisfactory,SDTLPT-21-0-,1714,HS
4,4A-0308-20-PIBS-R,4A,MARY MEDIATRIX MEDICAL CENTER,"J.P. LAUREL HIGHWAY, MATAAS NA LUPA, LIPA CITY, BATANGAS ",LIPA CITY / BATANGAS,(043) 773-6800 loc-1142,"NAVARRO, ROZANI ODOÑO",rozani_odono@yahoo.com,mmmc_dtolab@yahoo.com,4918919,13/02/2020,0,1,1,WITHOUT CONCERN,PASSED,Excellent,SDTLPT-21-0-,1715,E
4,4A-0491-20-PIBS-R,4A,MD LINK HEALTHCARE INC.,"G/F ROBINSONS PLACE LIPA, JP LAUREL HIGHWAY, LIPA CITY, BATANGAS ",LIPA CITY / BATANGAS,09228280357/(043) 7848484,"ATUN, JENNY MAUREEN LAURINARIA",jenny atun@gmail.com,mdlinklaboratory2017@gmail.com,4895266,07/08/2020,1,3,4,WITHOUT CONCERN,PASSED,Highly Satisfactory,SDTLPT-21-0-,1716,HS
4,4A-1509-20-PIBS-R,4A,"MEDIC8 MEDICAL AND DIAGNOSTIC CENTER, INC. ""CALACA MEDICAL & LABORATORY CENTER""","CALACA HEALTHCARE, GF CALACA NATIONAL HIGHWAY, POBLACION 4, CALACA, BATANGAS",CALACA / BATANGAS,0917-5285757,"CRUZ, GABRIEL JOCSON",binossheryl@gmail.com,medic8.inc@gmail.com,4917890,02/07/2020,0,2,2,WITHOUT CONCERN,PASSED,Excellent,SDTLPT-21-0-,1717,E
4,4A-0717-19-PIBS-R,4A,MEDICAL CENTER WESTERN BATANGAS,"NATIONAL HIGHWAY, BRGY. LANATAN, BALAYAN, BATANGAS ",BALAYAN / BATANGAS,9175516796,"DALAWAMPU-LOYOLA, HAIDE, CASANOVA",mcwb.laboratory@yahoo.com,mcwb.laboratory@yahoo.com,4850108,10/06/2020,1,4,5,WITHOUT CONCERN,PASSED,Highly Satisfactory,SDTLPT-21-0-,1718,HS
4,4A-0054-20-PFSS-R,4A,MEDICROSS HEALTHCARE & DIAGNOSTIC CENTER,"#225 SALUD BLDG., SAN RAFAEL I, NOVELETA, CAVITE ",NOVELETA / CAVITE,0905-357-3621/(046) 438-5987,"DOTOLLO, DOREEN LABAYANDOY",medicross.healthcare2020@gmail.com,medicross.healthcare2020@gmail.com,4886545,15/11/2019,0,5,5,WITHOUT CONCERN,PASSED,Highly Satisfactory,SDTLPT-21-0-,1719,HS
4,4A-0573-18-PFSS-R,4A,"MEDIKA HEALTHCARE SERVICES, INC.","G/F CDG BLDG., 6740 ME SITIO ARATAN PULONG, STA. CRUZ, STA. ROSA CITY, LAGUNA ",STA.ROSA CITY / LAGUNA,9392613777,"SILVA, AZEUS OBA",,medikahealthcare2015@gmail.com,4870047,09173207662/(032) 340-86-26,0,4,4,WITHOUT CONCERN,PASSED,Highly Satisfactory,SDTLPT-21-0-,1720,HS
4,4A-0743-20-PIBS-R,4A,MEDIKO KAPITOLYO MULTISPECIALTY AND DIAGNOSTIC CLINIC INC.,"LOT 1, 2, 3 BLK 2 MARVILLE ANNEX, CIRCUMFERENTIAL ROAD, BRGY. SAN ROQUE, ANTIPOLO CITY",ANTIPOLO CITY/  RIZAL,09260786038/(02) 356-01-49 loc 214,"MUNAR, VENERACION PACIS",laboratorymedikokapitolyo@gmail.com,laboratorymedikokapitolyo@gmail.com,4901733,21/05/2020,0,5,5,WITHOUT CONCERN,PASSED,Highly Satisfactory,SDTLPT-21-0-,1721,HS
4,4A-0513-19-PIBS-R,4A,MEDITROOPS LABORATORY AND DIAGNOSTICS,"LOT 1 BLOCK 1 MAYON DRIVE MONTAÑA SUBD., BURGOS, RODRIGUEZ, RIZAL ",RODRIGUEZ / RIZAL,09953019698/8633-3276,"DEMATERA, FRANCIS ",meditroops@yahoo.com,meditroops@yahoo.com,4916105,09155670275/467-5098,2,2,4,WITHOUT CONCERN,PASSED,Highly Satisfactory,SDTLPT-21-0-,1722,HS
4,4A-0331-20-PIBS-R,4A,"METRO ANTIPOLO HOSPITAL AND MEDICAL CENTER, INC.","1348 MARCOS HIGHWAY, BRGY. MAYAMOT, ANTIPOLO CITY, RIZAL ",ANTIPOLO CITY/  RIZAL,09338267705/722-3208 loc 1020,"TOLENTINO, JANETTE S.",MAHMCL_laboratory@yahoo.com,MAHMCL_laboratory@yahoo.com,4919252,10/06/2020,1,4,5,WITHOUT CONCERN,PASSED,Highly Satisfactory,SDTLPT-21-0-,1723,HS
4,4A-1520-20-PIBS-R,4A,METRO LEMERY MEDICAL CENTER,"PALANAS, LEMERY BATANGAS",LEMERY / BATANGAS,9498287119/(043)4090480,"SILVA, AZEUS OBA",azesilvamd@yahoo.com.ph,laboratory.mlmc@gmail.com,4948613,27/02/2020,1,3,4,WITHOUT CONCERN,PASSED,Highly Satisfactory,SDTLPT-21-0-,1724,HS
4,4A-1301-19-PIBS-R,4A,METRO LIPA MEDICAL CENTER DTL,"J.P. LAUREL HIGHWAY, BRGY. MARAWOY, LIPA CITY, BATANGAS ",LIPA CITY / BATANGAS,09392214065/043-7560549,"TORIO, MARITESS TERESITA M.",mlmc.laboratory@gmail.com,mlmc.laboratory@gmail.com,4848206,23/12/2019,0,2,2,WITHOUT CONCERN,PASSED,Excellent,SDTLPT-21-0-,1725,E
4,4A-1062-19-PIBS-R,4A,MTLAB MEDICAL AND INDUSTRIAL CLINIC,"2/F FCR BLDG. 328 AGUINALDO HIGHWAY, BRGY. SALITRAN I, CITY OF DASMARIÑAS, CAVITE ",DASMARIÑAS CITY / CAVITE,0933-3907278/(046) 423-4849,"SOLIS, FLORECITA LUDIVINA TESORO",mtlabmedical@yahoo.com,mtlabmedical@yahoo.com,4918830,28/02/2020,0,4,4,WITHOUT CONCERN,PASSED,Highly Satisfactory,SDTLPT-21-0-,1726,HS
4,4A-0462-20-PIBS-R,4A,MULTILAB DIAGNOSTIC AND HEALTH SERVICES,"#50 LUCIANO ST., LUCIANO (BITANGAN), TRECE MARTIRES CITY, CAVITE ",TRECE MARTIREZ CITY / CAVITE,09175050084/046-8640766,"FELICIANO, RAYMUNDO FRANCISCO",multilab2013diagnostic@yahoo.com.ph,multilab2013diagnostic@yahoo.com.ph,4903852,27/07/2020,0,5,5,WITHOUT CONCERN,PASSED,Highly Satisfactory,SDTLPT-21-0-,1727,HS
4,4A-1487-20-PIBS-R,4A,MV MASANGKAY X-RAY & LABORATORY CLINIC,"GEN. M. MALVAR AVE., STO. TOMAS CITY, BATANGAS",STO. TOMAS CITY/ BATANGAS,434066501,"SILVA, AZEUS OBA",m.umasangkayclinic@gmail.com,,4880825,05/06/2020,2,5,7,WITHOUT CONCERN,PASSED,Acceptable,SDTLPT-21-0-,1728,A
4,4A-0493-20-PIBS-R,4A,N.L. VILLA MEMORIAL MEDICAL CENTER,"FELIX MANALO ST., LIPA CITY, BATANGAS ",LIPA CITY / BATANGAS,09457401485/(043) 756-1217,"MANGUIAT, MAY MERCADO",nlvmmc_laboratory@yahoo.com,nlvmmc_laboratory@yahoo.com,4884327,05/08/2020,0,2,2,WITHOUT CONCERN,PASSED,Excellent,SDTLPT-21-0-,1729,E
4,4A-0480-21-PFSS-R,4A,NBZ LABORATORY AND DIAGNOSTIC CENTER,"2ND FLOOR #75 EMILIA BLDG., QUEZON AVE., BRGY. SAN ISIDRO, ANGONO CITY, RIZAL",ANGONO CITY / RIZAL,09326203727/84030602,"BAUTISTA, MA. MYSTICA FLODALYN T.",NBZLab@gmail.com,NBZLab@gmail.com,4976143,29/07/2020,3,0,3,WITHOUT CONCERN,PASSED,Highly Satisfactory,SDTLPT-21-0-,1730,HS
4,4A-0744-20-PIBS-R,4A,NCLABS DIAGNOSTIC LABORATORY AND MEDICAL CLINIC,"3F F. ILANO BLDG., 117 NUEVO AVE., POBLACION 4-D, IMUS, CAVITE",IMUS CITY / CAVITE,09279242941/046-6833756,"LEDESMA, DEXTER AGUDON",dexteraledesma@yahoo.com,nclabsnuenoclinicallaboratory@gmail.com,4891130,26/06/2020,1,1,2,WITHOUT CONCERN,PASSED,Excellent,SDTLPT-21-0-,1731,E
4,4A-1315-19-PIBS-R,4A,NEW SINAI MDI HOSPITAL,"TAGAPO NATIONAL HI-WAY, SANTA ROSA CITY, LAGUNA ",SANTA ROSA CITY / LAGUNA,09175121522/0998849881,"LOPEZ, ARTURO JR. CARAANG",mdilab@yahoo.com,mdilab@yahoo.com,4838621,28/01/2020,1,5,6,WITHOUT CONCERN,PASSED,Acceptable,SDTLPT-21-0-,1732,A
4,4A-0463-20-PIBS-R,4A,NICOLAS- BANAL HEALTH SERVICES,"40 E. RODRIGUEZ HI-WAY ST. SAN JOSE, RODRIGUEZ, RIZAL ",RODRIGUEZ / RIZAL,09477863124/(02) 89978384,"AGUIRRE, ROMIL MILLAN",,joybanal25@yahoo.com,4918827,03/08/2020,1,0,1,WITHOUT CONCERN,PASSED,Excellent,SDTLPT-21-0-,1733,E
4,4A-0516-19-PIBS-R,4A,OCCUMEDICA HEALTHCARE SYSTEM CORP.,"1045 ME GOVERNOR'S DRIVE, OREGANO ST., BRGY. MADUYA, CARMONA, CAVITE ",CARMONA / CAVITE,09357883126/09778547577,"ECON, MICHAELSAM ENCARNACION",occumedica.clinic@yahoo.com,occumedica.clinic@yahoo.com,4832671,0325170888 loc 2402/09173239417,3,3,6,WITHOUT CONCERN,PASSED,Acceptable,SDTLPT-21-0-,1734,A
4,4A-0056-20-PIBS-R,4A,ON TOP MEDICAL SERVICES X-RAY AND LABORATORY DIAGNOSTIC CLINIC,"B1 LGA SAN GABRIEL (BESIDE MERCURY DRUG STORE), GENERAL MARIANO ALVAREZ, CAVITE",GENERAL MARIANO/CAVITE,09272748452/0465451181,"RODRIGUEZ, JOANNE MARIE C.",,ontopmedicalservices@gmail.com,4869053,13/12/2019,1,5,6,WITHOUT CONCERN,PASSED,Acceptable,SDTLPT-21-0-,1735,A
4,4A-0309-20-PIBS-R,4A,OPTIMUM HEALTH DIAGNOSTIC AND MEDICAL,"147 ESTEBAN MAYO ST., BARANGAY 6, LIPA CITY, BATANGAS ",LIPA CITY / BATANGAS,0912-623-4300/(043) 784-4035/ 702-8096,"WATANABE, SPENCER SITJAR",spencerwatanabe@yahoo.com,ohdiagnostic@gmail.com,4896991,27/02/2020,2,3,5,WITHOUT CONCERN,PASSED,Highly Satisfactory,SDTLPT-21-0-,1736,HS
4,4A-0335-20-PIBS-R,4A,OUR LADY OF CAYSASAY MEDICAL CENTER INC.,"V. ILUSTRE AVE., LEMERY, BATANGAS",LEMERY / BATANGAS,0906-769-0313/(043) 409-1888-92,"LEE, ARISTOLE PETER TAN",arisleemd@gmail.com,aldrin_relevo@yahoo.com,4887092,13/03/2020,2,0,2,WITHOUT CONCERN,PASSED,Excellent,SDTLPT-21-0-,1737,E
4,4A-0334-20-PFSS-R,4A,"OXFORD LABORATORY & DIAGNOSTIC CENTER, INC.","RM.105 ENTREPRENEUR CENTER, ORTIGAS AVENUE EXTENSION, BRGY. SAN JUAN, CAINTA , RIZAL ",CAINTA CITY / RIZAL,09178825556/02-8584-2674,"BARZA, MARILYN A. CABAL",marilynbarza@gmail.com,oxford_lab@yahoo.com.ph,4918296,20/07/2020,1,0,1,WITHOUT CONCERN,PASSED,Excellent,SDTLPT-21-0-,1738,E
4,4A-0926-20-GIBS-R,4A,PAGAMUTAN NG DASMARIÑAS- DRUG TESTING LAB,"2ND FLR, CONGRESSIONAL ROAD, BUROL II, DASMARIÑAS, CAVITE ",DASMARIÑAS CITY / CAVITE,09208014836/(046) 481-4400 loc 783,"GNILO, IRMA VERONICA M.",pagamutandtl@gmail.com,pagamutandtl@gmail.com,4911050,17/10/2019,2,2,4,WITHOUT CONCERN,PASSED,Highly Satisfactory,SDTLPT-21-0-,1739,HS
4,4A-0747-20-PIBS-R,4A,"PAGSANJAN MEDICAL CLINIC, INC.","NATIONAL HIGHWAY, BRGY. SAMPALOCAN, PAGSANJAN, LAGUNA ",PAGSANJAN / LAGUNA,09178120242/(049) 501-4882,"BELEN, PAULO ENRICO P.",pmclaboratory01@gmail.com,pmclaboratory01@gmail.com,4885438,06/02/2020,1,4,5,WITHOUT CONCERN,PASSED,Highly Satisfactory,SDTLPT-21-0-,1740,HS
4,4A-XXXX-19-PIBS-R,4A,PAMANA MEDICAL CENTER,"NATIONAL HI-WAY, HALANG, CALAMBA, LAGUNA",CALAMBA CITY / LAGUNA,09154351130/0495456858,"ONTOG, MARLENE SIPLON",pamanamedicalcavite@yahoo.com,pamanamedicalcavite@yahoo.com,4831286,30/01/2020,3,5,8,WITHOUT CONCERN,PASSED,Acceptable,SDTLPT-21-0-,1741,A
4,4A-0539-20-PFSS-R,4A,PANAPAAN LABORATORY AND DIAGNOSTIC CENTER,"MCG BLDG. KM 17 AGUINALDO HIGHWAY PANAPAAN IV BACOOR CITY, CAVITE",BACOOR CITY / CAVITE,9216475134/046-6861925,"AMATA, JOHN ARNEL H.",jaamata@yahoo.com,panapaanlab@gmail.com,4946827,09228777019/09301792266,0,5,5,WITHOUT CONCERN,PASSED,Highly Satisfactory,SDTLPT-21-0-,1742,HS
4,4A-1446-19-PFSS-R,4A,PARAÑAQUE ULTRASOUND DIAGNOSTIC CENTER INC.,"379 EMILIO AGUINALDO HIGHWAY, TALABA IV, BACOOR, CAVITE ",BACOOR CITY / CAVITE,09491619087/0464161965,"PINEDA, MINNIE JANE ABALOS",mjaneabalos@yahoo.com,pudc_bacoor@yahoo.com,4874245,09/07/2020,2,1,3,WITHOUT CONCERN,PASSED,Highly Satisfactory,SDTLPT-21-0-,1743,HS
4,4A-0925-19-PFSS-R,4A,"PARAÑAQUE ULTRASOUND DIAGNOSTIC CENTER, INC.- ANIBAN BRANCH","RM8 2/F OCAMPO COMMERCIAL CENTER, ANIBAN 1, BACOOR, CAVITE ",BACOOR CITY / CAVITE,09238765089/0464163956,"PINEDA, MINNIE JANE ABALOS",mjaneabalos@yahoo.com,pudci_aniban@yahoo.com,4878841,23/01/2020,1,0,1,WITHOUT CONCERN,PASSED,Excellent,SDTLPT-21-0-,1744,E
4,4A-0714-20-PIBS-R,4A,PAREDES MEDICAL CENTER AND HOSPITAL,"2F MI PAREDES BLDG., AGUINALDO HI WAY, BAYAN LUMA IV, IMUS CITY, CAVITE ",IMUS CITY / CAVITE,09179807434/(046) 515-1890,"SOLIS, FLORECITA LUDIVINA TESORO",ppcc_lab@yahoo.com,ppcc_lab@yahoo.com,4914520,1/23/2020,0,2,2,WITHOUT CONCERN,PASSED,Excellent,SDTLPT-21-0-,1745,E
4,4A-1311-20-PFSS-R,4A,PDP DRUGTECH DRUG TESTING LABORATORY,"#15 A. BONIFACIO AVE., BRGY. SAN ROQUE (BESIDE M LHUILLIER), CAINTA, RIZAL ",CAINTA CITY / RIZAL,99771588187,"REYES, MARIA LEAL ",odesswina@yahoo.com,,4877487,15/01/2020,1,3,4,WITHOUT CONCERN,PASSED,Highly Satisfactory,SDTLPT-21-0-,1746,HS
4,4A-0465-20-PFSS-R,4A,PEAKCREST DRUGTESTING AND CLINICAL LABORATORY,"ROOM 201 LAGUERTA BLDG., P. TORRES STREET, POBLACION II, LIPA, BATANGAS",LIPA CITY / BATANGAS,09985338078/(043) 741-8961,"SILVA, AZEUS OBA",azesilvamd@yahoo.com.ph,peakcrest.drugtesting@gmail.com,4898442,03/08/2020,0,5,5,WITHOUT CONCERN,PASSED,Highly Satisfactory,SDTLPT-21-0-,1747,HS
4,4A-1179-19-PIBS-R,4A,PERFECT STAR MEDICAL CLINIC,"UNIT 101 J &F BUILDING, V.V. SOLIVEN, BRGY. SAN ISIDRO, CAINTA RIZAL ",CAINTA CITY / RIZAL,09178087469/6373913,"ESTRELLA, AMY P.",,perfectstarclinic@yahoo.com,4857781,25/06/2020,3,2,5,WITHOUT CONCERN,PASSED,Highly Satisfactory,SDTLPT-21-0-,1748,HS
4,4A-1363-20-PIBS-R,4A,PHILIPPINE GEOTHERMAL PRODUCTION COMPANY INC. MAK-BAN CLINIC,"RIZAL AVE., BRGY. BITIN, BAY, LAGUNA  ",BAY / LAGUNA,09178810173/09175307240/(02) 7976-6360,"SUNAGAWA, FRANCIS TERUKAZU STA CRUZ",FSHG@pgpc.com.ph,philippinegeothermalcompany@yahoo.com,4894221,13/12/2019,0,5,5,WITHOUT CONCERN,PASSED,Highly Satisfactory,SDTLPT-21-0-,1749,HS
4,4A-0336-20-PIBS-R,4A,PIONEER CLINICAL LABORATORY AND MEDICAL CLINIC INC.,"PCLI BLDG. NO.1 P. NOBLE ST., BRGY.10 , BATANGAS CITY, BATANGAS ",BATANGAS CITY / BATANGAS,09425683329/09065156271/043-723-0089,"FELICIANO, RAYMUNDO FRANCISCO",chevalierfeliciano@yahoo.com,pclmci.laboratory@gmail.com,4912419,05/02/2020,0,1,1,WITHOUT CONCERN,PASSED,Excellent,SDTLPT-21-0-,1750,E
4,4A-0864-20-PIBS-R,4A,"PMP DIAGNOSTIC CENTER, STA. ROSA, LAGUNA","1241-A-1 NATIONAL HIGHWAY, BRGY. DILA, STA. ROSA, LAGUNA ",SANTA ROSA CITY / LAGUNA,09759155091/(049) 544-7812,"CABUDOY, RONALDO DE CADIZ",doccab2001@yahoo.com,pmpstarosa@yahoo.com,4915242,23/01/2020,0,5,5,WITHOUT CONCERN,PASSED,Highly Satisfactory,SDTLPT-21-0-,1751,HS
4,4A-0337-20-PFSS-R,4A,POLICARPIO-MANESE DRUG TESTING LABORATORY,"LEVEL 2, #137 MAHOGANY AVE. COR TAGAYTAY-AMADEO RD, MAHARLIKA WEST, TAGAYTAY CITY, CAVITE ",TAGAYTAY CITY / CAVITE,0995-4264047/046-4236413,EMILIANO U. MALUTO,policarpiodtl@gmail.com,policarpiodtl@gmail.com,4897051,05/02/2020,1,3,4,WITHOUT CONCERN,PASSED,Highly Satisfactory,SDTLPT-21-0-,1752,HS
4,4A-0930-19-PIBS-R,4A,PRIMACARE MEDICAL LAB & CLINIC,"GROUND FLOOR ROSARIO COMMERCIAL CENTER, GEN. TRIAS DRIVE, EPZA, ROSARIO, CAVITE ",ROSARIO / CAVITE,09237426425/4378860,"SALERA, LEILA T.",,primacaremedicalclinic@yahoo.com,4857566,05/12/2019,1,0,1,WITHOUT CONCERN,PASSED,Excellent,SDTLPT-21-0-,1753,E
4,4A-0203-19-PFSS-R,4A,PRITZ CLINICAL LABORATORY AND DRUG TESTING CENTER,"301 SAN RAFAEL ST. POB. 2., CALACA , BATANGAS ",CALACA / BATANGAS,09175749743/0437414143,"TORIO, MARITESS TERESITA M.",mtmpath@yahoo.com,pritzcalaca_batangas@yahoo.com.ph,4858703,13/12/2019,1,4,5,WITHOUT CONCERN,PASSED,Highly Satisfactory,SDTLPT-21-0-,1754,HS
4,4A-0057-20-PIBS-R,4A,PROVEN CARE DIAGNOSTIC LABORATORY AND MEDICAL CLINIC,"3RD FLOOR FAUSTINO BLDG., 149 DON BOSCO ST., MAYAPA, CALAMBA CITY, LAGUNA ",CALAMBA CITY / LAGUNA,09429823045/0495444862,"CABRERA, MARY ANN OMILA",provencare_diagnostic@yahoo.com.ph,provencare_diagnostic@yahoo.com.ph,4883480,30/01/2020,2,4,6,WITHOUT CONCERN,PASSED,Acceptable,SDTLPT-21-0-,1755,A
4,4A-0717-20-PFSS-R,4A,"PUREHEALTH DIAGNOSTIC CENTER, INC.","MDSW, EMILIO AGUINALDO BLDG., TALABA IV, BACOOR, CAVITE",BACOOR CITY / CAVITE,09167117697/046-416-2215,"PINEDA, MINNIE JANE A. ",purehealthtalaba@yahoo.com,purehealthtalaba@yahoo.com,4918798,05/06/2020,0,3,3,WITHOUT CONCERN,PASSED,Highly Satisfactory,SDTLPT-21-0-,1756,HS
4,4A-0716-20-PFSS-R,4A,"PUREHEALTH DIAGNOSTIC CENTER, INC.- MOLINO BRANCH","BLK. 4 LOT 4 GLO'S BLDG., VILLA MARIA SUBD., GSIS ROAD, MOLINO 3, BACOOR, CAVITE ",BACOOR CITY / CAVITE,09950281611/(046) 424-76-80,"PINEDA, MINNIE JANE A. ",purehealthdiagnostic48@yahoo.com,purehealthdiagnostic48@yahoo.com,4918516,12/07/2020,3,1,4,WITHOUT CONCERN,PASSED,Highly Satisfactory,SDTLPT-21-0-,1757,HS
4,4A-1373-19-PIBS-R,4A,QMMG DIAGNOSTIC CENTER CLINICAL LABORATORY,"13 QUEZON AVENUE, BRGY 1, LUCENA CITY, QUEZON ",LUCENA CITY / QUEZON,09273375925/0427102288,"SUPEÑA, RAYMUNDO COBRES",mmgdiagnosticlaboratory@yahoo.com,mmgdiagnosticlaboratory@yahoo.com,4828044,21/11/2019,2,5,7,WITHOUT CONCERN,PASSED,Acceptable,SDTLPT-21-0-,1758,A
4,4A-0338-20-PIBS-R,4A,QUALIMED HEALTH NETWORK STA. ROSA,"NUVALI NORTH BRGY. STO. DOMINGO, STA. ROSA CITY, LAGUNA ",STA ROSA / LAGUNA,09171503349/(049) 303-0000,"DIMACALI, ANDREW D.",droodimac@yahoo.com,laboratory.str@gmail.com,4919883,23/07/2020,1,5,6,WITHOUT CONCERN,PASSED,Acceptable,SDTLPT-21-0-,1759,A
4,4A-0750-18-GIBS-R,4A,QUEZON MEDICAL CENTER,"QUEZON AVE., BRGY. XI, LUCENA, QUEZON ",LUCENA CITY / QUEZON,09189482492/027176323 LOC. 246,"SUPEÑA, RAYMUNDO COBRES",quezonmedicalcenterlab@gmail.com,quezonmedicalcenterlab@gmail.com,4855812,03/08/2020,0,4,4,WITHOUT CONCERN,PASSED,Highly Satisfactory,SDTLPT-21-0-,1760,HS
4,4A-0542-20-PIBS-R,4A,R.B. LIRIO MEDICAL AND DIAGNOSTIC CLINIC,"NATIONAL ROAD, MAYAPA, CALAMBA CITY, LAGUNA ",CALAMBA CITY / LAGUNA,09173054786/(049) 502-4339,"BONGAT, ROGELDA GONZALES",rogiebongat_md@yahoo.com,rblmedical@yahoo.com,4889843,,1,3,4,WITHOUT CONCERN,PASSED,Highly Satisfactory,SDTLPT-21-0-,1761,HS
4,4A-XXXX-20-PIBS-R,4A,"R.G.O. LABORATORY & INDUSTRIAL DIAGNOSTIC CENTER, INC. (CAVITE BRANCH)","UNIT 103/104/205 H-SQUARE COMMERCIAL COMPLEX, CENTENNIAL ROAD, BRGY. BACAO, GEN. TRIAS, CAVITE",GENERAL TRIAS/ CAVITE,0917-5491517/(046) 4847732,"MANAOIS, HERBERT Z.",rgo.gtcavite@gmail.com,rgo.gtcavite@gmail.com,4898918,04/11/2019,1,2,3,WITHOUT CONCERN,PASSED,Highly Satisfactory,SDTLPT-21-0-,1762,HS
4,4A-XXXX-20-PIBS-R,4A,R.S. PUNZALAN MULTISPECIALTY AND DIAGNOSTIC CLINIC,"BRGY. SAN AGUSTIN (NEAR IGLESIA NI CRISTO), TRECE MARTIRES CITY, CAVITE",TRECE MARTIREZ CITY / CAVITE,09064469834/(046) 423-9508,"LABAYANDOY-DOTOLLO, DOREEN P.",doclab98@yahoo.com,rspunzalan081015@gmail.com,4886544,13/12/2019,3,5,8,WITHOUT CONCERN,PASSED,Acceptable,SDTLPT-21-0-,1763,A
4,4A-0413-19-PIBS-R,4A,REAL CARE LABORATORY AND MEDICAL CLINIC- MORONG,"081 EUNIARC PLAZA TOMAS CLAUDIO ST., BRGY. SAN JUAN, MORONG, RIZAL ",MORONG / RIZAL,09338662321/9548336,"LLANERA, FREDERICK",realcarelaboratory@gmail.com,realcarelaboratory@gmail.com,4869994,20/02/2020,3,1,4,WITHOUT CONCERN,PASSED,Highly Satisfactory,SDTLPT-21-0-,1764,HS
4,4A-0310-PIBS-R,4A,RNR MEDICAL CLINIC AND LABORATORY FACILITY,"LOT 2 BLK 21 NHA AVE BRGY DELA PAZ, ANTIPOLO CITY, RIZAL",ANTIPOLO CITY/  RIZAL,9668934537,"CLEMENTE, PAULO ANTONIO E.",pauloclemente@yahoo.com,RNRdiagnosticClinic@yahoo.com,4971108,23/07/2020,3,2,5,WITHOUT CONCERN,PASSED,Highly Satisfactory,SDTLPT-21-0-,1765,HS
4,4A-0720-20-PIBS-R,4A,SAINT PATRICK'S HOSPITAL MEDICAL CENTER,"LOPEZ JAENA ST., BATANGAS CITY, BATANGAS ",BATANGAS CITY / BATANGAS,09177393011/043 7238196,"CHUA, ABEGAYLE MACHELLE PEREZ",sphdtl@yahoo.com,sphdtl@yahoo.com,4900206,27/02/2020,1,2,3,WITHOUT CONCERN,PASSED,Highly Satisfactory,SDTLPT-21-0-,1766,HS
4,4A-0207-19-PIBS-R,4A,"SAN ANTONIO MEDICAL CENTER OF LIPA, INC.","#2 CM RECTO AVE., BRGY. 9, LIPA CITY, BATANGAS ",LIPA CITY / BATANGAS,09053006602/0437562522,"TACUJAN, KARINA MICHAELA FERRIOLS",schistosomajaponicum31@yahoo.com,schistosomajaponicum31@yahoo.com,4842738,24/01/2020,1,3,4,WITHOUT CONCERN,PASSED,Highly Satisfactory,SDTLPT-21-0-,1767,HS
4,4A-0748-20-PIBS-R,4A,SAN PABLO COLLEGES MEDICAL CENTER,"GROUND FLOOR CENTRAL BUILDING, MAHARLIKA HIGHWAY, BRGY. SAN RAFAEL, SAN PABLO CITY, LAGUNA ",SAN PABLO CITY / LAGUNA,09152671492/0495625562,"MONTANO, ROSELLA L.",rosellamontano@yahoo.com,spcmc.laboratory@yahoo.com,4868029,25/06/2020,1,2,3,WITHOUT CONCERN,PASSED,Highly Satisfactory,SDTLPT-21-0-,1768,HS
4,4A-1217-20-PFSS-R,4A,SAN TADEO DRUG TESTING CENTER,"67 CALLE ILUSTRE, POBLACION ZONE 2, TAAL, BATANGAS ",TAAL / BATANGAS,09063548582/043-4082486,"BARRET, BRIC BATHAN",ericbarretmd@yahoo.com,maabcllon1@yahoo.com,4928069,29/07/2020,2,4,6,WITHOUT CONCERN,PASSED,Acceptable,SDTLPT-21-0-,1769,A
4,4A-1746-20-PIBS-I,4A,SARMAC MEDICAL CLINIC,"BLK. II SAMAGTA RIVERSIDE BRGY. SAN JUAN, TAYTAY RIZAL",TAYTAY CITY / RIZAL,9171962099,"DEFENSOR, DARIO D.",scarecrow_2105@yahoo.com,sarmacmedclinic@yahoo.com,4952557,30/04/2021,1,0,1,WITHOUT CONCERN,PASSED,Excellent,SDTLPT-21-0-,1770,E
4,4A-0208-19-PFSS-R,4A,SARREAL DRUG TESTING CENTER,"188 TOCLONG 2B, CITY OF IMUS, CAVITE ",IMUS CITY / CAVITE,09457217850/(046) 4367916,MONINA C. MONTENEGRO,ningmontenegro@gmail.com,sarred_dtc@yahoo.com,4918799,21/11/2019,1,2,3,WITHOUT CONCERN,PASSED,Highly Satisfactory,SDTLPT-21-0-,1771,HS
4,4A-0209-19-PIBS-R,4A,"SHALOM MEDICAL DIAGNOSTIC LABORATORY, INC.","ZENAIDA ARCADE NO. 43 M.H. DEL PILAR STREET, BRGY. 2, BATANGAS CITY, BATANGAS ",BATANGAS CITY / BATANGAS,0917-515-8240/(043) 786-1798,"CABIC, ALPHA GRACE BAUZON",shalom@shalomlab.ph,shalom@shalomlab.ph,4905363,26/12/2019,1,5,6,WITHOUT CONCERN,PASSED,Acceptable,SDTLPT-21-0-,1772,A
4,4A-0545-20-PFSS-R,4A,SILANG MEDICAL LABORATORY DRUGTEST,"152 J.P. RIZAL ST., POBLACION 2, SILANG, CAVITE",SILANG / CAVITE,09052841231/0464130113,"ROSAL, FELICIDAD MAGNAYE",felirose2003@yahoo.com,smldrugtest2019@gmail.com,4776532,,1,4,5,WITHOUT CONCERN,PASSED,Highly Satisfactory,SDTLPT-21-0-,1773,HS
4,4A-0843-19-PFSS-R,4A,"SILANG SPECIALISTS MEDICAL CENTER, INC.","SAN VICENTE 2, SILANG, CAVITE ",SILANG / CAVITE,09663108220/09176234084,"DOTOLLO, DOREEN LABAYANDOY",doclab98@yahoo.com,ssmc.lab2016@gmail.com,4860059,05/08/2020,1,1,2,WITHOUT CONCERN,PASSED,Excellent,SDTLPT-21-0-,1774,E
4,4A-0749-20-PIBS-R,4A,SOUTHEAST ASIAN MEDICAL CENTER,"MOLINO ROAD, MOLINO 3, BACOOR CITY, CAVITE ",BACOOR CITY / CAVITE,09174422315/(046) 431-0000 loc 1045,"MONTENEGRO, MONINA CACAWA",ningmontenegro@gmail.com,samcilab@yahoo.com,4915777,25/06/2020,1,4,5,WITHOUT CONCERN,PASSED,Highly Satisfactory,SDTLPT-21-0-,1775,HS
4,4A-0211-19-PIBS-R,4A,"SSMC HEALTH, INC.","2/F ANDICO BLDG., GENERAL TRIAS DRIVE, TEJEROS CONVENTION, ROSARIO, CAVITE ",ROSARIO / CAVITE,0928-575-5062/(02) 8-7775-7272,"HARON, IFTIZAR NAKAR",iftizar@yahoo.com.ph,ssmcepza@gmail.com/hatnvrlies@yahoo.com,4886057,26/12/2019,,0,0,WITHOUT CONCERN,PASSED,Excellent,SDTLPT-21-0-,1776,E
4,4A-0078-20-PFSS-R,4A,"SSMC HEALTH, INC.","2ND FLOOR J. ALCASID BLDG., BUSINESS CENTER CROSSING, CALAMBA, LAGUNA ",CALAMBA CITY / LAGUNA,09178860063/0493068566,"HARON, IFTIZAR NAKAN",,ssmc.calamba@yahoo.com,4883396,26/12/2019,1,2,3,WITHOUT CONCERN,PASSED,Highly Satisfactory,SDTLPT-21-0-,1777,HS
4,4A-0077-20-PFSS-R,4A,"SSMC HEALTH, INC.","OLD NATIONAL HIGHWAY, BALIBAGO, STA. ROSA, LAGUNA ",STA.ROSA CITY / LAGUNA,495446710,"HARON, IFTIZAR NAKAN",ssmc.starosa@yahoo.com,ssmc.starosa@yahoo.com,4883395,24/01/2020,0,4,4,WITHOUT CONCERN,PASSED,Highly Satisfactory,SDTLPT-21-0-,1778,HS
4,4A-0188-18-PIBS-R,4A,"ST. ANNE GENERAL HOSPITAL, INC.","P. GOMEZ EXT. RED-V, IBABANG DUPAY, LUCENA CITY, QUEZON ",LUCENA CITY / QUEZON,09473416483/0427103506 LOC 105,"CRUZ, MA. LUISA ROSPI P.",opicruz@gmail.com,saghilabdept@gmail.com,4847069,13/12/2019,2,5,7,WITHOUT CONCERN,PASSED,Acceptable,SDTLPT-21-0-,1779,A
4,4A-0190-18-PIBS-R,4A,ST. DOMINIC MEDICAL CENTER INC.,"EMILIO AGUINALDO HIGWAY TALABA IV, BACOOR CITY, CAVITE ",BACOOR CITY / CAVITE,09185111422/0464172525 LOC 223,"DELA ROSA, ROLAN REYES",anasoltes@yahoo.com,anasoltes@yahoo.com,4825965,15/11/2019,0,1,1,WITHOUT CONCERN,PASSED,Excellent,SDTLPT-21-0-,1780,E
4,4A-0524-19-PIBS-R,4A,"ST. FRANCES CABRINI MEDICAL CENTER, INC.","MAHARLIKA H-WAY, BARANGAY II (POB.), SANTO TOMAS, BATANGAS ",STO. TOMAS CITY/ BATANGAS,09954598470/0437784811,"DE CHAVEZ, AIRA LIZA FAJARDO",dtcabrini@gmail.com,dtcabrini@gmail.com,4850794,,0,5,5,WITHOUT CONCERN,PASSED,Highly Satisfactory,SDTLPT-21-0-,1781,HS
4,4A-XXXX-20-PIBS-R,4A,ST. IGNATIUS DE LOYOLA HEALTH CARE SERVICES,"81 JOAQUINA BLDG., A. BONIFACIO ST., STO. DOMINGO, CAINTA, RIZAL",CAINTA CITY / RIZAL,0917-8009568 / (02) 7213-2124,"TILBE, MARIA LOURDES ARANETA",mltilbe@yahoo.com,stignatiuscainta@yahoo.com,4900791,12/03/2020,2,3,5,WITHOUT CONCERN,PASSED,Highly Satisfactory,SDTLPT-21-0-,1782,HS
4,4A-0469-20-PIBS-R,4A,ST. JAMES HOSPITAL INC. DRUG TESTING LABORATORY,"MARIQUITA PUEBLO, BRGY. DITA, CITY OF SANTA ROSA, LAGUNA ",STA.ROSA CITY / LAGUNA,09338139891/0495341254,"DIMACALI, ANDREW D.",,laboratorystjamesinc@gmail.com,4882072,07/08/2020,0,4,4,WITHOUT CONCERN,PASSED,Highly Satisfactory,SDTLPT-21-0-,1783,HS
4,4A-0340-20-PIBS-R,4A,ST. JOHN OF THE CROSS LABORATORY CLINIC,"252 GEN. LUNA ST., GUITNANG BAYAN, SAN MATEO, RIZAL",SAN MATEO/RIZAL,941-5611-8061072,"LIM, ANNALIZA",stjohnofthecrosslaboratory@yahoo.com,,3953770,05/06/2020,2,5,7,WITHOUT CONCERN,PASSED,Acceptable,SDTLPT-21-0-,1784,A
4,4A-0414-19-PIBS-R,4A,ST. JOSEPH HEALTHCARE INC. ,"2F LIPA COM'L CTR. A. MABINI ST. COR P. TORRES & E. MAYO STS., BRGY 5, LIPA CITY, BATANGAS ",LIPA CITY / BATANGAS,09062762008/ (043) 757-4675,JENNY MAUREEN L. ATUN,marlanmelo79@gmail.com,marlanmelo79@gmail.com,4883883,03/08/2020,0,5,5,WITHOUT CONCERN,PASSED,Highly Satisfactory,SDTLPT-21-0-,1785,HS
4,4A-1732-19-PFSS-I,4A,ST. MAGDALENE POLYCLINIC,"NATIONAL ROAD, BANLIC, CABUYAO CITY, LAGUNA ",CABUYAO CITY / LAGUNA,09171073669/0495340745,"ONTOG, MARLENE SIPLON",,stmagdalenepolyclinic@yahoo.com,4874366,18/02/2021,1,2,3,WITHOUT CONCERN,PASSED,Highly Satisfactory,SDTLPT-21-0-,1786,HS
4,4A-1642-20-PFSS-R,4A,ST. MICHAEL MEDICAL CLINIC & DIAGNOSTIC CENTER,"2ND FLOOR ATDRMAM BLDG., BRGY. UNO, CROSSING, CALAMBA, LAGUNA ",CALAMBA CITY / LAGUNA,09228467662/(049) 545-0871 ,"CASTRO, BU CUBE",smmc_calamba@yahoo.com,smmc_calamba@yahoo.com,4928046,27/07/2020,1,2,3,WITHOUT CONCERN,PASSED,Highly Satisfactory,SDTLPT-21-0-,1787,HS
4,4A-0192-18-PIBS-R,4A,ST. PEREGRINE HEALTHCARE CORPORATION,"G/F J. HUMARANG BLDG., PALANAS, LEMERY, BATANGAS",LEMERY / BATANGAS,043-409-0001,"BIIG, ROSALIN M.",qrsalazarhr@yahoo.com,qrsalazarhr@yahoo.com,4886202,28/01/2019,0,1,1,WITHOUT CONCERN,PASSED,Excellent,SDTLPT-21-0-,1788,E
4,4A-0217-19-PIBS-R,4A,ST. VERONICA CLINICAL LABORATORY AND NEURO PSYCHIATRY TESTING AND EVALUATION CENTER,"43 QUEZON AVENUE ST. BRGY. 2, LUCENA CITY, QUEZON ",LUCENA CITY / QUEZON,09394906081/0423736324,"TORIO, MARITESS TERESITA MENDOZA",mtmtpath@yahoo.com,litaforneste@yahoo.com,4828753,05/12/2019,0,2,2,WITHOUT CONCERN,PASSED,Excellent,SDTLPT-21-0-,1789,E
4,4A-0195-18-PIBS-R,4A,STO. DOMINGO DIAGNOSTIC AND MEDICAL CENTER CORP.,"2F RTA BLDG. GENERAL TRIAS DRIVE, TEJERO, ROSARIO, CAVITE ",ROSARIO / CAVITE,09286682252/(046) 4372904,"SIONZON, MELANIE HERNANDEZ",sddmcc.cavite@gmail.com,sddmcc.cavite@gmail.com,4903097,01/02/2020,0,5,5,WITHOUT CONCERN,PASSED,Highly Satisfactory,SDTLPT-21-0-,1790,HS
4,4A-1466-20-PIBS-R,4A,"TAGAYTAY MEDICAL CENTER, INC.","EMILIO AGUINALDO HIGHWAY SILANG CROSSING EAST, TAGAYTAY CITY, CAVITE ",TAGAYTAY CITY / CAVITE,(046) 483-0134 to 38/(02) 828-8818 loc 119,"GNILO, IRMA VERONICA MIGUEL",iveemd1377@yahoo.com,tmclab@tagaytaymed.com.ph,4918400,06/03/2020,1,2,3,WITHOUT CONCERN,PASSED,Highly Satisfactory,SDTLPT-21-0-,1791,HS
4,4A-1033-20-PFSS-R,4A,TANAUAN CENTRAL DRUG TESTING AND DIAGNOSTIC CENTER,"RM. 210, LAT BUSINESS CENTER, A. MABINI AVE., BRGY. 6, TANAUAN CITY, BATANGAS ",TANAUAN CITY / BATANGAS,0919-5673277/043-4065065,"MANGUIAT, MAY MERCADO",,tanauancentraldtdc@gmail.com,4897000,30/01/2020,2,2,4,WITHOUT CONCERN,PASSED,Highly Satisfactory,SDTLPT-21-0-,1792,HS
4,4A-0733-19-GIBS-R,4A,TANAUAN CITY DRUG TESTING CENTER AND LABORATORY,"CITY HEALTH OFFICE, MAYAPIS ST., BRGY.3, TANAUAN CITY, BATANGAS ",TANAUAN CITY / BATANGAS,09183437371/0437785790,"BAUTISTA, ADEL SALAMAT",tancitydrugtesting@yahoo.com,tancitydrugtesting@yahoo.com,4828707,20/02/2020,0,5,5,WITHOUT CONCERN,PASSED,Highly Satisfactory,SDTLPT-21-0-,1793,HS
4,4A-0199-18-PFSS-R,4A,TANAUAN MEDICAL CENTER DRUG SCREENING LABORATORY,"A. MABINI AVENUE, TANAUAN CITY, BATANGAS ",TANAUAN CITY / BATANGAS,0933-823-8036,"RAMOS, CELSO SAEZ",tmc.dtl@yahoo.com,benjamincharmaine@ymail.com,4894915,13/09/2019,0,5,5,WITHOUT CONCERN,PASSED,Highly Satisfactory,SDTLPT-21-0-,1794,HS
4,4A-1403-19-PIBS-R,4A,TAYTAY DOCTORS MULTISPECIALTY HOSPITAL INC.,"#6 RIZAL AVE. SAN ISIDRO, TAYTAY, RIZAL  ",TAYTAY CITY / RIZAL,5842843/09338543437,"HERNANDEZ, SIERRA ROMA SALAZAR",tdmhlaboratory2012@yahoo.com,tdmhlaboratory2012@yahoo.com,4824938,23/12/2019,1,2,3,WITHOUT CONCERN,PASSED,Highly Satisfactory,SDTLPT-21-0-,1795,HS
4,4A-0927-20-PIBS-R,4A,THE MEDICAL CITY @ CAINTA CLINIC,"2F ROBINSONS BIG R JUNCTION STO. DOMINGO CAINTA, RIZAL",CAINTA CITY / RIZAL,9954215262/86560957,"SIONZON, MELANI H.",tmccainta@themedicalcity.com,tmccainta@themedicalcity.com,4947959,05/12/2019,1,1,2,WITHOUT CONCERN,PASSED,Excellent,SDTLPT-21-0-,1796,E
4,4A-0198-18-PIBS-R,4A,THERAMEDICA HEALTH SYS INC,"3RD FLOOR B2 L5 BRGY. BANABA, GOV. DRIVE, BULIHAN, SILANG, CAVITE ",SILANG / CAVITE,9392483820,"AGUIRRE, ROMIL M.",THERA99@YAHOO.COM,THERA99@YAHOO.COM,4852866,26/12/2019,0,2,2,WITHOUT CONCERN,PASSED,Excellent,SDTLPT-21-0-,1797,E
4,4A-0344-20-PIBS-R,4A,TIMBAO MEDICAL AND DIAGNOSTIC LABORATORY SERVICES,"UNIT 3 AYAG ARCADE, BRGY. TIMBAO, BIÑAN, LAGUNA ",BIÑAN / LAGUNA,0933-5494-562,"SILVA, AZEUS OBA",,tgimedical@yahoo.com,4930469,12/03/2020,0,5,5,WITHOUT CONCERN,PASSED,Highly Satisfactory,SDTLPT-21-0-,1798,HS
4,4A-0345-20-PFSS-R,4A,TRIPTORS DIAGNOSTIC CENTER,"B-3 LUCENA GRAND CENTRAL TERMINAL, ILAYANG DUPAY, LUCENA CITY, QUEZON ",LUCENA CITY / QUEZON,09958416039/(042) 373-0074,"SAPUNGAN, JAIMAR RUBIA",tdc.lto@yahoo.com,tdc.lto@yahoo.com,4904718,27/02/2020,0,4,4,WITHOUT CONCERN,PASSED,Highly Satisfactory,SDTLPT-21-0-,1799,HS
4,4A-0417-19-PIBS-R,4A,TRUCARE BESTHEALTH,"9064 JBDF BLDG. UNIT G&H PALIPARAN RD, PALIPARAN 1, DASMARIÑAS CITY, CAVITE ",DASMARIÑAS CITY / CAVITE,09360889368/0464548327,"REYES, DELA ROSA",rrrtanbo@yahoo.com,trucare_healthsystem@yahoo.com.ph,4847447,03/08/2020,3,3,6,WITHOUT CONCERN,PASSED,Acceptable,SDTLPT-21-0-,1800,A
4,4A-0347-20-PIBS-R,4A,UNIMED DIAGNOSTIC CENTER CORP.,"2ND FLR. JLAS BLDG., BLOCK 2 LOT 2 METROPOLIS GREEN SUBDIVISION, MANGGAHAN, GENERAL TRIAS, CAVITE ",GENERAL TRIAS/ CAVITE,09188078248/(046) 409-7244,"LIM JR., THOMAS JEFF CHENG",tjfflimmd@gmail.com,unimeddlabbat@gmail.com,4919072,13/02/2020,3,3,6,WITHOUT CONCERN,PASSED,Acceptable,SDTLPT-21-0-,1801,A
4,4A-0346-20-PIBS-R,4A,UNIMED DIAGNOSTIC CENTER CORP.,"99 MAHARLIKA HIGHWAY, BRGY. SAN RAFAEL, STO. TOMAS, BATANGAS",STO. TOMAS CITY/ BATANGAS,09399953761/(043) 7263835,"LIM JR., THOMAS JEFF CHENG",tjfflimmd@gmail.com,unimeddlabbat@gmail.com,4919071,05/03/2020,3,3,6,WITHOUT CONCERN,PASSED,Acceptable,SDTLPT-21-0-,1802,A
4,4A-0752-20-PIBS-R,4A,UNITED DOCTORS OF ST. CAMILLUS DE LELLIS HOSPITAL,"DIVERSION ROAD, BOLBOK, BATANGAS CITY, BATANGAS ",BATANGAS CITY / BATANGAS,09175750329/043-740-3088/740-3087,"CABIC, ALPHA GRACE BAUSON",st.camilluslab@yahoo.com,st.camilluslab@yahoo.com,4919575,12/08/2020,3,5,8,WITHOUT CONCERN,PASSED,Acceptable,SDTLPT-21-0-,1803,A
4,4A-0223-19-PFSS-R,4A,VALUE CARE LABORATORY & DIAGNOSTIC CENTER CO.,"2ND FLOOR ALLIAN'S BLDG. LOT 6, B-4 GSIS RD. VILLA MARIA SUBD., MOLINO III, BACOOR, CAVITE ",BACOOR CITY / CAVITE,09493132228/0466832047,"LEDESMA, DEXTER AGUDON",dexteraledesma5@yahoo.com,valuecaremolino@gmail.com,4844280,22/11/2019,3,5,8,WITHOUT CONCERN,PASSED,Acceptable,SDTLPT-21-0-,1804,A
4,4A-0224-19-PFSS-R,4A,VALUE CARE LABORATORY AND DIAGNOSTIC CENTER CO.,"2/F V. AGUSTIN BUILDING KM17 AGUINALDO HIWAY, PANAPAAN 1, BACOOR CITY, CAVITE ",BACOOR CITY / CAVITE,09493132228/0466832047,"LEDESMA, DEXTER AGUDON",dexteraledesma5@yahoo.com,valuecarepanapaan@gmail.com,4844408,13/12/2019,0,5,5,WITHOUT CONCERN,PASSED,Highly Satisfactory,SDTLPT-21-0-,1805,HS
4,4A-1181-19-PFSS-R,4A,VANGUARD LABORATORY DIAGNOSTIC CENTER,"UNIT 7 G/F T DE CASTRO BLDG., PALICO 1 AGUINALDO HIGHWAY, IMUS CITY, CAVITE ",IMUS CITY / CAVITE,0917-5617-854/(046) 5020-152,"LEDESMA, DEXTER AGUDON",,vanguard_lab@yahoo.com,4900866,13/02/2020,3,1,4,WITHOUT CONCERN,PASSED,Highly Satisfactory,SDTLPT-21-0-,1806,HS
4,4A-0526-19-PIBS-R,4A,"VICENTE-ISABEL MULTISPECIALTY CLINIC AND DIAGNOSTIC CENTER, INC.","460 MALAGASANG ROAD, BUCANDALA V, CITY OF IMUS, CAVITE ",IMUS CITY / CAVITE,09393935646/09277702436,"MANAOIS, HERBERT ZULUETA",HerbertManaois@gmail.com,vimcdci.lab@gmail.com,4873704,,0,3,3,WITHOUT CONCERN,PASSED,Highly Satisfactory,SDTLPT-21-0-,1807,HS
4,4A-1401-19-PIBS-R,4A,VICKY'S PHARMACY AND MEDICAL SERVICES,"56 QUEZON AVENUE, BARANGAY XI, LUCENA CITY, QUEZON ",LUCENA CITY / QUEZON,09985578267/(042) 710-98-85,"BAYOTAS, ARNEL GALLEGO",bayotasarnel@gmail.com,vickysdiagnosticclinic@yahoo.com,4914487,23/12/2019,1,5,6,WITHOUT CONCERN,PASSED,Acceptable,SDTLPT-21-0-,1808,A
4,4A-1573-20-PIBS-R,4A,"VIRGIL NITZ & BABY MEDICAL SERVICES, INC.","3RD FLR. SAN ROQUE BLDG., J.P. RIZAL ST., KAYBAGAL SOUTH, TAGAYTAY, CAVITE",TAGAYTAY CITY / CAVITE,09175281755/(046)4049837,"OLGA, BAUSA M.",bausaolga@yahoo.com,vnb1diagnostic@gmail.com,4920173,23/07/2020,1,3,4,WITHOUT CONCERN,PASSED,Highly Satisfactory,SDTLPT-21-0-,1809,HS
4,4A-1598-19-PIBS-I,4A,WECARE MEDICAL AND DIAGNOSTIC CLINIC,"NATIONAL HI-WAY, BRGY. HALANG (IN FRONT OF GOVERNOR'S EXTENSION OFFICE), CALAMBA CITY, LAGUNA ",CALAMBA CITY / LAGUNA,0915-4814688,"TORRRES, JENNIFER BABASA",wecare. mdc@yahoo.com,wecare. mdc@yahoo.com,4889841,02/07/2020,0,2,2,WITHOUT CONCERN,PASSED,Excellent,SDTLPT-21-0-,1810,E
4,4A-0420-19-PIBS-R,4A,"WELLCARE CLINICS & LAB, INC.- BUROL MAIN","GOV. DRIVE, MANGUBAT AVENUE, BUROL MAIN, DASMARIÑAS CITY, CAVITE ",DASMARIÑAS CITY / CAVITE,,"TOLENTINO, JANETTE SANTOS",,,4913175,07/08/2020,0,3,3,WITHOUT CONCERN,PASSED,Highly Satisfactory,SDTLPT-21-0-,1811,HS
4,4A-0496-20-PFSS-R,4A,"WELLCARE CLINICS & LAB, INC.- GEN. TRIAS","MAINSTREET PLAZA 1 GOVERNOR'S DRIVE, BRGY. MANGGAHAN, GENERAL TRIAS, CAVITE ",GEN. TRIAS / CAVITE,(046) 416-40-72,"CRUZ, LUIS PATERNO",,manggahan_wdtc@yahoo.com,4913173,15/10/2020,1,0,1,WITHOUT CONCERN,PASSED,Excellent,SDTLPT-21-0-,1812,E
4,4A-0497-20-PIBS-R,4A,"WELLCARE CLINICS & LAB, INC.- LAGUNA","2ND FLOOR WALTERMART BLDG., RSBS BLVD., BRGY. BALIBAGO, SANTA ROSA, LAGUNA",SANTA ROSA CITY / LAGUNA,09338204081/(049) 530-1957,"CRUZ, LUIS PATERNO",wclab_sta.rosa@yahoo.com,wclab_sta.rosa@yahoo.com,4913171,05/08/2020,1,3,4,WITHOUT CONCERN,PASSED,Highly Satisfactory,SDTLPT-21-0-,1813,HS
4,4A-1609-20-PIBS-I,4A,"WELLCARE CLINICS & LAB, INC.- SILANG BRANCH","J.P. RIZAL ST., SAN VICENTE I, SILANG, CAVITE",SILANG / CAVITE,0918-4738342/(046) 413-0219,"TOLENTINO, JANETTE SANCHEZ",ikangmartinez@yahoo.com,wellcaresilang@yahoo.com,4913174,23/07/2020,0,2,2,WITHOUT CONCERN,PASSED,Excellent,SDTLPT-21-0-,1814,E
4,4A-XXXX-20-PIBS-R,4A,"WELLCARE CLINICS & LAB, INC.- WALTERMART DASMARIÑAS","2ND FLOOR WALTERMART DASMARIÑAS COMPOUND, EMILIO AGUINALDO HI-WAY, DASMARIÑAS CITY, CAVITE",DASMARIÑAS CITY / CAVITE,09158427332/(046) 416 3277,"CRUZ, LUIS PATERNO",,wellcare_dasma@yahoo.com,4913172,17/02/2020,0,2,2,WITHOUT CONCERN,PASSED,Excellent,SDTLPT-21-0-,1815,E
4,4A-1341-19-PIBS-R,4A,"WELLPOINT MEDICAL CENTER AND MEDICAL CLINIC, INC.","UNIT 30-32, LGF SM CITY BACOOR, TIRONA COR. AGUINALDO HIGHWAY, BACOOR CITY, CAVITE ",BACOOR CITY / CAVITE,0908-337-5183/046-571-6511,JOCELYN MYRA CAJA,laboratory.wellpoint@yahoo.com,laboratory.wellpoint@yahoo.com,4886584,30/01/2020,1,5,6,WITHOUT CONCERN,PASSED,Acceptable,SDTLPT-21-0-,1816,A
4,4A-1763-19-PIBS-I,4A,WELLZONE DIAGNOSTICS & SPECIALTY CLINIC CO.,"(THE 577 HEALTHHUB) A. BONIFACIO ST., BAGONG SIKAT, LEMERY, BATANGAS",LEMERY / BATANGAS,09565992887/0434099415,"SILVA, AZEUS O.",wellzone_angels@yahoo.com,wellzone_angels@yahoo.com,4838769,17/05/2021,3,5,8,WITHOUT CONCERN,PASSED,Acceptable,SDTLPT-21-0-,1817,A
4,4A-0547-20-PFSS-R,4A,WILBUR DRUG TESTING CENTER,"#16 STO. NIÑO ST., BRGY. STO. NIÑO, SAN PEDRO CITY, LAGUNA ",SAN PEDRO / LAGUNA,09569221140/4034406,"LEDESMA, DEXTER ",dexteralederma@yahoo.com,wilburlab.com@gmail.com,4899805,09165981079/09165981079,0,0,0,WITHOUT CONCERN,PASSED,Excellent,SDTLPT-21-0-,1818,E
4,4A-0538-20-PIBS-R,4A,Y.R.- ST. MICHAEL MEDICAL HOSPITAL,"220 MOLINO II, BACOOR, CAVITE ",BACOOR CITY / CAVITE,(046) 477-1707,"CABUDOY, RONALD C.",smmhlab@yahoo.com,smmhlab@yahoo.com,4901606,254-8949/09464389749,1,0,1,WITHOUT CONCERN,PASSED,Excellent,SDTLPT-21-0-,1819,E
5,4B-1604-19-PIBS-I,4B,ADVENTIST HOSPITAL PALAWAN- DRUG TESTING LABORATORY,"JUNCTION II, NATIONAL HIGHWAY, BARANGAY SAN PEDRO, PUERTO PRINCESA, PALAWAN",PUERTO PRINCESA CITY / PALAWAN,9278915326,"CEJUDO, NEILA DE ASIS",neilacejudo@outlook.com,ahp_laboratory@yahoo.com,4854062,,3,5,8,WITHOUT CONCERN,PASSED,Acceptable,SDTLPT-21-0-,1820,A
5,4B-0930-20-PFSS-R,4B,CABLE TOW DRUG TESTING CENTER,"ESM BUILDING, VALENCIA ST., BRGY. MASIKAP, PUERTO PRINCESA CITY, PALAWAN ",PUERTO PRINCESA CITY / PALAWAN,9065593099,"PALAO, PERLA ESPEJO",flogats@yahoo.com,flogats@yahoo.com,4897207,18/06/2020,1,4,5,WITHOUT CONCERN,PASSED,Highly Satisfactory,SDTLPT-21-0-,1821,HS
5,4B-0239-20-PFSS-R,4B,CLINICA PALAO DRUG TESTING LABORATORY,"29CC JIG BLDG., MALVAR STREET, PUERTO PRINCESA CITY, PALAWAN",PUERTO PRINCESA CITY / PALAWAN,9175522056,"PALAO, PERLA ESPEJO",elao0929@gmail.com,elao0929@gmail.com,4886714,09/07/2020,0,3,3,WITHOUT CONCERN,PASSED,Highly Satisfactory,SDTLPT-21-0-,1822,HS
5,4B-0225-19-PIBS-R,4B,DR. CONRADO G. MEDINA MEMORIAL MEDICAL CLINIC AND LABORATORY,"J.P. RIZAL ST. SAN VICENTE, CALAPAN CITY, ORIENTAL MINDORO ",CALAPAN CITY / ORIENTAL MINDORO,9219638555,RICHARD C. MEDINA,dcgm_mmc@yahoo.com / drchadmedina@yahoo.com,dcgm_mmc@yahoo.com,4825851,02/07/2020,1,2,3,WITHOUT CONCERN,PASSED,Highly Satisfactory,SDTLPT-21-0-,1823,HS
5,4B-1356-19-PFSS-R,4B,E.ASUNCION MEDICAL CLINIC AND DIAGNOSTIC LABORATORY,"0742, ABIQUE ST., BRGY. PAG-ASA, SAN JOSE, OCCIDENTAL MINDORO",SAN JOSE CITY / OCCIDENTAL MINDORO,9209818469,"ASUNCION, ENID MASILUNGAN",dra.enidma@yahoo.com,easuncionmedl@yahoo.com,4945850,14/08/2020,1,1,2,WITHOUT CONCERN,PASSED,Excellent,SDTLPT-21-0-,1824,E
5,4B-0801-18-GIBS-R,4B,ENVIRONMENTAL SANITATION AND PUBLIC HEALTH LABORATORY,"SPS GOVERNMENT CENTER, PED ROAD, BRGY. BANCAO-BANCAO, PUERTO PRINCESA CITY, PALAWAN ",PUERTO PRINCESA CITY / PALAWAN,09171276608/(048)4349996,"PALAO, PERLA E.",,esphlpalawan@gmail.com,4920831,13/02/2020,2,5,7,WITHOUT CONCERN,PASSED,Acceptable,SDTLPT-21-0-,1825,A
5,4B-1183-19-PIBS-R,4B,HOLY INFANT JESUS MEDICAL AND DIAGNOSTIC CLINIC,"D. REYES ST., BOAC, MARINDUQUE ",BOAC / MARINDUQUE,(042) 332-1741,"MARQUEZ, EDGARDO JOSUE",,hijmdc_boac@yahoo.com,4831543,07/08/2020,1,4,5,WITHOUT CONCERN,PASSED,Highly Satisfactory,SDTLPT-21-0-,1826,HS
5,4B-1462-21-PFSS-R,4B,ISIAH MULTI SPECIALTY CLINIC AND DIAGNOSTIC LABORATORY,"R. MAGSAYSAY ST., BRGY LIWAYWAY, ODIONGAN, ROMLBON 5505, ODIONGAN CITY, ROMBLON",ODIONGAN CITY/ ROMBLON,9399082729,JACQUELYN P. DIMAALA,isiahlab2000@yahoo.com,isiahlab2000@yahoo.com,4985649,07/08/2020,1,3,4,WITHOUT CONCERN,PASSED,Highly Satisfactory,SDTLPT-21-0-,1827,HS
5,4B-0226-19-PFSS-R,4B,LAGRISOLA DRUG TESTING CENTER,"CIRCON BLDG., VALENCIA ST., BRGY. MASIKAP, PUERTO PRINCESA, PALAWAN",PUERTO PRINCESA CITY / PALAWAN,9959718121,"DE LEON- VITERBO, MIRIAN N",docmiriianviterbo@yahoo.com,sethafkhan@gmail.com,4859103,06/02/2020,1,1,2,WITHOUT CONCERN,PASSED,Excellent,SDTLPT-21-0-,1828,E
5,4B-0242-20-PIBS-R,4B,LBR CLINICAL LABORATORY AND MEDICAL SERVICES,"J.P. RIZAL ST., CAMILMIL, CALAPAN CITY, ORIENTAL MINDORO ",CALAPAN CITY / ORIENTAL MINDORO,9175281894,"LEVISTE, JONATHAN QUITOS",,lbr_cliniclab@yahoo.com,4890075,06/03/2020,1,3,4,WITHOUT CONCERN,PASSED,Highly Satisfactory,SDTLPT-21-0-,1829,HS
5,4B-0738-19-PFSS-R,4B,LIFESAVER'S DRUG TESTING CENTER,"ANNEX 9, CIRCON COMPOUND, VALENCIA ST., BRGY. MASIKAP, PUERTO PRINCESA, PALAWAN",PUERTO PRINCESA CITY / PALAWAN,,"PALAO, PERLA ESPEJO",,,4783427,03/07/2020,1,1,2,WITHOUT CONCERN,PASSED,Excellent,SDTLPT-21-0-,1830,E
5,4B-0243-20-PIBS-R,4B,LUNA GOCO MEDICAL CENTER,"1ST LEVEL, LUNA GOCO MEDICAL CENTER, J.P. RIZAL STREET, CALAPAN CITY, ORIENTAL MINDORO ",CALAPAN CITY / ORIENTAL MINDORO,09994132409/(043)2862473,"GOCO, MARIA LOURDES L.",lgmcpathology@gmail.com,lgmcpathology@gmail.com,4920197,06/02/2020,0,5,5,WITHOUT CONCERN,PASSED,Highly Satisfactory,SDTLPT-21-0-,1831,HS
5,4B-0623-19-PIBS-R,4B,MARIA ESTRELLA GENERAL HOSPITAL INC.,"J.P. RIZAL ST., TAWIRAN, CALAPAN CITY, ORIENTAL MINDORO ",CALAPAN CITY / ORIENTAL MINDORO,9089926508,"LEVISTE, JONATHAN QUITOS",,dianadelmundo@yahoo.com,4916535,14/02/2020,1,5,6,WITHOUT CONCERN,PASSED,Acceptable,SDTLPT-21-0-,1832,A
5,4B-1600-20-PIBS-R,4B,MEDICAL MISSION GROUP HOSPITAL MULTIPURPOSE COOPERATIVE OF ORIENTAL MINDORO (MMGHMCOM),"J.P. RIZAL ST., CALAPAN CITY, ORIENTAL MINDORO ",CALAPAN CITY / ORIENTAL MINDORO,9332312535,"LEVISTE, JONATHAN QUITOS",labdept@yahoo.com,labdept@yahoo.com,4916533,,1,5,6,WITHOUT CONCERN,PASSED,Acceptable,SDTLPT-21-0-,1833,A
5,4B-0756-20-PIBS-R,4B,MINDORO OCCIDENTAL MEDICAL MISSION GROUP HEALTH SERVICE COOPERATIVE,"GF BALMES BLDG., DIEGO SILANG ST., BARANGAY 5, SAN JOSE, OCCIDENTAL MINDORO ",SAN JOSE CITY / OCCIDENTAL MINDORO,0925-8088664,"RIBO, MARICEL REGINO",maricelregino_ribo74@yahoo.com,MOMMGHSC@yahoo.com,4918064,28/02/2020,0,1,1,WITHOUT CONCERN,PASSED,Excellent,SDTLPT-21-0-,1834,E
5,4B-0809-18-PIBS-R,4B,ODIONGAN DIAGNOSTIC CENTER,"MARAVILLA BLDG., 11 M. FORMILLEZA ST., BRGY. LIWAYWAY, ODIONGAN, ROMBLON ",ODIONGAN CITY/ ROMBLON,9122716674,"BAUSA, OLGA MUMAR",olgabausa@gmail.com,olgabausa@gmail.com,4917799,28/03/2020,0,4,4,WITHOUT CONCERN,PASSED,Highly Satisfactory,SDTLPT-21-0-,1835,HS
5,4B-1269-19-PIBS-R,4B,"PALAWAN MEDICAL CITY, INC.- SDTL","EASTVILLE CITYWALK, SAN PEDRO NAT'L HIGHWAY, PUERTO PRINCESA, PALAWAN ",PUERTO PRINCESA CITY / PALAWAN,9216423482,"DE LEON- VITERBO, MIRIAN N",nieljadeborro@gmail.com,nieljadeborro@gmail.com,4918063,05/08/2020,,1,1,WITHOUT CONCERN,PASSED,Excellent,SDTLPT-21-0-,1836,E
5,4B-0498-20-PIBS-R,4B,PUERTO GALERA URGENT CARE CLINIC AND DIAGNOSTIC CENTER,"LA BRISA COMPOUND, HONDURA POBLACION, PUERTO GALERA, ORIENTAL MINDORO ",PUERTO GALERA/ ORIENTAL MINDORO,9157095951,"EVANGELISTA, ARMIDA C.",Pgurgentcare@gmail.com,Pgurgentcare@gmail.com,4922597,17/02/2020,0,3,3,WITHOUT CONCERN,PASSED,Highly Satisfactory,SDTLPT-21-0-,1837,HS
5,4B-1135-18-PIBS-R,4B,SALCEDO MEDICAL- SURGICAL CLINIC AND LABORATORY,"P. BURGOS ST., BRGY. PAG-ASA, SAN JOSE, OCCIDENTAL MINDORO ",SAN JOSE CITY / OCCIDENTAL MINDORO,9957262641,MELVIN JUDE G. KATAPANG,,eyaazuelarmt@gmail.com,4852813,05/08/2020,3,1,4,WITHOUT CONCERN,PASSED,Highly Satisfactory,SDTLPT-21-0-,1838,HS
14,13-1447-20-PIBS-R,NCR,A. ZARATE GENERAL HOSPITAL ,"ATLAS COMPOUND NAGA ROAD, PULANG LUPA 1, LAS PIÑAS CITY, METRO MANILA ",LAS PIÑAS CITY,09067071088/ 8-874-6903 / 8 8746904,"ZARATE, ALBERT LISING",azarategeneralhospitallab@gmail.com,azarategeneralhospitallab@gmail.com,4923701,20/02/2020,0,0,0,WITHOUT CONCERN,PASSED,Excellent,SDTLPT-21-0-,1839,E
14,13-1598-20-PFSS-R,NCR,"ACCU PRO DRUG TESTING CENTER, CO.","OLD ADMIN BLDG., F.T.I. COMPLEX, WESTERN BICUTAN, TAGUIG CITY",TAGUIG CITY,0946-5589223/ 0917-149-6529/ 0922-828-4424 / 09156367903,"MALUTO, EMILIANO JR.",Ian_cianiya_20@yahoo.com,Ian_cianiya_20@yahoo.com,4918464,06/03/2020,0,1,1,WITHOUT CONCERN,PASSED,Excellent,SDTLPT-21-0-,1840,E
14,13-0369-20-PIBS-R ,NCR,ADVANCED LAB SOLUTIONS BY HI-PRECISION ,"9/F CENTURIA MEDICAL MAKATI BLDG., LOT 9, KALAYAAN AVE., COR. SAMALANCA ST., POBLACION, MAKATI CITY ",MAKATI CITY ,793-8623/09431351862/09178621152,"SANTOS, MARIA LOURDES PINEDA",hpcenturia@hi-precision.com.ph,hpcenturia@hi-precision.com.ph,4916782,43903,1,0,1,WITHOUT CONCERN,PASSED,Excellent,SDTLPT-21-0-,1841,E
14,13-0115-18-GIBS-R,NCR,AFP HEALTH SERVICE COMMAND,AFPHSC DEPARTMENT OF PATHOLOGY AND LABORATORY V.LUNA AVENUE QC.,QUEZON CITY ,09771059339 / 9248068 / 93282462111,"VILA, VICENTE B. ",laboratory.vlmc@gmail.com,laboratory.vlmc@gmail.com,4825120,43756,1,1,2,WITHOUT CONCERN,PASSED,Excellent,SDTLPT-21-0-,1842,E
14,13-1278-18-GIBS-R,NCR,AIR FORCE GENERAL HOSPITAL,"AIR FORCE GENERAL HOSPITAL, COLONEL JESUS VILLAMOR AIR BASE, PASAY CITY ",PASAY CITY,9175020606 / 88546701 local 4632,"SEVILLA, WILFREDO FELICIA ",pafdtctfj@gmail.com,pafdtctfj@gmail.com,4830113,,1,0,1,WITHOUT CONCERN,PASSED,Excellent,SDTLPT-21-0-,1843,E
14,13-1352-19-PIBS-R,NCR,ALFONSO SPECIALIST HOSPITAL,"185 DR. SIXTO ANTONIO AVE., ROSARIO, PASIG ",PASIG CITY,9178852026 / 5711285 / 85711285,"PINILI-QUIAOIT, SUSANA ",Alfonsolaboratoryresult2018@gmail.com,Alfonsolaboratoryresult2018@gmail.com,4880650,30/01/2020,0,5,5,WITHOUT CONCERN,PASSED,Highly Satisfactory,SDTLPT-21-0-,1844,HS
14,13-XXXX-19-PIBS-R,NCR,ALLIED CARE EXPERTS MEDICAL CENTER- VALENZUELA,"1ST FLOOR LABORATORY DEPT., 548 MCARTHUR HIGHWAY, MALANDAY, VALENZUELA CITY ",VALENZUELA CITY ,366-0000 LOC. 108-110,"PINEDA, MINNIE JANE ABALOS",acemcvdlm2014@gmail.com,acemcvdlm2014@gmail.com,4915381,24/01/2020,1,4,5,WITHOUT CONCERN,PASSED,Highly Satisfactory,SDTLPT-21-0-,1845,HS
14,13-0867-19-PFSS-R,NCR,ALLIED DRUG TESTING CENTER,"RM 310 NO. 1 PRINA BLDG., EAST AVENUE COR. MAGALANG ST., PINYAHAN, QUEZON CITY",QUEZON CITY ,09328622017 / 9465881 / 79465881,"LORIA, JOHN V. ",allieddrugtetsingcenter@yahoo.com,allieddrugtetsingcenter@yahoo.com,4833571,05/11/2019,1,1,2,WITHOUT CONCERN,PASSED,Excellent,SDTLPT-21-0-,1846,E
14,13-0002-20-PFSS-R,NCR,AMERICAN BIO-CLINICAL LABORATORIES INTERNATIONAL,"LG 3-6 RICHVILLE CORPORATE TOWER, MADRIGAL BUSINESS PARK, AYALA ALABANG, MUNTINLUPA CITY ",MUNTINLUPA CITY,09177790105/ 8850-6288/ 09178411010 / 09999376878,"DIZON, FLORENCIO",FCDIZON98@Yahoo.com,djcfernandez@abclab.com.ph,4918810,,0,5,5,WITHOUT CONCERN,PASSED,Highly Satisfactory,SDTLPT-21-0-,1847,HS
14,13-0004-18-PIBS-R,NCR,AMERICAN OUTPATIENT CLINIC,"2/F FEMII BLDG., ANDRES SORIANO AVENUE, INTRAMUROS, MANILA ",MANILA CITY,09175231633 / 85271611 / 85275101 / 09175250842,"ESPIRITU, BERNADETTE ROJAS ",bremd2004@yahoo.com ,admin@americanoutpatient.com ,4881496,,1,1,2,WITHOUT CONCERN,PASSED,Excellent,SDTLPT-21-0-,1848,E
14,13-1336-19-PFSS-R,NCR,AMGB DRUG TESTING LABORATORY,"503-B CAMUS BLDG., EDSA, BRGY. BAGONG LIPUNAN NG CRAME, QUEZON CITY ",QUEZON CITY,,,,,4910856,09/01/2020,1,0,1,WITHOUT CONCERN,PASSED,Excellent,SDTLPT-21-0-,1849,E
14,13-0631-19-PIBS-R,NCR,ANGELINA APOSTOL PUNZALAN MEDICAL CLINIC INC.,"3F NEW ATRIUM WING GUADALUPE COMMERCIAL COMPLEX GUADALUPE NUEVO, EDSA, MAKATI CITY ",MAKATI CITY ,09209492106 / 8820404 ,"DIMACALI, ANDREW DIMACALI ",angelina_punzalan@gmail.com ,angelina_punzalan@gmail.com ,4892374,43826,1,4,5,WITHOUT CONCERN,PASSED,Highly Satisfactory,SDTLPT-21-0-,1850,HS
14,13-1682-20-PIBS-I,NCR,ANGELUS MEDICAL CLINIC INC.,"1730 DIAN ST., PALANAN, MAKATI CITY",MAKATI CITY ,,,,,4917668,05/08/2020,0,5,5,WITHOUT CONCERN,PASSED,Highly Satisfactory,SDTLPT-21-0-,1851,HS
14,13-1353-18-PFSS-I,NCR,ARHC DRUG TESTING CENTER,"ROOM 204 JL BUILDING, 109 A. MABINI ST., BRGY. KAPASIGAN, PASIG CITY ",PASIG CITY,,,,,4913961,26/12/2019,3,2,5,WITHOUT CONCERN,PASSED,Highly Satisfactory,SDTLPT-21-0-,1852,HS
14,13-1431-21-GIBS-R,NCR,ARMY GENERAL HOSPITAL,"MGEN. CASTAÑEDA STREET, FORT BONIFACIO",TAGUIG CITY,9158952888,"HERNANDEZ, SIERRA ROMA SALAZAR",srshernandezmd@yahoo.com.ph,agh.laboratory@yahoo.com,4975681,20/02/2020,1,3,4,WITHOUT CONCERN,PASSED,Highly Satisfactory,SDTLPT-21-0-,1853,HS
14,13-1673-20-PIBS-I,NCR,ASCLEPIUS MEDICAL AND DIAGNOSTIC GROUP INC.,"4334 GEN. TINIO ST., BRGY. BANGKAL, MAKATI CITY",MAKATI CITY ,09177031368/ 88103010/ 09328510256,"PAGDUNZULAN, FRANK GERALD C.",bj_tsutsugamushi@yahoo.com,amdgclinic.info@gmail.com,4940571,12/08/2020,1,4,5,WITHOUT CONCERN,PASSED,Highly Satisfactory,SDTLPT-21-0-,1854,HS
14,13-1640-21-PIBS-I,NCR,ASHREY INC.,2/F The Assembly Grounds at The Rise Malugay St. Makati City,MAKATI CITY ,9457867755,"MORIA, FRANCIS GARABILES",fgmoria@yahoo.com,laboratory.ashrey@gmail.com,4987476,07/08/2020,2,4,6,WITHOUT CONCERN,PASSED,Acceptable,SDTLPT-21-0-,1855,A
14,13-0473-20-PIBS-R,NCR,"ASIA PACIFIC MEDICAL & DIAGNOSTICS (APMD), INC. ","2053 EDISON CORNER FARADAY STS., (ALSCOPHIL BLDG.) BARANGAY SAN ISIDRO, MAKATI CITY ",MAKATI CITY ,,,,,4915369,44014,1,0,1,WITHOUT CONCERN,PASSED,Excellent,SDTLPT-21-0-,1856,E
14,13-0068-20-PIBS-R,NCR,ASIAN HOSPITAL AND MEDICAL CENTER,"2205 CIVIC DRIVE, FILINVEST CORPORATE CITY, ALABANG, MUNTINLUPA CITY ",MUNTINLUPA CITY,09998878578/ 09178584570/ 8771-9000 (LOC 8356),"CASTILLO,MA. TERESA CHAN",tcastillo@asianhospital.com,drugtest@asianhospital.com,4892267,43628,3,0,3,WITHOUT CONCERN,PASSED,Highly Satisfactory,SDTLPT-21-0-,1857,HS
14,13-0310-19-PFSS-R,NCR,"ASIATIC MEDICAL LABORATORIES, INC.","RM. 206 SE JO TONG BLDG., 808 ONGPIN ST. STA. CRUZ, MANILA ",STA CRUZ MANILA,09178517152 / 87333065 / 87333060 / 09175466009,"CALE-SUBIA, LAARNIE NUEVA ",asiaticmed1970@gmail.com ,asiaticmed1970@gmail.com ,4860042,18/09/2020,1,0,1,WITHOUT CONCERN,PASSED,Excellent,SDTLPT-21-0-,1858,E
14,13-0423-19-PFSS-R,NCR,ASTRAL TECH DRUG TESTING LABORATORY,"9639 PILILLA, BRGY. VALENZUELA, MAKATI CITY ",MAKATI CITY ,09167485391 / 88963678 / 86421308 / 09178463572 ,"LANDRITO, RUEL JOHN TATCO ",ruel941@pldtdsl.net,astral9639pililla@yahoo.com ,4837817,43795,2,2,4,WITHOUT CONCERN,PASSED,Highly Satisfactory,SDTLPT-21-0-,1859,HS
14,13-0558-18-PIBS-R,NCR,AVENTUS MEDICAL CARE INC.- ALABANG,"2/F SYCAMORE ARCS1 BLSG., ALABANG-ZAPOTE RD., BUENCAMINO ST., ALABANG, MUNTINLUPA CITY ",MUNTINLUPA CITY ,09339721244 / 8556-3596 / 8556-3598 / 09209227612 / 4535622 ,"LOPEZ, ARTURO JR. CARAANG ",artlopez97@skydsl.com.ph ,laboratory.alabang@aventusmedical.com.ph ,4842425,44050,3,0,3,WITHOUT CONCERN,PASSED,Highly Satisfactory,SDTLPT-21-0-,1860,HS
14,13-0031-19-PIBS-R,NCR,AVENTUS MEDICAL CARE INC.- MANILA,"5F TIMES PLAZA BLDG TAFT AVE. COR U.N. AVE., ERMITA, MANILA ",MANILA CITY,09061957322 / 353-6808 / 518-0056 / 09209227612,"LOPEZ, ARTURO JR. CARAANG ",Laboratory_Manila@aventusmedical.com.ph ,Laboratory_Manila@aventusmedical.com.ph ,4842422,,2,3,5,WITHOUT CONCERN,PASSED,Highly Satisfactory,SDTLPT-21-0-,1861,HS
14,13-0557-18-PIBS-R,NCR,AVENTUS MEDICAL CARE INC.- NORTH EDSA,"2ND FLR. PHILIPPINE COLLEGE OF SURGEON BLDG., RAMON MAGSAYSAY, 992 EDSA, QUEZON CITY ",QUEZON CITY ,09564130835 / 3524676 / 3524677 / 09209227612,"LOPEZ, ARTURO JR. CARAANG ",laboratory.northedsa@aventusmedical.com.ph ,laboratory.northedsa@aventusmedical.com.ph ,4842424,43753,1,1,2,WITHOUT CONCERN,PASSED,Excellent,SDTLPT-21-0-,1862,E
14,13-0033-19-PIBS-R,NCR,AVENTUS MEDICAL CARE INC.- PASAY,"GROUND FLOOR SCAPE BLDG., MACAPAGAL AVE., COR. PEARL DRIVE, CENTRAL BUSINESS PARK 1, SAN RAFAEL, BRGY. 76, PASAY CITY ",PASAY CITY,09563841995 / 09776284600,"BAUSA, OLGA MUNAR ",bausadan@yahoo.com ,Laboratory.Pasay@aventusmedical.com.ph ,4842423,,0,2,2,WITHOUT CONCERN,PASSED,Excellent,SDTLPT-21-0-,1863,E
14,13-0017-19-PIBS-R,NCR,AVENTUS MEDICAL CARE INC.- PASIG,"UNIT 16-20 G/F AIC GRANDE TOWER, SAPPHIRE ROAD., ORTIGAS CENTER, PASIG CITY ",PASIG CITY,09171170098 / 5842430 ,"LOPEZ, ARTURO JR. CARAANG ",laboratory.ortigas@aventusmedical.com.ph ,laboratory.ortigas@aventusmedical.com.ph ,4842421,,0,2,2,WITHOUT CONCERN,PASSED,Excellent,SDTLPT-21-0-,1864,E
14,13-1595-21-PIBS-I,NCR,AVENTUS MEDICAL CARE INC.-CUBAO,"UNIT 17-18 GROUND FLOOR MANHATTAN PARKVIEW TOWER ONE, GEN. ROMULO AVE., BRGY SOCORRO, QUEZON CITY",QUEZON CITY,0926-983-3736,"BAUSA, OLGA MUNAR",laboratory.cubao@aventusmedical.com.ph,laboratory.cubao@aventusmedical.com.ph,4969751,06/02/2020,1,4,5,WITHOUT CONCERN,PASSED,Highly Satisfactory,SDTLPT-21-0-,1865,HS
14,13-1572-21-PIBS-I,NCR,AVENTUS MEDICAL CARE INC.-MANDALUYONG,"L 2/F ST FRANCIS SQUARE DOÑA JULIA VARGAS AVENUE CORNER BANK DRIVE, MANDALUYONG CITY",MANDALUYONG CITY ,9062797900,"BAUSA, OLGA MUNAR",laboratory.mandaluyong@aventusmedical.com.ph,laboratory.mandaluyong@aventusmedical.com.ph,4969752,15/07/2020,1,4,5,WITHOUT CONCERN,PASSED,Highly Satisfactory,SDTLPT-21-0-,1866,HS
14,13-1613-21-PFSS-I,NCR,AVENTUS MEDICAL CARE INC.-PARAÑAQUE,"GROUND FLOOR UNIT 9, BRADCO AVE. ASEANA ONE BLDG. BRGY. TAMBO, PARAÑAQUE CITY",PARAÑAQUE CITY,9272055331/ 8245-3603/8245-3611,"BAUSA, OLGA MUNAR",laboratory.paranaque@aventusmedical.com.ph,laboratory.paranaqueclinicmanagementaventusmedicalcare.com,4969750,03/08/2020,1,4,5,WITHOUT CONCERN,PASSED,Highly Satisfactory,SDTLPT-21-0-,1867,HS
14,13-1699-20-PFSS-I,NCR,"AVENTUS MEDICAL CARE, INC.","3RD FLR AYALA NORTH EXCHANGE, AYALA AVENUE, BRGY. SAN LORENZO, MAKATI CITY",MAKATI CITY ,0917-850-0356/ 8425-1610/ 0977-628-4600,"BAUSA, OLGA MUNAR",bausaolga@yahoo.com,LouisQuiestas@aventusmedical.com.ph,4918630,05/08/2020,1,4,5,WITHOUT CONCERN,PASSED,Highly Satisfactory,SDTLPT-21-0-,1868,HS
14,13-1593-19-PIBS-I,NCR,"AVENTUS MEDICAL CARE, INC.- BGC TAGUIG","GF UNIT 1 & BASEMENT UNIT 2 CITIBANK PLAZA, 34TH ST. COR. LANE D, BONIFACIO GLOBAL CITY, TAGUIG",TAGUIG CITY,09750147054 / 8646-41-47 / 09776284600 ,"BAUSA, OLGA MUNAR ",Laboratory.BGC@aventusmedical.com.ph ,Laboratory.BGC@aventusmedical.com.ph ,48242425,27/02/2020,3,4,7,WITHOUT CONCERN,PASSED,Acceptable,SDTLPT-21-0-,1869,A
14,13-0018-19-PIBS-R,NCR,"AVENTUS MEDICAL CARE, INC.- MAKATI","6F FILOMENA BLDG. 104 AMORSOLO ST. LEGASPI VILLAGE, MAKATI CITY ",MAKATI CITY ,09672073066 / 8-817-1464 / 09209227612,"LOPEZ, ARTURO JR. CARAANG ",art.lopez815@gmail.com,Laboratory.Makati@aventusmedical.com.ph ,4842038,,0,4,4,WITHOUT CONCERN,PASSED,Highly Satisfactory,SDTLPT-21-0-,1870,HS
14,13-0894-19-PIBS-R,NCR,AVENUE DIAGNOSTIC MEDICAL CLINIC & CLINICAL LABORATORY,"1728 ARV BLDG., RIZAL AVENUE, STA. CRUZ, MANILA ",MANILA CITY,8741-1112,"LONTOC, MA. VICTORIA V.",admc.cliniclab@gmail.com,admc.cliniclab@gmail.com,4904172,26/02/2021,0,2,2,WITHOUT CONCERN,PASSED,Excellent,SDTLPT-21-0-,1871,E
14,13-1015-19-PIBS-R,NCR,"AVS MEDICAL CLINIC, INC.","2F 1214 ARQUIZA TRADE CENTER ST., ERMITA, MANILA ",MANILA CITY,09.27874292/ 5229552/ 09327874292,"MIRANDA, ERIC MANILA",jaimecristobalrmt@yahoo.com,jaimecristobalrmt@yahoo.com,4919085,15/07/2020,1,4,5,WITHOUT CONCERN,PASSED,Highly Satisfactory,SDTLPT-21-0-,1872,HS
14,13-1063-19-PIBS-R,NCR,BAIRAN- TRAMMELL DIAGNOSTIC CENTER,"552 UNITED NATIONS AVENUE BARANGAY 670 ERMITA, MANILA ",MANILA CITY,919-7383 / 09286820086,"ANDRADE, JEANNIE ILETO ",jeanileto@gmail.com ,btdiagnostic@gmail.com ,4703861,02/12/2019,0,4,4,WITHOUT CONCERN,PASSED,Highly Satisfactory,SDTLPT-21-0-,1873,HS
14,13-1225-19-PFSS-I,NCR,BCC DIAGNOSTIC & MEDICAL SERVICES CORPORATION,"UNIT 401 SUMMIT ONE TOWER, 530 SHAW BOULEVARD, MANDALUYONG CITY ",MANDALUYONG CITY ,09175811817 / 8723-8735 ,"GARRIDO, TITO GATA",dmsc@cat.bccgroup.com.ph ,dmsc@cat.bccgroup.com.ph ,4842613,,2,1,3,WITHOUT CONCERN,PASSED,Highly Satisfactory,SDTLPT-21-0-,1874,HS
14,13-1095-19-PFSS-R,NCR,BEST DIAGNOSTIC CORPORATION,"#94 MASIKAP EXT., DILIMAN, QUEZON CITY, METRO MANILA ",QUEZON CITY,09175428903/ 8920-1023,"QUIAOIT, SUSANA PINILI",bestdx@yahoo.com,bestdx@yahoo.com,4918454,06/03/2020,1,0,1,WITHOUT CONCERN,PASSED,Excellent,SDTLPT-21-0-,1875,E
14,13-0004-20-PFSS-R,NCR,BICUTAN DIAGNOSTIC LABORATORY CO.,"BLK. 184 LOT 9 A. BONIFACIO AVENUE ZONE 1, CENTRAL BICUTAN, TAGUIG",TAGUIG CITY,09472409481/ 8782-7870,"KATAPANG,MELVIN JUDE G.",,bicutanlab@gmail.com,4902402,04/08/2021,1,2,3,WITHOUT CONCERN,PASSED,Highly Satisfactory,SDTLPT-21-0-,1876,HS
14,13-0011-18-PIB5-R,NCR,BIOASSAY DIAGNOSTIC CENTER AND MEDICAL CLINIC (NOVALICHES),"F. SALVADOR AVE., JORDAN PLAINS SUBD., BRGY. STA. MONICA, NOVALICHES, QUEZON CITY ",QUEZON CITY,09438210076/ 8979742,"QUIAOIT, SUSANA P. ",bioassaydiagnostic@yahoo.com,bioassaydiagnostic@yahoo.com,4892838,,2,2,4,WITHOUT CONCERN,PASSED,Highly Satisfactory,SDTLPT-21-0-,1877,HS
14,13-0802-19-PFSS-R,NCR,BIOQUEST DIAGNOSTIC LABORATORY,"NO. 3 3RD AVE., COR. BONI SERRANO, BAGONG LIPUNAN NG CRAME, QUEZON CITY ",QUEZON CITY,09233756504/ 84775581/ 87235548,"FLORES, IKE MANUEL GABAO",ikeman619ommc@yahoo.com,beth_tabora@yahoo.com,4918680,15/11/2019,0,2,2,WITHOUT CONCERN,PASSED,Excellent,SDTLPT-21-0-,1878,E
14,13-0895-19-PFSS-R,NCR,BLESSED HEART DIAGNOSTICS AND MULTISPECIALTY CLINIC INC.,"RM 304-305 FRC BLDG., PEDRO GIL COR. TAFT AVE., MALATE, MANILA ",MANILA CITY,8241-8640,"PADILLA, GRACE H.",blessedheart_diagnostics@yahoo.com,blessedheart_diagnostics@yahoo.com,4893684,08/03/2021,1,0,1,WITHOUT CONCERN,PASSED,Excellent,SDTLPT-21-0-,1879,E
14,13-1681-20-PIBS-I,NCR,BLYSSA MEDICAL CLINIC AND DIAGNOSTIC CENTER,"UNIT 1A AND 1C CONCORDIA BLDG., RIZAL AVE. EXT., BRGY. TAÑONG, MALABON CITY",MALABON CITY,09062486372/ 83342702/ 09164476974,"DEFENSOR, DARIO DALISAY",scarecrow_2105@yahoo.com,blyssamedclinic@gmail.com,4918952,29/07/2020,0,3,3,WITHOUT CONCERN,PASSED,Highly Satisfactory,SDTLPT-21-0-,1880,HS
14,13-0913-19-PIBS-R,NCR,BMCI DIAGNOSTIC CLINIC,"UNIT 04091 LEVEL 4 WEST WING, ROBINSONS GALLERIA, EDSA COR. ORTIGAS AVE., BRGY. UGONG NORTE, QUEZON CITY ",QUEZON CITY,75067923/ 09171445412/ 09369342127,"TESORO,VALERIE ANNE",jobalmd@gmail.com,jobalmd@gmail.com,4917876,25/06/2021,0,2,2,WITHOUT CONCERN,PASSED,Excellent,SDTLPT-21-0-,1881,E
14,13-1111-20-PIBS-R,NCR,"BOROUGH MEDICAL CLINIC, INC. (MALL OF ASIA)","2ND FLR. NORTH PARKING BLDG., WELLNESS ZONE, SM MALL OF ASIA, PASAY CITY ",PASAY CITY,09065127696/ 8556-0557 TO 58 (LOC 118)/ 09178227109,"MONTENEGRO,MONINA",ningmontenegro@gmail.com,boroughmedicallab@yahoo.com,4885835,26/11/2019,1,2,3,WITHOUT CONCERN,PASSED,Highly Satisfactory,SDTLPT-21-0-,1882,HS
14,13-1432-21-PFSS-R,NCR,BRAIN MASTER DIAGNOSTIC CENTER,"ROOM 303 SUJECO BLDG. #1754 E RODRIGUEZ SR. AVE BRGY IMMACULATE CONCEPCION CUBAO, QUEZON CITY",QUEZON CITY,09988812565 / 8654-9284,"ABELEDA, LESTER D.",cerbitojudybenito@yahoo.com,cerbitojudybenito@yahoo.com,4955418,06/03/2020,1,0,1,WITHOUT CONCERN,PASSED,Excellent,SDTLPT-21-0-,1883,E
14,13-0526-18-PFSS-R,NCR,C FAMILYCARE LAGRO,"KM 22 NOVALICHES PROPER, QUEZON CITY ",QUEZON CITY ,09225412738 / 4611454 / 09175608621,"CRUZ, MARIA LUISA ROSPI PACIFICADOR ",cfamilycareclinic@yahoo.com ,cfamilycareclinic@yahoo.com ,4874225,43888,1,5,6,WITHOUT CONCERN,PASSED,Acceptable,SDTLPT-21-0-,1884,A
14,13-0070-20-PIBS-R,NCR,CAPITOL MEDICAL CENTER INC.,"2ND FLR. QUEZON AVE. COR. SCOUT MAGBANUA, BRGY. PALIGSAHAN, QUEZON CITY ",QUEZON CITY ,09175081913 / 3712158 ,"BAUTISTA, MARIA MYSTICA FLODALYN TOMBOC ",laboratory@capitolmedical.com.ph ,laboratory@capitolmedical.com.ph ,4871451,10/29/19,1,2,3,WITHOUT CONCERN,PASSED,Highly Satisfactory,SDTLPT-21-0-,1885,HS
14,13-1112-20-PIBS-R,NCR,CARDINAL SANTOS MEDICAL CENTER,"DRUG TESTING LAB, #10 WILSON ST. GREENHILLS WEST,  SAN JUAN CITY ",SAN JUAN CITY,09260356970/ 8727-0001 (LOC 4103),"MENDOZA,PAULINO G.",cardinalsantos.com.ph,ktan@csmc.ph,4912365,23/10/2020,0,5,5,WITHOUT CONCERN,PASSED,Highly Satisfactory,SDTLPT-21-0-,1886,HS
14,13-0014-18-PIBS-R,NCR,"CAREPOINT MEDICAL, DIAGNOSTIC AND WELLNESS CLINIC","MAGCOOP BLDG., 473 UNITED NATIONS AVENUE, ERMITA, MANILA ",MANILA CITY,8354-7022 Loc. 501,"DEFENSOR, DARIO D. ",laboratory@carepoint.com.ph ,laboratory@carepoint.com.ph ,4868160,44042,2,3,5,WITHOUT CONCERN,PASSED,Highly Satisfactory,SDTLPT-21-0-,1887,HS
14,13-1096-19-PIBS-R,NCR,CASA MEDICA INCORPORATED,"0105A SERVICE LANE LGF SM SOUTHMALL, ALABANG-ZAPOTE ROAD, ALMANZA UNO, LAS PIÑAS CITY ",LAS PIÑAS CITY,09165989800/ 806-7831/,"JOSON, RODOLFO E.",casamedicalpc@yahoo.com,casamedicalpc@yahoo.com,4902236,25/06/2020,1,0,1,WITHOUT CONCERN,PASSED,Excellent,SDTLPT-21-0-,1888,E
14,13-0071-20-PIBS-R,NCR,CBZ MEDICAL CLINIC ,"1507 RM 310 NFWC BLDG., ESCODA ST., ERMITA, MANILA ",MANILA CITY,526-91-33/ 521-47-36,"GO, EDNA MAY LASAP",cbz_med@yahoo.com,cbz_med@yahoo.com,4923385,43594,0,5,5,WITHOUT CONCERN,PASSED,Highly Satisfactory,SDTLPT-21-0-,1889,HS
14,13-0804-19-PIBS-R,NCR,CCM CLINICAL LABORATORY AND DIAGNOSTIC CENTER,"487 GREGORIO COMPOUND, ALMANZA UNO, ALABANG-ZAPOTE ROAD, LAS PIÑAS CITY ",LAS PIÑAS CITY,0956-0626326/ 02-77381106,"PASCUAL, HERBERT GUILLERMO",drhgp_hgp@yahoo.com,ccm_lab@yahoo.com,4923032,05/03/2020,0,2,2,WITHOUT CONCERN,PASSED,Excellent,SDTLPT-21-0-,1890,E
14,13-0620-18-PFSS-R,NCR,CCREM DRUG TESTING LABORATORY,"2/F GARPAS TOWER, 31 V. LUNA, BRGY. PINYAHAN, QUEZON CITY ",QUEZON CITY ,09237399210 / 09338535190 / 89243045 ,"CRUZ, MARIA LUISA PACIFICADOR ",ccrem.diamond@gmail.com ,ccrem.diamond@gmail.com ,4836333,43867,0,1,1,WITHOUT CONCERN,PASSED,Excellent,SDTLPT-21-0-,1891,E
14,13-0875-19-PFSS-R,NCR,"CENTER FOR HEALTH SERVICES, INC. (CHSI)","1612-1614 MEDICAL PLAZA ORTIGAS, #25 SAN MIGUEL AVENUE, PASIG ",PASIG CITY,8637056263 / 09178025336,"TAN, GLORIA LIM ",rhiagltmd@yahoo.com ,info@chsiphil.com ,4838196,15/01/2021,0,0,0,WITHOUT CONCERN,PASSED,Excellent,SDTLPT-21-0-,1892,E
14,13-0094-20-PIBS-R,NCR,"CENTERPORT MEDICAL SERVICES, INC.","4TH FLOOR VICTORIA BLDG., 429 L.M. GUERRERO ST., UN AVENUE, ERMITA, MANILA ",MANILA CITY,09088925233/ 8230-9994,,centerportmed@yahoo.com,,4919473,04/12/2020,1,1,2,WITHOUT CONCERN,PASSED,Excellent,SDTLPT-21-0-,1893,E
14,13-0255-18-PFSS-R,NCR,CENTRAL MEDICAL DRUG TESTING CENTER,"#485 RM5 DEL MUNDO BLDG., TALIPAPA, NOVALICHES, QUEZON CITY ",QUEZON CITY ,09435710367 / 82311432 ,"PASTRADO, LILIAN LIBROJO ",centralmed1988@yahoo.com ,centralmed1988@yahoo.com ,4849110,43999,0,2,2,WITHOUT CONCERN,PASSED,Excellent,SDTLPT-21-0-,1894,E
14,13-0376-20-PFSS-R,NCR,"CENTRALLE MEDICAL DIAGNOSTIC & POLYCLINIC, INC.- CALOOCAN","205 FIRST AMIJI MANSION, 6TH AVE. COR M.H DEL PILAR CALOOCAN CITY ",CALOOCAN CITY ,09228101311/8365-4951,"CHING,IRENE O.",lab@centrallemedical.com,lab@centrallemedical.com,4913179,43801,0,5,5,WITHOUT CONCERN,PASSED,Highly Satisfactory,SDTLPT-21-0-,1895,HS
14,13-0374-20-PIBS-R,NCR,"CENTRALLE MEDICAL DIAGNOSTIC & POLYCLINIC, INC.- PASAY","4TH FLOOR, WELLCOME PLAZA MALL, TAFT AVENUE COR. LIBERTAD ST., PASAY CITY ",PASAY CITY,09329813299/8877-0436,"CHING,IRENE O.",pasaycmdp@yahoo.com,pasaycmdp@yahoo.com,4913180,43796,2,4,6,WITHOUT CONCERN,PASSED,Acceptable,SDTLPT-21-0-,1896,A
14,13-0375-20-PIBS-R,NCR,"CENTRALLE MEDICAL DIAGNOSTIC & POLYCLINIC,INC.-VALENZUELA","119 PASO DE BLAS ROAD, BRGY. PASO DE BLAS VALENZUELA CITY ",VALENZUELA CITY ,09178102496/ 8236-0865,"CHING,IRENE O.",valenzuelacmdp@yahoo.com,valenzuelacmdp@yahoo.com,4913177,44048,2,4,6,WITHOUT CONCERN,PASSED,Acceptable,SDTLPT-21-0-,1897,A
14,13-0377-20-PIBS-R,NCR,CENTRO ESCOLAR UNIVERSITY- CLINICAL LABORATORY,"NO. 9 MENDIOLA ST., SAN MIGUEL, MANILA ",MANILA CITY,735-6861-71 (LOC 237),"LLANERA, FREDERICK R.",mgcorpuz@ceu.edu.ph,ceudtlab@yahoo.com.ph,4885846,43867,1,0,1,WITHOUT CONCERN,PASSED,Excellent,SDTLPT-21-0-,1898,E
14,13-1115-20-PFSS-R,NCR,CENTRO MEDICAL AND LABORATORY CLINIC,"397 J.P. RIZAL ST., STO. NIÑO, MARIKINA CITY ",MARIKINA CITY,09778396227/ 09228989458,"GUZMAN, MARK JOSEPH RODRIGUEZ",bongski8@yahoo.com,cmlc397@yahoo.com,4924840,25/11/2019,2,3,5,WITHOUT CONCERN,PASSED,Highly Satisfactory,SDTLPT-21-0-,1899,HS
14,13-0641-20-PIBS-R,NCR,CHERRY LAB DIAGNOSTICS & MEDICAL CLINIC,"#37 GOVERNOR PASCUAL AVENUE, TINAJEROS, MALABON ",MALABON CITY,09228199430/ 8442 7064/ 09175569300,"TINIO, ELENITA HIGUIT, MD",aaeyhtinio@gmail.com,"cld,c2012@yahoo.com",4918891,43854,0,5,5,WITHOUT CONCERN,PASSED,Highly Satisfactory,SDTLPT-21-0-,1900,HS
14,13-1491-20-PIBS-I,NCR,CHRISTIAN E. CANGCO MEDICAL CLINIC & LABORATORY,"5TH FLOOR JAYYAH BLDG., 2013 QUIRINO AVE., CORNER SAN PASCUAL ST., MALATE, MANILA",MANILA CITY,09177603890/ 79595656,"CABUDOY,RONALD DC.",cangcomed@gmail.com,cangcomed@gmail.com,4912495,27/02/2020,0,3,3,WITHOUT CONCERN,PASSED,Highly Satisfactory,SDTLPT-21-0-,1901,HS
14,13-0378-20-PIBS-R,NCR,CHRISTIAN MEDICAL CLINIC INC.,"22-B MADISON ST., NEW MANILA, BRGY. MARIANA, QUEZON CITY ",QUEZON CITY ,0928989231 / 7-7597116 / 09178239562,"SIONZON, MELANI HERNANDEZ ",,cmcilab390@yahoo.com,4872880,43839,1,1,2,WITHOUT CONCERN,PASSED,Excellent,SDTLPT-21-0-,1902,E
14,13-0197-20-PIBS-R,NCR,CLEARBRIDGE MEDICAL PHILIPPINES INC.,"33 V. LUNA AVE., BRGY. PINYAHAN, QUEZON CITY",QUEZON CITY,545-83-65/ 983-6382,"MISIONA, GRIG D.",laboratory@clearbridgemedical.com.ph,laboratory@clearbridgemedical.com.ph,4918677,43993,0,5,5,WITHOUT CONCERN,PASSED,Highly Satisfactory,SDTLPT-21-0-,1903,HS
14,13-0713-18-PIBS-R,NCR,CLEMEN'S MEDICAL  CLINIC,"1565 LEON GUINTO ST. MALATE, MANILA ",MANILA CITY,09980830704 / 09328405305,"CABRERA, MARY ANN OMILA",clemensmedicalclinic@yahoo.com ,clemensmedicalclinic@yahoo.com ,4879808,16/10/2019,1,4,5,WITHOUT CONCERN,PASSED,Highly Satisfactory,SDTLPT-21-0-,1904,HS
14,13-0874-20-PIBS-R,NCR,CLINICA MANILA MEGAMALL AMBULATORY HEALTHCARE INSTITUTE INC.,"UNIT 202 2ND FLR. BLDG. A, SM MEGAMALL, JULIA VARGAS AVENUE, ORTIGAS CENTER, MANDALUYONG CITY ",MANDALUYONG CITY ,09174200553 / 661-7777 Loc. 116 / 09178046648,"JOSON, RODOLFO ESTRADA",josonrod@yahoo.com ,laboratory0101@gmail.com ,4868732,14/01/2021,0,1,1,WITHOUT CONCERN,PASSED,Excellent,SDTLPT-21-0-,1905,E
14,13-0637-19-PIBS-R,NCR,CLINICA MANILA PASIG,"UNIT 158-159 SM CENTER PASIG FRONTERA VERDE C5, BRGY. UGONG, PASIG CITY ",PASIG CITY,9394508787 / ,"SALERA, LEILA TUAZON ",docleisalera@gmail.com ,cmpasig.laboratory@yahoo.com ,4839459,43839,1,1,2,WITHOUT CONCERN,PASSED,Excellent,SDTLPT-21-0-,1906,E
14,13-0427-19-PIBS-R,NCR,CLINICAL OCCUPATIONAL MEDICINE & TREATMENT CENTRE INC.,"3/F MA. DANIEL BLDG. 470 SAN ANDRES COR. MH DEL PILAR ST., MALATE, MANILA ",MANILA CITY,9088939004 / 5215499 ,"YANEZ, SOCORRO CRUZ ",sokiyanezmd@gmail.com ,clinico.admin@clinicomed.com,4850541,43761,3,2,5,WITHOUT CONCERN,PASSED,Highly Satisfactory,SDTLPT-21-0-,1907,HS
14,13-1353-19-PIBS-R,NCR,"CLINILAB MEDICAL SERVICES, INC.","2/F ORCHID TOWER ORIENTAL GARDENS, PIO DEL PILAR, MAKATI CITY ",MAKATI CITY ,8-729-8966 / 8-994-92-8 ,"ALVARADO, ANAROSE C. ",,clinilabmedical*@yahoo.com,4873017,10/12/2019,2,3,5,WITHOUT CONCERN,PASSED,Highly Satisfactory,SDTLPT-21-0-,1908,HS
14,13-1278-20-PFSS-R,NCR,CLN DRUG SCREENING LABORATORY,"1C MEDINA BLDG., 3RD AVE. COR. B. SERRANO, BAGONG LIPUNAN NG CRAME, QUEZON CITY ",QUEZON CITY,09209201087/ 85707803,"ABELEDA, LESTER D.",docles2020@hotmail.com,,4904705,,1,2,3,WITHOUT CONCERN,PASSED,Highly Satisfactory,SDTLPT-21-0-,1909,HS
14,13-0052-19-PFSS-R,NCR,CMI WELLNESS DIAGNOSTIC CENTER,"315 CMI BLDG. COMMONWEALTH AVE. DILIMAN, QUEZON CITY ",QUEZON CITY ,9198332608 / 9511515 ,"QUIAOIT, SUSANA PINILI ",wellness_neuro@yahoo.com.ph ,wellness_neuro@yahoo.com.ph ,4874237,11/21/19,1,0,1,WITHOUT CONCERN,PASSED,Excellent,SDTLPT-21-0-,1910,E
14,13-1605-20-PIBS-I,NCR,CRFM LAB MEDICAL & DIAGNOSTIC CENTER,"G/F UNIT A. 537 LCB BLDG., BONI AVE. COR. A. MARTINEZ ST., NEW ZAÑIGA, MANDALUYONG CITY",MALVAR CITY / BATANGAS,8290-9715/ 09176472358,"KATAPANG, MELVIN JUDE G.",crfmlab@gmail.com,crfmlab@gmail.com,4918698,30/06/2020,3,2,5,WITHOUT CONCERN,PASSED,Highly Satisfactory,SDTLPT-21-0-,1911,HS
14,13-0256-18-PIBS-R,NCR,CRUZ- RABE MATERNITY AND GENERAL HOSPITAL DRUG TESTING LABORATORY,"37 GENERAL LUNA ST., TUKTUKAN, TAGUIG CITY ",TAGUIG CITY,9239089213,"HARON, IFTIZAR NAKAN ",arhian_03@yahoo.com ,arhian_03@yahoo.com ,4843019,44040,2,4,6,WITHOUT CONCERN,PASSED,Acceptable,SDTLPT-21-0-,1912,A
14,13-1049-19-PIBS-R,NCR,CYTOCHEM MEDICAL LABORATORIES CO.,"2ND FLR. 7-11 BLDG MORNING BREEZE SUBD. ASUNCION STREET., EDSA MONUMENTO, CALOOCAN CITY ",CALOOCAN CITY ,09228351546 / 3610510 / 09228232345,"TORRES, REYNALDO G. ",reygtorres1956@yahoo.com ,cytochemlaboratories@yahoo.com ,4839354,20/08/2020,1,2,3,WITHOUT CONCERN,PASSED,Highly Satisfactory,SDTLPT-21-0-,1913,HS
14,13-1258-20-PFSS-R,NCR,D.J.C. DRUG TESTING CENTER,"1808 2/F RM 205-207 DELTON BUILDING, RIZAL AVENUE, STA. CRUZ, MANILA ",STA CRUZ MANILA,0288710166/ 09275552804,"ALEGRE, ALBERT MEDENILLA",j.cdrugtestingcenter@yahoo.com,j.cdrugtestingcenter@yahoo.com,4925720,,1,1,2,WITHOUT CONCERN,PASSED,Excellent,SDTLPT-21-0-,1914,E
14,13-0054-19-PIBS-R,NCR,"D' MICROASIA MEDICAL LABORATORY, INC.","913 A.T. REYES ST. BRGY. POBLACION, MANDALUYONG CITY ",MANDALUYONG CITY ,09071745535/ 8535-1438/ 09178852062,"QUIAOIT, SUSANA P. ",micromediclab@gmail.com,micromediclab@gmail.com,4892995,1/24/20,1,2,3,WITHOUT CONCERN,PASSED,Highly Satisfactory,SDTLPT-21-0-,1915,HS
14,13-0055-19-PIBS-R,NCR,DE LOS SANTOS MEDICAL CENTER,"201 E. RODRIGUEZ SR. AVENUE, BRGY. KALUSUGAN, QUEZON CITY ",QUEZON CITY,09778152378/ 893-5762 (LOC 3120),"MANAOIS,HERBERT Z.",herbertmanaois@gmail.com,pathology@dlsmc.ph,4903681,,0,5,5,WITHOUT CONCERN,PASSED,Highly Satisfactory,SDTLPT-21-0-,1916,HS
14,13-0098-20-PFSS-R,NCR,"DIAGNOSTIC INTENSIVE AND PRECISE MEDICAL AND LABORATORY (D.I.P.), INC.","129 CRUZSAN ALLEN BLDG. 6TH ST., COR. 9TH AVE., GRACE PARK, CALOOCAN CITY ",CALOOCAN CITY ,0917-356-7984,"MUNAR, VENERACION PACIS",,lourdes_dip@yahoo.com,4919152,44048,0,2,2,WITHOUT CONCERN,PASSED,Excellent,SDTLPT-21-0-,1917,E
14,13-0314-19-PIBS-R,NCR,DIAGNOSTICA DE SAN VICENTE CORP.,"284 DOÑA ANITA BLDG. E. RODRIGUEZ SR. AVE., DAMAYANG LAGI, QUEZON CITY ",QUEZON CITY ,09178283004 / 8724-3980 ,"LOPEZ, ARTURO JR. CARAANG ",diagnostica_ddsv@yahoo.com ,diagnostica_ddsv@yahoo.com ,4832572,43752,1,1,2,WITHOUT CONCERN,PASSED,Excellent,SDTLPT-21-0-,1918,E
14,13-0429-19-PIBS-R,NCR,"DMV TOPMED DIAGNOSTICS CLINIC, INC.","132 KALAYAAN AVE., BRGY CENTRAL, QUEZON CITY ",QUEZON CITY ,09165085255 / 7099468 / 7099498,"ANGELES, LARA MAE A. ",laramaeangeles@gmail.com ,dmvtopmed@gmail.com ,4875544,44041,0,3,3,WITHOUT CONCERN,PASSED,Highly Satisfactory,SDTLPT-21-0-,1919,HS
14,13-0868-19-PFSS-R,NCR,DOMINICO MEDICAL AND LABORATORY SERVICES,"1131 2ND FLOOR SYTO BUILDING QUIRINO HIGHWAY BRGY. KALIGAYAHAN NOVALICHES, QUEZON CITY ",QUEZON CITY ,09561376522 / 89384450 / 09672950812,"GALI, WARREN L. ",rodelizaapanti@gmail.com ,rodelizaapanti@gmail.com ,4857002,03/03/2020,2,1,3,WITHOUT CONCERN,PASSED,Highly Satisfactory,SDTLPT-21-0-,1920,HS
14,13-1120-19-GIBS-R,NCR,DR. JOSE N. RODRIGUEZ MEMORIAL HOSPITAL,"ST. JOSEPH AVENUE, TALA, CALOOCAN CITY ",CALOOCAN CITY ,9175026144 / 7811740 ,"VITERBO, MIRIAN DE LEON ",djnrmh.dplm@gmail.com,djnrmh.dplm@gmail.com,4882956,17/01/2020,1,4,5,WITHOUT CONCERN,PASSED,Highly Satisfactory,SDTLPT-21-0-,1921,HS
14,13-0088-18-PFSS-R,NCR,DRUGCHECK PHILIPPINES INC. - ALABANG,"#236 ESTRELLITA BLDG., MONTILLANO ST., ALABANG, MUNTINLUPA ",MUNTINLUPA CITY ,09954248407 / 843-45-87 / 7900-8888,"MINA - REYES, MARIA LEAL MONDE",,ednalyndcpi@gmail.com ,4849227,1/23/20,1,0,1,WITHOUT CONCERN,PASSED,Excellent,SDTLPT-21-0-,1922,E
14,13-0350-19-PFSS-R,NCR,DRUGCHECK PHILIPPINES INC. - CUBAO,"UNIT 3 DOÑA CONSOLACION BLDG., GENERAL SANTOS AVE., ARANETA CENTER, CUBAO, QUEZON CITY ",QUEZON CITY ,8283-04-07 / 8361-44-61 / 0920-9227612,"LOPEZ, ARTURO JR. CARAANG ",artlopez97@yahoo.com,cubao.drugcheck@yahoo.com ,4849231,43796,1,1,2,WITHOUT CONCERN,PASSED,Excellent,SDTLPT-21-0-,1923,E
14,13-0358-19-PFSS-R,NCR,DRUGCHECK PHILIPPINES INC. - PINYAHAN,"#1 MAGALANG ST., COR. EAST AVE., BRGY. PINYAHAN, QUEZON CITY ",QUEZON CITY ,435-57-75 ,"MINA - REYES, MARIA LEAL MONDE",dcpi_eastave@yahoo.com ,dcpi_eastave@yahoo.com ,4849226,44041,1,1,2,WITHOUT CONCERN,PASSED,Excellent,SDTLPT-21-0-,1924,E
14,13-0360-19-PFSS-R,NCR,DRUGCHECK PHILIPPINES INC. - SHAW,"RM 202 MN SQUARE BLDG., 678 SHAW BLVD., PASIG CITY ",PASIG CITY,7738-5795 / 7900-8888 ,"MINA - REYES, MARIA LEAL MONDE",rollydemata@yahoo.com ,rollydemata@yahoo.com ,4849224,44175,1,0,1,WITHOUT CONCERN,PASSED,Excellent,SDTLPT-21-0-,1925,E
14,13-0058-19-PIBS-R,NCR,E. ZARATE HOSPITAL,"16 J. AGUILAR  AVENUE, TALON I, LAS PIÑAS CITY ",LAS PIÑAS CITY,871-1440 Loc. 104 ,"SOLIS, FLORECITA LUDIVINA T. ",laboratory_zarate@yahoo.com.ph ,laboratory_zarate@yahoo.com.ph ,4842760,43810,1,2,3,WITHOUT CONCERN,PASSED,Highly Satisfactory,SDTLPT-21-0-,1926,HS
14,13-0526-20-PIBS-R,NCR,EAS DIAGNOSTIC AND MEDICAL CLINIC,"1840 SAN MARCELINO ST., MALATE, MANILA ",MANILA CITY,9177938579,"RIBO, MARICEL R. ",erwinsollano227@yahoo.com,erwinsollano227@yahoo.com ,4882331,44039,1,1,2,WITHOUT CONCERN,PASSED,Excellent,SDTLPT-21-0-,1927,E
14,13-1478-21-GIBS-R,NCR,EAST AVENUE MEDICAL CENTER,"EAST AVENUE DILIMAN, QUEZON CITY",QUEZON CITY,9280611 LOC 265,"ESPIRITU, BERNADETTE R.",dtleamc@yahoo.com.ph,dtleamc@yahoo.com.ph,FOC,04/06/2020,0,5,5,WITHOUT CONCERN,PASSED,Highly Satisfactory,SDTLPT-21-0-,1928,HS
14,13-0644-20-PIBS-R,NCR,EASTERN DOCTORS MEDICAL SERVICES INC.,"SUITE G-1 BEL-AIR APTS., 1020 ROXAS BLVD., ERMITA, MANILA ",MANILA CITY,85212708,"KATAPANG, MELVIN JUDE GATUSLAO",meljude@yahoo.com,edms95@yahoo.com,4918807,43782,1,1,2,WITHOUT CONCERN,PASSED,Excellent,SDTLPT-21-0-,1929,E
14,13-0003-19-PIBS-R,NCR,EL ROI MEDICAL CLINIC & DIAGNOSTIC CENTER INC.,"3F-4F LEON DE ORO BLDG., 2125 LEON DE ORO PLACE, LEON GUINTO ST., MALATE, MANILA ",MANILA CITY,9274687403,"PAGDUNZULAN, FRANK GERALD C.",,elroimalate@gmail.com,4919154,03/08/2020,1,2,3,WITHOUT CONCERN,PASSED,Highly Satisfactory,SDTLPT-21-0-,1930,HS
14,13-0059-19-PFSS-R,NCR,EMMANUEL MEDICAL & DIAGNOSTIC CENTER,"2106 TAFT AVENUE, MALATE, MANILA ",MANILA CITY,09565436655 / 523-8009 ,"QUIAOIT, SUSANA PINILI ",emmanueldiag@yahoo.com.ph ,emmanueldiag@yahoo.com.ph ,4870490,43810,1,4,5,WITHOUT CONCERN,PASSED,Highly Satisfactory,SDTLPT-21-0-,1931,HS
14,13-0009-20-PIBS-R,NCR,ESSENCE MEDICAL AND LABORATORY CLINIC,"UNIT 205 2F SGC BLDG., #3615 DAVILA ST., BRGY. LAPAZ, MAKATI CITY ",MAKATI CITY ,888-9114,"GAERIAN, CYNTHIA S.",essencemedical@yahoo.com.ph,essencemedical@yahoo.com.ph,4918470,7/29/21,0,5,5,WITHOUT CONCERN,PASSED,Highly Satisfactory,SDTLPT-21-0-,1932,HS
14,13-064-14-MF-2,NCR,EVERGREEN MEDICAL AND DIAGNOSTIC CENTER,"J&B BUILDING, 641 EDSA MALIBAY, PASAY CITY",PASAY CITY,09663519713 / 844-1713 ,"PAGDUNZULAN, FRANK GERALD C. ",evergreenmdc@gmail.com ,evergreenmdc@gmail.com ,4862448,30/07/2020,2,1,3,WITHOUT CONCERN,PASSED,Highly Satisfactory,SDTLPT-21-0-,1933,HS
14,13-0099-20-PFSS-R,NCR,"EXACT CHECK DIAGNOSTIC CENTER, INC.","UNIT 5, 238 BANAWE COR. PAGATAAN AND PANALTURAN STREETS, BRGY. MANRESA, QUEZON CITY ",QUEZON CITY ,09176541400 / 8363-9228 / 8294-8472 / 09175204205,"LIM, FREDERICK GO ",limfrederickg_md@yahoo.com ,exactcheck@gmail.com,4873243,43860,0,3,3,WITHOUT CONCERN,PASSED,Highly Satisfactory,SDTLPT-21-0-,1934,HS
14,13-1480-20-PIBS-I,NCR,"EXACT CHECK DIAGNOSTIC CENTER, INC. - LIBIS ","UNIT 4 RCS BLDG., E. RODRIGUEZ AVE., BRGY. BAGUMBAYAN, ACROPOLIS GREEN SUBD., QUEZON CITY",QUEZON CITY ,09088796388 / 86314633 / 09175204205,"LIM, FREDERICK GO ",limfrederickg_md@yahoo.com ,exactchecklibis@gmail.com,4873245,26/06/2020,1,4,5,WITHOUT CONCERN,PASSED,Highly Satisfactory,SDTLPT-21-0-,1935,HS
14,13-0870-19-PIBS-R,NCR,FAIRCARE X-RAY & CLINICAL LABORATORY,"2ND & 3RD FLR. TOPSTAR 2 BLG., F. MANALO ST., BRGY. SAN NICOLAS, PASIG CITY ",PASIG CITY,720-2528,"LLANERA, FREDERICK REYES",,faircare.laboratory@yahoo.com,4918800,06/03/2020,1,0,1,WITHOUT CONCERN,PASSED,Excellent,SDTLPT-21-0-,1936,E
14,13-0316-19-PIBS-R,NCR,FATIMA UNIVERSITY MEDICAL CENTER,"120 MCARTHUR HIWAY, MARULAS, VALENZUELA CITY ",VALENZUELA CITY ,09171690554 / 916538 Loc. 207 ,"PASCUAL, HERBERT G. ",drhgp_hgp@yahoo.com ,fumclaboratory207@gmail.com,4850659,43864,0,4,4,WITHOUT CONCERN,PASSED,Highly Satisfactory,SDTLPT-21-0-,1937,HS
14,13-0062-19-PIBS-R,NCR,FEU-DR. NICANOR REYES MEDICAL FOUNDATION INSTITUTE-CLINICAL LABORATORY,"REGALADO AVE. COR. DAHLIA ST., WEST FAIRVIEW, QUEZON CITY ",QUEZON CITY ,09175111011 / 4270213 Loc. 1145 ,"ESGUERRA, MARI KARR A. ",feunrmfdtl@gmail.com ,feunrmfdtl@gmail.com ,4869571,12/16/19,0,4,4,WITHOUT CONCERN,PASSED,Highly Satisfactory,SDTLPT-21-0-,1938,HS
14,13-0063-19-PIBS-R,NCR,FIRST MEDICAL TEAM HEALTHCARE SPECIALIST GROUP,"RM. 401 SAN LUIS TERRACES BLDG., 638 T.M. KALAW, ERMITA, MANILA ",MANILA CITY,09175537793 / 5266701,"PAUL M. TEVES, MD",drpaulteves@yahoo.com,fmt_laboratory@yahoo.com,4889942,11/15/19,2,1,3,WITHOUT CONCERN,PASSED,Highly Satisfactory,SDTLPT-21-0-,1939,HS
14,13-1068-19-PIBS-R,NCR,FORTMED MEDICAL CLINICS INC.- MAKATI,"#158 CROWN CENTER BUILDING, JUPITER COR. N. GARCIA ST., BEL-AIR, MAKATI CITY",MAKATI CITY ,09178658010 / 897-9111 / 09174524215 ,"DE ALBAN, AMY ROSE EISMA ",fortmed_lab@yahoo.com ,fortmed_lab@yahoo.com ,4858027,12/01/2021,1,1,2,WITHOUT CONCERN,PASSED,Excellent,SDTLPT-21-0-,1940,E
14,13-1267-20-PFSS-R,NCR,FORTUNE AMARIS DRUG TESTING CENTER,"4TH FLOOR DELTON BLDG., RIZAL AVENUE, STA. CRUZ, MANILA",MANILA CITY,09362336282 / 82514313,"HORACIO A. SAGUIL, MD",,fortuneamaris2016@yahoo.com,4892384,,2,1,3,WITHOUT CONCERN,PASSED,Highly Satisfactory,SDTLPT-21-0-,1941,HS
14,13-1119-20-PIBS-R,NCR,"FRIENDLYCARE FOUNDATION, INC. - CUBAO CLINIC","2/F METROLANE COMPLEX BLDG., P. TUAZON ST. COR. 20TH AVE., BRGY TAGUMPAY CUBAO QUEZON CITY ",QUEZON CITY,421-1660,"TORRES, REYNALDO GARCIA",,friendlycarecbolab@gmail.com,4918525,05/08/2020,1,0,1,WITHOUT CONCERN,PASSED,Excellent,SDTLPT-21-0-,1942,E
14,13-0458-18-PIBS-R,NCR,"FRIENDLYCARE FOUNDATION, INC.- LAGRO CLINIC","G/F BONANZA BLDG., QUIRINO HI-WAY, BRGY. GREATER LAGRO, QUEZON CITY",QUEZON CITY ,09325748904 / 935-6919-20 / 09228232343 ,"TORRES, REYNALDO G. ",,fclagrolaboratory@gmail.com,4836303,43990,2,1,3,WITHOUT CONCERN,PASSED,Highly Satisfactory,SDTLPT-21-0-,1943,HS
14,13-1118-20-PIBS-R,NCR,"FRIENDLYCARE FOUNDATION,INC.- SHAW PASIG","27 SHAW BOULEVARD, BRGY. SAN ANTONIO, PASIG CITY ",PASIG CITY,87222982 loc 104,,,,4918523,02/04/2019,1,0,1,WITHOUT CONCERN,PASSED,Excellent,SDTLPT-21-0-,1944,E
14,13-XXXX-19-PIBS-R,NCR,"GAMMACARE MEDICAL SERVICES, INC.","635 BINAYUYO ST. COR. MALANTING ST., BARANGAY 179, CALOOCAN CITY",CALOOCAN CITY ,09176601992 / 8961-3580 / 8961-3664,"CRUZ, GABRIEL JOCSON ",gabrielcruz@gammacaremsi.com,diagnostics@gammacaremsi.com,4871231,,0,5,5,WITHOUT CONCERN,PASSED,Highly Satisfactory,SDTLPT-21-0-,1945,HS
14,13-1398-20-PIBS-R,NCR,GEN. MIGUEL M. MALVAR MEDICAL RESEARCH FOUNDATION,"531 COMMONWEALTH AVE., MATANDANG BALARA, QUEZON CITY",QUEZON CITY,09061196636 / 89367230,"SOCORRO C. YAÑEZ, MD",sokiyanez@hotmail.com,albertebesanas@gmail.com,4914424,25/10/2019,2,2,4,WITHOUT CONCERN,PASSED,Highly Satisfactory,SDTLPT-21-0-,1946,HS
14,13-1110-19-PFSS-R,NCR,GENSENS INCORPORATED,"UNIT 1, #60 AGS PLAZA, QUEZON AVENUE, QUEZON CITY 1113 ",QUEZON CITY,09175103572 / 34129210,"ARACELI P. JACOBA, MD",,gensens.lab@gmail.com,4916665,03/08/2020,0,2,2,WITHOUT CONCERN,PASSED,Excellent,SDTLPT-21-0-,1947,E
14,13-0101-20-PIBS-R,NCR,"GIAN HEALTHCARE, INC.","238 SCOUT BAYORAN, TOMAS MORATO AVE. BRGY. SOUTH TRIANGLE, QUEZON CITY ",QUEZON CITY,09178910002 / 09068623205 / 4155094,"FARRAH KRISTINE F. SANTIAGO, MD, FPSP",farrahkristinefontilla@gmail.com,mhcdruganalyst@minutehealthcare.com,4913983,43858,1,4,5,WITHOUT CONCERN,PASSED,Highly Satisfactory,SDTLPT-21-0-,1948,HS
14,13-0065-19-PIBS-R,NCR,GILCARE DIAGNOSTIC CLINIC,"2ND FLOOR ROOM 202, 132 KALAYAAN AVENUE, DILIMAN, QUEZON CITY ",QUEZON CITY ,09279433983 / 434-1487 ,"BAUSA, OLGA MUNAR ",gilcarediagnosticclinic@yahoo.com ,gilcarediagnosticclinic@yahoo.com ,4856165,44015,0,4,4,WITHOUT CONCERN,PASSED,Highly Satisfactory,SDTLPT-21-0-,1949,HS
14,13-0067-19-PFSS-R,NCR,GL-ORO DRUG TESTING LABORATORY,"1151 QUIRINO HI-WAY, BRGY. KALIGAYAHAN, QUEZON CITY, METRO MANILA ",QUEZON CITY ,09491616499 / 89353017 / 84005706 ,"GALI, WARREN L. ",guialuz.oro@yahoo.com.ph ,guialuz.oro@yahoo.com ,4832635,44046,1,0,1,WITHOUT CONCERN,PASSED,Excellent,SDTLPT-21-0-,1950,E
14,13-0841-20-PIBS-R,NCR,GLOBAL HEALTH DIAGNOSTICS- PARAÑAQUE CITY,"4TH FLR. LMB BLDG., 158 SAN ANTONIO AVENUE, SAN ANTONIO VALLEY I, PARANAQUE CITY ",PARAÑAQUE CITY,09222709614 / 88259964,"NOEL C. SANTOS, MD",,globalhealthparanaque@gmail.com,4904611,23/06/2020,1,1,2,WITHOUT CONCERN,PASSED,Excellent,SDTLPT-21-0-,1951,E
14,13-0843-20-PIBS-R,NCR,GLOBAL HEALTH DIAGNOSTICS- PASAY CITY,"2ND FLR. ALEXANDRA BLDG., 107 PASADEÑA ST., PASAY CITY ",PASAY CITY,09667198251 / 85562753,"NOEL C. SANTOS, MD",,globalhealthpasay@gmail.com,4904612,23/06/2020,1,4,5,WITHOUT CONCERN,PASSED,Highly Satisfactory,SDTLPT-21-0-,1952,HS
14,13-0842-20-PIBS-R,NCR,GLOBAL HEALTH DIAGNOSTICS- QUEZON CITY BRANCH,"132-I KALAYAAN AVE., DILIMAN, BRGY. CENTRAL, QUEZON CITY ",QUEZON CITY,09985482697 / 89289402,"NOEL C. SANTOS, MD",,globalhealthquezoncity@gmail.com,4904613,23/06/2020,0,5,5,WITHOUT CONCERN,PASSED,Highly Satisfactory,SDTLPT-21-0-,1953,HS
14,13-0646-20-PIBS-R,NCR,"GLOBALHEALTH DIAGNOSTIC CENTER, INC.","156 N. DOMINGO ST., BRGY. PEDRO CRUZ, SAN JUAN CITY ",SAN JUAN CITY,09458472411 / 7224544,"ROSALIE SABINA M. SAMONTE, MD",,globalhealthlabdept@gmail.com,4902427,44041,2,0,2,WITHOUT CONCERN,PASSED,Excellent,SDTLPT-21-0-,1954,E
14,13-1121-20-PIBS-R,NCR,GLOBALIFE MEDICAL LABORATORY & POLYCLINIC,"UNIT 149-150 CLUSTER J, BLUE BAYWALK, MACAPAGAL BLVD., BRGY. 76, PASAY CITY",PASAY CITY,09164904935 / 829-2751 ,"SOLIS, FLORECITA LUDIVINA T. ",globalife_medlab@yahoo.com.ph ,globalifebbw_medlab@yahoo.com.ph ,4883391,20/02/2020,1,0,1,WITHOUT CONCERN,PASSED,Excellent,SDTLPT-21-0-,1955,E
14,13-0702-18-PIBS-R,NCR,GLOBE MEDICAL IMAGING AND LABORATORY INC.,"410 DEL MONTE AVE., BRGY SIENA, QUEZON CITY ",QUEZON CITY ,09334959404 / 87429858 / 09175510210,"DIWA, MICHELE HERNANDEZ ",mitchdiwa@yahoo.com ,globe.medical@yahoo.com,4860347,01/02/2020,3,2,5,WITHOUT CONCERN,PASSED,Highly Satisfactory,SDTLPT-21-0-,1956,HS
14,13-0068-19-PIBS-R,NCR,GMWV MEDICAL CLINIC,"26 MAYSAN ROAD, BARANGAY MALINTA, VALENZUELA CITY ",VALENZUELA CITY ,02 88660822,"GEORGE ARISTOTLE S. WEE, MD",,gmwvmedicalclinic@gmail.com,4892454,43882,0,1,1,WITHOUT CONCERN,PASSED,Excellent,SDTLPT-21-0-,1957,E
14,13-0430-18-PIBS-R,NCR,GOLD MEDICHECK INC. ,"4/F THA BLDG. 2116 SEN. GIL PUYAT AVE. COR. TAFT AVE., PASAY CITY, METRO MANILA ",PASAY CITY,09226350072 / 09562018453 / 0922656786 ,"BRIONES, MARLON A. ",marlbrix@yahoo.com ,goldmedicheck 2015@yahoo.com ,4855661,43837,2,1,3,WITHOUT CONCERN,PASSED,Highly Satisfactory,SDTLPT-21-0-,1958,HS
14,13-1157-20-PIBS-R,NCR,GOOD HEALTH MEDICAL AND DIAGNOSTIC LABORATORY INC.,"#24 MATALINO ST., PM APARTMENT ROOM 209, BRGY. CENTRAL, DILIMAN, QUEZON CITY ",QUEZON CITY,289367525,"DEFENSOR, DARIO DALISAY",scarecrow_2105@yahoo.com,goodhealthmdltwo@yahoo.com,4919806,26/08/2020,0,5,5,WITHOUT CONCERN,PASSED,Highly Satisfactory,SDTLPT-21-0-,1959,HS
14,13-0104-20-PIBS-R,NCR,GOOD SHEPHERD DIAGNOSTIC AND MEDICAL CENTER CORP.,"2/F ATLANTIS BEACON TOWER, 2315 LEON GUINTO ST., MALATE, MANILA ",MANILA CITY,09369400720 / 5212742,"DARIO D. DEFENSOR, MD",scarecrow_2105@yahoo.com,gslab.drugtest@gmail.com,4901097,22/12/2020,1,0,1,WITHOUT CONCERN,PASSED,Excellent,SDTLPT-21-0-,1960,E
14,13-0013-20-PIBS-R,NCR,GRAMCARE DIAGNOSTIC CENTER INC.,"2ND & 3RD FLRS PHILTRUST BANK BLDG., MABINI ST., COR. UN AVENUE, ERMITA, MANILA ",MANILA CITY,87127268,"YABUT, VOLTAIRE C.",gramcarediagnosticcenter@yahoo.com,gramcarediagnosticcenter@yahoo.com,4919147,27/02/2020,0,5,5,WITHOUT CONCERN,PASSED,Highly Satisfactory,SDTLPT-21-0-,1961,HS
14,13-0071-19-PIBS-R,NCR,GREPA MEDICAL AND DIAGNOSTIC CENTER (SUN LIFE GREPA FINANCIAL INC.),"MEZZANINE FLOOR TOWER 2 RCBC PLAZA, 6819 AYALA AVENUE, MAKATI CITY",MAKATI CITY ,09277736101 / 88866586 Loc. 120 / 09209222722,"HERNANDEZ, SIERRA ROMA S. ",srshernandez@yahoo.com ,mciquina@sunlifegrepa.com,4833228,43508,1,3,4,WITHOUT CONCERN,PASSED,Highly Satisfactory,SDTLPT-21-0-,1962,HS
14,13-1117-19-PIBS-R,NCR,HALCYON MARINE HEALTHCARE SYSTEMS INC.,"222 MARIA CORNELIA BUILDING, SEN. GIL PUYAT AVE., BRGY. PIO DEL PILAR, MAKATI CITY ",MAKATI CITY ,9778360536,"LONTOC, MA. VICTORIA V. ",judy.riverahalogo@halcyonmarine.com.ph ,judy.riverahalogo@halcyonmarine.com.ph ,4854105,07/08/2020,0,1,1,WITHOUT CONCERN,PASSED,Excellent,SDTLPT-21-0-,1963,E
14,13-0959-19-PIBS-R,NCR,"HEALS DIAGNOSTIC MEDICAL AND ALLIED SERVICES, INC. ","38 MATALINO ST. BRGY. CENTRAL, DILIMAN, QUEZON CITY",QUEZON CITY ,09171246022 / 2161971 ,"MITCHIKO-SAMONTE, ROSALIE S. ",healsdiagnostic@gmail.com ,healsdiagnostic@gmail.com ,4846346,08/07/2021,1,2,3,WITHOUT CONCERN,PASSED,Highly Satisfactory,SDTLPT-21-0-,1964,HS
14,13-0014-20-PIBS-R,NCR,HEALTH ALERT MEDICAL AND DIAGNOSTIC CENTER,"UNIT B-C 158 WEST AVENUE PHILAM HOMES , QUEZON CITY ",QUEZON CITY,09189195513 / 34135028 / 34162233,"VALERIE ANNE T. TEROSO, MD",,healthalert2014@yahoo.com,4912100,44041,0,0,0,WITHOUT CONCERN,PASSED,Excellent,SDTLPT-21-0-,1965,E
14,13-0648-20-PFSS-R,NCR,HEALTH CUBE MEDICAL CLINICS,"241 SHAW BLVD. COR. M. YULO ST., BRGY. BAGONG SILANG, MANDALUYONG CITY ",MANDALUYONG CITY ,09263729109 / 02 86521111,"SUSANA P. QUIAOIT, MD, FPSP",jerzymarion@yahoo.com,dt.shaw@healthcube.com.ph,4897122,43822,0,5,5,WITHOUT CONCERN,PASSED,Highly Satisfactory,SDTLPT-21-0-,1966,HS
14,13-0172-20-PIBS-R,NCR,"HEALTH DELIVERY SYSTEM , INC. - EASTWOOD","3RD FLOOR CYBER AND FASHION MALL, BAGUMBAYAN, QUEZON CITY ",QUEZON CITY,7180829,"RODELIO D. LIM, MD",rodellim@yahoo.com,eastwoodbranch@healthfirst.com.ph,4893020,43847,0,2,2,WITHOUT CONCERN,PASSED,Excellent,SDTLPT-21-0-,1967,E
14,13-0176-20-PIBS-R,NCR,"HEALTH DELIVERY SYSTEM, INC. - ALABANG","G/F SOUTH SUPERMARKET, FILINVEST AVE., FILINVEST CORPORATE CITY, ALABANG, MUNTINLUPA CITY ",MUNTINLUPA CITY,8211423,"RODELIO D. LIM, MD",rodellim@yahoo.com,alabang@healthfirst.com.ph,4893016,05/08/2020,1,4,5,WITHOUT CONCERN,PASSED,Highly Satisfactory,SDTLPT-21-0-,1968,HS
14,13-0173-20-PIBS-R,NCR,"HEALTH DELIVERY SYSTEM, INC. - CUBAO","322-323 3RD FLR. SPARK PLACE, P. TUAZON BLVD., BRGY. SOCORRO, QUEZON CITY ",QUEZON CITY,6345714,"RODELIO D. LIM, MD",rodellim@yahoo.com,cubaobranch@healthfirst.com.ph,4893019,44048,0,0,0,WITHOUT CONCERN,PASSED,Excellent,SDTLPT-21-0-,1969,E
14,13-0174-20-PIBS-R,NCR,"HEALTH DELIVERY SYSTEM, INC. - MAKATI","UNIT 18 1ST FLR., LEGASPI TOWERS 200, PASEO DE ROXAS, LEGASPI VILLAGE, MAKATI CITY ",MAKATI CITY ,7292060,"RODELIO D. LIM, MD",rodellim@yahoo.com,makatibranch@healthfirst.com.ph,4893017,44021,3,4,7,WITHOUT CONCERN,PASSED,Acceptable,SDTLPT-21-0-,1970,A
14,13-0175-20-PIBS-R,NCR,"HEALTH DELIVERY SYSTEM, INC. - MANDALUYONG","L2 AND L3 LABORATORY DEPARTMENT, SOHO CENTRAL, 748 SHAW BLVD., GREENFIELD DISTRICT, HIGHWAY HILLS, MANDALUYONG CITY ",MANDALUYONG CITY ,6345714,"RODELIO D. LIM, MD",rodellim@yahoo.com,laboratory@healthfirst.com.ph,4893018,05/08/2020,1,0,1,WITHOUT CONCERN,PASSED,Excellent,SDTLPT-21-0-,1971,E
14,13-0177-20-PIBS-R,NCR,"HEALTH DELIVERY SYSTEM, INC.- MALL OF ASIA","UNIT 104 B-D GROUND FLOOR FIVE E COM CENTER, MALL OF ASIA COMPLEX, PASAY CITY ",PASAY CITY,8454877,"RODELIO D. LIM, MD",rodellim@yahoo.com,mallofasia@healthfirst.com.ph,4893015,44029,1,0,1,WITHOUT CONCERN,PASSED,Excellent,SDTLPT-21-0-,1972,E
14,13-0437-19-PIBS-R,NCR,HEALTH GUARD DIAGNOSTIC LABORATORY AND MEDICAL SERVICES,"55 KARUHATAN ROAD, KARUHATAN, VALENZUELA CITY ",VALENZUELA CITY ,09178172153 / 8-294-4565 / 09983585924 ,"CARINGAL, EXALTACION A. ",,healthguarddiagnosticlaboratory@yahoo.com ,4853141,43888,4,1,5,WITHOUT CONCERN,PASSED,Highly Satisfactory,SDTLPT-21-0-,1973,HS
14,13-0872-19-PIBS-R,NCR,HEALTH HUB CLINIC MAKATI,"#1 HERCULES STREET, BRGY. BEL-AIR COR. MAKATI AVE., MAKATI CITY ",MAKATI CITY ,09273401844 / 816-0888 ,"ABIBA, RUDLOPH D. ",hhublabmakati@gmail.com ,hhublabmakati@gmail.com ,4860963,11/01/2021,2,4,6,WITHOUT CONCERN,PASSED,Acceptable,SDTLPT-21-0-,1974,A
14,13-1124-20-PIBS-R,NCR,"HEALTH METRICS INC,","1157 DON CHINO ROCES AVENUE, SAN ANTONIO VILLAGE, MAKATI CITY",MAKATI CITY ,9178519564 / 7795-1234,"CEJUDO,NEILA",coro@healthmetrics.com.ph,coro@healthmetrics.com.ph,4945485,30/01/2020,3,1,4,WITHOUT CONCERN,PASSED,Highly Satisfactory,SDTLPT-21-0-,1975,HS
14,13-1125-20-PIBS-R,NCR,HEALTH METRICS INC.-PASAY,"4TH FLOOR, TWO E-COM, MALL OF ASIA COMPLEX, PASAY CITY",PASAY CITY,09228692141 / 8805-8032 /8805-8321,"CEJUDO,NEILA",hmi.moa.laboratory@healthmetrics.com.ph,hmi.moa.laboratory@healthmetrics.com.ph,4945486,14/02/2020,1,4,5,WITHOUT CONCERN,PASSED,Highly Satisfactory,SDTLPT-21-0-,1976,HS
14,13-0643-19-PIBS-R,NCR,HEALTH QUEST DIAGNOSTIC LABORATORY & MULTI-SPECIALTY CLINIC INC.,"11 A& B TOLENTINO ST. COR DEL MONTE AVENUE, BRGY. DAMAYAN, QUEZON CITY ",QUEZON CITY ,02-709-3588 / 09171219899 ,"TORRES, REYNALDO G. ",,healthquestlab@hotmail.com ,4862341,43894,0,5,5,WITHOUT CONCERN,PASSED,Highly Satisfactory,SDTLPT-21-0-,1977,HS
14,13-1710-19-PIBS-I,NCR,"HEALTH STAT DIAGNOSTIC AND MEDICAL CLINIC, CO.","NO. 4 ADV BUILDING, J.P. LAUREL ST., SAN ROQUE, MARIKINA CITY",MARIKINA CITY ,09335034257 / 8395-43-10 / 09214420106 ,"SANTOS, NOEL CORPUZ ",healthstatlab2015@gmail.com ,healthstatlab2015@gmail.com ,4854139,01/07/2021,0,2,2,WITHOUT CONCERN,PASSED,Excellent,SDTLPT-21-0-,1978,E
14,13-1126-20-PFSS-R,NCR,HEALTH TRENDS MEDICAL CLINIC AND DIAGNOSTIC CENTER,"#8 PRES. DIOSDADO MACAPAGAL AVE. LIFESTYLE SECTION, BRGY. I, PASAY CITY",PASAY CITY,09774637220/ 8556-1270,"SILVA,AZEUS O.",,info@healthtrendsclinic.com,4948575,14/02/2020,1,1,2,WITHOUT CONCERN,PASSED,Excellent,SDTLPT-21-0-,1979,E
14,13-0471-18-PIBS-R,NCR,HEALTH VENUE MULTI-SPECIALTY CLINIC & DIAGNOSTIC CENTER,"16-B 3RD AVE. COR. SOUTH ROAD, BAGONG LIPUNAN CRAME, QUEZON CITY ",QUEZON CITY ,09178521290 / 09776284600,"BAUSA, OLGA MUNAR ",,healthvenue2011@gmail.com ,4862441,43853,3,3,6,WITHOUT CONCERN,PASSED,Acceptable,SDTLPT-21-0-,1980,A
14,13-1269-20-PIBS-R,NCR,HEALTHBRIDGE MEDICAL SERVICES INC.,"1ST FLOOR A&N BLDG, 9694 KAMAGONG ST. COR. ST. PAUL., BRGY SAN ANTONIO, MAKATI CITY, METRO MANILA",MAKATI CITY ,9278810754,"CLEMENTE, PAULO ANTONIO E.",healthbridgelab@gmail.com,healthbridgelab@gmail.com,4946365,,2,2,4,WITHOUT CONCERN,PASSED,Highly Satisfactory,SDTLPT-21-0-,1981,HS
14,13-0610-18-PIBS-R,NCR,HEALTHLOCK MEDICAL DENTAL DIAGNOSTIC SERVICES,"UNIT A TRIPLE K BLDG., 187 M. CONCEPCION ST., SAN JOAQUIN, PASIG CITY ",PASIG CITY,09277401890 / 02 2189731,"FREDERICK R. LLANERA, MD",,healthlock_healthservices@yahoo.com,4890658,43892,0,1,1,WITHOUT CONCERN,PASSED,Excellent,SDTLPT-21-0-,1982,E
14,13-0893-20-PIBS-R,NCR,HEALTHPLUS DIAGNOSTIC CLINIC INC.,"4TH FLOOR SOLEMIL BLDG., 1248 BOCOBO ST. COR. P. FAURA BRGY. 669, ERMITA, MANILA ",MANILA CITY,09171578577 / 02 85627101,"OLGA M. BAUSA, MD",,laboratory@healthplusdiagnostics.ph,4884970,17/02/2021,1,2,3,WITHOUT CONCERN,PASSED,Highly Satisfactory,SDTLPT-21-0-,1983,HS
14,13-1345-20-PIBS-R,NCR,HEALTHRIGHT INC.,"UNIT 1-9 2ND FLR. WILCON CITY CENTER, 121 VISAYAS AVENUE, BAHAY TORO, QUEZON CITY ",QUEZON CITY,2776962,"ROSALINDA COSMAS R. BENITEZ, MD",,laboratory@healthright.com.ph,4894177,21/11/2019,1,4,5,WITHOUT CONCERN,PASSED,Highly Satisfactory,SDTLPT-21-0-,1984,HS
14,13-0108-20-PIBS-R,NCR,HEALTHWELL DIAGNOSTIC CLINIC CO.,"5TH FLOOR MRS BLDG. 1431 A. MABINI ST., ERMITA MANILA",MANILA CITY,9175359350,"ONTOG, MARLENE S.",mcsopatho@gmail.com,info@healthwellclinic.net,4946745,43878,0,0,0,WITHOUT CONCERN,PASSED,Excellent,SDTLPT-21-0-,1985,E
14,13-1338-20-PIBS-R,NCR,HEARTLAND MEDICAL AND DIAGNOSTIC CENTER,"1853 LEON GUINTO ST. (NEAR SALVATION ARMY/NEAR MINISTOP-REMEDIOS STREET, PACO, MANILA CITY",MANILA CITY,09189268792 / 09085265186 / 53101800,"DARIO D. DEFENSOR, MD",,heartland.medical@yahoo.com,4915762,24/10/2019,1,0,1,WITHOUT CONCERN,PASSED,Excellent,SDTLPT-21-0-,1986,E
14,13-0809-19-PFSS-R,NCR,HEARTWELL MEDICAL & DIAGNOSTIC CENTER CO.,"UNIT 402, STANISCO TOWER, 999 PEDRO GIL COR. AGONCILLO ST., ERMITA, MANILA ",MANILA CITY,02 8573-2781,"CALILUNG, MARILYN PAJEL",heartwellmed@gmail.com,heartwellmed@gmail.com,4918913,15/01/2020,0,5,5,WITHOUT CONCERN,PASSED,Highly Satisfactory,SDTLPT-21-0-,1987,HS
14,13-0475-18-PIBS-R,NCR,"HELAL MEDICAL LABORATORY, PHARMACY & DIAGNOSTIC TRADING","1679 VAREB MANSION COR. MALVAR, MALATE, ERMITA, MANILA",MANILA CITY,76248197/76216027,"MUNAR, VENERACION PACIS",johelal@yahoo.com,johelal@yahoo.com,4919969,43852,3,3,6,WITHOUT CONCERN,PASSED,Acceptable,SDTLPT-21-0-,1988,A
14,13-0364-19-PIBS-R,NCR,HI-PRECISION DIAGNOSTICS - COMMONWEALTH,"2/F CPE MULTI-RESOURCES INC. BUILDING, EAST FAIRVIEW, DON MARIANO ROCES AVE., QUEZON CITY ",QUEZON CITY,09338259510 / 82850928,"EVETTE LILYBELLE A. DEMAISIP, MD, FPSP",,hpcommonwealth@hi-precision.com.ph,4916783,43867,0,2,2,WITHOUT CONCERN,PASSED,Excellent,SDTLPT-21-0-,1989,E
14,13-0365-19-PIBS-R,NCR,HI-PRECISION DIAGNOSTICS - DEL MONTE,"440-442 W. LONG BUILDING, DEL MONTE AVE., COR. BIAK NA BATO, BRGY. SIENNA, QUEZON CITY ",QUEZON CITY,8639999,"OSCAR D. NG, MD",,jane@hi-precision.com.ph,4916786,43796,1,4,5,WITHOUT CONCERN,PASSED,Highly Satisfactory,SDTLPT-21-0-,1990,HS
14,13-0366-19-PIBS-R,NCR,HI-PRECISION DIAGNOSTICS - EAST AVENUE BRANCH,"18 EAST AVENUE COR. V. LUNA RD., DILIMAN, BRGY. PINYAHAN, QUEZON CITY ",QUEZON CITY,09228480984 / 4358228 / 3514253 / 4361097,"EVETTE LILYBELLE A. DEMAISIP, MD, FPSP",,eastave@hi-precision.com.ph,4916788,43866,0,0,0,WITHOUT CONCERN,PASSED,Excellent,SDTLPT-21-0-,1991,E
14,13-0106-18-PIBS-R,NCR,HI-PRECISION DIAGNOSTICS - KALAW,"638 RM 102 SAN LUIS TERRACES, T.M. KALAW ST., ERMITA, MANILA ",MANILA CITY,09175782256 / 4041441,"IRMA GRACE B. CAPINIG, MD",,hpkalaw@hi-precision.com.ph,4916790,43881,0,4,4,WITHOUT CONCERN,PASSED,Highly Satisfactory,SDTLPT-21-0-,1992,HS
14,13-1326-18-PFFS-I,NCR,HI-PRECISION DIAGNOSTICS - LACSON,"1160 MEZZANINE & 2ND FLOOR PACIFIC SKYLOFT BLDG., GOVERNOR FORBES, LACSON AVE., SAMPALOC, MANILA ",MANILA CITY,09177256425 / 5880147,"MARIA LOURDES P. SANTOS, MD",meps@hpretiro.hi-precision.com.ph,hplacson@hi-precision.com.ph,4916792,08/11/2019,1,0,1,WITHOUT CONCERN,PASSED,Excellent,SDTLPT-21-0-,1993,E
14,13-0369-19-PIBS-R,NCR,HI-PRECISION DIAGNOSTICS - LAS PIÑAS,"D 1-3 ALABANG ZAPOTE ROAD, TALON DOS, LAS PIÑAS CITY ",LAS PIÑAS CITY,09175782237 / 8006818,"PAULO ANTONIO E. CLEMENTE, MD",pauloclemente@gmail.com,jocelyn@hi-precision.com.ph,4916791,43903,1,4,5,WITHOUT CONCERN,PASSED,Highly Satisfactory,SDTLPT-21-0-,1994,HS
14,13-0370-19-PIBS-R,NCR,HI-PRECISION DIAGNOSTICS - N.S. AMORANTO,"674 N.S. AMORANTO SR. AVE., BRGY. STO. DOMINGO, QUEZON CITY ",QUEZON CITY,09228906663 / 4152622,"SOCORRO C. YAÑEZ, MD",sokiyanez@hotmail.com,Hpamoranto@hi-precision.com.ph,4916744,44041,1,0,1,WITHOUT CONCERN,PASSED,Excellent,SDTLPT-21-0-,1995,E
14,13-0371-19-PIBS-R,NCR,HI-PRECISION DIAGNOSTICS - PASIG,"UNIT 102-202, ARMAL BLDG II, F. LEGASPI ST., COR. C. RAYMUNDO AVE., BRGY. MAYBUNGA, PASIG CITY ",PASIG CITY,09338193850 / 6283277,"PEDRITO Y. TAGAYUNA, MD",,hppasih@hi-precision.com.ph,4916741,44046,1,3,4,WITHOUT CONCERN,PASSED,Highly Satisfactory,SDTLPT-21-0-,1996,HS
14,13-0383-20-PIBS-R,NCR,HI-PRECISION DIAGNOSTICS - PIONEER,"8006 PIONEER CENTER COR. UNITED AND BRIXTON STS., BRGY KAPITOLYO, PASIG CITY ",PASIG CITY,09338259503 / 6317306,"IRMA GRACE B. CAPINIG, MD",,hppioneer@hi-precision.com.ph,4916743,43906,1,2,3,WITHOUT CONCERN,PASSED,Highly Satisfactory,SDTLPT-21-0-,1997,HS
14,13-0390-20-PIBS-R,NCR,HI-PRECISION DIAGNOSTICS - SUCAT,"UNIT A-4B JAKA PLAZA MALL, DR. A. SANTOS AVE., SUCAT, BRGY. SAN ANTONIO, PARAÑAQUE CITY ",PARAÑAQUE CITY,09338193855 / 88363431 / 84038733,"MONINA C. MONTENEGRO, MD, DPSP",ningmontenegro@gmail.com,hpsucat@hi-precision.com.ph,4917006,44025,1,2,3,WITHOUT CONCERN,PASSED,Highly Satisfactory,SDTLPT-21-0-,1998,HS
14,13-0819-20-PIBS-R,NCR,HI-PRECISION DIAGNOSTICS - TAFT,"1850 TAFT AVE. CORNER REMEDIOS ST., BRGY. 696, MALATE, MANILA ",MANILA CITY,09338690041 / 4050039,"IRMA GRACE B. CAPINIG, MD",,hptaft@hi-precision.com.ph,4917009,02/07/2020,1,0,1,WITHOUT CONCERN,PASSED,Excellent,SDTLPT-21-0-,1999,E
14,13-0374-19-PIBS-R,NCR,HI-PRECISION DIAGNOSTICS - V. LUNA BRANCH,"31B G/F GARPAS TOWER, COR. MABILIS ST., V. LUNA AVE., BRGY. PINYAHAN, QUEZON CITY ",QUEZON CITY,09338193799 / 4368682,"EVETTE LILYBELLE A. DEMAISIP, MD, FPSP",,hpvluna@hi-precision.com.ph,4917011,44035,1,4,5,WITHOUT CONCERN,PASSED,Highly Satisfactory,SDTLPT-21-0-,2000,HS
14,13-0786-20-PIBS-R,NCR,HI-PRECISION DIAGNOSTICS - VALENZUELA,"UNIT 3 & 4 ARCA NORTH COMPOUND, 286 MC ARTHUR HI-WAY, KARUHATAN, VALENZUELA CITY ",VALENZUELA CITY ,09176567012 / 2363280,"IRMA GRACE B. CAPINIG, MD",,hpvalenzuela@hi-precision.com.ph,4917010,30/07/2020,1,1,2,WITHOUT CONCERN,PASSED,Excellent,SDTLPT-21-0-,2001,E
14,13-0109-18-PIBS-R,NCR,HI-PRECISION DIAGNOSTICS PLUS - ALABANG,"UNIT 1, 2, 3 & 4, AA CORPORATE PLAZA, CIVIC DRIVE FILINVEST CITY, ALABANG, MUNTINLUPA CITY ",MUNTINLUPA CITY,09338690057 / 88005987,"MONINA C. MONTENEGRO, MD, DPSP",ningmontenegro@gmail.com,alabang@hpdplus.com,4916838,28/10/2019,2,3,5,WITHOUT CONCERN,PASSED,Highly Satisfactory,SDTLPT-21-0-,2002,HS
14,13-0104-18-PIBS-R,NCR,HI-PRECISION DIAGNOSTICS PLUS - BF HOMES,"64 AGUIRRE AVE., BF HOMES, PARAÑAQUE CITY ",PARAÑAQUE CITY,09338231118 / 09178044728 / 8341295 / 8341289,"PAULO ANTONIO E. CLEMENTE, MD",pauloclemente@gmail.com,hpdbf@hi-precision.com.ph,4916844,43858,3,1,4,WITHOUT CONCERN,PASSED,Highly Satisfactory,SDTLPT-21-0-,2003,HS
14,13-0093-17-PIBS-R,NCR,HI-PRECISION DIAGNOSTICS PLUS - FORT BONIFACIO GLOBAL CITY,"3F COMMERCENTER BLDG., 31ST CORNER, 4TH AVE., BGC, TAGUIG CITY ",TAGUIG CITY,09176336071 / 09338259504 / 5501735 / 5523310,"FRANCIS G. MORIA, MD",,hpfort@hi-precision.com.ph,4916789,43766,1,3,4,WITHOUT CONCERN,PASSED,Highly Satisfactory,SDTLPT-21-0-,2004,HS
14,13-1519-19-PIBS-I,NCR,HI-PRECISION DIAGNOSTICS PLUS - MCKINLEY,"LG-1A-A107C1-1, 123 WEST CAMPUS, MCKINLEY WEST, TAGUIG CITY ",TAGUIG CITY,09338259506 / 89402317,"FRANCIS G. MORIA, MD",fgmoria@gmail.com,hpMckinley@hi-precision.com.ph,4916739,17/02/2020,1,0,1,WITHOUT CONCERN,PASSED,Excellent,SDTLPT-21-0-,2005,E
14,13-0645-18-PIBS-R,NCR,HI-PRECISION DIAGNOSTICS PLUS - ORTIGAS,"UNIT G-20-23, ORTIGAS TECHNOPOINT ONE, DOÑA JULIA VARGAS AVE., ORTIGAS CENTER, PASIG CITY ",PASIG CITY,09257094833 / 6337931,"MARIA LOURDES P. SANTOS, MD",meps@hpretiro.hi-precision.com.ph,hportigas@hi-precision.com.ph,4916740,43836,1,4,5,WITHOUT CONCERN,PASSED,Highly Satisfactory,SDTLPT-21-0-,2006,HS
14,13-1613-18-PIBS-I,NCR,HI-PRECISION DIAGNOSTICS PLUS - ROCKWELL,"#20B CONCOURSE LEVEL, THE POWERPLANT MALL, ROCKWELL, MAKATI ",MAKATI CITY ,09209610407 / 02 88998820,"PEDRITO Y. TAGAYUNA, MD",,hprockwell@hi-precision.com.ph,4917002,16/07/2020,2,4,6,WITHOUT CONCERN,PASSED,Acceptable,SDTLPT-21-0-,2007,A
14,13-0645-18-PFSS-R,NCR,HI-PRECISION DIAGNOSTICS PLUS - SAN JUAN BRANCH,"UNIT G01, G02, & M01, TNA BLDG. 17 JOSE ABAD SANTOS, LITTLE BAGUIO, SAN JUAN CITY ",SAN JUAN CITY,09177002685 / 09431351863 / 8717459 / 8717406,"IRMA GRACE B. CAPINIG, MD",,hpdlb@hi-precision.com.ph,4917004,43889,1,1,2,WITHOUT CONCERN,PASSED,Excellent,SDTLPT-21-0-,2008,E
14,13-1686-20-PIB-I,NCR,HI-PRECISION DIAGNOSTICS PLUS - SM AURA,"364-365 LEVEL 3 SM AURA PREMIER, MCKINLEY PARKWAY, BONIFACIO GLOBAL CITY, FORT BONIFACIO, TAGUIG CITY",TAGUIG CITY,09177143942 / 02 82940015,"PEDRITO Y. TAGAYUNA, MD",bobongmd@yahoo.com,hpaura@hi-precision.com.ph,4916840,05/08/2020,4,1,5,WITHOUT CONCERN,PASSED,Highly Satisfactory,SDTLPT-21-0-,2009,HS
14,13-1249-19-PIBS-I,NCR,HI-PRECISION DIAGNOSTICS PLUS - VERTIS NORTH,"LEVEL 3 R3-L3-034 AYALA MALLS VERTIS NORTH, NORTH AVENUE, BRGY. BAGONG PAG-ASA, QUEZON CITY ",QUEZON CITY,09177071955 / 09338690061 / 02 2418957,"MARICEL R. RIBO, MD",maricelregino_ribo74@yahoo.com,hpvertis@hi-precision.com.ph,4916797,,0,4,4,WITHOUT CONCERN,PASSED,Highly Satisfactory,SDTLPT-21-0-,2010,HS
14,13-0052-21-PIBS-R,NCR,HI-PRECISION DIAGNOSTICS PLUS KATIPUNAN BRANCH,"LOWER GROUND FLOOR, THE ARTON STRIP, KATIPUNAN AVENUE CORNER HIGHLAND DRIVE BLUE RIDGE, QUEZON CITY, METRO MANILA",QUEZON CITY,09177113512/094312808187,"SANTOS, MARIA LOURDES PINEDA",meps67@yahoo.com,hpkatipunan@hi-precision.com.ph,4969112,,2,0,2,WITHOUT CONCERN,PASSED,Excellent,SDTLPT-21-0-,2011,E
14,13-1422-21-PFSS-I,NCR,HI-PRECISION DIAGNOSTICS PLUS-AYALA NORTH-EXCHANGE,"AYALA NORTH EXCHANGE-BPO TOWER, AYALA AVENUE COR. SALCEDO AND AMORSOLO ST., MAKATI CITY",MAKATI CITY ,9176374849,"MORIA, FRANCIS GARABILES",,hpmakati@hi-precision.com.ph,4969113,03/07/2020,2,4,6,WITHOUT CONCERN,PASSED,Acceptable,SDTLPT-21-0-,2012,A
14,13-1698-20-PFSS-I,NCR,HI-PRECISION DIAGNOSTICS- MARIKINA,"2F AVISHA CENTER, 94 MAYOR GIL FERNANDO ST. COR. MT. VERNON ST., STA. ELENA, MARIKINA CITY",MARIKINA CITY,09177163833 / 84030593,"SIERRA ROMA S. HERNANDEZ, MD",,hpmarikina@hi-precision.com.ph,4916794,05/08/2020,1,1,2,WITHOUT CONCERN,PASSED,Excellent,SDTLPT-21-0-,2013,E
14,13-0182-20-PIBS-R,NCR,"HMC, INC. (SM NORTH)","5 F THE BLOCK SM CITY NORTH EDSA, SANTO CRISTO, QUEZON CITY METRO MANILA ",QUEZON CITY,09178078380/ 09209227612/ 77206107,"LOPEZ, ARTURO JR.",artlopez97@yahoo.com,sm.lab@healthway.com.ph,4946586,44029,1,4,5,WITHOUT CONCERN,PASSED,Highly Satisfactory,SDTLPT-21-0-,2014,HS
14,13-0179-20-PIBS-R,NCR,HMC.INC (ATC),"2 F ALABANG TOWN CENTER, ALABANG ZAPOTE ROAD, MUNTINLUPA MANILA",MUNTINLUPA CITY,9178902449,"BARZAGA, MA TERESA ALHMABRA",mtbarzaga@yahoo.com,atc.lab@healthway.com.ph,4946688,44029,0,5,5,WITHOUT CONCERN,PASSED,Highly Satisfactory,SDTLPT-21-0-,2015,HS
14,13-0178-20-PIBS-R,NCR,HMC.INC (FESTIVAL MALL) ,"L-2, PIXIE FOREST ENTRANCE, FESTIVAL SUPERMALL, FILINVEST, ALABANG MUNTINLUPA, MANILA",MUNTINLUPA CITY,9178902449,"BARZAGA, MA TERESA ALHMABRA",mtbarzaga@yahoo.com,fm.lab@healthway.com.ph,4946686,44029,4,1,5,WITHOUT CONCERN,PASSED,Highly Satisfactory,SDTLPT-21-0-,2016,HS
14,13-0180-20-PIBS-R,NCR,HMC.INC (GREENBELT) ,"4TH LEVEL, GREENBELT 5, AYALA CENTER, SAN LORENZO, MAKATI MANILA",MAKATI CITY ,9178902449,"BARZAGA, MA TERESA ALHMABRA",mtbarzaga@yahoo.com,gb.lab@healthway.com.ph,4946687,44029,0,1,1,WITHOUT CONCERN,PASSED,Excellent,SDTLPT-21-0-,2017,E
14,13-0181-20-PIBS-R,NCR,HMC.INC (MANILA),GF 8 ADRIATICO TOWER PADRE FAURA COR. JORGE BOCOBO,MANILA CITY,09178479722/ 09178902449,"BARZAGA, MA TERESA ALHMABRA",mtbarzaga@yahoo.com,rm.lab@healthway.com.ph,4946684,44029,3,2,5,WITHOUT CONCERN,PASSED,Highly Satisfactory,SDTLPT-21-0-,2018,HS
14,13-0183-20-PIBS-R,NCR,HMC.INC (MARKET-MARKET),"4TH LEVEL MARKET MARKET, BONIFACIO GLOBAL CITY, TAGUIG MANILA",TAGUIG CITY,9178902449,"BARZAGA, MA TERESA ALHMABRA",mtbarzaga@yahoo.com,mm.lab@healthway.com.ph,4946685,44029,3,0,3,WITHOUT CONCERN,PASSED,Highly Satisfactory,SDTLPT-21-0-,2019,HS
14,13-0184-20-PIBS-R,NCR,HMC.INC (SHANGRI-LA PLAZA),"5TH FLOOR, WELLNESS ZONE, SHANGRI-LA PLAZA MALL, WACK-WACK GREENHILLS, MANDALUYONG MANILA",MANDALUYONG CITY ,09178479724/ 87806119 LOC.3023,"BARZAGA, MA TERESA ALHMABRA",mtbarzaga@yahoo.com,medlab@healthway.com.ph,4946683,44029,1,4,5,WITHOUT CONCERN,PASSED,Highly Satisfactory,SDTLPT-21-0-,2020,HS
14,13-0110-20-PIBS-R,NCR,"HMICARE, INC.","HMI CORPORATE CENTER, 1152 CHINO ROCES AVENUE, SAN ANTONIO VILLAGE, MAKATI CITY ",MAKATI CITY ,09178250564 / 88111313,"ALMUHAIMIN M, USMAN, MD, DPSP",altoy_usman@yahoo.com,kaye.dumagay@hmi.com.ph,4915628,43874,1,4,5,WITHOUT CONCERN,PASSED,Highly Satisfactory,SDTLPT-21-0-,2021,HS
14,13-0702-20-PIBS-R,NCR,HOLY NAME OF JESUS MULTI- SPECIALIST AND DIAGNOSTIC CLINIC,"56 UNIQUE PLAZA, SIERRA MADRE ST., HIGHWAY HILLS, MANDALUYONG CITY ",MANDALUYONG CITY ,9777853949,"BAUSA, OLGA MUNAR",holynameofjesusclinic2001@yahoo.com,holynameofjesusclinic2001@yahoo.com,4922595,16/01/2020,0,3,3,WITHOUT CONCERN,PASSED,Highly Satisfactory,SDTLPT-21-0-,2022,HS
14,13-0513-20-PIBS-R,NCR,"HOPE LOVE FAITH MEDICAL CLINIC & LABORATORY, INC.","35C WILLIAM BLDG., QUEZON AVE. COR. CORDILLERA ST., QUEZON CITY ",QUEZON CITY,9228528899,"MUNAR, VENERACION PACIS",,hlf_laboratory@yahoo.com,4919066,44020,1,0,1,WITHOUT CONCERN,PASSED,Excellent,SDTLPT-21-0-,2023,E
14,13-1109-19-PFSS-R,NCR,INB DRUG TESTING CENTER,"RM. 304 3RD FLOOR ARRHELYN BLDG., MAYSAN ROAD, POBLACION 2, MALINTA, VALENZUELA CITY ",VALENZUELA CITY ,09175110522 / 9520512 ,"CARINGAL, EXALTACION A. ",isidrosalvatierra@gmail.com ,isidrosalvatierra@gmail.com ,4829843,23/12/2019,3,2,5,WITHOUT CONCERN,PASSED,Highly Satisfactory,SDTLPT-21-0-,2024,HS
14,13-0073-20-PIBS-R,NCR,INTEGRITY DIAGNOSTIC CENTER,"#6 12TH AVE., BRGY. SOCORRO, CUBAO, QUEZON CITY ",QUEZON CITY,9955710851,GABRIEL J. CRUZ,integrity_lab@yahoo.com,integrity_lab@yahoo.com,4926783,44039,0,4,4,WITHOUT CONCERN,PASSED,Highly Satisfactory,SDTLPT-21-0-,2025,HS
14,13-0018-20-PIBS-R,NCR,INTER-INDUSTRIAL PHYSICIAN MEDICAL SERVICES INCORPORATION,"HERNANDEZ AVE., SAN ANTONIO VALLEY 1, SUCAT, PARAÑAQUE ",PARAÑAQUE CITY,09178254117 / 8254117 ,"AGUIRRE, ROMIL MILLAN ",romilaguirre@yahoo.com,iipmsi_main@yahoo.com,4875082,,3,2,5,WITHOUT CONCERN,PASSED,Highly Satisfactory,SDTLPT-21-0-,2026,HS
14,13-1346-20-PIBS-R,NCR,"INTERNATIONAL HEALTH AIDE DIAGNOSTIC SERVICES, INC.","796 PRES. QUIRINO AVENUE, MALATE, MANILA",MANILA CITY,09176988602 / 85230145,"JANETTE S. TOLENTINO, MD",,ihadsmanila@gmail.com,4902770,25/01/2020,2,4,6,WITHOUT CONCERN,PASSED,Acceptable,SDTLPT-21-0-,2027,A
14,13-0391-20-PIBS-R,NCR,INTERNATIONAL HEALTH SCREENING CORP.,"UNITS 401-402 4TH FLOOR, ALTOHA BLDG., 2100 MADRE IGNACIA STREET, MALATE, MANILA ",MANILA CITY,0916-7000480,"CARINGAL, EXALTACION A.",ihsclab2020@gmail.com,ihsclab2020@gmail.com,4927920,44238,2,4,6,WITHOUT CONCERN,PASSED,Acceptable,SDTLPT-21-0-,2028,A
14,13-0392-20-PIBS-R,NCR,IPPOKRATIS DIAGNOSTIC SERVICES CENTER INC.,"UNIT 209-211, 2ND FLR & UNIT 301-313, 3RD FLR DE LEON CENTER BLDG 1151 M.H. DEL PILAR CORNER NUESTRA SEÑORA DE GUIA ST. ERMITA, MANILA CITY",MANILA CITY,9175115197,"TRIA, EDITH S",edith7758@yahoo.com,idsc.labdept@gmail.com,4918868,44042,1,2,3,WITHOUT CONCERN,PASSED,Highly Satisfactory,SDTLPT-21-0-,2029,HS
14,13-0112-20-PFSS-R,NCR,"JAGB DRUG TESTING CENTER, INC.","UNIT 118 LEVEL 3 ROBINSONS NOVALICHES, QUIRINO HI-WAY, BRGY. PASONG PUTIK, NOVALICHES, QUEZON CITY ",QUEZON CITY,09171230325 / 83727776,"RICARDO A. FRANCISCO, MD",r_a_f_77@yahoo.com,tots_maranan@yahoo.com,4902653,43860,1,4,5,WITHOUT CONCERN,PASSED,Highly Satisfactory,SDTLPT-21-0-,2030,HS
14,13-1264-20-PIBS-R,NCR,JAR MEDICAL NETWORKERS & MOBILE DIAGNOSTIC SERVICES,"RESIDENCIALE BLDG. 2ND FLR. UNIT 207, 132 KALAYAAN AVE., CENTRAL, QUEZON CITY ",QUEZON CITY,,"LUIS RAMON V. RODRIGUEZ, MD",allan.jarmednet@gmail.com,allan.jarmednet@gmail.com,4889325,,3,1,4,WITHOUT CONCERN,PASSED,Highly Satisfactory,SDTLPT-21-0-,2031,HS
14,13-0327-19-PIBS-R,NCR,JED DIAGNOSTIC CENTER,"3RD FLR. GOPINO BLDG., 350 ARROCEROS VILLEGAS ST., ERMITA, MANILA ",MANILA CITY,09178251679 / 85225086 / 09228195877,"TRIA, EDITH SANGALANG ",edith7758@yahoo.com,jeddiagnostic_center@yahoo.com,4831079,44069,0,1,1,WITHOUT CONCERN,PASSED,Excellent,SDTLPT-21-0-,2032,E
14,13-0983-18-PIBS-R,NCR,JESUS CARESS DIAGNOSTIC LABORATORY,"RM. 8&9 ALSAN BLDG. KM.17 MCARTHUR HIGHWAY, MALANDAY, VALENZUELA CITY ",VALENZUELA CITY ,09294379679 / 09154270344,"FREDERICK R. LLANERA, MD",,jesuscares2k19@yahoo.com,4894276,03/02/2020,0,5,5,WITHOUT CONCERN,PASSED,Highly Satisfactory,SDTLPT-21-0-,2033,HS
14,13-0115-20-PIBS-R,NCR,JL QUALITY CLINICAL LABORATORY,"95B EDSA GUADALUPE NUEVO, MAKATI CITY ",MAKATI CITY ,09275535576 / 7528546,"EXALTACION A. CARINGAL, MD, FPSP",,jlqualityclinlab@yahoo.com,4915776,43875,3,3,6,WITHOUT CONCERN,PASSED,Acceptable,SDTLPT-21-0-,2034,A
14,13-0192-20-PIBS-R,NCR,JOSE L. GUTIERREZ MEDICAL CLINIC,"2507 TAFT AVE. 3RD FLOOR UNITS 4, 5 & 6 UNIVERSITY MALL, MALATE, MANILA ",MANILA CITY,09198062641 / 02 52325701 / 02 5248995,"ROBERTO D. PADUA JR. , MD",info@jlgclinic.com,medtech@jlgclinic.com,4894201,44000,1,1,2,WITHOUT CONCERN,PASSED,Excellent,SDTLPT-21-0-,2035,E
14,13-1223-19-PIBS-R,NCR,K-MATTERS TAGUIG DIALYSIS AND DIAGNOSTIC CENTER,"UNIT 4 & 5 HEI-SAN BUILDING, BAYANI ROAD, BONIFACIO GLOBAL CITY, TAGUIG ",TAGUIG CITY,9474431322,"KATAPANG, MELVIN JUDE GATUSLAO",meljudemd@yahoo.com,kmatterstaguigdialysiscenter@gmail.com,4921706,,1,4,5,WITHOUT CONCERN,PASSED,Highly Satisfactory,SDTLPT-21-0-,2036,HS
14,13-0588-21-PIBS-R,NCR,"KAISER MEDICAL CENTER, INC","UNIT 143-145 GF, TOWERS, NORTH TOWERS, BRGY. BAGONG PAG-ASA",QUEZON CITY,9173186288,"RODRIGO, RODRIGO CASTRO",smnorthedsa.lab@kaisermedcenter.com,smnorthedsa.lab@kaisermedcenter.com,4990965,43809,1,1,2,WITHOUT CONCERN,PASSED,Excellent,SDTLPT-21-0-,2037,E
14,13-0124-20-PIBS-R,NCR,"KAISER MEDICAL CENTER, INC.- MAKATI BRANCH","GRD FLR KINGS COURT1 BLDG., PIO DEL PILRA ST.,  CHINO ROCES AVE, LEGAZPI VILLAGE, MAKATI CITY ",MAKATI CITY ,0917-5773886,"RODRIGO, RODRIGO CASTRO",laboratorykaiser@gmail.com,laboratorykaiser@gmail.com,4918837,43760,1,0,1,WITHOUT CONCERN,PASSED,Excellent,SDTLPT-21-0-,2038,E
14,13-1641-20-PIBS-I,NCR,"KAISER MEDICAL CENTER, INC.- ROBINSONS GALLERIA","UNIT 01487 2ND FLOOR, ROBINSONS GALLERIA, EDSA COR. ORTIGAS, QUEZON CITY",QUEZON CITY,9171835788,"RODRIGO, RODRIGO CASTRO",babesrodrigo@yahoo.com,robgalleria.patientcare@kaisermedcenter,4919518,05/08/2020,0,4,4,WITHOUT CONCERN,PASSED,Highly Satisfactory,SDTLPT-21-0-,2039,HS
14,13-0127-20-PIBS-R,NCR,KEYHEALTH DIAGNOSTIC LABORATORY,"UNIT 102/104 COLUMBIAN BLDG., 160 WEST AVENUE, BRGY. PHIL-AM, QUEZON CITY ",QUEZON CITY,09264957076 / 34142360,"OLGA M. BAUSA, MD",,keyhealthlab@gmail.com,4898391,43805,3,3,6,WITHOUT CONCERN,PASSED,Acceptable,SDTLPT-21-0-,2040,A
14,13-0393-20-PIBS-R,NCR,"L-R MEDICAL & X-RAY CLINIC, INC.","2113 VOLTA ST., BRGY. SAN ISIDRO, MAKATI CITY ",MAKATI CITY ,9456798425,"NEMIS, CORA SARINO",lrclinic@yahoo.com,lrclinic@yahoo.com,4919470,43791,0,0,0,WITHOUT CONCERN,PASSED,Excellent,SDTLPT-21-0-,2041,E
14,13-0609-18-PIBS-R,NCR,LAB THREE LABORATORY AND DIAGNOSTIC MEDICAL CLINIC,"RS TEC BLDG., MARCOS H-WAY COR. F. MARIANO ST., BRGY. DELA PAZ, PASIG CITY ",PASIG CITY,09983791844 / 77948213,"FREDERICK R. LLANERA, MD",,labthreelaboratory@gmail.com,4915496,43874,0,5,5,WITHOUT CONCERN,PASSED,Highly Satisfactory,SDTLPT-21-0-,2042,HS
14,13-1211-19-PIBS-R,NCR,"LABNET DIAGNOSTIC & MEDICAL CLINIC AND WATER TESTING LABORATORY, INC.","138 KALAYAAN AVENUE, BRGY. CENTRAL, QUEZON CITY ",QUEZON CITY,09234296337 / 82832341,"VENERACION P. MUNAR, MD",,labnetdiagnostic@gmail.com,4915075,,0,5,5,WITHOUT CONCERN,PASSED,Highly Satisfactory,SDTLPT-21-0-,2043,HS
14,13-1129-20-PIBS-R,NCR,"LABORATORY OF COMPUTER MEDICINE PHILIPPINES, INC.","GROUND FLR. MAKATI CURB BLDG., 7433 YAKAL ST. SAN ANTONIO VILLAGE, MAKATI CITY ",MAKATI CITY ,09258524475 / 88446828 / 88435836 / 09164905712 ,"SO, MARIE MICHELLE YU ",mariemichelle.so@gmail.com,Lcmdiagnostics@yahoo.com.ph ,4880391,28/11/2019,1,4,5,WITHOUT CONCERN,PASSED,Highly Satisfactory,SDTLPT-21-0-,2044,HS
14,13-0903-19-PIBS-R,NCR,LABTALK DIAGNOSTICS CORP.,"G/F ANNEX MEDICAL ARTS BLDG, PBM COMPD, 22 EAST AVENUE, DILIMAN, QUEZON CITY ",QUEZON CITY,9174716797,"LIM, RODELIO DOMINGO",rdlim@yahoo.com,labtalkdiagnosticscorp@yahoo.com,4918504,17/05/2021,1,4,5,WITHOUT CONCERN,PASSED,Highly Satisfactory,SDTLPT-21-0-,2045,HS
14,13-1347-20-PIBS-R,NCR,LAKAMBINI DIAGNOSTIC CENTER CORPORATION,"1991 UNIT E & F, WARDLEY BLDG., TAFT AVE., PASAY CITY ",PASAY CITY,09178087846 / 84006266,"GRIG D. MISIONA, MD",,lakambinidiagnosticcenter@yahoo.com,4916902,30/01/2020,0,5,5,WITHOUT CONCERN,PASSED,Highly Satisfactory,SDTLPT-21-0-,2046,HS
14,13-1127-19-PFSS-R,NCR,LEANN_DREW DRUG TESTING AND DIAGNOSTIC CENTER,"2ND FLOOR 1503-B TAYUMAN STREET, BRGY. 353, STA. CRUZ, MANILA ",STA CRUZ MANILA,09287799997 / 83542582 ,"ALEGRE, ALBERT MEDENILLA ",leanndrewdrugtestingcenter@gmail.com,leanndrewdrugtestingcenter@gmail.com,4876457,28/11/2019,1,1,2,WITHOUT CONCERN,PASSED,Excellent,SDTLPT-21-0-,2047,E
14,13-1130-20-PFSS-R,NCR,LEVI MARIANO LABORATORY MEDICAL SERVICES CO.,"2ND FLOOR #153 LEVI MARIANO AVENUE COR. GEN. LUNA ST., USUSAN, TAGUIG CITY",TAGUIG CITY,9063186612,"FRONTERAS, JOSE EDGARDO MATELA",imims.co2017@gmail.com,imims.co2017@gmail.com,4917779,21/05/2020,1,5,6,WITHOUT CONCERN,PASSED,Acceptable,SDTLPT-21-0-,2048,A
14,13-0478-20-PFSS-R,NCR,LLN MEDICAL SERVICES INC.,"AGONCILLO TOWNHOMES II, 1627 AGONCILLO ST. MALATE, MANILA ",MANILA CITY,9569311373,"CRUZ, RHODERICK MANGAHAS",rhoderickmd@yahoo.com,llnmedical195@gmail.com,4919075,11019,0,0,0,WITHOUT CONCERN,PASSED,Excellent,SDTLPT-21-0-,2049,E
14,13-0348-18-PIBS-R,NCR,MAEZELLE PSYCHO METIER AND DIAGNOSTIC CENTER,"UNIT 2 CHUA BLDG., #267 P. TUAZON BLVD., BRGY. SAN ROQUE, QUEZON CITY ",QUEZON CITY ,09209626372 / 4396437 / 4398952 ,"BAUSA, OLGA MUNAR ",maezellejoy@yahoo.com ,maezellejoy@yahoo.com ,4862443,43837,3,3,6,WITHOUT CONCERN,PASSED,Acceptable,SDTLPT-21-0-,2050,A
14,13-0449-21-PBS-R,NCR,MAGNIFICAT DIAGNOSTIC INC.,"2A F. RESIDENCES, SIERRA MADRE , COR. MALINAO ST. MANDALUYONG CITY",MANDALUYONG CITY ,9663370645,"MUNAR-BAUSE, OLCTA",magnidicatdiagnostic@gmail.com,magnidicatdiagnostic@gmail.com,4970475,44302,1,4,5,WITHOUT CONCERN,PASSED,Highly Satisfactory,SDTLPT-21-0-,2051,HS
14,13-1019-18-PFSS-R,NCR,MAHOGANY DRUG TESTING CENTER,"KM 29 NATIONAL ROAD TUNASAN, MUNTINLUPA CITY ",MUNTINLUPA CITY ,09297567438 / 5534212 / 6684212 ,"BARRON, JAIME A. ",mahogany86_dt@yahoo.com,mahogany86_dt@yahoo.com,4855245,23/07/2020,0,0,0,WITHOUT CONCERN,PASSED,Excellent,SDTLPT-21-0-,2052,E
14,13-1574-20-GIBS-R,NCR,MAKATI DISTRICT HEALTH LABORATORY,"7/F NEW BUILDING MAKATI CITY HALL, JP RIZAL, MAKATI CITY ",MAKATI CITY ,09228369526 / 8701617,"JOHN A. COLOMA, MD, FPSP, MHA",jacolomaus@yahoo.com,restyacuna@yahoo.com,4883703,18/06/2020,0,0,0,WITHOUT CONCERN,PASSED,Excellent,SDTLPT-21-0-,2053,E
14,13-0045-18-PIBS-R,NCR,MAKATI MEDICAL CENTER DRUG TESTING UNIT,"2 AMORSOLO ST. LEGASPI VILLAGE, SAN LORENZO, MAKATI CITY ",MAKATI CITY ,09239565786 / 88888-999 Loc. 3026 / 09175285266,"CEJUDO, NEILA DE ASIS ",judy.padilla@makatimed.net.ph ,judy.padilla@makatimed.net.ph ,4851055,,0,5,5,WITHOUT CONCERN,PASSED,Highly Satisfactory,SDTLPT-21-0-,2054,HS
14,13-1525-19-GFSS-R,NCR,MALABON ANTI-DRUG ABUSE CENTER,"2/F DISTRICT HEALTH OFFICE, PBM COMPD., DAGAT DAGATAN AVE., LONGOS, MALABON CITY ",MALABON CITY ,09209104844 / 8361-43-19 / 8636-9561 / 09177945858 ,"SUTIANGSO, REMEDIOS A. ",drameds@yahoo.com ,rfbautista68@yahoo.com ,4851013,17/02/2020,1,4,5,WITHOUT CONCERN,PASSED,Highly Satisfactory,SDTLPT-21-0-,2055,HS
14,13-1259-20-PIBS-R,NCR,MANILA DOCTORS HOSPITAL,"#667 UNITED NATIONS AVENUE, ERMITA, MANILA ",MANILA CITY,9273529847,"LIM, MARIA CECILIA FERNANDEZ",ceslim@yahoo.com,manila_doctors_laboratory@yahoo.com,4923540,,1,1,2,WITHOUT CONCERN,PASSED,Excellent,SDTLPT-21-0-,2056,E
14,13-1132-20-GIBS-R,NCR,MANILA HEALTH DEPARTMENT - PUBLIC HEALTH LABORATORY,"LANUZA HEALTH CENTER, 1533 ALVAREZ ST., SANTA CRUZ, MANILA",MANILA CITY,9175771197,"SANTOS, MARIA LOURDES PINEDA",manilalab_phl@yahoo.com,manilalab_phl@yahoo.com,4922419,21/02/2020,0,4,4,WITHOUT CONCERN,PASSED,Highly Satisfactory,SDTLPT-21-0-,2057,HS
14,13-0649-20-GIBS-R,NCR,MANILA NAVAL HOSPITAL,"NAVAL STATION JOSE FRANCISCO FORMERLY BONIFACIO NAVAL STATION, FORT BONIFACIO, TAGUIG CITY ",TAGUIG CITY,9772440486,"SEVILLA, WILFREDO PLAVINO FELICIA",mnh_clinlab@yahoo.com,mnh_clinlab@yahoo.com,4923362,43907,0,3,3,WITHOUT CONCERN,PASSED,Highly Satisfactory,SDTLPT-21-0-,2058,HS
14,13-1514-20-PIBS-R,NCR,"MARIKINA DOCTORS HOSPITAL AND MEDICAL CENTER, INC.","#10 EVANGELISTA STREET, BARANGAY SANTOLAN, PASIG CITY ",PASIG CITY,09454855300 / 5353837,"RAUL C. GONZALES, MD",rcgpathology@yahoo.com.ph,mdhmclab@gmail.com,4890655,17/02/2020,0,5,5,WITHOUT CONCERN,PASSED,Highly Satisfactory,SDTLPT-21-0-,2059,HS
14,13-1624-20-PIBS-R,NCR,"MARIKINA MULTISPECIALTY HEALTHCARE SERVICES, INC.","JOCEVIL CENTER BLDG. 2/F UNIT G&H, 865 JP RIZAL STREET, CONCEPCION 1, MARIKINA CITY ",MARIKINA CITY,09175059257 / 87216130,"MARIA LOURDES A. TILBE, MD",,mmhsi2017@gmail.com,4916232,05/08/2020,2,2,4,WITHOUT CONCERN,PASSED,Highly Satisfactory,SDTLPT-21-0-,2060,HS
14,13-0137-20-PIBS-R,NCR,"MARITIME CLINIC FOR INTERNATIONAL SEAFARERS, INC.","7TH FLOOR, INTRAMUROS CORPORATE PLAZA BLDG., RECOLETOS ST., INTRAMUROS, MANILA ",MANILA CITY,53046700 Loc. 301 / 09178002277,"BONIFACIO, ANDRES SERIL ",asbon227@yahoo.com ,maritimeclinic.ph@gmail.com / cris.chua@maritimeclinic.net,4878391,43881,2,1,3,WITHOUT CONCERN,PASSED,Highly Satisfactory,SDTLPT-21-0-,2061,HS
14,13-0135-20-PIBS-R,NCR,"MARITIME MEDICAL AND LABORATORY CLINIC, INC.","3RD FLOOR PARAGON TOWER HOTEL, 531 A. FLORES ST., ERMITA, MANILA ",MANILA CITY,09282864560 / 8526381216,"DEXTER A. LEDESMA, MD",,admin@mmlc.com.ph,4883580,43748,2,1,3,WITHOUT CONCERN,PASSED,Highly Satisfactory,SDTLPT-21-0-,2062,HS
14,13-0104-19-PIBS-R,NCR,MAYON CLINICAL LABORATORY & MEDICAL SERVICES,"857 LOT 3 MAYON ST., BRGY. NS AMORANTO, QUEZON CITY ",QUEZON CITY ,09062033079 / 8-7083520,"MUNAR, VENERACION P. ",mayonlab18@gmail.com ,mayonlab18@gmail.com ,4864544,43817,2,2,4,WITHOUT CONCERN,PASSED,Highly Satisfactory,SDTLPT-21-0-,2063,HS
14,13-1720-19-PIBS-I,NCR,MAYON CLINICAL LABORATORY & MEDICAL SERVICES,"UNIT 105 M PLACE @ SOUTH TRIANGLE, #116 PANAY AVE., QUEZON CITY",QUEZON CITY ,09062033079 / 8-2836959 ,"BARZA, MARILYN CABRAL ",mayonlab18@gmail.com ,mayonlab18@gmail.com ,4864545,17/05/2021,1,3,4,WITHOUT CONCERN,PASSED,Highly Satisfactory,SDTLPT-21-0-,2064,HS
14,13-0874-19-PFSS-R,NCR,"MC LAB HEALTH CARE SOLUTIONS, INC.","UPPER GROUND FLOOR WORLWIDE CORPORATE CENTER, HIGHWAY HILLS, SHAW BLVD., MANDALUYONG CITY ",MANDALUYONG CITY ,09175778012 / 84510039 ,"MUNAR, VENERACION P. ",mclab2017@gmail.com ,mclab2017@gmail.com ,4869069,11/01/2021,0,1,1,WITHOUT CONCERN,PASSED,Excellent,SDTLPT-21-0-,2065,E
14,13-1700-19-PIBS-I,NCR,MCU-FDT MEDICAL FOUNDATION HOSPITAL,"SAMSON ROAD, EDSA, BRGY. 84, CALOOCAN CITY",CALOOCAN CITY ,09158858408 / 363-3084 ,"TANCHOCO, ESTELA MARIE C. ",lab_mcuhospital@yahoo.com,lab_mcuhospital@yahoo.com,4842625,11/01/2021,1,4,5,WITHOUT CONCERN,PASSED,Highly Satisfactory,SDTLPT-21-0-,2066,HS
14,13-1052-20-PIBS-R,NCR,MD PLUS CLINIC AND DIAGNOSTIC CENTER- ALABANG,"2F WESTGATE HUB COMMERCE AVE., COR. FILINVEST AVE., FILINVEST CORPORATE CITY, ALABANG",MUNTINLUPA CITY,09171438231 / 8231111,"EXALTACION A. CARINGAL, MD, FPSP",,laboratoryalabang.mdplusclinics@gmail.com,4911464,16/12/2019,1,4,5,WITHOUT CONCERN,PASSED,Highly Satisfactory,SDTLPT-21-0-,2067,HS
14,13-0657-18-PIBS-R,NCR,MD TECH MEDICAL & DIAGNOSTIC CLINIC,"142B HOWMART ROAD, BRGY. BAESA, QUEZON CITY ",QUEZON CITY,9155085241,"FRANCISCO, RICARDO ALMODOVAR",mdtech.diagnostic@yahoo.com,rollon.anamarie@yahoo.com.ph,4918955,43866,3,0,3,WITHOUT CONCERN,PASSED,Highly Satisfactory,SDTLPT-21-0-,2068,HS
14,13-0443-19-PIBS-R,NCR,MED 101 DIAGNOSTIC CENTER,"#74 VILLONGCO ST. MANGGAHAN, BRGY. COMMONWEALTH, QUEZON CITY, METRO MANILA ",QUEZON CITY,9175790321,"KATAPANG, MELVIN JUDE GATUSLAO",meljudemd@yahoo.com,med101@ymail.com,4918841,43868,0,4,4,WITHOUT CONCERN,PASSED,Highly Satisfactory,SDTLPT-21-0-,2069,HS
14,13-1134-20-PIBS-R,NCR,MED ASIA INDUSTRIAL CLINIC AND DIAGNOSTIC CENTER INC.,"606 QUIRINO AVE., TAMBO, PARAÑAQUE CITY",PARAÑAQUE CITY,9171888192,"ANDRADE, JEANNIE ILETO",jeanilefo@gmail.com,medasiaclinic@gmail.com,4918448,,1,0,1,WITHOUT CONCERN,PASSED,Excellent,SDTLPT-21-0-,2070,E
14,13-0445-19-PIBS-R,NCR,"MED HELP CLINIC & DIAGNOSTICS, INC.","UNIT S2 ARMAL CENTER BLDG., CARUNCHO AVENUE, MALINAO, PASIG CITY",PASIG CITY,09278319065 / 9036114 / 09258541347 ,"SAGUIL, HORACIO ALINSUNURIN ",medhelpcd@yahoo.com.ph,medhelpcd@yahoo.com.ph ,4837815,43882,0,4,4,WITHOUT CONCERN,PASSED,Highly Satisfactory,SDTLPT-21-0-,2071,HS
14,13-0652-20-PIBS-R,NCR,MED V MEDICAL CLINIC,"ROOM 220 P&S BUILDING, 717 AURORA BOULEVARD, BRGY. MARIANA, QUEZON CITY",QUEZON CITY,9175491120,"TOLENTINO, JANETTE SANCHEZ",medvclinic@yahoo.com.ph,medvclinic@yahoo.com.ph,4920520,43817,1,4,5,WITHOUT CONCERN,PASSED,Highly Satisfactory,SDTLPT-21-0-,2072,HS
14,13-0650-20-PIBS-R,NCR,"MEDHEALTH DIAGNOSTIC SERVICES, INC.","UPPER GROUND FLOOR VICTORIA ONE BLDG., 1670 SOUTH TRIANGLE, QUEZON AVENUE, QUEZON CITY ",QUEZON CITY,9434327505,"CAJA, JOCELYN MYRA REYES",may_caj@yahoo.com,medhealth_lab@yahoo.com,4918397,43867,3,1,4,WITHOUT CONCERN,PASSED,Highly Satisfactory,SDTLPT-21-0-,2073,HS
14,13-0651-20-PIBS-R,NCR,"MEDICAL CENTER MANILA, INC.","850 UNITED NATIONS AVENUE, BARANGAY 670, ERMITA, MANILA ",MANILA CITY,09064557611 / 5238131,"ANDREW D. DIMACALI, MD",,manilamedlab@gmail.com,4893564,43658,3,4,7,WITHOUT CONCERN,PASSED,Acceptable,SDTLPT-21-0-,2074,A
14,13-1159-20-PIBS-R,NCR,"MEDICAL CENTER PARAÑAQUE, INC.","DR. A. SANTOS AVE., SUCAT ROAD, PARAÑAQUE CITY ",PARAÑAQUE CITY,09265200799/ 8826-1013,"BITUN, HUMPHREY CULASING",,mcp_lab@yahoo.com,4896926,14/08/2020,1,1,2,WITHOUT CONCERN,PASSED,Excellent,SDTLPT-21-0-,2075,E
14,13-0703-20-PIBS-R,NCR,"MEDICAL DENTAL TESTS CENTER, INC. (MEDTEST)","4TH FLOOR DALLCON II BLDG., 164 AURORA BLVD., SAN JUAN CITY ",SAN JUAN CITY,(7) 744-2639/41,"MONTEFALCON, PRISCILLA GERVACIO",medtestmedical@yahoo.com,mtmed164aurora@yahoo.com,4900225,08/10/2020,3,1,4,WITHOUT CONCERN,PASSED,Highly Satisfactory,SDTLPT-21-0-,2076,HS
14,13-0845-20-PIBS-R,NCR,"MEDICAL EXECUTIVE CHECK-UP CENTER, INC (MEDEX LABORATORIES)","270 N. DOMINGO STREET, BRGY. PASADEÑA, SAN JUAN CITY",SAN JUAN CITY,09175284241/ 8712-1274,"YAÑEZ, SOCORRO CRUZ",sokiyanezmd@gmail.com,medexlab@gmail.com,4898822,06/02/2020,4,0,4,WITHOUT CONCERN,PASSED,Highly Satisfactory,SDTLPT-21-0-,2077,HS
14,13-0704-20-PFSS-R,NCR,"MEDICAL TRENDS, INC.","NO. 8441 UNITS 2A-D LMN BLDG., DR. A. SANTOS AVE., SUCAT, PARANAQUE CITY ",PARAÑAQUE CITY,09228104478/ 88209596/ 77943362,"LIM, FREDERICK G.",medicaltrends_inc@yahoo.com,medicaltrends_inc@yahoo.com.ph,4895934,06/02/2021,0,0,0,WITHOUT CONCERN,PASSED,Excellent,SDTLPT-21-0-,2078,E
14,13-0677-19-PFSS-R,NCR,MEDICARD PHILIPPINES INC. (FESTIVAL ALABANG),"3RD LEVEL WELLNESS LANE, FESTIVAL MALL, FILINVEST CORPORATE CITY, ALABANG, MUNTINLUPA ",MUNTINLUPA CITY ,09175284449 / 807-9219 Loc. 7015 ,"LOPEZ, ARTURO JR. CARAANG ",mpialabang@yahoo.com.ph ,mpialabang@yahoo.com.ph ,4851761,05/03/2020,1,2,3,WITHOUT CONCERN,PASSED,Highly Satisfactory,SDTLPT-21-0-,2079,HS
14,13-0106-19-PIBS-R,NCR,"MEDICARD PHILIPPINES, INC.","# 51 PASEO DE ROXAS COR. SEN. GIL PUYAT AVE., MAKATI CITY ",MAKATI CITY ,09989632538 / 88230379 ,"LOPEZ, ARTURO JR. CARAANG ",Lnach@medicardphils.com,Lnach@medicardphils.com,4847565,18/10/2019,0,3,3,WITHOUT CONCERN,PASSED,Highly Satisfactory,SDTLPT-21-0-,2080,HS
14,13-0680-19-PFSS-R,NCR,"MEDICARD PHILIPPINES, INC.","UNIT E,F,G, TWO CYBERPOD CENTRIS, ETON CENTRIS COR QUEZON AVENUE, QUEZON CITY ",QUEZON CITY ,09182809041 / 9205164 / 09209227612,"LOPEZ, ARTURO JR. CARAANG ",artlopez97@yahoo.com,alim_rmt@yahoo.com,4856867,29/01/2020,0,2,2,WITHOUT CONCERN,PASSED,Excellent,SDTLPT-21-0-,2081,E
14,13-0107-19-PFSS-R,NCR,"MEDICARD PHILS., INC.","GRD. FLOOR KINGSCOURT BLDG. II, 2129 CHINO ROCES AVE., COR. DELA ROSA ST., MAKATI CITY ",MAKATI CITY ,9151865734 / 5118364-66,"LOPEZ, ARTURO JR. CARAANG ",artlopez97@yahoo.com,kingscourtlab.mpi@yahoo.com / mjabrica@medicardphils.com,4835131,43885,1,4,5,WITHOUT CONCERN,PASSED,Highly Satisfactory,SDTLPT-21-0-,2082,HS
14,13-1565-18-PIBS-I,NCR,"MEDICHECK DIAGNOSTIC LABORATORY, INC.","2329 P. BURGOS ST., BRGY. 116, PASAY CITY ",PASAY CITY,09055694013/ 833-9753,"BONGAS, KAREN ORTIZ",medichecklaboratory@gmail.com,medicheck2002@yahoo.com,4897546,06/02/2020,1,2,3,WITHOUT CONCERN,PASSED,Highly Satisfactory,SDTLPT-21-0-,2083,HS
14,13-1135-20-PFSS-R,NCR,"MEDISENSE LABORATORY CENTER, INC-MANILA","3RD-5TH FLOOR, BDO KALAW AVENUE  BUILDING, KALAW CORNER CHURUCCA STREET, ERMITA",MANILA CITY,9186835035,"QUIAOIT, SUSANA PINILI",mslkalaw.lab@gmail.com,mslkalaw.lab@gmail.com,4994145,06/02/2020,0,4,4,WITHOUT CONCERN,PASSED,Highly Satisfactory,SDTLPT-21-0-,2084,HS
14,13-1160-20-PIBS-R,NCR,MEDLINE DIAGNOSTIC CENTER INC.,"UNIT 10&11 2ND FLR. CYT BLDG., 180 PASO DE BLAS, VALENZUELA CITY ",VALENZUELA CITY ,09326861771/ 7-903-2742,"FRONTERAS, JOSE EDUARDO M.",egaymd97@yahoo.com,medline08@yahoo.com,4903269,12/03/2021,1,0,1,WITHOUT CONCERN,PASSED,Excellent,SDTLPT-21-0-,2085,E
14,13-0138-20-PIBS-R,NCR,"MEDOCARE HEALTH SYSTEMS, INC.","30 E.U. STATE TOWER, QUEZON AVE., BRGY. DOÑA JOSEFA, QUEZON CITY, METRO MANILA ",QUEZON CITY,09053432688/ 862809028,"HERNAEZ, GODWIN NAIG",godwin_hernaez@yahhoo.com,medocaredtl23@yahoo.com,4912425,30/07/2020,1,4,5,WITHOUT CONCERN,PASSED,Highly Satisfactory,SDTLPT-21-0-,2086,HS
14,13-1137-20-PIBS-R,NCR,MEDOPTIONS MULTI-SPECIALTY CLINIC & DIAGNOSTIC CENTER INC.,"157 P. DIEGO CERA AVENUE, BRGY. DANIEL FAJARDO, LAS PIÑAS CITY ",LAS PIÑAS CITY,9178085697,"ANDRADE, JEANNIE ILETO",jeanilefo@gmail.com,medoptions2002@yahoo.com,4918447,24/01/2020,1,0,1,WITHOUT CONCERN,PASSED,Excellent,SDTLPT-21-0-,2087,E
14,13-0518-18-PIBS-R,NCR,MEDWAY HEALTHCARE INC,"1636 F. AGONCILLO STREET BARANGAY 694, MANILA CITY, METRO MANILA",MANILA CITY,09175274353/ 8536-2042,"ONTOG,MARLENE S.",,info@medway.com.ph,4948293,43888,0,0,0,WITHOUT CONCERN,PASSED,Excellent,SDTLPT-21-0-,2088,E
14,13-XXXX-20-PIBS-R,NCR,MEDX DIAGNOSTIC & DRUG TESTING CENTER,"6E 2ND AVE. BAGONG LIPUNAN NG CRAME, QUEZON CITY",QUEZON CITY,9174522433,"LLANERA, FREDERICK REYES",medxclinic2019@gmail.com,medxclinic2019@gmail.com,4919062,23/01/2020,0,3,3,WITHOUT CONCERN,PASSED,Highly Satisfactory,SDTLPT-21-0-,2089,HS
14,13-0653-20-PIBS-R,NCR,MEGASON DIAGNOSTIC CLINIC,"GROUND FLOOR, THE BANYAN PLACE BLDG., 366 JP RIZAL STREET, BRGY. TEJEROS, MAKATI CITY ",MAKATI CITY ,09171344899 / 88974150 / 09178796543 ,"NOVEROS, NEIL U. ",neilun@yahoo.com ,megasontejeroslab@gmail.com,4883475,44021,1,0,1,WITHOUT CONCERN,PASSED,Excellent,SDTLPT-21-0-,2090,E
14,13-XXXX-19-PIBS-R,NCR,MERALCO CORPORATE WELLNESS CENTER,"MERALCO COMPOUND, ORTIGAS AVE., UGONG, PASIG CITY ",PASIG CITY,09171656055/ 02-6328267,"ROMAN, GONZALO JR. BEA",,cwc.med.lab@meralco.com.ph,4913291,08/11/2019,0,3,3,WITHOUT CONCERN,PASSED,Highly Satisfactory,SDTLPT-21-0-,2091,HS
14,13-0447-19-PIBS-R,NCR,MERITA DIAGNOSTIC CLINIC INC.,"920 PRES. QUIRINO CORNER SAN ANTONIO ST., MALATE, MANILA ",MANILA CITY,09178576942 / 53101022 / 53100825 / 09214420106,"SANTOS, NOEL CORPUZ ",nsantosmd@yahoo.com,meritadiagnosticclinic@yahoo.com ,4867927,43993,3,2,5,WITHOUT CONCERN,PASSED,Highly Satisfactory,SDTLPT-21-0-,2092,HS
14,13-1262-20-PIBS-R,NCR,METROHEALTH FAMILY CLINIC,"UNIT 1 A&B HARRISON RESIDENCES, 1971 F.B. HARRISON ST., PASAY CITY ",PASAY CITY,9159875878,"SAGUIL, HORACIO JR ALINSUNURIN",jrsaguil@yahoo.com,metrohealthfamilylab@gmail.com,4919109,,0,4,4,WITHOUT CONCERN,PASSED,Highly Satisfactory,SDTLPT-21-0-,2093,HS
14,13-0050-18-PIBS-R,NCR,MICAH MEDICAL CLINIC AND DIAGNOSTIC LABORATORY,"1923 SAN MARCELINO ST. BRGY 691 ZONE 75, MALATE, MANILA ",MANILA CITY,9209538561/ 536-5289,"BENITEZ, ROSALINDA COSMAS",MICAHMEDICALAB@gmail.com,MICAHMEDICALLAB@gmail.com,4898884,,2,4,6,WITHOUT CONCERN,PASSED,Acceptable,SDTLPT-21-0-,2094,A
14,13-XXXX-20-PIBS-R,NCR,"MJK MEDICAL & DIAGNOSTIC CLINIC, INC.","2/F METROBANK BUILDING, MABINI CORNER A. FLORES ST., ERMITA, MANILA",MANILA CITY,9564489132,"PAGDUNZULAN, FRANK GERALD C.",bj_tsutsugamushi@yahoo.com,mjkmedclinic18@gmail.com,4938336,10/01/2020,2,2,4,WITHOUT CONCERN,PASSED,Highly Satisfactory,SDTLPT-21-0-,2095,HS
14,13-0140-20-PIBS-R,NCR,MMC MEDICAL AND DIAGNOSTIC CENTER INC,"4TH FLOOR GHR BLDG., 713 REMEDIOS, MALATE, MANILA ",MANILA CITY,09060588804/ 247-1822,"CABUDOY, RONALD DE CADIZ",mmcmedclinic@gmail.com,mmcmedclinic@gmail.com,4883575,43811,4,4,8,WITHOUT CONCERN,PASSED,Acceptable,SDTLPT-21-0-,2096,A
14,13-1138-20-PIBS-R,NCR,MONTE ZION DIAGNOSTIC & MEDICAL CENTER CORP.,"G/F ICC-MTC BLDG., 699 TANDANG SORA AVE., MATANDANG BALARA, QUEZON CITY ",QUEZON CITY,9228482043,"VALDEZ, ANN LIZBETH BANGALAN",,monteziondiagnostic@gmail.com,4918697,25/06/2020,1,0,1,WITHOUT CONCERN,PASSED,Excellent,SDTLPT-21-0-,2097,E
14,13-1108-19-PIBS-R,NCR,"MULTI-LIFECARE FOUNDATION, INC.","RAMTECH BLDG., MARATHON COR. SCT. SANTIAGO STS., BRGY. OBRERO, DILIMAN, QUEZON CITY ",QUEZON CITY,9270536148,"KATAPANG, MELVIN JUDE GATUSLAO",lifecarelab01@yahoo.com,lifecarelab01@yahoo.com,4918803,13/12/2019,3,5,8,WITHOUT CONCERN,PASSED,Acceptable,SDTLPT-21-0-,2098,A
14,13-0654-20-GIBS-R,NCR,MUNTINLUPA DRUG TESTING LABORATORY ,"G/F OSPITAL NG MUNTINLUPA, CIVIC DRIVE, CORPORATE CITY, FILINVEST, ALABANG, MUNTINLUPA ",MUNTINLUPA CITY,(8) 831-22-15,"DIZON, FLORENCIO CONCENGCO",muntinlupadtl@gmail.com,muntinlupadtl@gmail.com,4886226,43861,0,0,0,WITHOUT CONCERN,PASSED,Excellent,SDTLPT-21-0-,2099,E
14,13-0520-20-PIBS-R,NCR,MURPHY DIAGNOSTIC AND MULTI-SPECIALTY CENTER,"ELI BLDG., 10-B BLK. 15, #42 5TH AVE., BRGY. SOCORRO, CUBAO, QUEZON CITY ",QUEZON CITY,0917-801-9506/ 8-912-7193,"MESINA, MARIA JOSEFA DE LANGE",jojomesinamd@gmail.com,murphydiagnosticcenter_mdmc@yahoo.com,4889996,43815,1,4,5,WITHOUT CONCERN,PASSED,Highly Satisfactory,SDTLPT-21-0-,2100,HS
14,13-1100-19-PIBS-R,NCR,MVR LABORATORY DIAGNOSTIC CENTER,"RM. 501 TRINITY BLDG., 636 T.M. KALAW ST. BRGY. 666 ERMITA,MANILA ",MANILA CITY,09172555148 / 09473831702 / 09178400261 ,"AXIBAL, MACIMO JR BOSQUE",axibalmdpatho@yahoo.com,mvr03_mab@yahoo.com,4858068,20/02/2020,1,4,5,WITHOUT CONCERN,PASSED,Highly Satisfactory,SDTLPT-21-0-,2101,HS
14,13-0186-20-PIBS-R,NCR,MY HEALTH CLINIC - ALABANG,"2ND LEVEL STYLE BOULEVARD, FESTIVAL MALL ALABANG, MUNTINLUPA CITY ",MUNTINLUPA CITY,0956-079-2157/ (02) 8-836-9057,"CASTRO, BU CUBE",mhalabang@singaporediagnostics.com,mhalaban@singaporediagnostics.com,4884777,44021,2,2,4,WITHOUT CONCERN,PASSED,Highly Satisfactory,SDTLPT-21-0-,2102,HS
14,13-0187-20-PIBS-R,NCR,MY HEALTH CLINIC - MANILA,"3RD LEVEL ROBINSONS PLACE MANILA, PEDRO GIL WING, ERMITA, MANILA",MANILA CITY,09177024409/ (02) 8251-9172,"CASTRO, BU CUBE",legalmed@yahoo.com,mhermita.dtl@gmail.com,4884779,43822,1,4,5,WITHOUT CONCERN,PASSED,Highly Satisfactory,SDTLPT-21-0-,2103,HS
14,13-0188-20-PIBS-R,NCR,MY HEALTH CLINIC - SM NORTH,"2ND LEVEL NORTHLINK BLDG. F, SM CITY NORTH EDSA, NORTH AVENUE, QUEZON CITY",QUEZON CITY,09175109250/ 441-41-06,"CASTRO, BU CUBE",mhnorthedsa@gmail.com,myhealthnorthedsa@gmail.com,4884780,43885,2,4,6,WITHOUT CONCERN,PASSED,Acceptable,SDTLPT-21-0-,2104,A
14,13-0190-20-PIBS-R,NCR,MY HEALTH CLINIC- MANDALUYONG CITY,"UNIT 146 G/F SHANGRI-LA PLAZA EDSA COR SHAW BLVD., WACK-WACK GREENHILLS, MANDALUYONG CITY",MANDALUYONG CITY ,0917-5109322 / 8570-4325,"CASTRO, BU CUBE",legalmed@yahoo.com,myhealthshangrila17@gmail.com,4884776,43875,3,4,7,WITHOUT CONCERN,PASSED,Acceptable,SDTLPT-21-0-,2105,A
14,13-0191-20-PFSS-R,NCR,MY HEALTH CLINIC- VENICE,"2-L B108B VENICE GRAND CANAL MALL, UPPER MCKINLEY RD, MCKINLEY HILL, BGC, TAGUIG CITY",TAGUIG CITY,09175109291/ 777-4725,"CASTRO, BU CUBE",myhealthvenice@gmail.com,myhealthvenice@gmail.com,4884778,43895,0,5,5,WITHOUT CONCERN,PASSED,Highly Satisfactory,SDTLPT-21-0-,2106,HS
14,13-0335-19-GIBS-R,NCR,NATIONAL CENTER FOR MENTAL HEALTH-DRUG TESTING LABORATORY,"NUEVE DE PEBRERO ST., BRGY. MAUWAY, MANDALUYONG CITY",MANDALUYONG CITY ,4777714,"CARMEN, RICHARDSON MONTIEL ",ncmh18dtl@yahoo.com ,ncmh18dtl@yahoo.com ,4833895,44055,1,0,1,WITHOUT CONCERN,PASSED,Excellent,SDTLPT-21-0-,2107,E
14,13-0795-20-GIBS-R,NCR,NATIONAL CHILDREN'S HOSPITAL,"264 E. RODRIGUEZ SR. AVENUE, QUEZON CITY",QUEZON CITY,0942-342-2175/ 8724-0656-loc 216,"REYES, MA. LUISA FERNANDEZ",mfreyes81356@yahoo.com,nchqc.dtl@gmail.com,4892981,15/11/2019,0,1,1,WITHOUT CONCERN,PASSED,Excellent,SDTLPT-21-0-,2108,E
14,13-0656-20-PIBS-R,NCR,NEW ERA DRUG TESTING CENTER,"NEW ERA GENERAL HOSPITAL, COMMONWEALTH AVENUE, NEW ERA, QUEZON CITY ",QUEZON CITY ,932-7387 Loc. 3602 ,"JACOBA, ARACELI PACIS ",apjpathology@gmail.com ,newera_laboratory@yahoo.com.ph ,4876458,43861,0,1,1,WITHOUT CONCERN,PASSED,Excellent,SDTLPT-21-0-,2109,E
14,13-1453-20-PIBS-R,NCR,"NEW WORLD DIAGNOSTICS, INC - LAS PIÑAS BRANCH","GF IMPERIAL APPLIANCE PLAZA BLDG, ALABANG-ZAPOTE ROAD, TALON UNO, LAS PIÑAS CITY ",LAS PIÑAS CITY,9052696742,"MENDOZA, PAULO GIOVANNI",pgmedonzamd@hotmail.com,laspinas.lab@nwdi.com.ph,4919089,12/03/2020,3,4,7,WITHOUT CONCERN,PASSED,Acceptable,SDTLPT-21-0-,2110,A
14,13-1289-20-PIBS-R,NCR,"NEW WORLD DIAGNOSTICS, INC. - D. TUAZON BRANCH","205 D. TUAZON STREET, BRGY. MAHARLIKA, QUEZON CITY ",QUEZON CITY,917530143,"MENDOZA, PAULO GIOVANNI",pgmedonzamd@hotmail.com,gretchen.catli@nwdi.com.ph,4919096,,0,0,0,WITHOUT CONCERN,PASSED,Excellent,SDTLPT-21-0-,2111,E
14,13-1080-19-PIBS-R,NCR,"NEW WORLD DIAGNOSTICS, INC. - MAKATI BRANCH","UNIT 104-105 CAMPUS RUEDA BLDG, URBAN AVE, BRGY. SAN LORENZO, MAKATI CITY  ",MAKATI CITY ,9273304529,"MENDOZA, PAULO GIOVANNI",pgmedonzamd@hotmail.com,makati.lab@nwdi.com.ph,4919091,01/07/2021,3,4,7,WITHOUT CONCERN,PASSED,Acceptable,SDTLPT-21-0-,2112,A
14,13-1290-20-PIBS-R,NCR,"NEW WORLD DIAGNOSTICS, INC. - MALABON BRANCH","UNIT 101-102 MEZZANINE FLOOR, PANCO SQUARE BLDG., 67 MC ARTHUR, POTRERO, MALABON",MALABON CITY,9954857502,"MENDOZA, PAULO GIOVANNI",pgmedonzamd@hotmail.com,malabon.lab@nwdi.com.ph,4919092,,2,4,6,WITHOUT CONCERN,PASSED,Acceptable,SDTLPT-21-0-,2113,A
14,13-1083-19-PIBS-R,NCR,"NEW WORLD DIAGNOSTICS, INC. - MIRASOL BRANCH","854 MIRASOL BUILDING,TAFT AVENUE CORNER APACIBLE, PACO, MANILA ",MANILA CITY,87908818,"MENDOZA, PAULO GIOVANNI",pgmedonzamd@hotmail.com,mirasol.lab@nwdi.com.ph,4919088,09/07/2020,1,2,3,WITHOUT CONCERN,PASSED,Highly Satisfactory,SDTLPT-21-0-,2114,HS
14,13-1456-20-PIBS-R,NCR,"NEW WORLD DIAGNOSTICS, INC. - ONGPIN BRANCH","UNIT M4-M8, MEZZANINE FLR., STRATA GOLD CONDOMINIUM BLDG., 738 ONGPIN STREET, BINONDO, MANILA ",MANILA CITY,2514434/2514433,"MENDOZA, PAULO GIOVANNI",pgmedonzamd@hotmail.com,,4919094,20/02/2020,2,1,3,WITHOUT CONCERN,PASSED,Highly Satisfactory,SDTLPT-21-0-,2115,HS
14,13-1288-20-PIBS-R,NCR,"NEW WORLD DIAGNOSTICS, INC. - PCS BRANCH","992 G/F PCS BUILDING, EDSA, QUEZON CITY",QUEZON CITY,02 790-8847,"MENDOZA, PAULO GIOVANNI",pgmedonzamd@hotmail.com,,4919093,,2,4,6,WITHOUT CONCERN,PASSED,Acceptable,SDTLPT-21-0-,2116,A
14,13-1291-20-PFSS-R,NCR,"NEW WORLD DIAGNOSTICS, INC.- PREMIUM MEDICAL BRANCH","2/F VALUCARE BLDG., 33 MERALCO AVENUE, BRGY. SAN ANTONIO, PASIG CITY ",PASIG CITY,02 8790-8826,"ONG, DAPHNE CHUA",ortigas@nwdi.com.ph,,4919090,10/09/2021,3,4,7,WITHOUT CONCERN,PASSED,Acceptable,SDTLPT-21-0-,2117,A
14,13-0838-20-PIBS-R,NCR,"NEWPORT X-RAY, LABORATORY & MEDICAL CENTER INC.","863 VICENTE STREET, SAMPALOC, MANILA ",SAMPALOC / MANILA,09987940985/ 82421407,"SAGUIL, HORACIO JR.",NEWPORTXLMC@yahoo.com,NEWPORTXLMC@yahoo.com,4902176,23/06/2020,1,2,3,WITHOUT CONCERN,PASSED,Highly Satisfactory,SDTLPT-21-0-,2118,HS
14,13-0756-14-PFSS-R,NCR,NH MEDICAL LABORATORY,"3rd Floor, Room 301 Prima Building No. 1, Quezon City, Metro Manila",QUEZON CITY,09178700065/ 3592962,"FRANCISCO,RICARDO A.",nhmedlab@gmail.com,nhmedlab@gmail.com,4946947,21/11/2019,2,0,2,WITHOUT CONCERN,PASSED,Excellent,SDTLPT-21-0-,2119,E
14,13-0144-20-PIBS-R,NCR,NORDIC MEDICAL CLINIC,"UNIT 1-B MARIA DANIEL BLDG., SAN ANDRES COR. M.H. DEL PILAR STS., BRGY. 701, MALATE, MANILA ",MANILA CITY,0977-8400-744/ 562-7810,"DIWA, MICHELE HERNANDEZ",mitchdiwa@yahoo.com,NMCADMMANILA@GMAIL.COM,4889829,43761,0,4,4,WITHOUT CONCERN,PASSED,Highly Satisfactory,SDTLPT-21-0-,2120,HS
14,13-0111-19-PIBS-R,NCR,"NOTRE DAME MEDICO DENTAL CLINICS, INC.","MD EJMAN BLDG., 1036 J. NAKPIL ST., MALATE, MANILA ",MANILA CITY,0915-9334-539/ 523-23-11 Loc 104,"ONTOG, MARLENE S,",felixrolandojon@yahoo.com,laboratory@notredameclinic.com,4916275,43537,1,0,1,WITHOUT CONCERN,PASSED,Excellent,SDTLPT-21-0-,2121,E
14,13-1246-19-PFSS-R,NCR,NOVA DRUG TESTING LABORATORY,"1A 1131 QUIRINO HIGHWAY, NOVALICHES, FAIRVIEW, QUEZON CITY",QUEZON CITY ,09195396442 / 7941183 / 09266741050 ,"FELICIANO, RAYMUNDO FRANCISCO ",chevalierfeliciano@yahoo.com,novadrugtestinglaboratory@yahoo.com,4846738,,1,2,3,WITHOUT CONCERN,PASSED,Highly Satisfactory,SDTLPT-21-0-,2122,HS
14,13-1647-19-GIBS-I,NCR,NOVALICHES DISTRICT HOSPITAL,"QUIRINO HIGHWAY, SAN BARTOLOME, NOVALICHES, QUEZON CITY",QUEZON CITY ,09434816833 / 9310312 Loc. 111 / 09478964065 ,"BAUTISTA, MARIA MYSTICA FLODALYN TOMBOC ",twinmarelis@yahoo.com,ndh.lab2018@gmail.com,4844367,27/07/2020,0,0,0,WITHOUT CONCERN,PASSED,Excellent,SDTLPT-21-0-,2123,E
14,13-0880-19-PIBS-R,NCR,NUESTRA SEÑORA DEL BUENSUCESO POLYCLINIC AND DIAGNOSTIC CENTER,"5383 M.H. DEL PILAR, LA HUERTA, PARAÑAQUE CITY ",PARAÑAQUE CITY,9676710821,"CHUA, JOSEPHINE LO",nsdb_polyclinic@yahoo.com,nsdb_polyclinic@yahoo.com,4919786,19/01/2021,3,2,5,WITHOUT CONCERN,PASSED,Highly Satisfactory,SDTLPT-21-0-,2124,HS
14,13-0968-20-PIBS-R,NCR,"O'CARE DIAGNOSTIC MEDICAL CENTER, INC","3RD FLOOR, STWLP BUILDING, 338 SENATOR  GIL J. PUYAT AVENUE, BARANGAY 49",PASAY CITY,9178852065,"QUIAOIT, SUSANA PINILI",mslkalaw.lab@gmail.com,mslkalaw.lab@gmail.com,4994146,27/02/2020,0,5,5,WITHOUT CONCERN,PASSED,Highly Satisfactory,SDTLPT-21-0-,2125,HS
14,13-XXXX-20-PIBS-R,NCR,OC TIAMZON DIAGNOSTIC CLINIC,"441 PADRE PIEGO CERA AVE., PULANG LUPA UNO, LAS PIÑAS CITY",LAS PIÑAS CITY,9225513726,"TANDOC, AMADO III O",amado.tandocMD@gmail.com,octiamzonlaboratory@gmail.com,4918172,23/12/2019,3,5,8,WITHOUT CONCERN,PASSED,Acceptable,SDTLPT-21-0-,2126,A
14,13-1348-20-PIBS-R,NCR,OCW MEDICAL CLINIC,"3RD FLOOR REGENT BLDG., 1415 GENERAL LUNA STREET, ERMITA, MANILA",MANILA CITY,0949-5883598/ 536-4866/ 536-7513,"LEDESMA, DEXTER AGUDON",ocwmedlaboratory@yahoo.com.ph,ocwmedlaboratory@yahoo.com.ph,4891686,30/01/2020,0,2,2,WITHOUT CONCERN,PASSED,Excellent,SDTLPT-21-0-,2127,E
14,13-0969-20-PIBS-R,NCR,"OLAYN MEDICAL LABORATORY, INC.","3RD FLOOR, BDO TAFT-VITO CRUZ BUILDING, 2422 TAFT AVENUE, MALATE MANILA, METRO MANILA",MANILA CITY,09186835035/86552648,"QUIAOIT, SUSANA PINILI",mslkalaw.lab@gmail.com,mslkalaw.lab@gmail.com,4994174,06/02/2020,0,5,5,WITHOUT CONCERN,PASSED,Highly Satisfactory,SDTLPT-21-0-,2128,HS
14,13-1191-19-PFSS-R,NCR,"ONE HEALTH MEDICAL SERVICES, INC.","OHM BLDG., ANDREWS AVE., MIAA ZONE, BRGY. 184, PASAY CITY ",PASAY CITY,09177046205 / 9386680 / 9386681 / 09175101363 ,"BERNARDO, CONNIE LOMANTA ",medical.ohm2012@gmail.com,medical.ohm2012@gmail.com,4842612,12/03/2021,0,2,2,WITHOUT CONCERN,PASSED,Excellent,SDTLPT-21-0-,2129,E
14,13-1353-20-PIBS-R,NCR,ONE-RAD MEDICAL AND X-RAY CLINIC,"PUROK 4 LOT 10 BLOCK 7 KATIPUNAN ST., COMMONWEALTH, QUEZON CITY",QUEZON CITY,0998-863-6392,"BAUSA, OLGA M.",oneradmed@gmail.com,oneradmed@gmail.com,4919025,14/11/2019,0,0,0,WITHOUT CONCERN,PASSED,Excellent,SDTLPT-21-0-,2130,E
14,13-1308-16-PIBS-I,NCR,ONEHEALTH MEDICAL LABORATORY INC.,577 FAURA MEDICAL BUILDING P. FAURA ST. ERMITA MANILA,MANILA CITY,09335839971/ 85220728,"MONTENEGRO,MONINA",1healthmedical@gmail.com,1healthmedical@gmail.com,4948614,15/01/2020,0,6,6,WITHOUT CONCERN,PASSED,Acceptable,SDTLPT-21-0-,2131,A
14,13-1141-20-PIBS-R,NCR,OUR LADY OF LOURDES HOSPITAL,"46 P. SANCHEZ ST., BRGY. 606, STA. MESA, MANILA ",STA MESA MANILA,09218528516/ 8716-8001 loc 3249,"DELA FUENTE, GERALDINE CRUZ",ollhlab@yahoo.com.ph,ollhlab@yahoo.com.ph,4912932,05/06/2020,1,1,2,WITHOUT CONCERN,PASSED,Excellent,SDTLPT-21-0-,2132,E
14,13-1594-19-PIBS-I,NCR,PACIFIC GLOBAL MEDICAL CENTER,"LOT 2B MINDANAO AVENUE, BRGY. TALIPAPA, NOVALICHES, QUEZON CITY ",QUEZON CITY ,09568444753 / 89014941 Loc. 0103 / 0906500103,"TOLENTINO, JANETTE ",laboratory.pgmc@gmail.com,gnroxas.pgmc@gmail.com ,4842601,27/02/2020,1,5,6,WITHOUT CONCERN,PASSED,Acceptable,SDTLPT-21-0-,2133,A
14,13-0905-19-PFSS-R,NCR,PARAÑAQUE ULTRASOUND DIAGNOSTIC CENTER INC.,"0459 QUIRINO AVE., DON GALO, PARAÑAQUE CITY ",PARAÑAQUE CITY,09562741145/ 02-8522425,"PINEDA, MINNIE JANE ABALOS",mjaneabalos@yahoo.com,pudcidongalo1989@yahoo.com,4914730,31/05/2021,1,2,3,WITHOUT CONCERN,PASSED,Highly Satisfactory,SDTLPT-21-0-,2134,HS
14,13-1060-19-PIBS-R,NCR,PARAÑAQUE ULTRASOUND DIAGNOSTIC CENTER INC.,"2150 CASQUEJO BUILDING, AIRPORT ROAD, BACLARAN, PARAÑAQUE CITY ",PARAÑAQUE CITY,09178907471/ 8854-6358,"PINEDA, MINNIE JANE ABALOS",mjaneap@gmail.com,pudci.baclab@gmail.com,4916506,03/09/2020,1,0,1,WITHOUT CONCERN,PASSED,Excellent,SDTLPT-21-0-,2135,E
14,13-0690-19-GIBS-R,NCR,PASIG CITY DRUG TESTING LABORATORY,"5/F PASIG CITY HALL BLDG., CARUNCHO AVE., SAN NICOLAS, PASIG CITY",PASIG CITY,640-0111 /643-1111 Loc. 393,"ROQUE, ROCYCLENE CAMUNGOL",rocylene@yahoo.com ,pasigcitydrugtestinglab@yahoo.com,4848305,08/11/2019,1,1,2,WITHOUT CONCERN,PASSED,Excellent,SDTLPT-21-0-,2136,E
14,13-0453-19-PIBS-R,NCR,PASIG DOCTORS MEDICAL CENTER,"254 AMANG RODRIGUEZ AVE., BRGY. MANGGAHAN, PASIG CITY ",PASIG CITY,9175040264,"PADUA, ROBERTO JR. DAIZ",paduamdpatho@yahoo.com,dplm.dmc@gmail.com,4919103,,0,5,5,WITHOUT CONCERN,PASSED,Highly Satisfactory,SDTLPT-21-0-,2137,HS
14,13-1407-19-PIBS-R,NCR,PATIENT FIRST HOSPITAL CORPORATION,"1418 KAMIAS RD COR ANONAS ROAD, SIKATUNA VILLAGE, QUEZON CITY",QUEZON CITY ,09192717571 / 3/433-7362 ,"LIM, RODELIO DOMINGO ",pfmclaboratory20@gmail.com,kamias.laboratory@patientfirstphil.com ,4849270,06/02/2020,3,4,7,WITHOUT CONCERN,PASSED,Acceptable,SDTLPT-21-0-,2138,A
14,13-1020-19-PIBS-R,NCR,PATIENT FIRST HOSPITAL CORPORATION,"3RD FLOOR MERCURY BLDG. GLORIETTA 3, AYALA CENTER, MAKATI",MAKATI CITY ,8-400-6120,"LIM, RODELIO DOMINGO ",rodellim@yahoo.coom,pfmclaboratory20@gmail.com,4849271,23/07/2020,2,2,4,WITHOUT CONCERN,PASSED,Highly Satisfactory,SDTLPT-21-0-,2139,HS
14,13-0479-20-PIBS-R,NCR,PATIENT'S CHOICE MEDICAL & INDUSTRIAL LABORATORY,"508-F JCG BUILDING, BONI AVENUE, BARANGAY PLAINVIEW, MANDALUYONG CITY",MANDALUYONG CITY ,09613830173 / 8-5348319 / 89227853 ,"SANTOS, ARLENE LIWAG",arlenepathomd@yahoo.com,patientschoice@hotmail.com,4879718,,1,2,3,WITHOUT CONCERN,PASSED,Highly Satisfactory,SDTLPT-21-0-,2140,HS
14,13-1559-21-PIBS-I,NCR,"PHILHEALTHCARE, INC.","2ND FLOOR, STI HOLDINGS CENTER, 6764 AYALA AVENUE, MAKATI CITY",MAKATI CITY ,9999122921,"AMATA, JOHN ARNEL HILDAGO",jaamatamd@yaoo.com.ph,pmdiagnostics@philcare.com.ph,4998524,04/06/2020,1,0,1,WITHOUT CONCERN,PASSED,Excellent,SDTLPT-21-0-,2141,E
14,13-1499-18-PIBS-I,NCR,"PHILHEALTHCARE, INC. (MOA)","4/F UNIT 408H 5 E-COM CENTER BLDG., MALL OF ASIA COMPLEX, PASAY CITY ",PASAY CITY,9178490638,"AMATA, JOHN ARNEL HIDALGO",,,4914442,09/07/2020,2,1,3,WITHOUT CONCERN,PASSED,Highly Satisfactory,SDTLPT-21-0-,2142,HS
14,13-1553-20-GIBS-R,NCR,PHILIPPINE CHILDREN'S MEDICAL CENTER DRUG TESTING LABORATORY,"GROUND FLOOR PATHOLOGY DEPARTMENT, AGHAM ROAD, QUEZON CITY",QUEZON CITY,09178145035/ 09951584232/ 8588990 loc 246,"DATU, ERNESTO V.",pathology@pcmc.gov.ph,pathology@pcmc.gov.ph,4912098,17/02/2020,0,3,3,WITHOUT CONCERN,PASSED,Highly Satisfactory,SDTLPT-21-0-,2143,HS
14,13-0719-19-GIBS-R,NCR,PHILIPPINE HEART CENTER,"DRUG TESTING LAB, MAB ANNEX, MEZZANINE FLR., EAST AVENUE, DILIMAN, QUEZON CITY",QUEZON CITY ,9291638,"LLANERA, FREDERICK REYES",,phc_lab@yahoo.com,4848215,,1,3,4,WITHOUT CONCERN,PASSED,Highly Satisfactory,SDTLPT-21-0-,2144,HS
14,13-1621-20-PIBS-R,NCR,PHILIPPINE OVERSEAS WORKERS MEDICAL & DIAGNOSTIC CENTER INC.,"UNIT 6-10 NORTHWING MARANAW PLAZA, 187 EDSA, BRGY. WACK-WACK EAST, GREENHILLS, MANDALUYONG CITY ",MANDALUYONG CITY ,93643642662,"HERNANDEZ, SIERRA ROMA SALAZAR",powmadc1@yahoo.com,powmadc1@yahoo.com,4928146,29/07/2020,1,1,2,WITHOUT CONCERN,PASSED,Excellent,SDTLPT-21-0-,2145,E
14,13-0120-19-PIBS-R,NCR,"PHYSICIANS DIAGNOSTIC SERVICES CENTER, INC.","PHYSICIANS TOWER, 533 UN AVENUE, BRGY 659, ERMITA, MANILA",MANILA CITY,5214967,"LEDESMA, DEXTER AGUDON ",dexteraledesma@yahoo.com,,4840644,44032,0,2,2,WITHOUT CONCERN,PASSED,Excellent,SDTLPT-21-0-,2146,E
14,13-0706-20-PFSS-R,NCR,POLARES MEDICAL AND DIAGNOSTIC SERVICES,"NO. 146 DR. SIXTO ANTONIO, CANIOGAN, PASIG CITY ",PASIG CITY,09171684373/ 09236882364,"SOLIS, FLORECITA LUDIVINA",,mdtech-rtm@yahoo.com,4916513,16/10/2019,2,4,6,WITHOUT CONCERN,PASSED,Acceptable,SDTLPT-21-0-,2147,A
14,13-1145-20-PIBS-R,NCR,POLY HEALTH PRACTICE CORPORATION,"2ND FLOOR, CENEL PLACE, 239, MALABON CITY",MALABON CITY,9175821757,"LEDESMA, DEXTER AGUDON",dexterledesma@yahoo.com,operations@polyhealth.ph,4946306,18/06/2020,1,0,1,WITHOUT CONCERN,PASSED,Excellent,SDTLPT-21-0-,2148,E
14,13-0911-19-PFSS-R,NCR,PRECISION MEDICAL SERVICES AND DRUG TESTING LABORATORY,"82 P. TUAZON BOULEVARD, BRGY. KAUNLARAN CUBAO, QUEZON CITY",QUEZON CITY ,09952542521 / 34112723 ,"MONTEFALCON, PRISCILLA GERVACIO ",kisses143@hotmail.com,kisses14393@hotmail.com,4866283,11/06/2021,3,1,4,WITHOUT CONCERN,PASSED,Highly Satisfactory,SDTLPT-21-0-,2149,HS
14,13-0970-20-PIBS-R,NCR,PREMIER 101 HEALTHCARE MANAGEMENT INC.,"2ND FLOOR, VALENZUELA TOWN CENTER, MAC ARTHUR HIWAY, KARUHATAN, VALENZUELA CITY",VALENZUELA CITY ,09159162996/ (02) 8230-2766 / 09175056591,"FIBRA, AMELIA CO",missfibra2017@gmail.com,premier101mdc@yahoo.com,4886744,18/02/2020,2,4,6,WITHOUT CONCERN,PASSED,Acceptable,SDTLPT-21-0-,2150,A
14,13-0320-19-PIBS-R,NCR,PREMIERE MEDICAL AND CARDIOVASULAR LABORATORY INC.,"127 G/F BELL KENZ TOWER, MALAKAS ST., DILIMAN, QUEZON CITY ",QUEZON CITY,09171644271/ 8426-9745,"ATIBAGOS, FLORIDO ABAN JR. ",fatibagosmd@gmail.com,premiere_clinlab@yahoo.com,4916721,44046,2,3,5,WITHOUT CONCERN,PASSED,Highly Satisfactory,SDTLPT-21-0-,2151,HS
14,13-0676-18-PIBS-R,NCR,PREMIERE MEDICAL AND CARDIOVASULAR LABORATORY INC.,"G/F MANCORA BLDG., #6 MAYOR GIL FERNANDO, MARIKINA CITY ",MARIKINA CITY,09258527363/ 573-1130,"ATIBAGOS, FLORIDO JR. ABAN",fatibagosmd@gmail.com,,4894234,28/11/2019,1,0,1,WITHOUT CONCERN,PASSED,Excellent,SDTLPT-21-0-,2152,E
14,13-0147-20-PIBS-R,NCR,PRIME LABORATORY CORP.,UNIT 202 MAINPLACE BLDG. 190 PINAGLABANAN ST. SAN JUAN CITY,SAN JUAN CITY,0929-966-2723/ 8919-0520,"CABRERA, MARY ANN O.",primelab_encoder@yahoo.com,primelab_encoder@yahoo.com,4896208,27/07/2020,1,0,1,WITHOUT CONCERN,PASSED,Excellent,SDTLPT-21-0-,2153,E
14,13-0662-20-PIBS-R,NCR,PROBE POLYCLINIC & DIAGNOSTIC CENTER INC.,"UNIT 103 MARBELLA BUILDING II, 2071 ROXAS BLVD., MALATE, MANILA",MANILA CITY,13-0662-20-PIBS-R,PROBE POLYCLINIC & DIAGNOSTIC CENTER INC.,"UNIT 103 MARBELLA BUILDING II, 2071 ROXAS BLVD., MALATE, MANILA",,,,1,4,5,WITHOUT CONCERN,PASSED,Highly Satisfactory,SDTLPT-21-0-,2154,HS
14,13-0707-20-PIBS-R,NCR,PROLAB DIAGNOSTICS CO.,"UNIT 202 2/F MET 4 SEN GIL. PUYAT AVE. COR. P. MEDINA ST., MAKATI CITY ",MAKATI CITY ,0917-8393382/ 8553-9826,"SANTOS, NOEL CORPUZ",prolab_op@yahoo.com.ph,prolab_op@yahoo.com.ph,4912909,10/03/2020,1,4,5,WITHOUT CONCERN,PASSED,Highly Satisfactory,SDTLPT-21-0-,2155,HS
14,13-1329-20-PIBS-R,NCR,PROSPERITY MEDICAL CLINIC AND LABORATORY INC,"858 REMEDIOS ST. MALATE, MANILA",MANILA CITY,09178211627/09178211627,"CALILUNG, MARILYN PAJEL",pmcli_2000@yahoo.com,pmcli_2000@yahoo.com,4883576,25/11/2019,1,0,1,WITHOUT CONCERN,PASSED,Excellent,SDTLPT-21-0-,2156,E
14,13-1279-20-PIBS-R,NCR,PROTACIO HOSPITAL,"484 QUIRINO AVENUE, TAMBO, PARAÑAQUE CITY",PARAÑAQUE CITY,09173024328/ 88521181,"REYES, CARMELA T.",doc_elareyes@yahoo.com,laboratory@protaciohospital.com,4949848,,1,3,4,WITHOUT CONCERN,PASSED,Highly Satisfactory,SDTLPT-21-0-,2157,HS
14,13-1226-19-PIBS-R,NCR,QUALI-CARE POLYCLINIC AND LABORATORY INC.,"47-A BAYAN-BAYANAN AVE., CONCEPCION UNO, MARIKINA CITY ",MARIKINA CITY ,09295011032 / 8475-0235 / 09776284600 ,"BAUSA, OLGA MUNAR ",bausaolga@yahoo.com ,qualicarepolyclinic@gmail.com,4846863,,1,1,2,WITHOUT CONCERN,PASSED,Excellent,SDTLPT-21-0-,2158,E
14,13-1334-19-PIBS-R,NCR,QUALIMED HEALTH NETWORK,"G/F MCKINLEY CORPORATE EXCHANGE CENTER, MCKINLEY COR. EDSA, MAKATI CITY ",MAKATI CITY ,09267442597/ 861-0517,"VERGEL DE DIOS, ARIEL MILAN",laboratory.makati@qualimed.com.ph,laboratory.makati@qualimed.com.ph,4912196,15/11/2019,1,2,3,WITHOUT CONCERN,PASSED,Highly Satisfactory,SDTLPT-21-0-,2159,HS
14,13-1620-20-PIBS-R,NCR,QUALIMED HEALTH NETWORK,"GROUND FLOOR UP TOWN CENTER, KATIPUNAN AVENUE, DILIMAN, QUEZON CITY ",QUEZON CITY,9176537997,"DIMACALI, ANDREW DIMACALI",laboratory.uptc@gmail.com,laboratory.uptc@gmail.com,4919105,12/08/2020,0,3,3,WITHOUT CONCERN,PASSED,Highly Satisfactory,SDTLPT-21-0-,2160,HS
14,13-0148-20-PIBS-R,NCR,QUALIMED SURGERY CENTER,"UPM-PGH, FACULTY MEDICAL ARTS BUILDING, PGH COMPOUND, TAFT AVENUE, MANILA",MANILA CITY,9173075997,"CARNATE, JOSE MADAMBA",hcjalago.mnl@qualimed.com.ph,hcjalago.mnl@qualimed.com.ph,4917912,,3,1,4,WITHOUT CONCERN,PASSED,Highly Satisfactory,SDTLPT-21-0-,2161,HS
14,13-0149-20-GIBS-R,NCR,QUIRINO MEMORIAL MEDICAL CENTER,"DRUG TESTING SECTION, PATHOLOGY DEPT., JP. RIZAL COR. P. TUAZON, PROJECT 4, QUEZON CITY ",QUEZON CITY,09989722465/ 8421-22-50 to 61,"OMBAO, MARITESS ALACAR",maombao_md@yahoo.com.ph,maombao_md@yahoo.com.ph,4901241,,0,5,5,WITHOUT CONCERN,PASSED,Highly Satisfactory,SDTLPT-21-0-,2162,HS
14,13-0418-18-PIBS-R,NCR,"R.B.G. MEDICAL, DENTAL CLINIC AND LABORATORY","1353 A. MABINI ST., ERMITA, MANILA",MANILA CITY,09155807314 / 85214612 / 85211039,"PINEDA-SANTOS, MARIA LOURDES ",RBG_DTL2006@yahoo.com,RBG_DTL2006@yahoo.com,4853742,,3,2,5,WITHOUT CONCERN,PASSED,Highly Satisfactory,SDTLPT-21-0-,2163,HS
14,13-1422-20-PIBS-R,NCR,R.E. MALLARI CLINICAL DIAGNOSTIC LABORATORY,"3RD FLR. UNIT 3F-4 DIANNE BLDG., 746 RIZAL AVE. EXT., GRACE PARK MONUMENTO, CALOOCAN CITY ",CALOOCAN CITY ,9982256228,"CRUZ, GABRIEL JOCSON",drcruz20@hotmail.com,remallariclinicaldiagnosticlab@gmail.com,4917675,27/02/2020,2,3,5,WITHOUT CONCERN,PASSED,Highly Satisfactory,SDTLPT-21-0-,2164,HS
14,13-0024-20-PIBS-R,NCR,R.G.O. LABORATORY & INDUSTRIAL DIAGNOSTIC CENTER INC.,"1980 EMILUZ BLDG. M. REYES CORNER LUCBAN ST., BRGY. BANGKAL, MAKATI CITY ",MAKATI CITY ,0917-5491517/ 8821-4709,"DIMACALI, ANDREW D.",rgolaboratory@gmail.com,rgolaboratory@gmail.com,4888559,11/26/19,3,0,3,WITHOUT CONCERN,PASSED,Highly Satisfactory,SDTLPT-21-0-,2165,HS
14,13-XXXX-20-PIBS-R,NCR,R.G.O. LABORATORY & INDUSTRIAL DIAGNOSTIC CENTER INC. (PARAÑAQUE BRANCH),"UNIT 2E&2F, AIRPORT GLOBAL PLAZA, NAIA ROAD COR. ROXAS BLVD., BRGY. TAMBO, PARAÑAQUE CITY",PARAÑAQUE CITY,0917-5491517/ 8330-4656,"MANAOIS, HERBERT Z.",rgaparañaque@gmail.com,rgaparañaque@gmail.com,4910600,23/12/2019,0,1,1,WITHOUT CONCERN,PASSED,Excellent,SDTLPT-21-0-,2166,E
14,13-0025-20-PIBS-R,NCR,R.G.O. LABORATORY & INDUSTRIAL DIAGNOSTIC CENTER INC.- BGC BRANCH,"UNIT 7A ICON PLAZA, 26TH STREET, FORT BGC, TAGUIG CITY ",TAGUIG CITY,0917-5491517/ 88387178,"MANAOIS, HERBERT Z.",rgobgc@gmail.com,rgobgc@gmail.com,4888558,12/23/19,3,0,3,WITHOUT CONCERN,PASSED,Highly Satisfactory,SDTLPT-21-0-,2167,HS
14,13-0458-19-PIBS-R,NCR,REAL CARE LABORATORY AND MEDICAL CLINIC- PASIG,"323 AMANG RODRIGUEZ AVE., MANGGAHAN, PASIG CITY",PASIG CITY,09338662320 / 7576014 ,"LLANERA, FREDERICK REYES",realcarepasig@gmail.com,realcarepasig@gmail.com,4869995,,0,2,2,WITHOUT CONCERN,PASSED,Excellent,SDTLPT-21-0-,2168,E
14,13-0150-20-PIBS-R,NCR,"RG MEDICAL CLINIC, INC.","1692 EVANGELISTA STREET, MAKATI CITY",MAKATI CITY ,09175432761/ 843-2645/ 09209128057,"DIMACALI,ANDREW D.",rglaboratory@gmail.com,rgmclaboratory@gmail.com,4947249,,0,4,4,WITHOUT CONCERN,PASSED,Highly Satisfactory,SDTLPT-21-0-,2169,HS
14,13-1283-20-GIBS-R,NCR,RIZAL MEDICAL CENTER,"PASIG BOULEVARD, BAGONG ILOG, PASIG CITY ",PASIG CITY,9277694323,HERBERT Z. MANAOIS,herbertmanaois@yahoo.com,marc_naig@yahoo.com,4918465,,1,4,5,WITHOUT CONCERN,PASSED,Highly Satisfactory,SDTLPT-21-0-,2170,HS
14,13-0063-18-PIBS-R,NCR,"RNL MEDICAL & DIAGNOSTIC CENTER, INC.","5TH FLOOR UNIT A WISMA CYBERHUB BLDG. #45 SEN. GIL PUYAT AVENUE, MAKATI CITY",MAKATI CITY ,09178399766 / 9091244 / 09178399766,"CABUDOY, RONALD DE CADIZ ",doccab2001@yahoo.com,rnl_medical2006@yahoo.com,4870614,11/21/19,1,0,1,WITHOUT CONCERN,PASSED,Excellent,SDTLPT-21-0-,2171,E
14,13-1043-21-PIBS-R,NCR,RSL DIAGNOSTIC LABORATORY,"120 K-6TH ST. KAMIAS QUEZON CITY, NCR",QUEZON CITY ,09177063885/ 618-5622,"CRUZ, GABRIAL J.",healthcare.program407@gmail.com,healthcare.program407@gmail.com,4951181,10/10/2019,1,4,5,WITHOUT CONCERN,PASSED,Highly Satisfactory,SDTLPT-21-0-,2172,HS
14,13-0064-18-PIBS-R,NCR,RSS CITI HEALTH SERVICES,"21 PASIG BLVD EXT., ROTONDA, CANIOGAN, PASIG CITY",PASIG CITY,6428669 / 6281311 ,"ALSOL, MENNEN A. ",rsscitihealth@yahoo.com,rsscitihealth@yahoo.com,4862439,,1,0,1,WITHOUT CONCERN,PASSED,Excellent,SDTLPT-21-0-,2173,E
14,13-0029-20-PIBS-R,NCR,"S.M. LAZO MEDICAL CLINIC, INC.","1755 TAFT AVENUE CORNER J. NAKPIL ST., MALATE, MANILA ",MANILA CITY,524-1891 to 97/ 450-1948,"ABELARDO, AGUSTINA DOMINGUEZ",smlazomedical@yahoo.com,smlazolaboratory@yahoo.com,4903315,10/15/19,0,0,0,WITHOUT CONCERN,PASSED,Excellent,SDTLPT-21-0-,2174,E
14,13-0405-20-PIBS-R,NCR,SACRED HEART DIAGNOSTIC MEDICAL CENTER INC.,"2ND FLOOR RIGHT WING MAGA CENTER BUILDING, PASEO DE MAGALLANES, MAKATI CITY ",MAKATI CITY ,9367076734,"FIBRA, AMLIA CO FPSP",missyfibra2017@gmail.com,clinic.sacredheart@gmail.com,4918615,,1,0,1,WITHOUT CONCERN,PASSED,Excellent,SDTLPT-21-0-,2175,E
14,13-0129-19-PIBS-R,NCR,SACRED HEART MULTISPECIALTY CLINIC AND DIAGNOSTIC CENTER,"G/F JOVAN CONDO., 600 SHAW BLVD.,COR. SAMAT ST. HIGHWAY HILLS, MANDALUYONG CITY",MANDALUYONG CITY ,9167455000 / 8-535-7620 / 09178344882,"BENITEZ, ROSALINDA COSMAS RAMOS ",rclramos@yahoo.com,sacredheartortiz@gmail.com,4851040,,1,0,1,WITHOUT CONCERN,PASSED,Excellent,SDTLPT-21-0-,2176,E
14,13-0130-19-PIBS-R,NCR,"SAFEWAY DIAGNOSTICS AND MEDICAL CLINIC, INC.","2ND FLOOR, 2972 RAMON MAGSAYSAY BLVD., STA. MESA, MANILA",MANILA CITY,09171450866 / 09065216726 / 713-5219 to 20 / 09194026602,"CUDAL III, MARIA ANTONIO VERGA ",maucudal@gmail.com,safewaydmc@yahoo.com / safewaylab@yahoo.com,4857492,,1,0,1,WITHOUT CONCERN,PASSED,Excellent,SDTLPT-21-0-,2177,E
14,13-0153-20-PIBS-R,NCR,SAGRADA CORAZON MEDICAL & ALLIED SERVICES CENTER INC.,"1057 MH DEL PILAR ST., ERMITA, MANILA",MANILA CITY,09560387664 / 85247128 / 8525264 ,"CABUDOY, RONALD DE CADIZ ",doccab2001@yahoo.com,laboratorysagrada@yahoo.com,4872697,,2,2,4,WITHOUT CONCERN,PASSED,Highly Satisfactory,SDTLPT-21-0-,2178,HS
14,13-0735-19-PIBS-R,NCR,"SAN JUAN DE DIOS EDUCATIONAL FOUNDATION, INC. DRUG TESTING LABORATORY","2772 ROXAS BLVD., BRGY. 076, PASAY CITY",PASAY CITY,09338128217 / 5512758 / 8319731 Loc. 1116 / 09178003911,"SOSITO, LIEZEL VILLANUEVA ",liezel39@yahoo.com,laboratory@sanjuandedios.org ,4835683,13/03/2020,1,3,4,WITHOUT CONCERN,PASSED,Highly Satisfactory,SDTLPT-21-0-,2179,HS
14,13-0407-20-PIBS-R,NCR,SANDA DIAGNOSTIC CENTER,"2ND FLR. SANDA BLDG. A. LACSON COR. LAONG-LAAN, SAMPALOC , MANILA ",MANILA CITY,09491371787/ 742-4080,"CASTRO, BU CUBE",sandadxcenter1994@yahoo.com,sandadxcenter1994@yahoo.com,4912178,,2,2,4,WITHOUT CONCERN,PASSED,Highly Satisfactory,SDTLPT-21-0-,2180,HS
14,13-1563-20-PIBS-R,NCR,"SEAMED MEDICAL CLINIC, INC.",2/F 867 G. TOLENTINO ST. SAMPALOC MANILA,SAMPALOC / MANILA,09156049247/ 8935-7696,"AQUILIZAN,ALMA N.",aaquilizanmd@yahoo.com,"seamed_medical@yahoo.com.ph
morena_veluz@yahoo.com",4946861,27/02/2020,3,0,3,WITHOUT CONCERN,PASSED,Highly Satisfactory,SDTLPT-21-0-,2181,HS
14,13-0154-20-PIBS-R,NCR,SEAMEN'S HOSPITAL,"3F CABILDO AND SAN JOSE ST., INTRAMUROS, MANILA ",INTRAMUROS MANILA,09172475248/ 09178399766/ 5278116,"CABUDOY, RONALD DE CADIZ",,,4912162,,3,1,4,WITHOUT CONCERN,PASSED,Highly Satisfactory,SDTLPT-21-0-,2182,HS
14,13-1253-18-PIBS-R,NCR,SILONGA MEDICAL LABORATORY,"PHASE 1 A BLK. 26 LOT 1 CORNER APAHAP STREET, DAGAT-DAGATAN, NAVOTAS",NAVOTAS CITY ,3511686 / 09178149117 ,"SILONGA, SONIA PAGSUYOIN ",hjsgmcc@gmail.com,hjsgmcc@gmail.com,4878665,,1,1,2,WITHOUT CONCERN,PASSED,Excellent,SDTLPT-21-0-,2183,E
14,13-0028-20-PIBS-R,NCR,SINGAPORE MEDICAL LABORATORIES INC.,"4F STERLING CENTRE, 131 DELA ROSA COR. ORMAZA ST., LEGASPI VILLAGE, MAKATI CITY",MAKATI CITY ,9178239715,"MENDOZA, PAULO GIOVANNI LIWANAG",bluzil.goles@singaporediagnostics.com,bluzil.goles@singaporediagnostics.com,4884773,1/24/20,0,1,1,WITHOUT CONCERN,PASSED,Excellent,SDTLPT-21-0-,2184,E
14,13-0347-19-PFSS-R,NCR,"SKY-MED HEALTH & LABORATORY CENTER, INC.","68 G/F SKY I TOWER DASMARIÑAS ST., BINONDO, MANILA ",MANILA CITY,09178555428/ 8242-9387/ 8242-4330,"MONTENEGRO, MONINA CACAWA",ningmontenegro@yahoo.com,raffyyu88@yahoo.com,4891506,43837,1,1,2,WITHOUT CONCERN,PASSED,Excellent,SDTLPT-21-0-,2185,E
14,13-0481-20-PIBS-R,NCR,SONIC MEDICAL CLINIC & LABORATORY,"3/F SUITE 301 FMSG BLDG., 1823 E. RODRIGUEZ SR. AVENUE, CORNER NEW YORK AVENUE, QUEZON CITY ",QUEZON CITY,NO CONTACT NO.,"MORIA, FRANCIS GARABILES",sonicmedicalclinic@gmail.com,,4913496,,1,1,2,WITHOUT CONCERN,PASSED,Excellent,SDTLPT-21-0-,2186,E
14,13-0150-17-PIBS-R,NCR,SOUTH JLA DIAGNOSTICS INC.,"4/F SKK BLDG. 63-65 SEN GIL PUYAT, PASAY CITY ",PASAY CITY,9178992081,"PAGDUNZULAN, FRANK GERALD C.",sjladi.adm@gmail.com,,4919134,,1,0,1,WITHOUT CONCERN,PASSED,Excellent,SDTLPT-21-0-,2187,E
14,13-1198-19-PIBS-R,NCR,SOUTH SUPERHIGHWAY MEDICAL CENTER,"KM 17 WEST SERVICE ROAD, BRGY. MARCELO GREEN, PARAÑAQUE CITY",PARAÑAQUE CITY,09165709638 / 8235250 Loc. 805,"HARON, IFTIZAR NAKAN ",ssmc.lab@yahoo.com,ssmc.lab@yahoo.com,4855809,27/08/2021,3,0,3,WITHOUT CONCERN,PASSED,Highly Satisfactory,SDTLPT-21-0-,2188,HS
14,13-0134-19-PIBS-R,NCR,"SSMC HEALTH, INC.","3/F SYCAMORE CENTRE, ALABANG ZAPOTE ROAD, BUENCAMINO STREET, ALABANG, MUNTINLUPA CITY",MUNTINLUPA CITY ,09474464642 / 8875437 / 09178860063,"HARON, IFTIZAR NAKAN ",iftizar@yahoo.com.ph ,ericjohn_pco.emb@yahoo.com,4859099,,1,2,3,WITHOUT CONCERN,PASSED,Highly Satisfactory,SDTLPT-21-0-,2189,HS
14,13-XXXX-19-PIBS-R,NCR,"SSMC HEALTH, INC.","G/F CROSSWIND OCEAN HOTEL, 3993 AIRPORT ROAD, BACLARAN, PARAÑAQUE CITY",PARAÑAQUE CITY,09167041039 / 8-8160205 ,"ONTOG, MARLENE SIPLON ",bro_kalbs@yahoo.com,au_ssmcbac@yahoo.com,4843220,12/11/2019,0,0,0,WITHOUT CONCERN,PASSED,Excellent,SDTLPT-21-0-,2190,E
14,13-0712-18-PIBS-R,NCR,ST. ANDREW DRUG SCREENING & NEURO PSYCHO TESTING CENTER,"2B 1ST AVENUE, BAGONG LIPUNAN NG CRAME, QUEZON CITY",QUEZON CITY ,09338198060 / 87229954 / 09209201087,"ABELEDA, LESTER DEAÑO ",docles2002@gmail.com,st_andrew_dsl@yahoo.com,4839368,27/02/2020,3,2,5,WITHOUT CONCERN,PASSED,Highly Satisfactory,SDTLPT-21-0-,2191,HS
14,13-0763-19-PIBS-R,NCR,ST. CAMILLUS MEDICAL CENTER,"116 E. AMANG RODRIGUEZ AVE., SANTOLAN, PASIG CITY",PASIG CITY,0998-5504986 / 08-86453742 / 09985504986 ,"NAVARRO, ROZANI ODOÑO ",scmclab@gmail.com,scmclab@gmail.com,4863921,30/07/2020,1,4,5,WITHOUT CONCERN,PASSED,Highly Satisfactory,SDTLPT-21-0-,2192,HS
14,13-1329-19-PIBS-R,NCR,ST. CECILIA POLYCLINIC,"3/F METROBANK BLDG., 1149 A. MABINI ST., ERMITA, MANILA ",MANILA CITY,9064750238,BUHAT EMMANUEL DAGLE,st.ceciliapolyclinic@yahoo.com.ph,st.ceciliapolyclinic@yahoo.com.ph,4918647,25/11/2019,1,1,2,WITHOUT CONCERN,PASSED,Excellent,SDTLPT-21-0-,2193,E
14,13-0126-18-PFSS-R,NCR,ST. GEORGE CLINICAL LABORATORY SERVICES- CALOOCAN BRANCH,"#704 2F PUREGOLD CALOOCAN BLDG., RIZAL AVENUE EXT. GRACEPARK, CALOOCAN CITY ",CALOOCAN CITY ,9778171973/ 367-30-83,"ABARRO, GEORGE CALA III",sgcls@yahoo.com.ph,sgcls@yahoo.com.ph,4888590,,1,0,1,WITHOUT CONCERN,PASSED,Excellent,SDTLPT-21-0-,2194,E
14,13-1335-18-PFSS-R,NCR,ST. GEORGE CLINICAL LABORATORY SERVICES- KALAYAAN BRANCH,"132 KALAYAAN AVENUE, BRGY. CENTRAL, DILIMAN, QUEZON CITY ",QUEZON CITY,09560256127/ (02) 8426-3490,"ABARRO, GEORGE CALA III",stgeorgeqclinic@yahoo.com,stgeorgeqclinic@yahoo.com,4888591,23/12/2019,2,4,6,WITHOUT CONCERN,PASSED,Acceptable,SDTLPT-21-0-,2195,A
14,13-1079-18-PIBS-R,NCR,ST. IGNATIUS DE LOYOLA HEALTH CARE SERVICES,253 SHOE AVENUE STO. NIÑO MARIKINA CITY,MARIKINA CITY ,,,,,4830173,22/01/2021,0,3,3,WITHOUT CONCERN,PASSED,Highly Satisfactory,SDTLPT-21-0-,2196,HS
14,13-0137-19-PIBS-R,NCR,ST. ISABEL POLYCLINIC AND LABORATORY,"417 J.P. RIZAL STREET, BARANGAY STO. NIÑO, MARIKINA CITY",MARIKINA CITY ,09171388105 / 86814701 / 09175612488 ,"GARRIDO, TITO GATA",st.isabel_lab@yahoo.com,st.isabel_lab@yahoo.com,4858120,,1,1,2,WITHOUT CONCERN,PASSED,Excellent,SDTLPT-21-0-,2197,E
14,13-0159-20-PIBS-R,NCR,ST. JUDE MEDICAL CLINIC AND DIAGNOSTIC CENTER,"RLN BLDG., 153 GOV. PASCUAL AVE., COR. MH DEL PILAR, TINAJEROS, MALABON CITY",MALABON CITY ,09338267433 / 089372471 / 034462998 ,"BENITEZ, ROSALINDA COSMAS RAMOS ",rclramos@yahoo.com,stjudemedcen@gmail.com,4881409,,1,2,3,WITHOUT CONCERN,PASSED,Highly Satisfactory,SDTLPT-21-0-,2198,HS
14,13-0160-20-PIBS-R,NCR,ST. JUDE MEDICAL CLINIC AND DIAGNOSTIC CENTER (CALOOCAN BRANCH),"BLK.51 LOT 3 PH3, F2, DAGAT- DAGATAN, CALOOCAN CITY",CALOOCAN CITY ,09985772916 / 9219118/09178344982 ,"BENITEZ, ROSALINDA COSMAS RAMOS ",rclramos@yahoo.com,stcaloocan_gmail.com,4881408,,0,3,3,WITHOUT CONCERN,PASSED,Highly Satisfactory,SDTLPT-21-0-,2199,HS
14,13-0067-18-PIBS-R,NCR,ST. LUKE'S MEDICAL CENTER,"279 E. RODRIQUEZ SR. AVE., QUEZON CITY ",QUEZON CITY ,9228378395 / 7230101 Loc. 4137 ,"LIM, MARIA CECILIA FERNANDEZ ",bcgguirindola@stluke.com.ph / bessmae@yahoo.com,bcguirindola@stluke.com.ph ,4836358,,2,2,4,WITHOUT CONCERN,PASSED,Highly Satisfactory,SDTLPT-21-0-,2200,HS
14,13-0235-18-PIBS-R,NCR,ST. LUKE'S MEDICAL CENTER - GLOBAL CITY,"32ND ST. CORNER RIZAL DRIVE, BONIFACIO GLOBAL CITY, TAGUIG",TAGUIG CITY,09230820797 / 7897700 Loc. 2074 / 09209024357 ,"LIM, MARIA CECILIA FERNANDEZ ",ceslim@yahoo.com,chemistryslmcgc@gmail.com,4845416,,1,0,1,WITHOUT CONCERN,PASSED,Excellent,SDTLPT-21-0-,2201,E
14,13-0480-20-PIBS-R,NCR,"ST. MARTIN POLYCLINIC, INC.","1455 LEON GUINTO ST., MALATE MANILA ",MANILA CITY,9184303711,ERISTOTEL GREGORIO M. PAULINO,josephbona53@yahoo.com,josephbona53@yahoo.com,4914740,,1,1,2,WITHOUT CONCERN,PASSED,Excellent,SDTLPT-21-0-,2202,E
14,13-0482-20-PFSS-R,NCR,ST. MICHAEL'S MEDICAL CLINIC AND DIAGNOSTIC CENTER,"2ND FLOOR TRINISIA CENTER, EDSA ARAYAT, PINATUBO ST., SAN MARTIN DE PORRES, QUEZON CITY ",QUEZON CITY,9653990953,"CASTRO, BU CUBE",smmc_cubao@yahoo.com,smmc_cubao@yahoo.com,4918122,,2,0,2,WITHOUT CONCERN,PASSED,Excellent,SDTLPT-21-0-,2203,E
14,13-0157-20-PFSS-R,NCR,ST. MICHAEL'S MEDICAL CLINIC AND DIAGNOSTIC CENTER,"2ND FLR. EDSA CORNER SHAW BOULEVARD, STARMALL, MANDALUYONG CITY ",MANDALUYONG CITY ,4778937,"CASTRO, BU CUBE",smmc_starmallbranch@yahoo.com,smmc_starmallbranch@yahoo.com,4918795,,1,0,1,WITHOUT CONCERN,PASSED,Excellent,SDTLPT-21-0-,2204,E
14,13-1601-20-PIBS-R,NCR,ST. MICHAEL'S MEDICAL CLINIC AND DIAGNOSTIC CENTER,"UNIT 0103-104 STARMALL ALABANG, MUNTINLUPA CITY ",MUNTINLUPA CITY,9394350439,"CASTRO, BU CUBE",smmc_alabang@yahoo.com.ph,smmc_alabang@yahoo.com.ph,4918796,12/03/2020,3,2,5,WITHOUT CONCERN,PASSED,Highly Satisfactory,SDTLPT-21-0-,2205,HS
14,13-0344-19-PFSS-R,NCR,"ST. MICHAEL'S MEDICAL CLINIC AND DIAGNOSTIC CENTER, INC.","GRD. FLOOR NORTHWEST PLAZA MALL, 101 RIZAL AVE. EXT. MONUMENTO, CALOOCAN ",CALOOCAN CITY ,9273409447,BU CUBE CASTRO,smmc_monumento@yahoo.com,smmc_monumento@yahoo.com,4904633,,1,1,2,WITHOUT CONCERN,PASSED,Excellent,SDTLPT-21-0-,2206,E
14,13-0708-20-PIBS-R,NCR,ST. PATRICK'S HEALTH CARE SYSTEM INC.,"566 SHAW BOULEVARD, HIGHWAY HILLS, MANDALUYONG CITY ",MANDALUYONG CITY ,9171936468,"BELEN, PAULO ENRICO PAGDANGANAN",stpatlab001@gmail.com,stpatlab001@gmail.com,4919523,27/07/2020,1,0,1,WITHOUT CONCERN,PASSED,Excellent,SDTLPT-21-0-,2207,E
14,13-0158-20-PIBS-R,NCR,ST. PETER PAUL MEDICAL CLINIC INC.,"1182 GREY STREET, ERMITA, MANILA ",MANILA CITY,9186783454,"LAPUEBLA, MARIMIN ABAD",stpeterpaulmedicalclinic@yahoo.com,stpeterpaulmedicalclinic@yahoo.com,4918398,,0,4,4,WITHOUT CONCERN,PASSED,Highly Satisfactory,SDTLPT-21-0-,2208,HS
14,13-1023-19-PFSS-R,NCR,ST. RITA MEDICAL AND DIAGNOSTIC CENTER,"1705-B DIAN COR. FINLANDIA STS., BRGY. SAN ISIDRO, MAKATI CITY",MAKATI CITY ,09179177348 / 8451481 / 09178852062 ,"QUIAOIT, SUSANA PINILI ",jerzymarion@yahoo.com.ph,srmdccebu13@yahoo.com,4870498,23/07/2020,2,0,2,WITHOUT CONCERN,PASSED,Excellent,SDTLPT-21-0-,2209,E
14,13-0345-19-PIBS-R,NCR,ST. THOMAS DIAGNOSTIC MEDICAL DENTAL CLINIC INC. ,"2ND FLR. PWU INTL HOUSE BLDG., 1724 LEON GUINTO ST., COR. MALVAR ST., MANILA ",MANILA CITY,9274052512,"TOLENTINO, JANETTE S,",info@stdmdc.net,info@stdmdc.net,4919035,,3,2,5,WITHOUT CONCERN,PASSED,Highly Satisfactory,SDTLPT-21-0-,2210,HS
14,13-1284-20-PFSS-R,NCR,STAR ALLIANCE DIAGNOSTICS & MARKETING SERVICES,"RM. 401 DAVID BLDG., 561-567 SHAW BLVD., MANDALUYONG CITY",MANDALUYONG CITY ,09262425304/09427441485,"SOLIS, FLORECITA LUDIVINA T",vittstar@yahoo.com,vittstar@yahoo.com,4918500,,0,5,5,WITHOUT CONCERN,PASSED,Highly Satisfactory,SDTLPT-21-0-,2211,HS
14,13-0156-20-PFSS-R,NCR,"STATELAB CLINICS & DIAGNOSTIC CENTER, INC.","891 UNIT 220 2ND/F SAINT ANTHONY BLDG. AURORA BLVD CUBAO, QUEZON CITY ",QUEZON CITY,9478894800,OLGA BAUSA,bausadan@yahoo.com,statelab_2009@yahoo.com,4892989,,3,2,5,WITHOUT CONCERN,PASSED,Highly Satisfactory,SDTLPT-21-0-,2212,HS
14,13-0141-19-PIBS-R,NCR,STO. DOMINGO DIAGNOSTIC AND MEDICAL CENTER CORP.,"LGF STARMALL, BRGY WACKWACK GREENHILLS EAST EDSA COR. SHAW BLVD., MANDALUYONG CITY",MANDALUYONG CITY ,86544651 / 86533743 ,"SIONZON, MELANI HERNANDEZ ",sto.domingodiagnostic2@gmail.com,sto.domingodiagnostic2@gmail.com,4876346,,3,0,3,WITHOUT CONCERN,PASSED,Highly Satisfactory,SDTLPT-21-0-,2213,HS
14,13-0162-20-PIBS-R,NCR,STO. DOMINGO DIAGNOSTIC AND MEDICAL CENTER CORP.,"RMS 303-304 LUZ BLDG., 111 QUEZON AVENUE, QUEZON CITY ",QUEZON CITY ,09298918649 / 87321412 / 09178239562 ,"SIONZON, MELANI HERNANDEZ ",sddmcc.drugtest@gmail.com,sddmcc.drugtest@gmail.com,4870412,,1,1,2,WITHOUT CONCERN,PASSED,Excellent,SDTLPT-21-0-,2214,E
14,13-0668-20-PIBS-R,NCR,STO. DOMINGO DIAGNOSTIC AND MEDICAL CENTER CORP.- BACLARAN,"UNIT A WILMART BLDG., 3104 REDEMPTIONIST RD., BACLARAN, PARAÑAQUE CITY ",PARAÑAQUE CITY,851-1992,"SIOZON, MELANI HERNANDEZ",sto.domingo.baclaran@gmail.com,sto.domingo.baclaran@gmail.com,4928816,,0,0,0,WITHOUT CONCERN,PASSED,Excellent,SDTLPT-21-0-,2215,E
14,13-1150-20-PIBS-R,NCR,SULIT MEDLAB CLINIC,"#7 F. SEVILLA BLVD., TAÑONG, MALABON CITY",MALABON CITY,09328788256/ 09430935034/ 8351-8505,"TEJADA, KETHLY A.",kethlytejada@gmail.com,sulitmedlabbranch2@gmail.com,4916539,13/02/2020,3,4,7,WITHOUT CONCERN,PASSED,Acceptable,SDTLPT-21-0-,2216,A
14,13-1494-19-PIBS-I,NCR,SUNRISE HEALTH CHECK DIAGNOSTIC CENTER CORP.,"JLB BLDG., KM 12 MC ARTHUR HIGHWAY, MARULAS, VALENZUELA CITY",VALENZUELA CITY ,09778172538/ 8332-7040/ 09178344982,"BENITEZ,ROSALINDA,C.",rclramos@yahoo.com,sunrisehealthcheck@yahoo.com,4878635,28/02/2020,3,4,7,WITHOUT CONCERN,PASSED,Acceptable,SDTLPT-21-0-,2217,A
14,13-0142-19-PIBS-R,NCR,SUPERCARE MEDICAL SERVICES INC. - MAKATI,"2F DON CHUA LAMKO BLDG, H.V. DELA COSTA ST. CORNER L.P. LEVISTE ST, SALCEDO VILLAGE, MAKATI CITY ",MAKATI CITY ,09055156224/09166275921,MONALYN MARABI,lab.makati@supercare.com.ph,lab.makati@supercare.com.ph,4901556,,3,4,7,WITHOUT CONCERN,PASSED,Acceptable,SDTLPT-21-0-,2218,A
14,13-0143-19-PIBS-R,NCR,"SUPERCARE MEDICAL SERVICES, INC.","4TH FLOOR PATRIA BLDG., 573 MARIA OROSA ST. COR ARKANSAS ST, BRGY. 670, ERMITA, MANILA ",MANILA CITY,9239285558,ROLAN R. DE LA ROSA,idtomis.supercare@gmail.com,idtomis.supercare@gmail.com,4901554,,3,4,7,WITHOUT CONCERN,PASSED,Acceptable,SDTLPT-21-0-,2219,A
14,13-0670-20-PFSS-R,NCR,SUPERSCAN DRUG TESTING LABORATORY,"1918 IPIL STREET COR. TAYUMAN STREET, STA. CRUZ, MANILA ",MANILA CITY,9336373377,ALVIN D. ARQUILLANO,jonathanco95@gmail.com,jonathanco95@gmail.com,4897667,11/10/2019,3,1,4,WITHOUT CONCERN,PASSED,Highly Satisfactory,SDTLPT-21-0-,2220,HS
14,13-1152-20-GIBS-R,NCR,TAGUIG-PATEROS DISTRICT HOSPITAL,"34 EAST SERVICE ROAD, WESTERN BICUTAN, TAGUIG CITY ",TAGUIG CITY,9999985730,NEIL G. NOVEROS,tpdhlabdepartment@yahoo.com,tpdhlabdepartment@yahoo.com,4914269,23/07/2020,1,1,2,WITHOUT CONCERN,PASSED,Excellent,SDTLPT-21-0-,2221,E
14,13-1347-19-PIBS-R,NCR,THE MEDICAL CITY,"LOWER GROUND, CLINICAL PATHOLOGY DEPARTMENT, ORTIGAS AVE., PASIG CITY ",PASIG CITY,9171453925,"CORTEZ, GREGORIO III BATAE",jbmatibag@themedicalcity.com,jbmatibag@themedicalcity.com,4918056,17/01/2020,0,4,4,WITHOUT CONCERN,PASSED,Highly Satisfactory,SDTLPT-21-0-,2222,HS
14,13-1153-20-PIBS-R,NCR,THE MEDICAL CITY CLINIC @ REGIS CENTER KATIPUNAN,"7TH FLOOR REGIS CENTER, KATIPUNAN, BARANGAY LOYOLA HEIGHTS, QUEZON CITY",QUEZON CITY,09177552561/ 9619316,"CORTEZ III,GREGORIO B.",tmcregis@themedicalcity.com,tmcregis@themedicalcity.com,4883002,,2,4,6,WITHOUT CONCERN,PASSED,Acceptable,SDTLPT-21-0-,2223,A
14,13-0412-18-PIBS-R,NCR,THE MEDICAL CITY CLINIC @ SM FAIRVIEW,"106 LGF SM CITY FAIRVIEW QUIRINO HI-WAY COR. REGALADO AVE., QUEZON CITY",QUEZON CITY,09239357895/9384667/9304822,"SANTIAGO,FARRAH KRISTINE ",farrahkristinefontilla@gmail.com,tmcsmfairview@themedicalcity.com,4874243,05/11/2019,3,1,4,WITHOUT CONCERN,PASSED,Highly Satisfactory,SDTLPT-21-0-,2224,HS
14,13-1623-18-PIBS-I,NCR,THE MEDICAL CITY CLINIC @ SM MALL OF ASIA,"WZ 201-202 SM MALL OF ASIA 2ND FLOOR WELLNESS AREA, J.W. DIOKNO BLVD., MOA COMPLEX, PASAY CITY",PASAY CITY,9153766093,"CORTEZ III,GREGORIO B.",gbcortez@themedicalcity.com,,4873690,29/07/2020,0,3,3,WITHOUT CONCERN,PASSED,Highly Satisfactory,SDTLPT-21-0-,2225,HS
14,13-1309-19-PIBS-R,NCR,THE MEDICAL CITY CLINIC @ TIMOG,"56 BRGY. LAGING HANDA, TIMOG AVENUE, QUEZON CITY",QUEZON CITY,09258017780/9212524/7095556,"SAURA-SANCHEZ,FRANCES",francesaura@gmail.com,tmctimog@themedicalcity.com,4873689,08/11/2019,2,0,2,WITHOUT CONCERN,PASSED,Excellent,SDTLPT-21-0-,2226,E
14,13-XXXX-20-PIBS-R,NCR,THE MEDICAL CITY CLINIC @ TRINOMA,"G003 TRINOMA MALL, EDSA COR. NORTH AVENUE, BRGY. BAGONG PAG-ASA, QUEZON CITY",QUEZON CITY,9328537616,ALEXANDER GO,farrahkristinefontanilla@gmail.com,tmctrinoma@themedicalcity.com,4915086,27/12/2019,0,4,4,WITHOUT CONCERN,PASSED,Highly Satisfactory,SDTLPT-21-0-,2227,HS
14,13-1590-18-PIBS-I,NCR,THE MEDICAL CITY CLINIC @ WALTERMART BICUTAN,"G/F WALTERMART BICUTAN, KM. 16, MAÑALAC AVE. COR. EAST SERVICE ROAD, SAN MARTIN DE PORRES, PARAÑAQUE CITY",PARAÑAQUE CITY,09229652950/09209482425/8887-5600/8893-2027,"GALVAN,GIL BRYAN B.",gilbryan_484@yahoo.com,tmcwaltermartbicutan@themedicalcity.com,4880672,18/06/2020,1,2,3,WITHOUT CONCERN,PASSED,Highly Satisfactory,SDTLPT-21-0-,2228,HS
14,13-0167-20-PIBS-R,NCR,"THE MEGACLINIC, INC.","UNIT 552, SM MEGAMALL BLDG. A, DOÑA JULIA VARGAS AVE., COR. EDSA, MANDALUYONG CITY",MANDALUYONG CITY ,09992286638/09209222722/8637-9661 to 68 (LOC 112),"HERNANDEZ,SIERRA ROMA S.",srshernandezmd@yahoo.com,megaclinic.dt@gmail.com,4873536,,3,5,8,WITHOUT CONCERN,PASSED,Acceptable,SDTLPT-21-0-,2229,A
14,13-0965-19-PIBS-R,NCR,THE PERLAS POLYCLINIC DTC,"171 F. ROXAS ST., 4TH AVENUE, GRACE PARK CALOOCAN CITY ",CALOOCAN CITY ,9336194457,MA. LOURDES P. SANTOS,mellendrezm@yahoo.com,mellendrezm@yahoo.com,4914480,,1,0,1,WITHOUT CONCERN,PASSED,Excellent,SDTLPT-21-0-,2230,E
14,13-1757-20-PIBS-I,NCR,THERESE OF LISIEUX DIAGNOSTIC AND RESEARCH CENTER,"G/F 5G TIMES AVENUE, MANILA TIMES VILLAGE, BRGY. PAMPLONA 3, LAS PIÑAS CITY, METRO MANILA ",LAS PIÑAS CITY,9614129225,"CABUDOY, RONALD DE CADIZ",therese.lisieuxlab@gmail.com,therese.lisieux.lab@gmail.com,4973531,17/05/2021,4,4,8,WITHOUT CONCERN,PASSED,Acceptable,SDTLPT-21-0-,2231,A
14,13-1471-20-PIBS-R,NCR,TLCC MEDICAL SERVICES,"#478 UNIT 201 CLM BLDG., DR. SIXTO ANTONIO AVENUE, MAYBUNGA, PASIG CITY",PASIG CITY,9772882108,ROCYLENE C. ROQUE,tlccmedserv@gmail.com,tlccmedserv@gmail.com,4913339,12/03/2020,1,0,1,WITHOUT CONCERN,PASSED,Excellent,SDTLPT-21-0-,2232,E
14,13-0079-18-PFSS-R,NCR,TOKYO HEALTHLINK - ALABANG,"UNIT 22 EL MOLITO BLDG., MADRIGAL AVE., AYALA ALABANG, MUNTINLUPA CITY",MUNTINLUPA CITY ,09152141166/ 8772-2678 TO 79,"SILVA,AZEUS O.",lab.tokyo@yahoo.com,lab.tokyo@yahoo.com,4869698,11/26/19,1,0,1,WITHOUT CONCERN,PASSED,Excellent,SDTLPT-21-0-,2233,E
14,13-0409-20-GIBS-R,NCR,TONDO MEDICAL CENTER,"KALAKAL ST., BALUT, TONDO, MANILA",MANILA CITY,09228285150/ 8659058,"COLOMA, JOHN A.",,ayapanaaida@gmail.com,4857757,,0,1,1,WITHOUT CONCERN,PASSED,Excellent,SDTLPT-21-0-,2234,E
14,13-1025-19-PIBS-R,NCR,TRANSGLOBAL  HEALTH SYSTEM INC.,"8833 SAMPALOC ST. SAN ANTONIO  VILLAGE, MAKATI CITY ",MAKATI CITY ,9296775107,MAXIMO AXIBAL,sherillbaay@yahoo.com,sherillbaay@yahoo.com,4915087,19/06/2020,3,2,5,WITHOUT CONCERN,PASSED,Highly Satisfactory,SDTLPT-21-0-,2235,HS
14,13-0168-20-PIBS-R,NCR,"TRANSNATIONAL MEDICAL & DIAGNOSTIC CENTER, INC","3RD FLOOR CASA MARINERO BLDG II, 551 CABILDO ST., INTRAMUROS, MANILA",MANILA CITY,9189596113,ELIA PAULINO-CABRERA,marjohn.gerero@tmdc.ph,marjohn.gerero@tmdc.ph,4887057,,1,4,5,WITHOUT CONCERN,PASSED,Highly Satisfactory,SDTLPT-21-0-,2236,HS
14,13-1203-17-PIBS-I,NCR,TRICITY MEDICAL CENTER INC.,"269 C. RAYMUNDO AVE., BRGY. MAYBUNGA, PASIG CITY ",PASIG CITY,9231997791,"LOPEZ,ARTURO JR.C.",,tcmclab@gmail.com,4860875,,1,0,1,WITHOUT CONCERN,PASSED,Excellent,SDTLPT-21-0-,2237,E
14,13-0169-20-PIBS-R,NCR,TRUHEALTH DIAGNOSTICS CENTRE CORPORATION,"MINERVA BLDG. QUIRINO TAFT, MALATE MANILA",MANILA CITY,09173054983/09985449104/ 244-5484/244-5511,"PAGDUNZULAN, FRANK GERALD C.",bj_tsutsugamushi@yahoo.com,chiefmedtech@truhealthcorp.com,4946722,,1,1,2,WITHOUT CONCERN,PASSED,Excellent,SDTLPT-21-0-,2238,E
14,13-0671-20-PIBS-R,NCR,TULAY LINGAP NI PADRE PIO INC.,"11 ST. FRANCIST ST., ST. FRANCIS CHURCH, LOURDES SCHOOL, COR. SHAW BLVD., MANDALUYONG CITY ",MANDALUYONG CITY ,9234504908,"ROQUE, ROCYLENE CAMUNGOL",rocylene@yahoo.com,Hp_laboratory2k17@yahoo.com,4919163,20/01/2020,0,1,1,WITHOUT CONCERN,PASSED,Excellent,SDTLPT-21-0-,2239,E
14,13-1296-19-PIBS-R,NCR,UNIFIED HEALTH POLYCLINIC DIAGNOSTIC AND DRUG TESTING CORP.,"2154B NARRA ST., UNITED HILLS VILLAGE, SMDP, PARAÑAQUE CITY ",PARAÑAQUE CITY,09989835307/88241582,"MACAPAGAL,JOHN DENNIS G.",upolyclinic@yahoo.com,upolyclinic@yahoo.com,4836546,03/12/2019,3,0,3,WITHOUT CONCERN,PASSED,Highly Satisfactory,SDTLPT-21-0-,2240,HS
14,13-1538-19-PFSS-R,NCR,UNIFIED MEDICAL SERVICES INC.,"#103 SGT. J. CATOLOS ST., BRGY. IMMACULATE CONCEPCION, CUBAO, QUEZON CITY",QUEZON CITY,09175612488/ 9176266,"GARRIDO, TITO G.",,unimed2000@yahoo.com,4851150,,3,4,7,WITHOUT CONCERN,PASSED,Acceptable,SDTLPT-21-0-,2241,A
14,13-0170-20-PIBS-R,NCR,UNIMED DIAGNOSTIC CENTER CORP.,"2ND FLR. JLC BLDG., 8 NICANOR RAMIREZ ST., BRGY. DON MANUEL, QUEZON CITY ",QUEZON CITY,9297577556,"LIM JR, THOMAS JEFF CHENG",tjefflimmd@gmail.com,tjefflimmd@gmail.com,4919073,,1,1,2,WITHOUT CONCERN,PASSED,Excellent,SDTLPT-21-0-,2242,E
14,13-1115-20-GIBS-R,NCR,UNIVERSITY HEALTH SERVICE ,"J.P. LAUREL ST., UP CAMPUS, DILIMAN, QUEZON CITY",QUEZON CITY,9777001572,"ALVARADO, ANAROSE CARIAGA",,UPHS_LABORATORY@yahoo.com,4918595,24/01/2020,2,3,5,WITHOUT CONCERN,PASSED,Highly Satisfactory,SDTLPT-21-0-,2243,HS
14,13-0466-19-PIBS-R,NCR,UNLAB MEDICAL CLINIC CORP.,"876 G APACIBLE CORNER L. GUINTO ST., BRGY. 667, ERMITA, MANILA",MANILA CITY,4205129,"DOMALAON,ROMMEL P.",unlab1992@gmail.com,unlab1992@gmail.com,4855672,,1,3,4,WITHOUT CONCERN,PASSED,Highly Satisfactory,SDTLPT-21-0-,2244,HS
14,13-0171-20-PIBS-R,NCR,"URO INDUSTRIAL CLINIC, INC.","SOTTO YUVIENCO BLDG., 1174 GEN. LUNA ST., BARANGAY 674, PACO, MANILA",MANILA CITY,9988448835,ARTURO C. LOPEZ,artlopez297@yahoo.com,laboratory@uroic.com,4892969,,2,3,5,WITHOUT CONCERN,PASSED,Highly Satisfactory,SDTLPT-21-0-,2245,HS
14,13-0900-20-PIBS-R,NCR,UST HOSPITAL,"ESPAÑA BOULEVARD, MANILA ",MANILA CITY,9178068849,ROSELLA L. MONTANO,ustimp@yahoo.com,usth_99@yahoo.com,4916661,06/05/2021,1,3,4,WITHOUT CONCERN,PASSED,Highly Satisfactory,SDTLPT-21-0-,2246,HS
14,13-0672-20-GIBS-R,NCR,VALENZUELA MEDICAL CENTER,"PADRIGAL ST., KARUHATAN, VALENZUELA CITY",VALENZUELA CITY ,82946711 LOC 118,"CELESTINO, LUISITO DE JESUS",vmc_lab1@yahoo.com,vmc_lab1@yahoo.com,4918607,20/01/2020,1,1,2,WITHOUT CONCERN,PASSED,Excellent,SDTLPT-21-0-,2247,E
14,13-1287-20-PIBS-R,NCR,VALLEYMED DIAGNOSTIC AND AMBULATORY SURGICAL CENTER,"UNIT 2C CITICENTRE J.P. RIZAL COR. PUERTO RICO STREET, BRGY. NANGKA, MARIKINA CITY",MARIKINA CITY ,9190037918,CATHERINE KAORI D. CALINGO,valleymedmultispecialtyclinic@gmail.com,,4883485,,1,4,5,WITHOUT CONCERN,PASSED,Highly Satisfactory,SDTLPT-21-0-,2248,HS
14,13-0411-20-PFSS-R,NCR,VALULIFE MOBILE X-RAY AND LABORATORY SERVICES,"GROUND FLOOR, UNIT A6 & A8 AURORA BLDG., ALABANG- ZAPOTE ROAD, ALABANG, MUNTINLUPA CITY ",MUNTINLUPA CITY ,09063182120/8772-5131,"CAJA,JOCELYN MYRA R.",valulifelab@yahoo.com,valulifelab@yahoo.com,4880766,,1,4,5,WITHOUT CONCERN,PASSED,Highly Satisfactory,SDTLPT-21-0-,2249,HS
14,13-1449-20-PIBS-R,NCR,VICTOR R. POTENCIANO MEDICAL CENTER,"163 EDSA, MANDALUYONG CITY ",MANDALUYONG CITY ,09178250755/ 464-9999 loc 314,"TUNGOL, ROSANNA SANTOS",laboratory@vrp.com.ph,,4900919,17/03/2020,0,1,1,WITHOUT CONCERN,PASSED,Excellent,SDTLPT-21-0-,2250,E
14,13-1265-20-PFSS-R,NCR,VIRGIL NITZ & BABY MEDICAL SERVICES INC. (VNB) & DTL,"UNIT 6E-1 8101 PEARL PLAZA, PEARL DRIVE, ORTIGAS CENTER, PASIG CITY",PASIG CITY,9175281755,"ORTEGA, MICHAEL M",drmikeortega2004@yahoo.com,vnbdtc@gmail.com,4920174,,0,2,2,WITHOUT CONCERN,PASSED,Excellent,SDTLPT-21-0-,2251,E
14,13-0837-20-PIBS-R,NCR,VITACARE MEDICAL CLINIC TAGUIG CITY,"2F PHASE 2 VISTA MALL TAGUIG, CAMELLA RD., BRGY. TUKTUKAN, TAGUIG CITY",TAGUIG CITY,09458823775/ 9660331 ,"BAUSA, OLGA MUNAR",vitacarelaboratory@gmail.com,vitacarelaboratory@gmail.com,4888489,13/02/2020,2,3,5,WITHOUT CONCERN,PASSED,Highly Satisfactory,SDTLPT-21-0-,2252,HS
14,13-XXXX-19-PIBS-R,NCR,"VITALCHECK DIAGNOSTIC, INC.","1420 G. MASANGKAY ST., STA. CRUZ, MANILA",MANILA CITY,09055154296/83288825 (LOC 105),"ATIBAGOS, FLORIDO JR. A.",vitalchecklaboratory@gmail.com,vitalchecklaboratory@gmail.com,4878004,16/10/2019,0,2,2,WITHOUT CONCERN,PASSED,Excellent,SDTLPT-21-0-,2253,E
14,13-0348-19-PIBS-R,NCR,VIZCARRA DIAGNOSTIC CENTER,"SEGUNDINA BLDG., 464 UNITED NATIONS AVENUE, BRGY. 667, ERMITA, MANILA",MANILA CITY,9988440358/8524-5641 (LOC 220),"LIM,FREDERICK G.",limfrederickg@gmail.com,vdclaboratory@vizcarrapharma.com,4869851,,3,3,6,WITHOUT CONCERN,PASSED,Acceptable,SDTLPT-21-0-,2254,A
14,13-0150-19-PIBS-R,NCR,VLF MEDICAL CLINIC,"6-C MARCELO BLDG, CARUNCHO AVENUE, SAN NICOLAS, PASIG CITY ",PASIG CITY,09277060338/86346338,"AGUIRRE,ROMIL M.",,vlfmedicalclinic@gmail.com,4878198,,0,2,2,WITHOUT CONCERN,PASSED,Excellent,SDTLPT-21-0-,2255,E
14,13-XXXX-20-PIBS-R,NCR,W. RAMOS DIAGNOSTIC LABORATORY,"LOT 194 A. G. LAZARO ST., BRGY. DALANDANAN, VALENZUELA CITY",VALENZUELA CITY ,9175786270,"TORRES, REYNALDO GARCIA",reygtorres1956@yahoo.com,wramosdiagnosticlaboratory@gmail.com,4917923,21/11/2019,1,1,2,WITHOUT CONCERN,PASSED,Excellent,SDTLPT-21-0-,2256,E
14,13-0823-19-PIBS-R,NCR,WILMAR DIAGNOSTIC AND MEDICAL CLINIC,"UNIT 302 AMV BLDG., 1748 EVANGELISTA ST., BANGKAL, MAKATI CITY ",MAKATI CITY ,9276765497,"ANDRADE, JEANNIE ILETO",jeanileto@gmail.com,wilmar.lab@yahoo.com,4919516,11/08/2020,1,0,1,WITHOUT CONCERN,PASSED,Excellent,SDTLPT-21-0-,2257,E
14,13-1279-19-PIBS-R,NCR,WINDSOR INTERNATIONAL MARITIME INC.,"2/F PALACIO GRANDE BLDG., GEN. LUNA ST. COR. ANDA ST., INTRAMUROS, MANILA",MANILA CITY,09656530073/8521-9543,"LENON,MARIA SARAH",,windsor_medtech@yahoo.com,4858053,,0,5,5,WITHOUT CONCERN,PASSED,Highly Satisfactory,SDTLPT-21-0-,2258,HS
14,13-1554-20-PIBS-R,NCR,WORD OF HOPE GENERAL HOSPITAL FDN. INC.,"23 BUENAMAR ST., BUENAMAR SUBD., NOVA PROPER, NOVALICHES, QUEZON CITY ",QUEZON CITY,09555139673/ 09369953/ 9301622,"GARCIA, ELISEO A.",hopegenlab@yahoo.com,hopegenlab@yahoo.com,4887190,12/03/2020,0,5,5,WITHOUT CONCERN,PASSED,Highly Satisfactory,SDTLPT-21-0-,2259,HS
14,13-1338-18-PFSS-I,NCR,WORLD CITI MEDICAL CENTER (DRUG TESTING LAB),"960 AURORA RD., QUEZON CITY, MANILA ",QUEZON CITY,09993095780/ 89138380 loc 182/189,"CRUZ, ANTONIO MANALIGOD",amcruzmd@yahoo.com,wcmlaboratory@gmail.com,4916046,22/01/2020,3,1,4,WITHOUT CONCERN,PASSED,Highly Satisfactory,SDTLPT-21-0-,2260,HS
14,13-0349-19-PIBS-R,NCR,YGEIA MEDICAL CENTER INC.,"2081 PRESIDENT QUIRINO AVENUE, PANDACAN, MANILA",MANILA CITY,9989392532-562-7464,"JUAREZ,WALTER",,,4849525,43749,2,0,2,WITHOUT CONCERN,PASSED,Excellent,SDTLPT-21-0-,2261,E
