NUMBER,ACCREDITATION NUMBER,REGION,NAME OF FACILITY,ADDRESS (Street/Barangay),TOWN/CITY,CONTACT NO.,HOL NAME (Head Of Laboratory),EMAIL,LABORATORY EMAIL,O.R. Number,"INCORRECT
METH","INCORRECT
THC","INCORRECT 
TOTAL","RESULT: 
WITH OR WITHOUT CONCERN",RESULT: REMARKS,"REMARKS:
PASSED / FAILED",SCORE,CERTIFICATE NO. ,
17,13-0770-21-PIBS-R,13,A. ZARATE GENERAL HOSPITAL,"ATLAS COMPOUND NAGA ROAD PULANG LUPA 1, LAS PIÑAS CITY",LAS PINAS CITY,8 8746904,"ALBERT ZARATE, MD, RN",azarategeneralhospitallab@gmail.com,azarategeneralhospitallab@gmail.com,5003955,1,5,6,WITHOUT CONCERN,,PASSED,Acceptable,SDTL-PT-22-130001,A
17,13-0002-21-PIBS-R,13,ADVANCED LAB SOLUTIONS BY HI-PRECISION - CENTURIA,"9TH FLOOR, CENTURIA MEDICAL MAKATI BLDG., LOT 9 KALAYAAN AVE., COR. SALAMANCA ST. BRGY. POBLACION, MAKATI CITY",MAKATI CITY,09178621152/8-793-8623/09338182036,"MARIA LOURDES EVANGELISTA PINEDA-SANTOS, MD",hpcenturia.lab@hi-precision.com.ph,hpcenturia.lab@hi-precision.com.ph,5058443,0,5,5,WITHOUT CONCERN,,PASSED,Highly Satisfactory,SDTL-PT-22-130002,HS
17,13-0003-21-GIBS-R,13,AFP HEALTH SERVICE COMMAND,"V.LUNA HOSPITAL, QUEZON CITY",QUEZON CITY,+63 2 8246 2111,HERBERT GUILLERMO PASCUAL,laboratory.vlmc@gmail.com,laboratory.vlmc@gmail.com,5005306,1,3,4,WITHOUT CONCERN,,PASSED,Highly Satisfactory,SDTL-PT-22-130003,HS
17,13-1407-21-GIBS-R,13,AIR FORCE GENERAL HOSPITAL,"AIR FORCE GENERAL HOSPITAL, COLONEL JESUS VILLAMOR AIR BASE BRGY 183, PASAY CITY",PASAY,88546701 local 4632,WILFREDO F. SEVILLA,pafdtctfj@gmail.com,pafdtctfj@gmail.com,5003442,1,5,6,WITHOUT CONCERN,,PASSED,Acceptable,SDTL-PT-22-130004,A
17,13-1230-21-PFSS-R,13,AJV DRUG TESTING LABORATORY,"GROUND FLOOR CENTENO BLDG. C. SANTOA ST., MALINTA, VALENZUELA",VALENZUELA,09178300005; 09989563454,"AVELINO ALOMESEN, MD",ajvdrugtestlab@gmail.com,ajvdrugtestlab@gmail.com,50160623,1,5,6,WITHOUT CONCERN,,PASSED,Acceptable,SDTL-PT-22-130005,A
17,13-1352-19-PIBS-R,13,ALFONSO SPECIALIST HOSPITAL,"185 DR. SIXTO ANTONIO AVE., ROSARIO, PASIG CITY",Pasig,09151805303 / 85711285,"SUSANA PINILI-QUIAOIT, MD, FPSP",Alfonsolaboratoryresult2018@gmail.com,Alfonsolaboratoryresult2018@gmail.com,5033282,0,5,5,WITHOUT CONCERN,,PASSED,Highly Satisfactory,SDTL-PT-22-130006,HS
17,13-1227-21-PIBS-R,13,ALLIED CARE EXPERTS MEDICAL CENTER - VALENZUELA CITY,"#548 MC ARTHUR HIGHWAY, MALANDAY, VALENZUELA CITY",VALENZUELA CITY,366-0000 LOC. 108-110/09178442709,MINNIE JANE A. PINEDA,acemcvdlm2014@gmail.com,acemcvdlm2014@gmail.com,5002949,1,5,6,WITHOUT CONCERN,,PASSED,Acceptable,SDTL-PT-22-130007,A
17,13-0397-21-PFSS-R,13,ALLIED DRUG TESTING CENTER,"RM 310 PRINA BLDG EAST AVE. COR MAGALANG , QUEZON CITY",QUEZON CITY,79465881,JOHN V. LORIA,allieddrugtetsingcenter@yahoo.com,allieddrugtetsingcenter@yahoo.com,5003234,3,3,6,WITHOUT CONCERN,,PASSED,Acceptable,SDTL-PT-22-130008,A
17,13-XXXX-XX-XXXX-X,13,ALPHA-STAR LABORATORY DIAGNOSTIC & MULTI SPECIALTY CLINIC," C 128 ROMAROSA BLDG., LUZON AVE, QUEZON CITY",QUEZON CITY,9320966,"GABRIEL J. CRUZ, MD",alphastarlabclinic@gmail.m,alphastarlabclinic@gmail.m,5019468,0,5,5,WITHOUT CONCERN,,PASSED,Highly Satisfactory,SDTL-PT-22-130009,HS
17,13-0874-20-PIBS-R,13,AMBULATORY HEALTH CARE INSTITUTE INC.,"2ND FLOOR BLDG. A, SM MEGAMALL, DOÑA JULIA VARGAS AVE. ORTIGAS CENTER, BARANGAY WACK-WACK GREENHILLS, MANDALUYONG CITY",MANDALUYONG ,9088695310,RODOLFO E. JOSON M.D,laboratory0101@gmail.com,laboratory0101@gmail.com,5003278,0,1,1,WITHOUT CONCERN,,PASSED,Excellent,SDTL-PT-22-130010,E
17,13-0570-21-PFSS-R,13,AMERICAN BIO-CLINICAL LABORATORIES INTERNATIONAL,"LG 3-6 RICHVILLE CORPORATE TOWER MADRIGAL BUSINESS PARK, AYALA-ALABANG CITY",AYALA-ALABANG,09999376878; 0917841101; 8850-6288,"DIZON, FLORENCIO C, MD",qc_officer@abclab.com.ph,qc_officer@abclab.com.ph,5010309,0,5,5,WITHOUT CONCERN,,PASSED,Highly Satisfactory,SDTL-PT-22-130011,HS
17,13-0004-18-PIBS-R,13,AMERICAN OUT-PATIENT CLINIC,"2/F FEMII BLDG. A. SORIANO AVE. BRGY. , MANILA CITY",MANILA,085271611/09310905274,"BENADETTE R. ESPIRITU MD,FPSP,MMHOA",americanhospitalinc@gmail.com,americanhospitalinc@gmail.com,5005850,1,5,6,WITHOUT CONCERN,,PASSED,Acceptable,SDTL-PT-22-130012,A
17,13-1004-21-PIBS-R,13,ANGELINA APOSTOL PUNZALAN MEDICAL CLINIC,"3RD FLOOR NEW ATRIUM WING GUADALUPE COMMERCIAL COMPLEX, GUADALUPE NUEVO, MAKATI CITY",MAKATI,73734676 / 09088967158,"ANDREW D. DIMACALI, MD",followup.punzalan@gmail.com,followup.punzalan@gmail.com,4969987,0,5,5,WITHOUT CONCERN,,PASSED,Highly Satisfactory,SDTL-PT-22-130013,HS
17,13-0772-21-PFSS-R,13,ARHC DRUG TESTING CENTER,"RM. 204 JL BUILDING 109 A. MABINI ST. BRGY KAPASIGAN, PASIG CITY",PASIG CITY,8641-9308 / 0917-8239922,"FREDERICK R. LLANERA, MD",ghiepagkatotohan@yahoo.com,ghiepagkatotohan@yahoo.com,5004823,3,4,7,WITHOUT CONCERN,,PASSED,Acceptable,SDTL-PT-22-130014,A
17,13-0008-22-GIBS-R,13,ARMY GENERAL HOSPITAL,"M. CASTANEDA ST., FORT ANDRES BONIFACIO, TAGUIG CITY",TAGUIG CITY,09954182037/87082316/09209222722,SIERRA ROMA SALAZAR HERNANDEZ,agh.laboratory@yahoo.com,agh.laboratory@yahoo.com,5070294,1,5,6,WITHOUT CONCERN,,PASSED,Acceptable,SDTL-PT-22-130015,A
17,13-0697-22-PFSS-R,13,AS SCREEN DRUG TESTING CENTER,"#17 3RD AVENUE BAGONG LIPUNAN NG CRAME, QUEZON CITY",QUEZON CITY,09359349009/(02)70016975/09064062592,"FREDERICK SUBAAN LLANERA, MD",lesliejoycesantiago@gmail.com,lesliejoycesantiago@gmail.com,5071751,0,2,2,WITHOUT CONCERN,,PASSED,Excellent,SDTL-PT-22-130016,E
17,13-0010-22-PIBS-R,13,ASHREY INC.,"2/F THE ASSEMBLE GROUNDS MALL AT THE RISE MALUGAY STREET, MAKATI CITY",MAKATI CITY,09457867755/79437855/09178837269,FRANCIS G. MORIA,laboratory.ashrey@gmail.com,laboratory.ashrey@gmail.com,5068916,0,5,5,WITHOUT CONCERN,,PASSED,Highly Satisfactory,SDTL-PT-22-130017,HS
17,13-0005-21-PFSS-R,13,"ASIATIC MEDICAL LABORATORIES, INC.","ROOM 206 SE JO TONG BLDG. 808 ONGPIN STREET, STA. CRUZ, MANILA CITY",Manila,09178517152; 87333065; 87333060; 09175466009,"LAARNIE NUEVA CALE-SUBIA, MD",asiaticmed1970@gmail.com,asiaticmed1970@gmail.com,5017599,1,0,1,WITHOUT CONCERN,,PASSED,Excellent,SDTL-PT-22-130018,E
17,13-0017-19-PIBS-R,13,AVENTUS MEDICAL CARE INC-PASIG,"UNIT 16-20 G/F AIC GRANDE TOWER SAPPHIRE RD. ORTIGAS CENTER, PASIG CITY",Pasig City,9173098156,ARTURO LOPEZ JR MD. DPSP,laboratory.ortigas@aventusmedical.com.ph,laboratory.ortigas@aventusmedical.com.ph,5005328,0,3,3,WITHOUT CONCERN,,PASSED,Highly Satisfactory,SDTL-PT-22-130019,HS
17,13-1613-21 PFSS-1,13,AVENTUS MEDICAL CARE INC-PARANAQUE,"GROUND FL UNIT 9 ASEANA ONE BLDG, PARAÑAQUE CITY",Paranaque City,09272055331/8245-3603,OLGA M. BAUSA DPSP,laboratory.paranaque@aventusmedical.com.ph,laboratory.paranaque@aventusmedical.com.ph,5005320,2,5,7,WITHOUT CONCERN,,PASSED,Acceptable,SDTL-PT-22-130020,A
17,13-0434-21PFSS-R,13,AVENTUS MEDICAL CARE INC-AYALA NORTH EXCHANGE BRANCH,"UNIT 61 & 62 3RD FLOOR AYALA NORTH EXCHANGE, AYALA AVENUE. BRGY SAN LORENZO, 1ST DISTRICT, MAKATI CITY",Makati City,84251610,OLGA M. BAUSA,Laboratory.Ayala@aventusmedical.com.ph,Laboratory.Ayala@aventusmedical.com.ph,5005326,0,2,2,WITHOUT CONCERN,,PASSED,Excellent,SDTL-PT-22-130021,E
17,13-0436-21-PIBS-R,13,AVENTUS MEDICAL CARE INC-MANILA BRANCH,"5TH FLOOR TIMES PLAZA, UNITED NATION CORNER TAFT ERMITA, MANILA CITY",Manila,9061957322,"ARTURO C. LOPEZ, MD",Laboratory.Manila@aventusmedical.com.ph,Laboratory.Manila@aventusmedical.com.ph,5005324,1,5,6,WITHOUT CONCERN,,PASSED,Acceptable,SDTL-PT-22-130022,A
17,13-0441-21-PIBS-R,13,AVENTUS MEDICAL CARE INC. - BGC,GROUND FLOOR UNIT 1 AND BASEMENT UNIT 2 CITIBANK PLAZA 34TH ST. CORNER LANE D BGC TAGUIG CITY,TAGUIG,8-646-4147,OLGA M. BAUSA,Laboratory.BGC@aventusmedical.com.ph,Laboratory.BGC@aventusmedical.com.ph,5005319,1,5,6,WITHOUT CONCERN,,PASSED,Acceptable,SDTL-PT-22-130023,A
17,13-1572-21-PIBS-I,13,AVENTUS MEDICAL CARE INC. -MANDALUYONG,"LOWER 2ND FLOOR ALS-001, ST. FRANCIS SQUARE BLDG. DOÑA JULIA VARGAS, ORTIGAS CENTER, BRGY. WACK-WACK",Mandaluyong City,854-26578 / 09178318557,OLGA M. BAUSA DPSP,laboratory.mandaluyong@aventusmedical.com.ph,laboratory.mandaluyong@aventusmedical.com.ph,5005327,1,5,6,WITHOUT CONCERN,,PASSED,Acceptable,SDTL-PT-22-130024,A
17,13-1740-21-PIBS-R,13,AVENTUS MEDICAL CARE INC.- EAST WOOD,"6F 2A CYBERZONE BLDG. EASTWOOD CITY CYBERPARK BAGUMBAYAN E. RODRIGUEZ AVE., QUEZON CITY",QUEZON TY,09167771523; 8775-6132,ARTURO LOPEZ JR MD. DPSP,laboratory.eastwood@aventusmedical.com.ph,laboratory.eastwood@aventusmedical.com.ph,50020955,0,5,5,WITHOUT CONCERN,,PASSED,Highly Satisfactory,SDTL-PT-22-130025,HS
17,13-0437-21-PIBS-R,13,AVENTUS MEDICAL CARE INC.-ALABANG,"2/F SYCAMORE ARCS1, ALABANG-ZAPOTE RD, BUENCAMINO STREET, MUNTINLUPA CITY",MUNTINLUPA CITY,85563596/09339721244,ARTURO LOPEZ JR,laboratory.alabang@aventusmedical.com.ph,laboratory.alabang@aventusmedical.com.ph,500531,3,1,4,WITHOUT CONCERN,,PASSED,Highly Satisfactory,SDTL-PT-22-130026,HS
17,13-0438-21-PIBS-R,13,"AVENTUS MEDICAL CARE, INC.","SCAPE BLDG., MACAPAGAL AVE COR PEARL DRIVE, CENTRAL BUSINESS PARK 1, SAN RAFAEL, BRGY. 76, PASAY CITY",PASAY CITY,(02)8400588/09178180987,"OLGA M. BAUSA, DPSP",Laboratory.Pasay@aventusmedical.com.ph,Laboratory.Pasay@aventusmedical.com.ph,5005325,0,5,5,WITHOUT CONCERN,,PASSED,Highly Satisfactory,SDTL-PT-22-130027,HS
17,13-1595-21-PIBS-I,13,"AVENTUS MEDICAL CARE, INC. - CUBAO","G/F UNIT 17 AND 18 MANHATTAN PARKVIEW TOWER ONE, GEN. ROMULO AVE., ARANETA CITY CUBAO, BARANGAY SOCORRO, QUEZON CITY",QUEZON CITY,(+632)8-245-0976,OLGA M. BAUSA,Laboratory.Cubao@aventusmedical.com.ph,Laboratory.Cubao@aventusmedical.com.ph,5005322,2,5,7,WITHOUT CONCERN,,PASSED,Acceptable,SDTL-PT-22-130028,A
17,13-0435-21-PIBS-R,13,"AVENTUS MEDICAL CARE, INC.-MAKATI","6F FILOMENA BLDG. 104 AMORSOLO ST. LEGASPI VILLAGE, MAKATI CITY",CITY OF MAKATI,9672073066,ARTURO LOPEZ JR MD. DPSP,Laboratory.Makati@aventusmedical.com.ph,Laboratory.Makati@aventusmedical.com.ph,5005323,2,5,7,WITHOUT CONCERN,,PASSED,Acceptable,SDTL-PT-22-130029,A
17,13-027-21-PIBS-R,13,BAIRAN-TRAMMEL DIAGNOSTIC CENTER,552 UNITED NATIONS AVENUE ERMITA MANILA,MANILA,9197983/ 09286820082,JEANNIE ANDRADE,btdiagnostic@gmail.com,btdiagnostic@gmail.com,500403,2,5,7,WITHOUT CONCERN,,PASSED,Acceptable,SDTL-PT-22-130030,A
17,13-0006-21-PFSS-R,13,BCC DIAGNOSTIC & MEDICAL SERVICES CORPORATION,"545 SHAW BLDV, BRGY. WACK-WACK, MANDALUYONG CITY",MANDALUYONG,8723-87-35/0917-581-18-17,TITO G. GARRIDO,dmsc@cat.bccgroup.com.ph,dmsc@cat.bccgroup.com.ph,5004317,1,1,2,WITHOUT CONCERN,,PASSED,Excellent,SDTL-PT-22-130031,E
17,13-1095-19-PFSS-R,13,BEST DIAGNOSTIC CORPORATION,"#94 MASIKAP EXTENSION, BRGY. CENTRAL, DILIMAN, QUEZON CITY",QUEZON CITY,09199918903/632-920-1023/632-927-6783,"QUIAOIT, SUSANA P.",qcbestdiagnostic@gmail.com,qcbestdiagnostic@gmail.com,505427,0,5,5,WITHOUT CONCERN,,PASSED,Highly Satisfactory,SDTL-PT-22-130032,HS
17,13-XXXX-XX-XXXX-X,13,BIOQUEST DIAGNOSTIC LABORATORY,NO. 3 3RD AVE BAGONG LIPUNAN NG CRAME QUEZON CITY,QUEZON CITY,09233756504/ 84775581/87235548,"FLORES, IKE MANUEL GUMABAO",beth_tabora@yahoo.com,beth_tabora@yahoo.com,5056689,0,5,5,WITHOUT CONCERN,,PASSED,Highly Satisfactory,SDTL-PT-22-130033,HS
17,13-0017-22-PFSS-R,13,BLESSED HEART DIAGNOSTICS AND MULTI- SPECIALTY CLINIC INC. ,"RM 304-305 FRC BLDG PEDRO GIL COR TAFT AVE, MALATE, MANILA",MANILA,09087897381/35101347,"PADILLA,GRACE",blessedheart_diagnostics@yahoo.com,blessedheart_diagnostics@yahoo.com,5050020,1,1,2,WITHOUT CONCERN,,PASSED,Excellent,SDTL-PT-22-130034,E
17,13-1575-22-PIBS-R,13,BLYSSA MEDICAL CLINIC AND DIAGNOSTIC CENTER,"UNIT 1A AND 1C CONCORDIA BLDG. RIZAL AVE. EXT. BRGY. TAÑONG, MALABON CITY",MALABON CITY,09169094795/83342702/09164476974,"DARIO DALISAY DEFENSOR, MD",blyssamedclinic@gmail.com,blyssamedclinic@gmail.com,5071584,0,5,5,WITHOUT CONCERN,,PASSED,Highly Satisfactory,SDTL-PT-22-130035,HS
17,13-0913-19-PIBS-R,13,BMCI DIAGNOSTIC CLINIC,UNIT 04091 LEVEL 4 WEST WING ROBINSONS GALLERIA EDSA CORNER ORTIGAS AVE BRGY UGONG NORTE QUEZON CITY,Quezon city,75067923 / 09175502339,TESORO VALERIE ANNE T. ,jobalmd@gmail.com,jobalmd@gmail.com,5005079,1,5,6,WITHOUT CONCERN,,PASSED,Acceptable,SDTL-PT-22-130036,A
17,13-0823-21-PIBS-R,13,BOROUGH MEDICAL CLINIC,"2F NORTH PARKING BUILDING, WELLNESS ZONE, BRGY. 76, MALL OF ASIA, PASAY CITY",PASAY CITY,9175535612,"MONINA C. MONTENEGRO, MD",boroughmedicallab@gmail.com,boroughmedicallab@gmail.com,5003425,0,2,2,WITHOUT CONCERN,,PASSED,Excellent,SDTL-PT-22-130037,E
17,13-1432-21-PFSS-R,13,BRAIN MASTER DIAGNOSTIC CENTER,#1754 SUJECO BLDG. BARANGAY IMMACULATE CONCEPCION CUBAO QUEZON CITY,Quezon city,86549284,LESTER ABELEDA,cerbitijudybenito@yahoo.com,cerbitijudybenito@yahoo.com,5003283,2,0,2,WITHOUT CONCERN,,PASSED,Excellent,SDTL-PT-22-130038,E
17,13-1379-21-PFSS-R,13,C FAMILYCARE LAGRO INC,"KM 22 QUIRINO HIGHWAY BRGY PASONG PUTIK, QUEZON CITY",QUEZON CITY,639225412738 / 09175608621/ 461-14-54,MARIA LUISA ROSPI P. CRUZ,cfamilycareclinic@yahoo.com,cfamilycareclinic@yahoo.com,5004755,0,4,4,WITHOUT CONCERN,,PASSED,Highly Satisfactory,SDTL-PT-22-130039,HS
17,13-0007-21-PIBS-R,13,"CAPITOL MEDICAL CENTER, INC.","2ND FLR. QUEZON AVE COR. SCOUT MAGBANUA, BRGY. PALIGSAHAN, QUEZON CITY",QUEZON CITY,8372-38-25 loc 1201-02 / 09150095139,"MARIA MYSTICA FLODALYN T. BAUTISTA, MD",laboratory@capitolmedical.com.ph,laboratory@capitolmedical.com.ph,5005461,1,4,5,WITHOUT CONCERN,,PASSED,Highly Satisfactory,SDTL-PT-22-130040,HS
17,13-0239-21-PIBS-R,13,CARDINAL SANTOS MEDICAL CENTER,"10 WILSON STREET, CARDINAL SANTOS MEDICAL CENTER-DEPT. OF LABORATORY AND PATHOLOGY, SAN JUAN CITY",San Juan City,(8) 727-0001 LOC. 4012 /09260356970,"IMELDA DEL ROSARIO, MD",ktan@csmc.ph,ktan@csmc.ph,5003535,0,4,4,WITHOUT CONCERN,,PASSED,Highly Satisfactory,SDTL-PT-22-130041,HS
17,13-0008-21-PIBS-R,13,"CAREPOINT MEDICAL, DIAGNOSTIC AND MEDICAL CLINIC","MAGCOOP BUILDING, 473 UNITED NATIONS AVENUE, BRGY. 666, ERMITA, MANILA",MANILA,8354-7022 LOC. 501,"DARIO D. DEFENSOR, MD",laboratory@carepoint.com.ph,laboratory@carepoint.com.ph,5003396,0,2,2,WITHOUT CONCERN,,PASSED,Excellent,SDTL-PT-22-130042,E
17,13-0401-21-PIBS-R,13,CASA MEDICA INCORPORATED,"0105 A SERVICE LANE LG/F SM SOUTHMALL, LAS PIÑAS CITY",LAS PIÑAS CITY,88067831/09165989800,"RODOLFO E. JOSON, MD",thelma.purca@yahoo.com,thelma.purca@yahoo.com,5003228,0,1,1,WITHOUT CONCERN,,PASSED,Excellent,SDTL-PT-22-130043,E
17,13-0574-21-PIBS-R,13,CBZ MEDICAL CLINIC,1507 NFWC BLDG. COR SAN MARCELINO ST. ESCODA ST. ERMITA MANILA,Manila,8 5269133/ 8 5219133,"EDNA MAY L. GO, MD",cbz_med@yahoo.com,cbz_med@yahoo.com,5004774,1,5,6,WITHOUT CONCERN,,PASSED,Acceptable,SDTL-PT-22-130044,A
17,13-0773-21-PIBS-R,13,CCM CLINICAL LABORATORY AND DIAGNOSTIC CENTER,"487 GREGORIO COMPD., ALMANZA UNO, ALABANG-ZAPOTE ROAD, LAS PIÑAS CITY",LAS PINAS CITY,02-70019767 ;   0915-2846163,"HERBERT G. PASCUAL, MD, FPSP",ccm_lab@yahoo.com,ccm_lab@yahoo.com,5004743,1,2,3,WITHOUT CONCERN,,PASSED,Highly Satisfactory,SDTL-PT-22-130045,HS
17,13-0028-22-PFSS-R,13,CENTER FOR HEALTH SERVICES INC.,"19TH FLR THE JMT CORPORATE CONDOMINIUM 27 ADB AVE, ORTIGAS CENTER PASIG CITY",PASIG CITY,637056263,"TAN,GLORIA LIM",info@chsiphil.com,info@chsiphil.com,5061208,1,4,5,WITHOUT CONCERN,,PASSED,Highly Satisfactory,SDTL-PT-22-130046,HS
17,13-0029-22-PIBS-R ,13,"CENTERPORT MEDICAL SERVICES, INC ","4TH FLOOR 429 VICTORIA BLDG. U.N ERMITA, MANILA CITY",MANILA,9088925233,"MICHELE H. DIWA, MD ",jerempascua81@yahoo.com,jerempascua81@yahoo.com,5081892,1,0,1,WITHOUT CONCERN,,PASSED,Excellent,SDTL-PT-22-130047,E
17,13-0825-21-PIBS-R,13,CENTRAL MEDICAL DRUG TESTING CENTER,"# 485 DEL MUNDO BLDG. QUIRINO HI-WAY TALIPAPA, QUEZON CITY","NOVALICHES, QUEZON CITY",282311432,"AMELIA C. FIBRA, MD",centralmednova1988@yahoo.com,centralmednova1988@yahoo.com,5003783,0,4,4,WITHOUT CONCERN,,PASSED,Highly Satisfactory,SDTL-PT-22-130048,HS
17,13-0291-21-PIBS-R,13,"CENTRALLE MEDICAL DIAGNOSTICS & POLYCLINIC, INC - PASAY","4/F WELLCOME PLAZA MALL, TAFT AVE. COR. LIBERTAD ST., PASAY CITY",PASAY CITY,8877-0436,"IRENE O. CHING, MD",pasaycmdp@yahoo.com,pasaycmdp@yahoo.com,5021135,0,5,5,WITHOUT CONCERN,,PASSED,Highly Satisfactory,SDTL-PT-22-130049,HS
17,13-0290-21-PIBS-R,13,"CENTRALLE MEDICAL DIAGNOSTICS & POLYCLINIC, INC - VALENZUELA","119 PASO DE BLAS, BARANGAY PASO DE BLAS, VALENZUELA CITY",VALENZUELA CITY,8236-0865,"IRENE O. CHING, MD",valenzuelacmdp@yahoo.com,valenzuelacmdp@yahoo.com,50121136,0,5,5,WITHOUT CONCERN,,PASSED,Highly Satisfactory,SDTL-PT-22-130050,HS
17,13-0292-21-PFSS-R,13,"CENTRALLE MEDICAL DIAGNOSTICS AND POLYCLINIC, INC.","2/F 1ST AMIJI MANSION, 6TH AVE COR MH DEL PILAR ST, CALOOCAN CITY",CALOOCAN CITY,8365-4951,"IRENE O. CHING, MD",lab@centrallemedical.com,lab@centrallemedical.com,5021137,0,5,5,WITHOUT CONCERN,,PASSED,Highly Satisfactory,SDTL-PT-22-130051,HS
17,13-0293-21-PIBS-R,13,CENTRO ESCOLAR UNIVERSITY CLINICAL LABORATORY,"#9 MENDIOLA ST.SAMPALOC, METRO MANILA",SAMPALOC,87421796,"FREDERICK R. LLANERA,MD",clinicallaboratory@ceu.edu.ph,clinicallaboratory@ceu.edu.ph,5012850,1,4,5,WITHOUT CONCERN,,PASSED,Highly Satisfactory,SDTL-PT-22-130052,HS
17,13-XXXX-XX-XXXX-X,13,CENTRO MEDICAL LABORATORY CLINIC,397 J.P RIZAL ST STO NINO MARIKINA CITY,MARIKINA,9189592286,"DE GUZMAN, MARK JOSEPH ",centromedental@gmail.com,centromedental@gmail.com,5060298,0,2,2,WITHOUT CONCERN,,PASSED,Excellent,SDTL-PT-22-130053,E
17,13-0162-22-PIBS-R,13,CET CARE MEDICAL AND DIAGNOSTIC CENTER,"#14T SAMSON ST, BF HOMES CALOOCAN CITY",CALOOCAN CITY,09564929915/0920-9739859,MARICEL R. RIBO,cetcareclinlab@gmail.com,cetcareclinlab@gmail.com,5070825,1,5,6,WITHOUT CONCERN,,PASSED,Acceptable,SDTL-PT-22-130054,A
17,13-0037-22-PIBS-R,13,CHRISTIAN E. CANGCO MEDICAL CLINIC AND LABORATORY,"5TH FLOOR, JAYYAH BLDG 20B QUIRINO AVE., CORNER SAN PASCUAL STREET MALATE MANILA",MANILA,09177603890/79595656,"RONALD DE CADIZ CABUDOY, MD",cangcolab1@gmail.com,cangcolab1@gmail.com,5071779,1,5,6,WITHOUT CONCERN,,PASSED,Acceptable,SDTL-PT-22-130055,A
17,13-1233-21-PIBS-R,13,CHRISTIAN MEDICAL CLINIC INC.,"22B MADISON ST. NEW MANILA BRGY. MARIANA, QUEZON CITY",QUEZON CITY,7759-7116 / 7901-5090/ 09178239562,"MELANIE SIONZON, MD",christianmed.inc23@yahoo.com,christianmed.inc23@yahoo.com,5003243,3,3,6,WITHOUT CONCERN,,PASSED,Acceptable,SDTL-PT-22-130056,A
17,13-1347-22-PIBS-R ,13,CLEARBRIDGE MEDICAL PHILIPPINES INC ,"33 V.LUNA AVENUE BRGY PINYAHAN, QUEZON CITY",QUEZON CITY ,09207557228 / 82825227,"MISIONA, GRAIG DAGOHOY",clearbridgemedical.result@gmail.com,clearbridgemedical.result@gmail.com,5064881,3,5,8,WITHOUT CONCERN,,PASSED,Acceptable,SDTL-PT-22-130057,A
17,13-1035-21-PIBS-R,13,CLEMEN'S MEDICAL CLINIC,"1565 LEON GUINTO ST. BRGY. 675 MALATE, MANILA CITY",MANILA,8516-78-71 / 09328905305,"MARY ANN D. CABRERA, MF, FPSP",clemensmedicalclinic@yahoo.com,clemensmedicalclinic@yahoo.com,5003882,1,5,6,WITHOUT CONCERN,,PASSED,Acceptable,SDTL-PT-22-130058,A
17,13-1143-21-PIBS-R,13,CLINICA MANILA PASIG,"UNIT 18-159 SM CENTER PASIG FRONTERA VERDE BRGY. UGONG, PASIG CITY",PASIG CITY,09394508787/ 6967055-57 LOC 110,"LEILA T. SALERA, MD. FPSP",cmpasig.laboratory@yahoo.com,cmpasig.laboratory@yahoo.com,5004295,1,5,6,WITHOUT CONCERN,,PASSED,Acceptable,SDTL-PT-22-130059,A
17,13-0427-19-PIBS-R,13,"CLINICAL OCCUPATIONAL MEDICINE AND TREATMENT CENTER, INC.","3/F MA. DANIEL BLDG. 470 SAN ANDRES COR.MH DEL PILAR ST. MALATE, MANILA CITY",MANILA,09088939004/8521-54-99,"SOCORRO CRUZ YANEZ, MD, FPSP",clinico.admin@clinicomed.com,clinico.admin@clinicomed.com,5024229,3,1,4,WITHOUT CONCERN,,PASSED,Highly Satisfactory,SDTL-PT-22-130060,HS
17,13-0575-21-PIBS-R,13,"CLINILAB MEDICAL SERVICES, INC."," 2ND FLOOR ORCHID TOWER ORIENTAL GARDENS CHINO ROCES AVE, METRO MANILA, MAKATI CITY",MAKATI CITY,09178925920/7-729-8966,"ANAROSE C. ALVARADO, MD",clinilabmedical@yahoo.com,clinilabmedical@yahoo.com,5023315,1,0,1,WITHOUT CONCERN,,PASSED,Excellent,SDTL-PT-22-130061,E
17,13-056-21-PFSS-R,13,CLN DRUG SCREENING LABORATORY ,"1-C 2ND FLOOR 3RD AVE. COR. B. SERRANO BAGONG LIPUNAN NG CRAME, QUEZON CITY",QUEZON CITY,09272201844/ 85707803/09209201087,"LESTER ABELADA, MD",docles2002@hotmail.com,docles2002@hotmail.com,5006387,3,3,6,WITHOUT CONCERN,,PASSED,Acceptable,SDTL-PT-22-130062,A
17,13-0577-21-PFSS-R,13,CMI WELLNESS DIAGNOSTIC CENTER,"315 CMI BUILDING COMMONWEALTH AVENUE DILIMAN, QUEZON CITY",Quezon City,09198332608/ 8511515,"SUSANA P. QUIAOIT, MD, FPSP",wellness_neuro@yahoo.com.ph,wellness_neuro@yahoo.com.ph,5004341,3,3,6,WITHOUT CONCERN,,PASSED,Acceptable,SDTL-PT-22-130063,A
17,13-0423-21-PIBS-R,13,CRUZ-RABE MATERNITY & GEN. HOSPITAL DRUG TESTING LABORATORY,"NO. 37 GEN. LUNA ST BRGY TUKTUKAN, TAGUIG CITY",TAGUIG CITY,6422796/ 09687622703,"IFTIZAR NAKAN HARON, MD",arhian_03@yahoo.com,arhian_03@yahoo.com,5008450,0,4,4,WITHOUT CONCERN,,PASSED,Highly Satisfactory,SDTL-PT-22-130064,HS
17,13-0402-21-PIBS-R,13,CYTOCHEM MEDICAL LABORATORIES COMPANY,"2/F 7-11 BLDG., MORNING BREEZE, EDSA, CALOOCAN CITY",Caloocan City,02 8361-0510/ 09228351546,"REYNALDO G. TORRES, MD",cytochemlaboratories@yahoo.com,cytochemlaboratories@yahoo.com,5003202,2,2,4,WITHOUT CONCERN,,PASSED,Highly Satisfactory,SDTL-PT-22-130065,HS
17,13-1295-22-PIBS-R,13,D' MICROASIA MEDICAL LABORATORY INC.,913 A.T REYES ST. BRGY POBLACION MANDALUYONG CITY,MANDALUYONG,9071745535,"SUSANA P. QUIAOIT, MD",jerzymarion@yahoo.com,jerzymarion@yahoo.com,5032047,1,3,4,WITHOUT CONCERN,,PASSED,Highly Satisfactory,SDTL-PT-22-130066,HS
17,13-0011-21-PIBS-R,13,DE LOS SANTOS MEDICAL CENTER,"201 E. RODRIGUEZ SR AVE BRGY KALUSUGAN, QUEZON CITY",QC,88985762 LOC 8123/09778152378,"HERBERT ZULUETA MANAOIS, MD",nspathology@dlsmc.ph,nspathology@dlsmc.ph,5026250,0,5,5,WITHOUT CONCERN,,PASSED,Highly Satisfactory,SDTL-PT-22-130067,HS
17,13-0043-22-PFSS-R,13,DIAGNOSTIC INTENSIVE & PRECISE MEDICAL LABORATORY (D.I.P) INC,129 G/F CRUZSAN ALLEN BLDG 6TH ST. COR 9TH AVE GRACE PARK CALOOCAN CITY,CALOOCAN CITY,09453181385 / 84425980,"VENERACION PACIS-MUNAR, MD",lourdes_dip@yahoo.com,lourdes_dip@yahoo.com,5065676,0,2,2,WITHOUT CONCERN,,PASSED,Excellent,SDTL-PT-22-130068,E
17,13-0775-21-PIBS-R,13,DIAGNOSTICA DE SAN VICENTE,"284 DOÑA ANITA BLDG. E. RODRIGUEZ SR., AVENUE, QUEZON CITY",QUEZON CITY,(02) 724-3980/09178283504,"ARTURO C. LOPEZ JR, MD",diagnostica_ddsv@yahoo.com,diagnostica_ddsv@yahoo.com,5012842,0,5,5,WITHOUT CONCERN,,PASSED,Highly Satisfactory,SDTL-PT-22-130069,HS
17,13-0399-21-PFSS-R,13,DJC DRUG TESTING CENTER,"1808 DELTON BLDG RIZAL AVENUE, STA CRUZ MANILA CITY",STA CRUZ MANILA,9151481766,ALBERT MEDENILLA ALEGRE,j.cdrugtestingcenter@yahoo.com,j.cdrugtestingcenter@yahoo.com,5003246,1,2,3,WITHOUT CONCERN,,PASSED,Highly Satisfactory,SDTL-PT-22-130070,HS
17,13-0429-19-PIBS-R,13,"DMV TOPMED DIAGNOSTICS CLINIC, INC","132 KALAYAAN AVE, BRGY HOLY SPIRIT, QUEZON CITY",QUEZON CITY,09683797402; 09228932410,"LARA MAE ACADEMIA-ANGELES, MD, FPSP",dmvtopmed@gmail.com,dmvtopmed@gmail.com,4878844,1,4,5,WITHOUT CONCERN,,PASSED,Highly Satisfactory,SDTL-PT-22-130071,HS
17,13-1133-21-PFSS-R,13,DOMINICA MEDICAL AND LABORATORY SERVICES,"1131 2ND FLOOR, SYTO BUILDING BRGY. KALIGAYAHAN, NOVALICHES, QUEZON CITY",QUEZON CITY,0289384450/ 09561376522/ 09178224219,"GABRIEL J. CRUZ, MD",rodelizaapanti@gmail.com,rodelizaapanti@gmail.com,5008562,0,1,1,WITHOUT CONCERN,,PASSED,Excellent,SDTL-PT-22-130072,E
17,13-0171-22-PFSS-R,13,DONA SOLEDAD DIAGNOSTIC CENTER,"4720B SAMPAGUITA STREET, ROMAFER BUILDING, MARIMAR I VILLAGE, BARANGAY SUN VALLEY (LANDMARK: NEAR USA 88 GAS STATION AND OR BESIDE REDDOORZ BUILDING), PARAÑAQUE CITY",BICUTAN PARANAQUE CITY,09175336922/09175485428/(02)8552-26-64/8712-08-59,"GODOFREDO RAINIER BUSTO MANERA, MD, DPSP",dsdc2021@gmail.com,dsdc2021@gmail.com,5059228,0,5,5,WITHOUT CONCERN,,PASSED,Highly Satisfactory,SDTL-PT-22-130073,HS
17,13-1262-21-GIBS-R,13,DR. JOSE N. RODRIGUEZ MEMORIAL HOSPITAL,"ST. JOSEPH AVENUE, TALA, CALOOCAN CITY",CALOOCAN CITY,9175026144,"IVY MARIE M. VIODA-CRUZ, MD, DPSP",djnrmh.dplm@gmail.com,djnrmh.dplm@gmail.com,5044590,0,5,5,WITHOUT CONCERN,,PASSED,Highly Satisfactory,SDTL-PT-22-130074,HS
17,13-0581-21-PFSS-R,13,"DRUGCHECK PHILIPPINES, INC.","ESTRELLITA BLDG. 236 MONTILLANO ST. BRGY. ALABANG, MUNTINLUPA CITY",Muntinlupa City,8843 4587,"MARIA LEAL REYES, MD",dcpialabang@yahoo.com,dcpialabang@yahoo.com,5017988,1,1,2,WITHOUT CONCERN,,PASSED,Excellent,SDTL-PT-22-130075,E
17,13-0360-19-PFSS-R,13,"DRUGCHECK PHILIPPINES, INC. - SHAW","ROOM 202 MN SQUARE BLDG. 678 SHAW BLVD. BRGY. KAPITOLYO, PASIG CITY",PASIG CITY,7091-1734 / 8277-4951,"MARIA LEAL REYES, MD",rollydemata@yahoo.com / rollydemata@gmail.com,rollydemata@yahoo.com / rollydemata@gmail.com,5017939,1,4,5,WITHOUT CONCERN,,PASSED,Highly Satisfactory,SDTL-PT-22-130076,HS
17,13-0578-21-PFSS-R,13,DRUGCHECK PHILS. INC.,"RM. 211 PRIMA BLDG. #1 MAGALANG ST. BRGY. PINYAHAN, QUEZON CITY",Quezon City,73416571,"MARIA LEAL REYES, MD",dcpi_eastave@yahoo.com,dcpi_eastave@yahoo.com,5017940,0,1,1,WITHOUT CONCERN,,PASSED,Excellent,SDTL-PT-22-130077,E
17,13-0580-21-PFSS-R,13,"DRUGCHECK PHILS., INC.","UNIT 3 DOÑA CONSOLACION BLDG., GEN. SANTOS AVE., ARANETA CENTER, CUBAO, QUEZON CITY",QUEZON CITY,09228123311/82830407,"ARTURO C. LOPEZ, MD",dcpicubao@gmail.com,dcpicubao@gmail.com,5017937,0,3,3,WITHOUT CONCERN,,PASSED,Highly Satisfactory,SDTL-PT-22-130078,HS
17,13-0012-21-PIBS-R,13,E. ZARATE HOSPITAL,"16 J. AGUILAR AVENUE, TALON I, LAS PIÑAS CITY",LAS PIÑAS CITY,(02)88711440 LOC 104 / 09175382440,"FLORECITA LUDIVINA T. SOLIS, MD, FPSP",laboratory_zarate@yahoo.com.ph,laboratory_zarate@yahoo.com.ph,5003616,1,4,5,WITHOUT CONCERN,,PASSED,Highly Satisfactory,SDTL-PT-22-130079,HS
17,13-1434-21-PFSS-R,13,E.C. TORRES MEDICAL CLINIC,"SUITES 319-320 C. K. SY DIAMOND BLDG. 156 LIBERTAD ST., PASAY CITY",PASAY CITY,09088250866/02-8833-7979,MINNIE JANE ABALOS PINEDA,ectorres_05@yahoo.com,ectorres_05@yahoo.com,5070596,0,4,4,WITHOUT CONCERN,,PASSED,Highly Satisfactory,SDTL-PT-22-130080,HS
17,13-0759-21-PIBS-R,13,EAS DIAGNOSTIC AND MEDICAL CLINIC,"1840 SAN MARCELINO ST. MALATE, MANILA CITY",MANILA,09993190934; 044-248-70612; 09228313907,"JAIME DG, SANTIAGO, MD",erwinasollano@gmail.com,erwinasollano@gmail.com,5004516,2,2,4,WITHOUT CONCERN,,PASSED,Highly Satisfactory,SDTL-PT-22-130081,HS
17,13-1561-22-GIBS-R,13,EAST AVENUE MEDICAL CENTER ,"EAST AVENUE DILIMAN, QUEZON CITY",QUEZON CITY ,9692390681,"ARCINAS, EMMANUEL CAESAR V.",dtleamc@yahoo.com,dtleamc@yahoo.com,FOC,0,0,0,WITHOUT CONCERN,,PASSED,Excellent,SDTL-PT-22-130082,E
17,13-0329-21-PIBS-R ,13,EASTERN DOCTORS MEDICAL SERVICES INC ,SUITE G-1 BEL AIR APTS 1020 ROXAS BLVD ERMITA MANILA ,MANILA ,09214552251 / 85212708 LOC 3012,MELVIN JUDE G. KATAPANG ,edms95@yahoo.com,edms95@yahoo.com,5070426,1,1,2,WITHOUT CONCERN,,PASSED,Excellent,SDTL-PT-22-130083,E
17,13-0007-20-PIBS-R,13,EL ROI MEDICAL CLINIC & DIAGNOSTIC CENTER INC.,"2125 3RD FLR. LEON DE ORO PLACE LEON GUINTO ST, MALATE MANILA",Malate,09958658077/ 09171553953/ 8961-4647,"FRANK GERALD C. PAGDUNZULAN, MD",elroi.malate@gmail.com,elroi.malate@gmail.com,5004063,1,3,4,WITHOUT CONCERN,,PASSED,Highly Satisfactory,SDTL-PT-22-130084,HS
17,13-XXXX-XX-XXXX-X,13,EMMANUEL MEDICAL AND DIAGNOSTIC CENTER,"2106 TAFT AVE., MALATE, MANILA",MALATE,09454128837/5288009/09956795519,SUSANA PINILI QUIAOIT,emdclaboratory@yahoo.com,emdclaboratory@yahoo.com,5070985,1,5,6,WITHOUT CONCERN,,PASSED,Acceptable,SDTL-PT-22-130085,A
17,13-0014-21-PIBS-R,13,ESSENCE MEDICAL AND LABORATORY CLINIC,"UNIT 205 SCG BLDG., BRGY. LA PAZ, MAKATI CITY",MAKATI CITY,8888-9114,CYNTHIA S. GAERIAN,essencemedical@yahoo.com.ph,essencemedical@yahoo.com.ph,5004026,1,5,6,WITHOUT CONCERN,,PASSED,Acceptable,SDTL-PT-22-130086,A
17,13-1549-22-PFSS-I,13,ESTRELLA LABORATORY AND DIAGNOSTIC CENTER,PASADENA ST. BRGY 70 PASAY CITY,PASAY CITY,9129733397,SAGUIL JR. HORACIO ALINSUNURIN,estrelladiagnostics@yahoo.com,estrelladiagnostics@yahoo.com,5063565,1,5,6,WITHOUT CONCERN,,PASSED,Acceptable,SDTL-PT-22-130087,A
17,13-0778-21-PFSS-R,13,EVANS MEDICAL DIAGNOSTIC CENTER,"#115 NATIONAL ROAD, BRGY. BAYANAN, MUNTINLUPA CITY",MUNTINLUPA CITY,(02) 8292-6344 / 09565260063,"FLORECITA LUDIVINA T. SOLIS, MD, FPSP",evansmeddx@yahoo.com,evansmeddx@yahoo.com,5004748,0,1,1,WITHOUT CONCERN,,PASSED,Excellent,SDTL-PT-22-130088,E
17,13-0015-21-PIBS-R,13,"EVERGREEN MEDICAL AND DIAGNOSTIC CENTER, INC","641 E.RODRIGUEZ EXT. EDSA MALIBAY, PASAY CITY",PASAY CITY,844-1713/ 09053500767,"FRANK GERALD C. PAGDUNZULAN, MD",evergreenmdc@gmail.com,evergreenmdc@gmail.com,5002943,1,5,6,WITHOUT CONCERN,,PASSED,Acceptable,SDTL-PT-22-130089,A
17,13-1229-21-PFSS-R,13,EXACT CHECK DIAGNOSTIC CENTER INC.,"238 BANAWE COR. PAGATAAN AND PANALTURAN STS. BRGY. MANRESA, QUEZON CITY",QUEZON CITY,09171700211/ 8363-9228,"FREDERICK G. LIM, MD, FPSP",exactcheck@gmail.com,exactcheck@gmail.com,5003446,0,4,4,WITHOUT CONCERN,,PASSED,Highly Satisfactory,SDTL-PT-22-130090,HS
17,13-1231-21-PIBS-R,13,"EXACT CHECK DIAGNOSTIC CENTER, INC. -LIBIS","GROUND FLOOR MADISON SQUARE BAGUMBAYAN, QUEZON CITY",QUEZON CITY,70925081/09088796388,"FREDERICK G. LIM, MD, FPSP",exactchecklibis@gmail.com,exactchecklibis@gmail.com,5004935,1,5,6,WITHOUT CONCERN,,PASSED,Acceptable,SDTL-PT-22-130091,A
17,13-0760-21-PIBS-R,13,FAIRCARE X-RAY AND CLINICAL LABORATORY,"2ND & 3RD FLR. TOPSTAR 2 BLDG. F. MANALO ST. SAN NICOLAS, PASIG CITY",PASIG CITY,77202528/ 09175224683,"FREDERICK R. LLANERA, MD",faircare.laboratory@yahoo.com,faircare.laboratory@yahoo.com,5004027,1,5,6,WITHOUT CONCERN,,PASSED,Acceptable,SDTL-PT-22-130092,A
17,13-0233-21-PIBS-R,13,FATIMA UNIVERSITY MEDICAL CENTER,"120 MC ARTHUR HI WAY MARULAS, VALENZUELA CITY",Valenzuela City,8-291-6538 Loc 207; 09163533383,"HERBERT G. PASCUAL, MD, FPSP, MHA",fumclaboratory207@gmail.com,fumclaboratory207@gmail.com,5014958,1,4,5,WITHOUT CONCERN,,PASSED,Highly Satisfactory,SDTL-PT-22-130093,HS
17,13-1507-20-PIBS-R,13,FCi LABORATORY AND MEDICAL SERVICES,"ROOM 2A E. CORTES BUILDING, 958 E. RODRIGUEZ SR. AVE. BRGY. MARIANA, QUEZON CITY, METRO MANILA",QUEZON CITY,09178167210/84700762,"FRANCES A. SAURA-SANCHEZ, MD",fcilab316@gmail.com,fcilab316@gmail.com,5059074,0,2,2,WITHOUT CONCERN,,PASSED,Excellent,SDTL-PT-22-130094,E
17,13-0062-19-PIBS-R,13,FEU-DR.NICANOR REYES MED. FOUNDATION INST.-CLINICAL LAB.,"REGALADO AVENUE COR DAHLIA ST WEST FAIRVIEW, QUEZON CITY",QUEZON CITY ,427-0213 Loc 1145,"MARI KARR A. ESGUERRA, MD",clinicallab@feu-nrmf.ph,clinicallab@feu-nrmf.ph,5004795,1,5,6,WITHOUT CONCERN,,PASSED,Acceptable,SDTL-PT-22-130095,A
17,13-0016-21-PIBS-R,13,FIRST MEDICAL TEAM HEALTHCARE SPECIALIST GROUP,"970 PRES. QUIRINO AVE. COR MODESTO ST, MALATE MANILA",Malate MANILA,689-1430/0917-714980,"PAUL M. TEVES, MD",fmt_laboratory@yahoo.com,fmt_laboratory@yahoo.com,5003811,2,1,3,WITHOUT CONCERN,,PASSED,Highly Satisfactory,SDTL-PT-22-130096,HS
17,13-1519-21-PFSS-I,13,FORTMED MEDICAL CLINICS,"158 CROWN CENTER BLDG. JUPITER ST. COR. N. GARCIA ST, MAKATI CITY",Makati,09261805474/ 8897-9111 loc. 500 ,"AMY ROSE EISMA-DE ALBAN, MD, FPSP",medtechhead@gmail.com,medtechhead@gmail.com,5004783,1,5,6,WITHOUT CONCERN,,PASSED,Acceptable,SDTL-PT-22-130097,A
17,13-0460-22-PFSS-R,13,FORTUNE AMARIS DIAGNOSTIC CENTER,"4TH FLR. DELTON BUILDING RIZAL AVE., MANILA CITY",MANILA,09688572965/8251-43-13,"HORACIO A. SAGUIL, MD",fortuneamaris2016@yahoo.com,fortuneamaris2016@yahoo.com,5071726,0,4,4,WITHOUT CONCERN,,PASSED,Highly Satisfactory,SDTL-PT-22-130098,HS
17,13-0583-21-PIBS-R,13,"FRIENDLYCARE FOUNDATION , INC- CUBAO CLINIC","2/F METROLANE COMPLEX BLDG., P. TUAZON ST. COR 20TH AVE, BRGY. TAGUMPAY CUBAO, QUEZON CITY",QUEZON CITY,09493659489/ 0918259899,"REYNALDO GARCIA, MD",frinedlycarecbolab@gmail.com,frinedlycarecbolab@gmail.com,5002968,0,0,0,WITHOUT CONCERN,,PASSED,Excellent,SDTL-PT-22-130099,E
17,13-1565-22-PIBS-R,13,GALINOS MEDICAL CLINIC INC.,"3/F ATLANTIS BEACON TOWER, LEON GUINTO ST MALATE MANILA",MANILA,09472923706/8521-2742,"DEFENSOR, DARIO DALISAY",galinoslaboratory@gmail.com,galinoslaboratory@gmail.com,5054812,1,3,4,WITHOUT CONCERN,,PASSED,Highly Satisfactory,SDTL-PT-22-130100,HS
17,13-0297-21-PIBS-R,13,"GAMMACARE MEDICAL SERVICES, INC.","635 BINAYUYO COR. MALANTING STS, AMPARO SUBD, BRGY. 179, CALOOCAN CITY",Caloocan City,63289613664/ 09177013450,"GABRIEL CRUZ, MD, FPSP, FPSO",diagnostics@gammacaremsi.com,diagnostics@gammacaremsi.com,5003448,3,4,7,WITHOUT CONCERN,,PASSED,Acceptable,SDTL-PT-22-130101,A
17,13-0057-22-PIBS-R ,13,GENERAL MIGUEL MALVAR MEDICAL RESEARCH FOUNDATION INC. ,"531 COMMONWEALTH AVENUE OLD BALARA, QUEZON CITY",QUEZON CITY,9061196636,"SOCORRO YANEZ, MD ",gmmmrflab@yahoo.com,gmmmrflab@yahoo.com,5066855,2,0,2,WITHOUT CONCERN,,PASSED,Excellent,SDTL-PT-22-130102,E
17,13-1037-21-PFSS-R,13,GENSENS INCORPORATED,"#60 AGS PLAZA, QUEZON AVENUE (BESIDE LAND BANK Q. AVENUE), QUEZON CITY",QUEZON CITY,7933-0068 / 09175103572,"ARACELI JACOBA, MD",gensens.lab@gmail.com,gensens.lab@gmail.com,5064326,1,5,6,WITHOUT CONCERN,,PASSED,Acceptable,SDTL-PT-22-130103,A
17,13-0058-22-PFSS-R,13,GIAN HEALTHCARE INC. ,"238 SCOUT BAYORAN, TOMAS MORATO AVENUE BRGY. SOUTH TRIANGLE QUEZON CITY",QUEZON CITY,9661947763,"FARRAH KRISTINE F. SANTIAGO, MD ",labqc.minutehealthcare@gmail.com,labqc.minutehealthcare@gmail.com,5073379,0,5,5,WITHOUT CONCERN,,PASSED,Highly Satisfactory,SDTL-PT-22-130104,HS
17,13-0017-21-PIBS-R,13,GILCARE DIAGNOSTIC CLINIC,"132 2ND FLOOR ROOM 202 KALAYAAN AVENUE DILIMAN, QUEZON CITY",Quezon City,83597540/ 09239504036,OLGA M. BAUSA,gilcarediagnosticclinic@yahoo.com,gilcarediagnosticclinic@yahoo.com,5003111,1,0,1,WITHOUT CONCERN,,PASSED,Excellent,SDTL-PT-22-130105,E
17,13-0019-21-PFSS-R,13,GL-ORO DRUG TESTING LABORATORY,"1151 QUIRINO HI-WAY BRGY KALIGAYAHAN, QUEZON CITY",QUEZON CITY,89353017/84005706/09491616499,GABRIEL J. CRUZ,guialuz_oro@yahoo.com.ph,guialuz_oro@yahoo.com.ph,5003514,2,0,2,WITHOUT CONCERN,,PASSED,Excellent,SDTL-PT-22-130106,E
17,13-0018-21-PIBS-R,13,"GLOBAL HEALTH DIAGNOSTIC CENTER, INC.","156 N. DOMINGO ST. BRGY. PEDRO CRUZ, SAN JUAN CITY",SAN JUAN CITY,8-7224544/ 0945847,ROSALIE SABINA M. SAMONTE ,globalhealthlabdept@gmail.com,globalhealthlabdept@gmail.com,5002950,1,5,6,WITHOUT CONCERN,,PASSED,Acceptable,SDTL-PT-22-130107,A
17,13-0406-21-PIBS-R,13,GLOBAL HEALTH DIAGNOSTICS -PARAÑAQUE,"4TH FLOOR LMB BUILDING 158 SAN ANTONIO AVENUE SAN ANTONIO VALLEY 1, PARAÑAQUE CITY",PARAÑAQUE CITY,88259964,"NOEL C. SANTOS, MD",globalhealthparanaque@gmail.com,globalhealthparanaque@gmail.com,5043650,0,4,4,WITHOUT CONCERN,,PASSED,Highly Satisfactory,SDTL-PT-22-130108,HS
17,13-0407-21-PIBS-R,13,GLOBAL HEALTH DIAGNOSTICS-PASAY CITY,"2ND FLOOR ALEXANDRA BLDG. 107 PASADENA ST, PASAY CITY",PASAY CITY,(02) 8 556-2753,"NOEL C. SANTOS, MD",globalhealthpasay@gmail.com,globalhealthpasay@gmail.com,5043801,0,4,4,WITHOUT CONCERN,,PASSED,Highly Satisfactory,SDTL-PT-22-130109,HS
17,13-0408-21-PIBS-R,13,GLOBAL HEALTH DIAGNOSTICS-QUEZON CITY,132-I KALAYAAN AVE. BRGY. CENTRAL DILIMAN QUEZON CITY,QUEZON CITY,8928-9402,"NOEL C. SANTOS, MD",globalhealthquezoncity@gmail.com,globalhealthquezoncity@gmail.com,5043802,0,3,3,WITHOUT CONCERN,,PASSED,Highly Satisfactory,SDTL-PT-22-130110,HS
17,13-XXXX-XX-XXXX-X,13,GLOBAL HEALTH INDUSTRIAL CLINIC AND LABORATORY ,"235 NATIONAL ROAD BAYANAN, MUNTINLUPA CITY",MUNTINLUPA ,09177236906 / 02-88623212,"ESPERANZA RANERA, MD ",ghicl.bayanan2016@gmail.com ,ghicl.bayanan2016@gmail.com ,5073307,2,2,4,WITHOUT CONCERN,,PASSED,Highly Satisfactory,SDTL-PT-22-130111,HS
17,13-0448-21-PIBS-R,13,GLOBALIFE MEDICAL LABORATORY AND POLYCLINIC,"CLUSTER J, UNIT 149-150, BLUE BAY WALK, BRGY. 76, PASAY CITY",Pasay City,09277094059; (02) 88292751,"LUDIVINA T. SOLIS, MD, FPSP",globalifebbw_medlab@yahoo.com,globalifebbw_medlab@yahoo.com,5012328,1,5,6,WITHOUT CONCERN,,PASSED,Acceptable,SDTL-PT-22-130112,A
17,13-0863-21-PIBS-R,13,GLOBE MEDICAL IMAGING AND LABORATORY INC,"410 DEL MONTE AVENUE, BRGY SIENA, QUEZON CITY",QUEZON CITY,87429858 / 09334959404/ 09175510210,MICHELLE H. DIWA,globe.medical@yahoo.com,globe.medical@yahoo.com,5004916,1,2,3,WITHOUT CONCERN,,PASSED,Highly Satisfactory,SDTL-PT-22-130113,HS
17,13-0405-21-PIBS-R,13,GMWV MEDICAL CLINIC,"26 MAYSAN ROAD, VALENZUELA CITY",VALENZUELA CITY,(02) 88660822 /0925297026,"GEORGE ARISTOTLE S. WEE, MD",gmwvmedicalclinic@gmail.com,gmwvmedicalclinic@gmail.com,5011536,0,2,2,WITHOUT CONCERN,,PASSED,Excellent,SDTL-PT-22-130114,E
17,13-0830-21-PIBS-R,13,GOLD MEDICHECK INC.,"4TH FLOOR THA BLDG., SEN GIL PUYAT AVE. COR. TAFT AVE., PASAY CITY",PASAY,9562018453; 09226566786,"MARLON A. BRIONES, MD",goldmedicheck2015@yahoo.com,goldmedicheck2015@yahoo.com,5011266,1,5,6,WITHOUT CONCERN,,PASSED,Acceptable,SDTL-PT-22-130115,A
17,13-1119-21-PIBS-R,13,GOOD HEALTH MEDICAL AND DIAGNOSTIC LABORATORY INC,"24 PM APARTMENT MATALINO ST.DILIMAN, QUEZON CITY",quezon city,09266136803 / 0270000294,"DARIO D. DEFENSOR, MD",goodhealthdxmc@gmail.com,goodhealthdxmc@gmail.com,4919806,1,5,6,WITHOUT CONCERN,,PASSED,Acceptable,SDTL-PT-22-130116,A
17,13-0184-22-PIBS-R,13,GRAMCARE DIAGNOSTIC CENTER INC.,"2ND-3RD FLOOR PHILTRUST BANK MABINI BLDG. A MABINI ST.,COR. UN AVE. ERMITA MANILA",MANILA,09988619730/8712-7268,"YABUT,VOLTAIRE",gramcarediagnosticcenter@yahoo.com,gramcarediagnosticcenter@yahoo.com,5049263,3,5,8,WITHOUT CONCERN,,PASSED,Acceptable,SDTL-PT-22-130117,A
17,13-0071-19-PIBS-R,13,GREPA MEDICAL AND DIAG. CENTER (SUN LIFE GREPA FINANCIAL INC),"MEZZANINE FLOOR RCBC PLAZA TOWER 2 6819 AYALA AVENUE BRGY BEL-AIR, MAKATI CITY",Makati City,09277736101/ 09399290646/ 09209900081,SIERRA ROMA S. HERNANDEZ,dzoie888@gmail.com,dzoie888@gmail.com,5003350,1,1,2,WITHOUT CONCERN,,PASSED,Excellent,SDTL-PT-22-130118,E
17,13-0071-22-PFSS-R,13,GUADA HEALTH,"WIGWAM PLACE, 2014 R. MAGSAYSAY AVENUE, GUADALUPE NUEVO2, MAKATI CITY",MAKATI,09325312962/83324599/09178490638,JOHN ARNEL HIDALGO AMATA,lab.klinik1@gmail.com,lab.klinik1@gmail.com,5068734,0,1,1,WITHOUT CONCERN,,PASSED,Excellent,SDTL-PT-22-130119,E
17,13-0409-21-PIBS-R,13,HALCYON MARINE HEALTHCARE SYSTEMS INC.,"222 MARIA CORNELIA BUILDING, SEN. GIL PUYAT BRGY. PIO DEL PILAR, MAKATI CITY",MAKATI CITY,7 577 17 54,"MA, VICTORIA V. LONTOC, MD",laboratory@halcyonmarine.com.ph,laboratory@halcyonmarine.com.ph,5024572,0,5,5,WITHOUT CONCERN,,PASSED,Highly Satisfactory,SDTL-PT-22-130120,HS
17,13-0020-21-PIBS-R,13,HEALTH ALERT MEDICAL AND DIAGNOSTIC CENTER,"UNIT B-C #158 WEST AVENUE, PHILAM HOMES, QUEZON CITY",Quezon City,09189195513/ 34162233,VALERIE ANNE TESORO,healthalert2017@gmail.com,healthalert2017@gmail.com,5002990,1,2,3,WITHOUT CONCERN,,PASSED,Highly Satisfactory,SDTL-PT-22-130121,HS
17,13-1241-21-PFSS-R,13,HEALTH CUBE MEDICAL CLINIC,"241 SHAW BLVD. COR. M. YULO ST. BRGY. BAGONG SILANG, MANDALUYONG CITY",Mandaluyong city,86521111/ +639167344335,"SUSANA P. QUIAOIT, MD",justinemay.noguera@gmail.com,justinemay.noguera@gmail.com,5005659/ 5003235,1,4,5,WITHOUT CONCERN,,PASSED,Highly Satisfactory,SDTL-PT-22-130122,HS
17,13-0075-22-PIBS-R,13,"HEALTH DELIVERY SYSTEM,INC-CUBAO","UNIT 322-323 3F,SPARK PLACE,P TUAZON BLVD BRGY SOCORRO CUBAO,QUEZON CITY",QUEZON CITY,09672210693/8634-5714,"LIM,RODELIO DOMINGO",cubaobranch@healthfirst.com.ph,cubaobranch@healthfirst.com.ph,5061877,1,4,5,WITHOUT CONCERN,,PASSED,Highly Satisfactory,SDTL-PT-22-130123,HS
17,13-0075-22-PIBS-R,13,"HEALTH DELIVERY SYSTEM,INC-MANDALUYONG","UNIT L2 & L3 SOHO CENTRAL,GREENFIELD DISTRICT,HIGHWAY HILLS,MANDALUYONG CITY",MANDALUYONG,09175968937/8634-5714 LOC 6742,"LIM,RODELIO DOMINGO",laboratory@healthfirst.com.ph,laboratory@healthfirst.com.ph,5061876,1,0,1,WITHOUT CONCERN,,PASSED,Excellent,SDTL-PT-22-130124,E
17,13-1135-21-PIBS-R,13,HEALTH GUARD DIAGNOSTIC LABORATORY AND MEDICAL SERVICES,"55 KARUHATAN ROAD, KARUHATAN, VALENZUELA CITY",karuhatan,09178172153/ 8-294-4565,"EXALTACION A. CARINGAL, MD, FPSP",healthguarddiagnosticlaboratory@yahoo.com,healthguarddiagnosticlaboratory@yahoo.com,5003526,0,2,2,WITHOUT CONCERN,,PASSED,Excellent,SDTL-PT-22-130125,E
17,13-0035-18-PIBS-R,13,HEALTH METRICS INC ,"1157 DON CHINO ROCES AVE SAN ANTONIO VILLAGE , MAKATI CITY",Makati city ,9178519564,"GRACE C. KING, MD",Coro@healthmetrics.com.ph ,Coro@healthmetrics.com.ph ,5024319,1,5,6,WITHOUT CONCERN,,PASSED,Acceptable,SDTL-PT-22-130126,A
17,13-1333-21-PIB -R,13,HEALTH METRICS INC.-PASAY,"4TH FLOOR , TWO E-COM BUILDING, PRISM PLAZA, MOA COMPLEX, PASAY CITY",PASAY CITY,8805-8032,"FRANK GERALD C. PAGDUNZULAN, MD, FPSP",hmi.moa.laboratory@healthmetrics.com.ph,hmi.moa.laboratory@healthmetrics.com.ph,5026224,1,5,6,WITHOUT CONCERN,,PASSED,Acceptable,SDTL-PT-22-130127,A
17,13-0834-21-PIBS-R,13,HEALTH QUEST DIAG. LAB. & MULTI-SPECIALTY CLINIC INC.,"11 A&B TOLENTINO ST. COR DEL MONTE AVE. BRGY. DAMAYAN, QUEZON CITY",QUEZON CITY,02-709-3588/ 0917 121 9899,"REYNALDO, G. TORRES, MD",healthquestlab@hotmail.com,healthquestlab@hotmail.com,5003717,0,5,5,WITHOUT CONCERN,,PASSED,Highly Satisfactory,SDTL-PT-22-130128,HS
17,13-0111-21-PIBS-R,13,"HEALTH STAT DIAGNOSTIC AND MEDICAL CLINIC, CO.","4 ADV BLDG. J.P. LAUREL ST. SAN ROQUE, MARIKINA CITY",MARIKINA CITY,09175394484 / 09214420106,"NOEL C. SANTOS, MD, FPSP",healthstatlab2015@gmail.com,healthstatlab2015@gmail.com,5006077,3,3,6,WITHOUT CONCERN,,PASSED,Acceptable,SDTL-PT-22-130129,A
17,13-1439-21-PFSS-R,13,HEALTH TRENDS MEDICAL CLINIC AND DIAGNOSTIC CENTER,"LIFESTYLE SECTION, HOBBIES OF ASIA #8 DIOSDADO MACAPAGAL AVE PASAY CITY ",PASAY CITY ,09175516858 / 85561270,"SILVA,AZEUS OBA",info@healthtrendsclinic.com,info@healthtrendsclinic.com,5066481,1,1,2,WITHOUT CONCERN,,PASSED,Excellent,SDTL-PT-22-130130,E
17,13-0410-21-PIBS-R,13,HEALTH VENUE MULTI-SPECIALTY CLINIC AND DIAGNOSTIC CENTER,"16-B 3RD AVE. COR. SOUTH ROAD, BAGONG LIPUNAN NG CRAME, QUEZON CITY",QUEZON CITY,83506541/ 09178521290,OLGA M. BAUSA MD,healthvenue2011@gmail.com,healthvenue2011@gmail.com,5004020,0,4,4,WITHOUT CONCERN,,PASSED,Highly Satisfactory,SDTL-PT-22-130131,HS
17,13-XXXX-XX-XXXX-X,13,HEALTHBRIDGE MEDICAL SERVICES INC. ,"G/F A&N BLDG. 9694 KAMAGONG ST. BRGY. SAN ANTONIO, MAKATI CITY METRO MANILA ",MAKATI CITY ,09278810754 / 84787136,PAULO ANTONIO CLEMENTE ,healthbridgelab@gmail.com ,healthbridgelab@gmail.com ,5066518,2,5,7,WITHOUT CONCERN,,PASSED,Acceptable,SDTL-PT-22-130132,A
17,13-0779-21-PFSS-R,13,HEALTHLAB AND MEDICAL SERVICES,"UNIT 1601 MEDICAL PLAZA MAKATI BLDG. AMORSOLO COR DELA ROSA, LEGASPI VILLAGE, MAKATI CITY",MAKATI,09328872069; 88443703; 88671140,"NEILA A. CEJUDO, MD",healthlabinc@gmail.com,healthlabinc@gmail.com,5019809,0,5,5,WITHOUT CONCERN,,PASSED,Highly Satisfactory,SDTL-PT-22-130133,HS
17,13-0188-22-PIBS-R,13,HEALTHLOCK MEDICAL DENTAL DIAGNOSTIC SERVICES,"UNIT D TRIPLE K BLDG. #187 M. CONCEPCION ST., SAN JOAQUIN, PASIG CITY",SAN JOAQUIN,09266377967/09277401890,"FREDERICK R. LLANERA, MD",healthlock.healthservices@gmail.com,healthlock.healthservices@gmail.com,5072258,1,3,4,WITHOUT CONCERN,,PASSED,Highly Satisfactory,SDTL-PT-22-130134,HS
17,13-0021-21-PIBS-R,13,"HEALTHPLUS DIAGNOSTIC CLINIC, INC.","4TH FLOOR SOLEMIL BLDG. 1248 J.BOCOBO ST., COR. PADRE FAURA ST. ERMITA BRGY 669, MANILA CITY",MANILA,09474051592/ (2) 8 562-71-01 LOC. 104,"OLGA M. BAUSA, MD",laboratory@hpdci.com,laboratory@hpdci.com,5004974,2,2,4,WITHOUT CONCERN,,PASSED,Highly Satisfactory,SDTL-PT-22-130135,HS
17,13-1005-21-PIBS-R,13,HEALTHRIGHT INC.,"UNIT 1-9, 2F WILCON CITY CENTER, 121 VISAYAS AVENUE, BAHAY TORO, QUEZON CITY",QUEZON CITY,82776995/82776962/ 09274650350,"ROSALINDA COSMOS R. BENITEZ, MD",laboratory.healthright@gmail.com,laboratory.healthright@gmail.com,5002849,1,4,5,WITHOUT CONCERN,,PASSED,Highly Satisfactory,SDTL-PT-22-130136,HS
17,13-1438-21-PIBS-R,13,HEALTHUB DIAGNOSTIC AND MEDICAL CLINIC,"UNIT 109 SUNRISE CONDOMINIUM 226 ORTIGAS AVE, GREENHILL SAN JUAN CITY",SAN JUAN,09082864165/82533098,MINNIE JANE ABALOS PINEDA,healthhub_03@yahoo.com,healthhub_03@yahoo.com,5070595,3,0,3,WITHOUT CONCERN,,PASSED,Highly Satisfactory,SDTL-PT-22-130137,HS
17,13-1391-21-PIBS-R,13,HEALTHWAY MEDICAL CLINIC-ALABANG TOWN CENTER,"2/FLOOR ALABANG TOWN CENTER ALABANG ZAPOTE ROAD ALABANG, MUNTINLUPA CITY",Muntinlupa,7206102/ 09166660051/ 09178902449,MA. TERESA A. BARZAGA,atc.lab@healthway.com.ph,atc.lab@healthway.com.ph,5004957,0,5,5,WITHOUT CONCERN,,PASSED,Highly Satisfactory,SDTL-PT-22-130138,HS
17,13-0871-19-PIBS-R,13,HEALTHWELL DIAGNOSTIC CLINIC ,"501 MRS BLDG 1431 A MABINI ST ERMITA, MANILA CITY",MANILA,53136576/ 09989756936,MARLENE S. ONTOG,info@healthwellclinic.net,info@healthwellclinic.net,4946745,2,2,4,WITHOUT CONCERN,,PASSED,Highly Satisfactory,SDTL-PT-22-130139,HS
17,13-0085-22-PIBS-R,13,HEARTLAND MEDICAL AND DIAGNOSTIC CENTER,"1853 LEON GUINTO ST. MALATE, MANILA CITY (NEAR SALVATION ARMY, BETWEEN J. NAKPIL ST AND REMEDIOS ST.)",MANILA,09085265186/8371-1688,"DEFENSOR, DARIO DALISAY",heartland.medical@yahoo.com,heartland.medical@yahoo.com,5050014,1,4,5,WITHOUT CONCERN,,PASSED,Highly Satisfactory,SDTL-PT-22-130140,HS
17,13-0422123-PFFS-R,13,HEARTWELL MEDICAL AND DIAGNOSTIC CENTER CO.,"UNIT 402 STANISO TOWER 999 PEDRO GIL COR. AGONCILLO ERMITA,MANILA CITY",MANILA,09688515461/02 8573-2781,"TRIA,EDITH S.",heartwellmed@gmail.com,heartwellmed@gmail.com,5054737,1,1,2,WITHOUT CONCERN,,PASSED,Excellent,SDTL-PT-22-130141,E
17,13-0475-18-PIBS-R,13,"HELAL MEDICAL LABORATORY, PHARMACY AND DIAGNOSTIC TRADING","1679 VAREB MANSION 205  COR MALVAR MALATE, MANILA CITY",Manila,7621-60-27/  09218256297/ 09276216027,"VENERACION PACIS-MUNAR, MD", helalmedicallab.marketing@gmail.com, helalmedicallab.marketing@gmail.com,5003267,0,2,2,WITHOUT CONCERN,,PASSED,Excellent,SDTL-PT-22-130142,E
17,13-1088-22-PIBS-R,13,HI-PRECISION DIAGNOSTIC CENTER INC.-KALAW,638 SAN LUIS TERRACES TM KALAW ST MANILA CITY,MANILA,0933193852/404-1441 LOC 111,"BAUTISTA-CAPINIG,IRMA GRACE",hpkalaw.lab@hi-precision.com.ph,hpkalaw.lab@hi-precision.com.ph,5058300,0,4,4,WITHOUT CONCERN,,PASSED,Highly Satisfactory,SDTL-PT-22-130143,HS
17,13-1070-22-PIBS-R,13,HI-PRECISION DIAGNOSTICS - COMMONWEALTH BRANCH,"2/F CPE MULTI-RESOURCES INC. BLDG. EAST FAIRVIEW, COMMONWEALTH AVENUE, QUEZON CITY, METRO MANILA",QUEZON CITY,09052891151/8273-0874/8283-0928 LOC. 108/09399043463,"EVETTE LILYBELLE A. DEMAISIP, MD, FPSP",hpcommonwealth.lab@hi-precision.com.ph,hpcommonwealth.lab@hi-precision.com.ph,5058445,1,4,5,WITHOUT CONCERN,,PASSED,Highly Satisfactory,SDTL-PT-22-130144,HS
17,13-XXXX-XX-XXXX-X,13,HI-PRECISION DIAGNOSTICS - LACSON,"MEZZANINE & 2ND FLOOR PACIFIC SKYLOFT BLDG. 1160 GOVERNOR FORBES LACSON AVE., SAMPALOC, MANILA",SAMPALOC,09338690035/(02)8406-0261/09177256425,"MARIA LOURDES PINEDA SANTOS, MD",hplacson.lab@hi-precision.com.ph,hplacson.lab@hi-precision.com.ph,5058449,0,5,5,WITHOUT CONCERN,,PASSED,Highly Satisfactory,SDTL-PT-22-130145,HS
17,13-1086-22-PIBS-R,13,HI-PRECISION DIAGNOSTICS - LAS PINAS,"LOT 2 D-1 TO 3, ALABANG-ZAPOTE ROAD, TALON DOS, LAS PINAS CITY, METRO MANILA",Las Piñas City,09178140530/09338193854/(02)88006818 loc 124/09178337726,"PAULO ANTONIO E. CLEMENTE, MD, DPSP",hplp.lab@hi-precision.com.ph,hplp.lab@hi-precision.com.ph,5058425,2,5,7,WITHOUT CONCERN,,PASSED,Acceptable,SDTL-PT-22-130146,A
17,13-1239-22-PFSS-R,13,HI-PRECISION DIAGNOSTICS - MALABON BRANCH,"1/F - L12A FISHERMALL MALABON, LOT 2-10, BLK 8, PH3 E-2, LONGOS DISTRICT 2, MALABON CITY",MALABON CITY,09178293164/09209775938/09209739859,"MARICEL R. RIBO, MD",hpmalabon.lab@hi-precision.com.ph,hpmalabon.lab@hi-precision.com.ph,5058380,1,2,3,WITHOUT CONCERN,,PASSED,Highly Satisfactory,SDTL-PT-22-130147,HS
17,13-0028-22-CL-2,13,HI-PRECISION DIAGNOSTICS - PASIG BRANCH,"102-202 ARMAL BLDG. II F. LEGASPI ST. COR. C. RAYMUNDO AVE, MAYBUNGA, PASIG CITY",PASIG,0933-8193850/628-3277 LOC. 102,"PEDRITO YABUT TAGAYUNA, MD",hppasig.lab@hi-precision.com.ph,hppasig.lab@hi-precision.com.ph,5058439,1,5,6,WITHOUT CONCERN,,PASSED,Acceptable,SDTL-PT-22-130148,A
17,13-1241-22-PFSS-R,13,HI-PRECISION DIAGNOSTICS - STA. ANA BRANCH,"G/F RIVERGREEN RESIDENCES, 2217 PEDRO GIL ST. BRGY.880, ZONE 97, STA. ANA, MANILA CITY",STA. ANA,09989672274/8661-6244 LOC. 1003/09209739859,"MARICEL R. RIBO, MD",hpstaana.lab@hi-precision.com.ph,hpstaana.lab@hi-precision.com.ph,5058414,0,4,4,WITHOUT CONCERN,,PASSED,Highly Satisfactory,SDTL-PT-22-130149,HS
17,13-1087-22-PIBS-R,13,HI-PRECISION DIAGNOSTICS - SUCAT BRANCH,"UNIT A-4B JAKA PLAZA MALL, 8288 DR. A. SANTOS AVENUE, PARAÑAQUE CITY, METRO MANILA",PARANAQUE CITY,09338193855/(02)7744887/8363431/09226970629,"MONINA C. MONTENEGRO, MD, FPSP",hpsucat.lab@hi-precision.com.ph,hpsucat.lab@hi-precision.com.ph,5058426,1,5,6,WITHOUT CONCERN,,PASSED,Acceptable,SDTL-PT-22-130150,A
17,13-1084-22-PIBS-R,13,HI-PRECISION DIAGNOSTICS - TAFT,"1850 TAFT AVE. BRGY. 693, MALATE, MANILA CITY",MANILA,09338690041/84050039/8236-3280,"IRMA GRACE B. CAPINIG, MD",hptaft.lab@hi-precision.com.ph,hptaft.lab@hi-precision.com.ph,5058450,1,4,5,WITHOUT CONCERN,,PASSED,Highly Satisfactory,SDTL-PT-22-130151,HS
17,13-XXXX-XX-XXXX-X,13,HI-PRECISION DIAGNOSTICS - V.LUNA BRANCH,"G/F GARPAS TOWER NO. 31-B V. LUNA AVENUE, BRGY. PINYAHAN, QUEZON CITY, METRO MANILA",QUEZON CITY,09176566623/09338193799/34338637/09399043463,"EVETTE LILYBELLE A. DEMAISIP, MD, FPSP",hpvluna.lab@hi-precision.com.ph,hpvluna.lab@hi-precision.com.ph,5058440,1,5,6,WITHOUT CONCERN,,PASSED,Acceptable,SDTL-PT-22-130152,A
17,13-1074-22-PIBS-R,13,HI-PRECISION DIAGNOSTICS - VALENZUELA,"UNITS 3 AND 4 ARCA NORTH COMPOUND, 286 MACARTHUR HI-WAY, KARUHATAN, VALENZUELA CITY, METRO MANILA",VALENZUELA CITY,09338193866/09176567012/82363280/82829141,"IRMA GRACE B. BAUTISTA-CAPINIG, MD",hpvalenzuela.lab@hi-precision.com.ph,hpvalenzuela.lab@hi-precision.com.ph,5058444,1,3,4,WITHOUT CONCERN,,PASSED,Highly Satisfactory,SDTL-PT-22-130153,HS
17,13-0365-19-PIBS-R,13,HI-PRECISION DIAGNOSTICS DEL MONTE,"440-442 W.LONG BUILDING, DEL MONTE AVENUE, CORNER BIAK-NA-BATO STREET, QUEZON CITY, METRO MANILA",QUezon City,09176348501/84717777/863-9999/09178898656,"OSCAR DIZON NG, MD",hpdelmonte.lab@hi-precision.com.ph,hpdelmonte.lab@hi-precision.com.ph,5058415,0,5,5,WITHOUT CONCERN,,PASSED,Highly Satisfactory,SDTL-PT-22-130154,HS
17,13-1075-22-PIBS-R,13,HI-PRECISION DIAGNOSTICS EAST AVENUE BRANCH,"18 EAST AVENUE, COR. V.LUNA BARANGAY PINYAHAN DILIMAN, QUEZON CITY",QUEZON CITY,09338193853/09175782198/09399043463,"EVETTE LILYBELLE ALOJADO DEMAISIP, MD",hpeastave.lab@hi-precision.com.ph,hpeastave.lab@hi-precision.com.ph,5058436,2,5,7,WITHOUT CONCERN,,PASSED,Acceptable,SDTL-PT-22-130155,A
17,13-1066-22-PIBS-R,13,HI-PRECISION DIAGNOSTICS MARIKINA BRANCH,"2/F AVISHA CENTER, 94 MAYOR GIL. FERNANDO ST. COR. MT. VERNON ST. STA ELENA, MARIKINA CITY, METRO MANILA",MARIKINA CITY,09431435009/09177163833/ 9 840 30 593/ 09209222722,"SIERRA ROMA SALAZAR HERNANDEZ, MD",hpmarikina.lab@hi-precision.com.ph,hpmarikina.lab@hi-precision.com.ph,5058412,0,5,5,WITHOUT CONCERN,,PASSED,Highly Satisfactory,SDTL-PT-22-130156,HS
17,13-0383-20-PIBS-R,13,HI-PRECISION DIAGNOSTICS PIONEER,"8006 PIONEER CENTER CORNER UNITED AND BRIXTON STREETS BARANGAY KAPITOLYO, PASIG CITY",PASIG ,09176594671/09178569010,"IRMA GRACE BAUTISTA CAPINIG, MD",hppioneer.lab@hi-precision.com.ph,hppioneer.lab@hi-precision.com.ph,5058441,1,5,6,WITHOUT CONCERN,,PASSED,Acceptable,SDTL-PT-22-130157,A
17,13-1240-22-PFSS-R,13,HI-PRECISION DIAGNOSTICS PLUS,"11, NORKIS BLDG. CALBAYOG ST. COR DM GUEVARRA ST., MANDALUYONG CITY",MANDALUYONG CITY,09178327313/(02)8659-5613/09178569010,"IRMA GRACE B. BAUTISTA-CAPINIG,MD",hpmandaluyong.lab@hi-precision.com.ph,hpmandaluyong.lab@hi-precision.com.ph,5058381,1,4,5,WITHOUT CONCERN,,PASSED,Highly Satisfactory,SDTL-PT-22-130158,HS
17,13-XXXX-XX-XXXX-X,13,HI-PRECISION DIAGNOSTICS PLUS - ALABANG,"UNIT 1,2,3 &4 AA CORPORATE PLAZA, CIVIC DRIVE, FILINVEST CITY, ALABANG, MUNTINLUPA CITY, METRO MANILA","ALABANG, MUNTINLUPA CITY",09338690057/(02)8005967/09178227109,"MONINA C. MONTENEGRO, MD, FPSP",hpalabanglab@hiprecision.com.ph,hpalabanglab@hiprecision.com.ph,5058777,0,4,4,WITHOUT CONCERN,,PASSED,Highly Satisfactory,SDTL-PT-22-130159,HS
17,13-XXXX-XX-XXXX-X,13,HI-PRECISION DIAGNOSTICS PLUS - BF HOMES,"64 AGUIRRE AVENUE, PARANAQUE CITY",PARANAQUE CITY,09338231118/(02)8834-1295/(02)8834-1289/09178337726,"PAULO ANTONIO E. CLEMENTE, MD",hpbfhomes.lab@hi-precision.com.ph,hpbfhomes.lab@hi-precision.com.ph,5058429,1,3,4,WITHOUT CONCERN,,PASSED,Highly Satisfactory,SDTL-PT-22-130160,HS
17,13-XXXX-XX-XXXX-X,13,HI-PRECISION DIAGNOSTICS PLUS - SAN JUAN BRANCH,"UNIT G01, G02 & M01 TNA BLDG. 17 J. ABAD SANTOS LITTLE BAGUIO SAN JUAN CITY",SAN JUAN CITY,09151591038/8871-6406 LOC. 116,"IRMA GRACE BAUTISTA - CAPINIG, MD, FPSP",hpsanjuan.lab@hi-precision.com.ph,hpsanjuan.lab@hi-precision.com.ph,5058447,1,2,3,WITHOUT CONCERN,,PASSED,Highly Satisfactory,SDTL-PT-22-130161,HS
17,13-1079-22-PIBS-R,13,HI-PRECISION DIAGNOSTICS PLUS - SM AURA,"364-365 LEVEL 3 SM AURA PREMIER, MCKINLEY PARKWAY, BONIFACIO GLOBAL CITY, TAGUIG CITY, METRO MANILA",TAGUIG CITY,09177143942/02-8294-0015/09209610407,"PEDRITO YABOT TAGAYUNA, MD",hpaura.lab@hi-precision.com.ph,hpaura.lab@hi-precision.com.ph,5058379,1,4,5,WITHOUT CONCERN,,PASSED,Highly Satisfactory,SDTL-PT-22-130162,HS
17,13-1072-22-PIBS-R,13,HI-PRECISION DIAGNOSTICS PLUS - THE FORT BRANCH,"3RD FLOOR COMMERCENTER BUILDING, 31ST STREET CORNER 4TH AVENUE BGC, TAGUIG CITY",TAGUIG,09338259504/09176336071/8550-1735/8552-3310/09178837269,"FRANCIS G. MORIA, MD",hpfort.lab@hi-precision.com.ph,hpfort.lab@hi-precision.com.ph,5058442,0,3,3,WITHOUT CONCERN,,PASSED,Highly Satisfactory,SDTL-PT-22-130163,HS
17,13-1422-21-PFSS-I,13,HI-PRECISION DIAGNOSTICS PLUS AYALA,"UNIT 3 GF SHOPS AT AYALA NORTH EXCHANGE, BPO TOWER AYALA AVE. COR. SALCEDO ST., MAKATI CITY",MAKATI,09176374849/89830325/88639999 LOC. 138/232/09178837269,"FRANCIS G. MORIA, MD",hpayala.lab@hi-precision.com.ph,hpayala.lab@hi-precision.com.ph,5058378,0,5,5,WITHOUT CONCERN,,PASSED,Highly Satisfactory,SDTL-PT-22-130164,HS
17,13-1067-22-PIBS-R,13,HI-PRECISION DIAGNOSTICS PLUS ORTIGAS,"UNIT G20-23 ORTIGAS TECHNOPOINT ONE, DOÑA JULIA VARGAS AVE., PASIG CITY",PASIG CITY,09177088948/09663384499/8633-7931 LOC. 107/09175771197,"MARIA LOURDES P. SANTOS, MD, FPSP",hportigas.lab@hi-precision.com.ph,hportigas.lab@hi-precision.com.ph,5058446,0,5,5,WITHOUT CONCERN,,PASSED,Highly Satisfactory,SDTL-PT-22-130165,HS
17,13-0065-22-CL-2,13,HI-PRECISION DIAGNOSTICS PLUS-VERTIS NORTH,"LEVEL 3 R3-L3 - 034 AYALA MALLS VERTIS NORTH, PHASE 1&2 (LANDMARK: UNIQLO), QUEZON CITY",QUEZON CITY,09177071955/241-8957/09209739859,"MARICEL REGINO RIBO, MD",hpvertis.lab@hi-precision.com.ph,hpvertis.lab@hi-precision.com.ph,5058376,0,5,5,WITHOUT CONCERN,,PASSED,Highly Satisfactory,SDTL-PT-22-130166,HS
17,13-1601-22-PFSS-I,13,"HI-PRECISION DIAGNOSTICS, INC.","722 N.S. AMORANTO SR. AVE. BRGY. STO. DOMINGO, QUEZON CITY, METRO MANILA",QUEZON CITY,09177089051/(8)7113380/09478907925,"SOCORRO C. YANEZ, MD",hpretiro.lab@hi-precision.com.ph,hpretiro.lab@hi-precision.com.ph,5058237,1,5,6,WITHOUT CONCERN,,PASSED,Acceptable,SDTL-PT-22-130167,A
17,13-1082-22-PIBS-R,13,HI-PRECISION PLUS DIAGNOSTICS INC. KATIPUNAN BRANCH,"LG/F THE ARTON  STRIP KATIPUNAN AVE. COR HIGHLAND DRIVE, BLUERIDGE A, QUEZON CITY",QUEZON CITY,09177113512/09431280187/09175771147,"MARIA LOURDES PINEDA, SANTOS, MD",hpkatipunan.lab@hi-precision.com.ph,hpkatipunan.lab@hi-precision.com.ph,5058413,0,3,3,WITHOUT CONCERN,,PASSED,Highly Satisfactory,SDTL-PT-22-130168,HS
17,13-0178-20-PIBS-R,13,HMC  INC.,"2ND FLOOR PIXIE FOREST ENTRANCE, FESTIVAL SUPERMALL, FILINVEST, ALABANG CITY",ALABANG ,9178558100/ 09178902449,"MA. TERESA A. BARZAGA, MD. FPSP",fm.lab@healthway.com.ph,fm.lab@healthway.com.ph,5004958,0,5,5,WITHOUT CONCERN,,PASSED,Highly Satisfactory,SDTL-PT-22-130169,HS
17,13-1393-21-PIBS-R,13,HMC  INC. (SHANGRI-LA PLAZA),"5TH LEVEL, WELLNESS ZONE, SHANGRILA PLAZA MALL, BRGY WACK WACK GREEN HILLS, MANDALUYONG CITY",MANDALUYONG,77206119/09178479724,"MA. TERESA A. BARZAGA, MD. FPSP",medlab@healthway.com.ph,medlab@healthway.com.ph,5004955,0,4,4,WITHOUT CONCERN,,PASSED,Highly Satisfactory,SDTL-PT-22-130170,HS
17,13-1392-20-PIBS-R,13,"HMC, INC.","4TH LEVEL, GREENBELT 5, AYALA CENTER, SAN LORENZO, MAKATI CITY",MAKATI CITY,77206109/ 09178746084,"MA. TERESA A. BARZAGA, MD",gb.lab@healthway.com.ph,gb.lab@healthway.com.ph,5004960,1,1,2,WITHOUT CONCERN,,PASSED,Excellent,SDTL-PT-22-130171,E
17,13-1394-21-PIBS-R,13,"HMC,INC.","5TH LEVEL, THE BLOCK, SM CITY NORTH EDSA, QUEZON CITY",QUEZON CITY,09178078380/ 7206107/ 09209227612,"ARTURO C. LOPEZ JR, MD, FPSP",sm.lab@healthway.com.ph,sm.lab@healthway.com.ph,5004959,1,4,5,WITHOUT CONCERN,,PASSED,Highly Satisfactory,SDTL-PT-22-130172,HS
17,13-1389-21-PIBS-R,13,"HMC,INC. (HEALTHWAY MEDICAL CLINIC - MANILA)","G/F 8 ADRIATICO TOWER PADRE FAURA CORNER J. BOCOBO ST. ERMITA, MANILA CITY",MANILA,7720-6612/09178479722,"MA. TERESA A. BARZAGA, MD",rm.lab@healthway.com.ph,rm.lab@healthway.com.ph,5004954,0,4,4,WITHOUT CONCERN,,PASSED,Highly Satisfactory,SDTL-PT-22-130173,HS
17,13-1387-21-PIBS-R,13,HMC.INC (MARKET-MARKET),"4TH LEVEL, MARKET-MARKET, BONIFACIO GLOBAL CITY, TAGUIG CITY",TAGUIG CITY,77206114 LOC. 5014/ 09178078386/ 09088203549,"MA. TERESA A. BARZAGA, MD",mm.lab@healthway.com.ph,mm.lab@healthway.com.ph,5004956,3,2,5,WITHOUT CONCERN,,PASSED,Highly Satisfactory,SDTL-PT-22-130174,HS
17,13-0236-21-PIBS-R,13,"HMICARE, INC","HMI CORPORATE CENTER, 1152 CHINO ROCES AVENUE, SAN ANTONIO VILLAGE, MAKATI CITY",MAKATI CITY,0288111313 LOC. 203; 09178250564,"ALMUHAIMAN M. USMAN, MD, DPSP",kaye.dumagay@hmi.com.ph,kaye.dumagay@hmi.com.ph,5012497,1,5,6,WITHOUT CONCERN,,PASSED,Acceptable,SDTL-PT-22-130175,A
17,13-0330-21-PIBS-R,13,HOPE LOVE FAITH MEDICAL CLINIC AND LABORATORY INC.,"35-C WILLIAM BUILDING QUEZON AVENUE, BARANGAY LOURDES, QUEZON CITY",QUEZON CITY,09189250620/8711-2455,VENERACION PACIS MUNAR,hlf_laboratory@yahoo.com,hlf_laboratory@yahoo.com,5068597,1,5,6,WITHOUT CONCERN,,PASSED,Acceptable,SDTL-PT-22-130176,A
17,13-1040-21-PIBS-R,13,IMS WELLTHCARE INC. MEDICAL CLINIC,"NO. 49 NATIONAL RD. PUTUTAN, MUNTINLUPA CITY",MUNTINLUPA,88389976/ 09661602405,"KAREN B. DAMIAN, MD",imswellthcare@gmail.com,imswellthcare@gmail.com,5004002,2,5,7,WITHOUT CONCERN,,PASSED,Acceptable,SDTL-PT-22-130177,A
17,13-0411-21-PFSS-R,13,INB DRUGTESTING CENTER,"RM. 304 3RD FLOOR, ARRHELYN BLDG. MAYSAN ROAD, MALINTA, VALENZUELA CITY",Valenzuela City,89520512/ 09175110522,"EXALTACION A. CARINGAL, MD",isidrosalvatierra@gmail.com,isidrosalvatierra@gmail.com,5006985,1,1,2,WITHOUT CONCERN,,PASSED,Excellent,SDTL-PT-22-130178,E
17,13-0073-20-PIBS-R,13,INTEGRITY DIAGNOSTIC CENTER,"#6 12TH AVENUE, MURPHY, CUBAO, QUEZON CITY",QUEZON CITY,09955710851/8912-1588 LOCAL 7005,"GABRIEL CRUZ, MD, FPSP",integrity_lab@yahoo.com,integrity_lab@yahoo.com,5054467,1,5,6,WITHOUT CONCERN,,PASSED,Acceptable,SDTL-PT-22-130179,A
17,13-0093-22-PIBS-R,13,INTER-INDUSTRIAL PHYSICIAN MEDICAL SERVICES INC. ,NUESTRA SEÑORA DELA PAZ ST. SAN ANTONIO VALLEY 1 SUCAT ,PARANAQUE CITY,09173217401 / 85462355,"EDNA MAY L. GO, MD, FPSP",iipmsi_main@yahoo.com,iipmsi_main@yahoo.com,5070573,0,4,4,WITHOUT CONCERN,,PASSED,Highly Satisfactory,SDTL-PT-22-130180,HS
17,13-0924-21-PIBS-R,13,INTERNATIONAL HEALTH SCREENING CORPORATION,"401-402 FLOOR, 2100 ALTOHA BLDG. MADRE IGNACIA ST., MALATE, MANILA CITY","Malate, Manila",09175982827 / 5310-1508,"EXALTATION A. CARINGAL, MD",ihscphilippines@yahoo.co.uk,ihscphilippines@yahoo.co.uk,5003880,0,5,5,WITHOUT CONCERN,,PASSED,Highly Satisfactory,SDTL-PT-22-130181,HS
17,13-1670-21-PIBS-I,13,IPPOKRATIS DIAGNOSTIC SERVICES CENTER INC,"2ND &3RD FLR. DE LEON CENTER BLDG. 115 M.H. DEL PILAR COR NUESTRA SENORA DE GUIA ST. ERMITA, MANILA CITY",MANILA,09228384330/53048200/53048203/09088953385,"EDITH S. TRIA MD, FPSP",wengbondoc214@gmail.com / idsclabdept@gmail.com,wengbondoc214@gmail.com / idsclabdept@gmail.com,5003549,2,2,4,WITHOUT CONCERN,,PASSED,Highly Satisfactory,SDTL-PT-22-130182,HS
17,13-0112-20-PFSS-R,13,"JAGB DRUG TESTING CENTER, INC.","UNIT 118, ROBINSONS NOVALICHES, QUIRINO HI-WAY, BRGY. PASONG PUTIK, NOVALICHES, QUEZON CITY",QUEZON CITY,83727776 / 09171230325/ 09171598827,"RICHARD A. FRANCISCO, MD",tots_maranan@yahoo.com,tots_maranan@yahoo.com,5004016,1,4,5,WITHOUT CONCERN,,PASSED,Highly Satisfactory,SDTL-PT-22-130183,HS
17,13-0325-19-PIBS-R,13,JAR MEDICAL NETWORKERS AND MOBILE DIAGNOSTIC SERVICES,"UNIT 207  2ND FLR. RESIDENCIAL  BLDG. KALAYAAN AVE. CENTRAL, QUEZON CITY",QUEZON CITY,8518-6371/ 09457548085,"LUIS RAMON V. RODRIGUEZ, MD",allan.jarmednet@gmail.com,allan.jarmednet@gmail.com,5003233,1,4,5,WITHOUT CONCERN,,PASSED,Highly Satisfactory,SDTL-PT-22-130184,HS
17,13-1282-21-PIBS-R,13,JED DIAGNOSTIC CENTER,"3RD FLR. GODINO BLDG. 350 A.VILLEGAS ST.ERMITA, MANILA CITY",MANILA,09175055743/ 85225086/ 09228195877,"EDITH S. TRIA, MD",jeddiagnostic_center@yahoo.com,jeddiagnostic_center@yahoo.com,5007776,1,1,2,WITHOUT CONCERN,,PASSED,Excellent,SDTL-PT-22-130185,E
17,13-0587-21-PIBS-R,13,JED'S CLINICAL LABORATORY,"BLK1 LOT3 SAINT FRANCIS ST. MRT AVE, CENTRAL SIGNAL, TAGUIG CITY",Taguig,9286663023,"PEDRITO Y. TAGAYUNA, MD",jedsclinlab@gmail.com,jedsclinlab@gmail.com,5019597,3,0,3,WITHOUT CONCERN,,PASSED,Highly Satisfactory,SDTL-PT-22-130186,HS
17,13-0105-22-PIBS-R ,13,JESUS CARESS DIAGNOSTIC LABORATORY ,"RM 8 & 9 ALSAN BLDG KM 17 MC ARTHUR HI-WAY MALANDAY, VALENZUELA CITY",VALENZUELA,09294379679 / 84784688,FREDERICK R. LLANERA ,jesuscares2k19@yahoo.com ,jesuscares2k19@yahoo.com ,5065305,0,5,5,WITHOUT CONCERN,,PASSED,Highly Satisfactory,SDTL-PT-22-130187,HS
17,13-0106-22-PIBS-R,13,JL QUALITY CLINICAL LABORATORY CO.,"95-B EDSA GUADALUPE NUEVO, MAKATI CITY, METRO MANILA",MAKATI CITY,09275535576/77528546,EXALTACION ALMIRANEZ CARINGAL,jlqualityclinlab@yahoo.com,jlqualityclinlab@yahoo.com,5071683,0,5,5,WITHOUT CONCERN,,PASSED,Highly Satisfactory,SDTL-PT-22-130188,HS
17,13-0192-20-PIBS-R,13,JOSE L. GUTIERREZ CLINIC,"3F UNITS 4, 5 & 6 UNIVERSITY MALL TAFT AVENUE, MALATE MANILA CITY","MALATE, MANILA",8523-25-70/ 09198062641,"ROBERTO D. PADUA, MD",medtech@jlgclinic.com,medtech@jlgclinic.com,5004160,3,0,3,WITHOUT CONCERN,,PASSED,Highly Satisfactory,SDTL-PT-22-130189,HS
17,13-0900-21-PIBS-R,13,K LINE CLINIC,"8TH FLOOR OCEAN BREEZE BLDG, CORAL WAY DRIVE CENTRAL BUSINESS PARK 1, PASAY CITY",Pasay City,556-2956 loc 405,"DEXTER A. LEDESMA, MD, DPSP",leizelsalmamon@gmail.com ,leizelsalmamon@gmail.com ,5004371,1,5,6,WITHOUT CONCERN,,PASSED,Acceptable,SDTL-PT-22-130190,A
17,13-1089-21-PIBS-R,13,KAISER MEDICAL CENTER-MAKATI BRANCH,"G/F KING'S COURT 1 BLDG. 2129 DON CHINO ROCES AVENUE, BARANGAY, PIO DEL PILAR,  MAKATI CITY, METRO MANILA ",MAKATI CITY ,(02)8804-9988/ 09175773886,"RODRIGO C. RODRIGO, MD, FPSP",laboratorykaiser@gmail.com,laboratorykaiser@gmail.com,5003518,0,5,5,WITHOUT CONCERN,,PASSED,Highly Satisfactory,SDTL-PT-22-130191,HS
17,13-1646-21-PIBS-R,13,KAISER MEDICAL CENTER INC. ROBINSONS GALLERIA,"UNIT 01487 2ND LEVEL EDSA WING, QUEZON CITY",Quezon City,09171835788/ (02)82531285/ 09257604769,"RODRIGO C. RODRIGO, MD, FPSP",robgalleria. patientcare@kaisermedcenter.com,robgalleria. patientcare@kaisermedcenter.com,5007777,3,4,7,WITHOUT CONCERN,,PASSED,Acceptable,SDTL-PT-22-130192,A
17,13-0588-21-PIBS-R,13,KAISER MEDICAL CENTER-SM NORTH BRANCH,"UNIT 143-145, GF, TOWER 5, NORTH TOWERS, BRGY BAGONG PAG-ASA, QUEZON CITY",Quezon City,09173186288; 0282889819,"RODRIGO C. RODRIGO, MD, FPSP",smnorthedsa.lab@kaisermedcenter.com,smnorthedsa.lab@kaisermedcenter.com,5016772,0,4,4,WITHOUT CONCERN,,PASSED,Highly Satisfactory,SDTL-PT-22-130193,HS
17,13-1374-22-PFSS-R,13,KERALTY CLINIC FESTIVAL,"UPPER GROUND FLOOR, X-SITE WING ENTRANCE, FESTIVAL MALL, MUNTINLUPA CITY",MUNTINLUPA,09209222722/09086988286/86379661,"SIERRA ROMA SALAZAR HERNANDEZ, MD",laboratory.festival@keralty.com.ph,laboratory.festival@keralty.com.ph,5053095,0,5,5,WITHOUT CONCERN,,PASSED,Highly Satisfactory,SDTL-PT-22-130194,HS
17,13-0127-20-PIBS-R,13,KEYHEALTH DIAGNOSTIC LABORATORY,"UNIT 102/104 COLUMBIAN BLDG. WEST AVE, QUEZON CITY",QUEZON CITY,09478894800/ 34142360/ 34123953,"OLGA M. BAUSA, MD",keyhealthlab@gmail.com,keyhealthlab@gmail.com,5004022,1,5,6,WITHOUT CONCERN,,PASSED,Acceptable,SDTL-PT-22-130195,A
17,13-0591-21-PIBS-R,13,L-R LABORATORY & X-RAY CLINIC,"2113 VOLTA ST.  BARANGAY SAN ISIDRO, MAKATI CITY",Makati City,288127059,"CORA SARINO NEMIS, MD, FPSP",paulacalma28@yahoo.com,paulacalma28@yahoo.com,5005088,0,3,3,WITHOUT CONCERN,,PASSED,Highly Satisfactory,SDTL-PT-22-130196,HS
17,13-0655-21-CL-2,13,"LA SANTE MEDICAL AND DIAGNOSTIC CENTER, INC.","UNIT 103-104 AUSSIE TOWER, 1418 MH DEL PILAR ST. ERMITA, MANILA CITY",MANILA,9209589842,"EXALTACION A. CARINGAL, MD",joeycatsmed@gmail.com,joeycatsmed@gmail.com,5054138,0,5,5,WITHOUT CONCERN,,PASSED,Highly Satisfactory,SDTL-PT-22-130197,HS
17,13-1152-21-PIBS-R,13,LAB THREE LABORATORY AND DIAGNOSTIC MEDICAL CLINIC,"RS TEC BLDG. MARCOS HIGHWAY COR. F. MARIANO ST. BRGY. DELA PAZ, PASIG CITY",PASIG,82109177.93,FREDERICK R. LLANERA,labthreelaboratory@gmail.com,labthreelaboratory@gmail.com,5004542,1,4,5,WITHOUT CONCERN,,PASSED,Highly Satisfactory,SDTL-PT-22-130198,HS
17,13-XXXX-XX-XXXX-X,13,LABCOR DIAGNOSTIC CENTER,"73 JHI PLAZA BLDG. PRESIDENTS AVENUE ,BRGY BF HOMES PARANAQUE CITY",PARANAQUE,09975337258/7146-5699,"AMATA,JOHN ARNEL HIDALGO",labcorphil2015@gmail.com,labcorphil2015@gmail.com,5061624,0,5,5,WITHOUT CONCERN,,PASSED,Highly Satisfactory,SDTL-PT-22-130199,HS
17,13-0120-21-PIBS-R,13,LABNET DIAGNOSTIC & MEDICAL CLINIC & WATER TESTING LAB. INC.,138 KALAYAAN AVENUE. BRGY CENTRAL QUEZON CITY,QUEZON CITY,09234296337/85270007,"MUNAR, VENERACION PACIS",labnetdiagnostic@gmail.com,labnetdiagnostic@gmail.com,5051768,1,4,5,WITHOUT CONCERN,,PASSED,Highly Satisfactory,SDTL-PT-22-130200,HS
17,13-1129-20-PIBS-R,13,LABORATORY OF COMPUTER MEDICINE PHILIPPINES INC,"UNIT F G/F MAKATI CURB BUILDING 7433 YAKAL ST., SAN ANTONIO VILLAGE MAKATI CITY",MAKATI CITY,88446828 / 09561451130/ 09310055841,"MARIE MICHELLE Y. SO, MD",lcmdiagnostics@yahoo.com.ph,lcmdiagnostics@yahoo.com.ph,5003403,1,4,5,WITHOUT CONCERN,,PASSED,Highly Satisfactory,SDTL-PT-22-130201,HS
17,13-XXXX-XX-XXXX-X,13,LABTALK DIAGNOSTICS CORP.,"G/F ANNEX MEDICAL ARTS BLDG. , PBM COMPOUND, 22 EAST AVE., QUEZON CITY",QUEZON CITY,09174716797/02-34338796/09178112135,RODELIO D. LIM,labtalkdiagnosticscorp@yahoo.com,labtalkdiagnosticscorp@yahoo.com,5069851,0,5,5,WITHOUT CONCERN,,PASSED,Highly Satisfactory,SDTL-PT-22-130202,HS
17,13-0116-22-PIBS-R,13,LAKAMBINI DIAGNOSTIC CENTER CORPORATION,1991 UNIT E & F WARDLEY BLDG. TAFT AVENUE PASAY CITY,PASAY CITY,09178087846/8400-6266,"MISIONA, GRAIG DAGOHOY",lakambinidiagnosticcenter@yahoo.com,lakambinidiagnosticcenter@yahoo.com,5051831,1,5,6,WITHOUT CONCERN,,PASSED,Acceptable,SDTL-PT-22-130203,A
17,13-0025-21-PFSS-R,13,LEANNDREW DRUGTESTING AND DIAGNOSTIC CENTER,"1503 B TAYUMAN ST.,STA CRUZ MANILA, MANILA CITY",Manila,09287799997/ 8354-2582,"ALBERT M. ALEGRE, MD",gmgviray@gmail.com,gmgviray@gmail.com,5003230,0,1,1,WITHOUT CONCERN,,PASSED,Excellent,SDTL-PT-22-130204,E
17,13-1188-22-PFSS-R ,13,LEVI MARIANO LABORATORY MEDICAL SERVICES CO ,"GROUND FLOOR 160 CALIMBAS BUILDING LEVI MARIANO AVENUE USUSAN, TAGUIG CITY",TAGUIG CITY,9171732037,"MELVIN JUDE G. KATAPANG, MD ",lmlms.co2017@gmail.com,lmlms.co2017@gmail.com,5081894,2,5,7,WITHOUT CONCERN,,PASSED,Acceptable,SDTL-PT-22-130205,A
17,13-0132-21-PFSS-R,13,LLN MEDICAL SERVICES INC.,1627  AGONCILLO TOWNHOMES II AGONCILLO ST. MALATE MANILA,MANILA,354-9237/ 09223566352/ 09178409972,"RHODERICK M. CRUZ, MD",llnmedical95@gmail.com,llnmedical95@gmail.com,5004961,1,5,6,WITHOUT CONCERN,,PASSED,Acceptable,SDTL-PT-22-130206,A
17,13-0412-21-PIBS-R,13,MAEZELLE PSYCHO METIER AND DIAGNOSTIC CENTER,"UNIT 2 CHUA BLDG #267 P.TUAZON , CUBAO, QUEZON CITY",Quezon City,82812344 : 09209626372,"OLGA M. BAUSA, MD",maezellejoy@yahoo.com,maezellejoy@yahoo.com,5003718,0,3,3,WITHOUT CONCERN,,PASSED,Highly Satisfactory,SDTL-PT-22-130207,HS
17,13-0449-21- PIBS-R,13,MAGNIFICAT DIAGNOSTIC INC.,"2A F RESIDENCES MALINAO STREET BARANGAY HIGHWAY HILLS, MANDALUYONG CITY",MANDALUYONG CITY,09064088534/ 8452573,"OLGA M. BAUSA, MD",magnificatdiagnostic@gmail.com,magnificatdiagnostic@gmail.com,5007779,0,1,1,WITHOUT CONCERN,,PASSED,Excellent,SDTL-PT-22-130208,E
17,13-0133-21-PFSS-R,13,MAHOGANY DRUGTESTING CENTER,"KM 29 NATIONAL RAOD TUNASAN, MUNTINLUPA CITY",MUNTINLUPA CITY,85534212,"JAIME A. BARRON, MD",mahogany86_dt@yahoo.com,mahogany86_dt@yahoo.com,5027293,3,1,4,WITHOUT CONCERN,,PASSED,Highly Satisfactory,SDTL-PT-22-130209,HS
17,13-1574-20-GIBS-R ,13,MAKATI DISTRICT HEALTH LABORATORY,"7/F NEW BLDG., MAKATI CITY HALL, JP RIZAL, POBLACION, MAKATI CITY",MAKATI CITY ,8870-1617,"JOHN A. COLOMA, MD, FPSP",mhd.drugtest@gmail.com,mhd.drugtest@gmail.com,5022799,1,5,6,WITHOUT CONCERN,,PASSED,Acceptable,SDTL-PT-22-130210,A
17,13-0026-21-PIBS-R,13,MAKATI MEDICAL CENTER DRUG TESTING UNIT,"#2 AMORSOLO ST. LEGASPI VILLAGE SAN LORENZO, MAKATI CITY",Makati City,8888-8999 LOCAL 7075/ 09239565786,"NEILA A. CEJUDO, MD",Judy.Padilla@makatimed.net.ph,Judy.Padilla@makatimed.net.ph,5004039,0,4,4,WITHOUT CONCERN,,PASSED,Highly Satisfactory,SDTL-PT-22-130211,HS
17,13-1021-21-GFSS-R,13,MALABON ANTI-DRUG ABUSE CENTER,"2ND FLR PBM CMPD. MAYA MAYA ST. COR DAGAT DAGATAN AVE. LONGOS, MALABON CITY",Malabon City,86369561; 09556614513,"REMEDIOS A. SANTIAAGO, MD",mariates0218@gmail.com,mariates0218@gmail.com,5016008,2,5,7,WITHOUT CONCERN,,PASSED,Acceptable,SDTL-PT-22-130212,A
17,13-0333-21-PIBS-R,13,MANILA DOCTORS HOSPITAL,"2F DEPARTMENT OF LABORATORY MEDICINE MANILA DOCTORS HOSPITAL 667 UNITED NATIONS AVENUE, ERMITA, MANILA CITY",Manila,8558 0888 local 4752,"MARIA CECILIA FERNANDEZ, MD",lab.drugtest@maniladoctors.com.ph,lab.drugtest@maniladoctors.com.ph,5018192,2,0,2,WITHOUT CONCERN,,PASSED,Excellent,SDTL-PT-22-130213,E
17,13-0066-22-GFSS-R,13,MANILA HEALTH DEPARTMENT - PUBLIC HEALTH LABORATORY,"1559 ALVAREZ STREET STA. CRUZ, MANILA, METRO MANILA",MANILA,5310-1329/5310 3747/09175329834,"MARIA LOURDES PINEDA-SANTOS, MD, FPSP",manilalab_phl@yahoo.com,manilalab_phl@yahoo.com,5055338,0,1,1,WITHOUT CONCERN,,PASSED,Excellent,SDTL-PT-22-130214,E
17,13-0781-21-GIBS-R ,13,MANILA NAVAL HOSPITAL ,"LABORATORY SECTION, MANILA NAVAL HOSPITAL BONIFACIO NAVAL STATION FORT BONIFACIO TAGUIG CITY",TAGUIG CITY,9772440486,"LTC WILFREDO FLAVIANO F. SEVILLA, MD",mnh_clinlab@yahoo.com,mnh_clinlab@yahoo.com,5070440,0,5,5,WITHOUT CONCERN,,PASSED,Highly Satisfactory,SDTL-PT-22-130215,HS
17,13-1381-22-GIBS-R,13,MARIKINA CITY DRUG TESTING LABORATORY ,MARIKINA HEALTHY CITY CENTRE BLG. G/F SHOE AVENUE STO.NIÑO MARIKINA CITY,MARIKINA CITY,09276783919 / 8-9420831,"ROSALIE SABINA MICHIKO S. SAMONTE, MD",ronicanavarro@gmail.com,ronicanavarro@gmail.com,5066868,1,5,6,WITHOUT CONCERN,,PASSED,Acceptable,SDTL-PT-22-130216,A
17,13-1514-20-PIBS-R,13,"MARIKINA DOCTORS HOSPITAL AND MEDICAL CENTER, INC.","10 EVANGELISTA ST., SANTOLAN, PASIG CITY",PASIG CITY,8-535-3837 LOC. 107,"RAUL C. GONZALES, MD",mdhmclab@gmail.com,mdhmclab@gmail.com,5004212,1,4,5,WITHOUT CONCERN,,PASSED,Highly Satisfactory,SDTL-PT-22-130217,HS
17,13-XXXX-XX-XXXX-X,13,MARIKINA MEDICAL DOCTORS CLINIC AND LABORATORY,"2ND FLOOR BLUEWAVE STRIP MALL, GIL FERNANDO AVE. STO. NIÑO, MARIKINA CITY",MARIKINA CITY,09294115961/(02)8478-0708/091712421154,"DEXTER A. LEDESMA, MD, FPSP",marikinamedicaldoctors@gmail.com,marikinamedicaldoctors@gmail.com,5054464,3,3,6,WITHOUT CONCERN,,PASSED,Acceptable,SDTL-PT-22-130218,A
17,13-1484-22-PIBS-R,13,MARILAO MEDICAL & DIAGNOSTIC CLINIC INC. - PASAY BRANCH,"ARNAIZ CORNER, PB. HARRISON ST. ZONE 15 BRGY. 32 PASAY CITY",PASAY,9761482396,"GRIG DAGOHOY MISIONA, MD",bpm.gervacio@gmail.com,bpm.gervacio@gmail.com,5071886,0,5,5,WITHOUT CONCERN,,PASSED,Highly Satisfactory,SDTL-PT-22-130219,HS
17,13-0027-21-PIBS-R,13,"MARITIME CLINIC FOR INTERNATIONAL SEAFARERS, INC.","7TH FLOOR INTRAMUROS CORPORATE PLAZA BLDG. RECOLETOS ST. INTRAMUROS, MANILA CITY",MANILA,5304-6700 LOC 302/ 09750270101,"ANDRES S. BONIFACIO, MD",maritimeclinic.ph@gmail.com,maritimeclinic.ph@gmail.com,5003501,1,2,3,WITHOUT CONCERN,,PASSED,Highly Satisfactory,SDTL-PT-22-130220,HS
17,13-0028-21-PIBS-R,13,"MARITIME MEDICAL & LABORATORY CLINIC, INC.","2/F PARAGON TOWER HOTEL, 531 A. FLORES ST., ERMITA, MANILA CITY","Ermita, Manila",8526-3809/8526-3812,"DEXTER A. LEDESMA, MD",peme@mmlci.com.ph,peme@mmlci.com.ph,4716941,1,3,4,WITHOUT CONCERN,,PASSED,Highly Satisfactory,SDTL-PT-22-130221,HS
17,13-0545-21-PIBS-R,13,MAYON CLINICAL LABORATORY MEDICAL SERVICES,"857 LOT 3 MAYON ST. NS AMORANTO, QUEZON CITY",Quezon City,87083520,"VENERACION D. MUNAR, MD",mayonlab18@gmail.com,mayonlab18@gmail.com,5004368,1,3,4,WITHOUT CONCERN,,PASSED,Highly Satisfactory,SDTL-PT-22-130222,HS
17,13-0544-21-PIBS-R,13,MAYON CLINICAL LABORATORY MEDICAL SERVICES,"UNIT 105 G/F MPLACE @ SOUTH TRIANGLE PANAY AVENUE, QUEZON CITY",Quezon City,82302370/ 09062033079,"MARILYN C. BARZA, MD",mayonmplace@gmail.com,mayonmplace@gmail.com,5004368,1,1,2,WITHOUT CONCERN,,PASSED,Excellent,SDTL-PT-22-130223,E
17,13-1700-19-PIBS-I,13,MCU-FDT MEDICAL FOUNDATION HOSPITAL,"MCU-FDTMF HOSPITAL, EDSA MONUMENTO BRGY. 84, CALOOCAN CITY",CALOOCAN CITY,83633084/ 09171051019,"ESTELA MARIE C. TANCHOCO, MD",lab.mcuhospital@gmail.com,lab.mcuhospital@gmail.com,5003827,1,4,5,WITHOUT CONCERN,,PASSED,Highly Satisfactory,SDTL-PT-22-130224,HS
17,13-1494-22-PFSS-I,13,MD CLINICAL LABORATORY CO.,205 VICTORIA BLDG. COR. 11TH AVENUE EXT. CALOOCAN CITY,CALOOCAN,0931140942/8931-59-50,"VENERACION V. PACIS-MUNAR, MD",mdclnlabco@gmail.com,mdclnlabco@gmail.com,5080406,1,0,1,WITHOUT CONCERN,,PASSED,Excellent,SDTL-PT-22-130225,E
17,13-0839-21-PIBS-R,13,MD PLUS CLINIC AND DIAGNOSTIC CENTER - ALABANG,"2F WESTGATE HUB , COMMERCE AVE, FILINVEST CORP, ALABANG, MUNTINLUPA CITY",MUNTINLUPA CITY,823-1111,EXALTACION A. CARINGAL MD,laboratoryalabang.mdplusclinics@gmail.com,laboratoryalabang.mdplusclinics@gmail.com,5004491,1,4,5,WITHOUT CONCERN,,PASSED,Highly Satisfactory,SDTL-PT-22-130226,HS
17,13-0198-22-PIBS-R,13,MED 101 DIAGNOSTIC CENTER CO. ,#74 VILLONGCO STREET BRGY. COMMONWEALTH QUEZON CITY,QUEZON CITY,9519368162,MELVIN JUDE G. KATAPANG ,laboratory.med101@gmail.com,laboratory.med101@gmail.com,5073232,1,3,4,WITHOUT CONCERN,,PASSED,Highly Satisfactory,SDTL-PT-22-130227,HS
17,13-XXXX-XX-XXXX-X,13,MEDASIA INDUSTRIAL CLINIC AND DIAGNOSTIC CENTER,606 QUIRINO AVE. BRGY TAMBO PARANAQUE CITY,PARANAQUE,09171888192/8706-0624,"ANDRADE,JEANNIE",medasiaclinic@gmail.com,medasiaclinic@gmail.com,5049283,0,2,2,WITHOUT CONCERN,,PASSED,Excellent,SDTL-PT-22-130228,E
17,13-1481-21-PIBS-R,13,MEDICAL EXECUTIVE CHECK-UP CENTER INC. (MEDEX LABORATORIES),"270 N. DOMINGO BRGY. PASADENA, SAN JUAN CITY",San Juan,09175284241/ 87213320/ 87211274,"SOCORRO C. YANEZ, MD",medexlab@gmail.com,medexlab@gmail.com,5004821,3,4,7,WITHOUT CONCERN,,PASSED,Acceptable,SDTL-PT-22-130229,A
17,13-0094-22-PIBS-R,13,MEDHEALTH DIAGNOSTIC SERVICES INC. ,"1670 UPPER GROUND FLOOR VICTORIA ONE BLDG. SOUTH TRIANGLE QUEZON AVENUE, QUEZON CITY",QUEZON CITY,09434327505 / 8-7095725 ,"JOCELYN MYRA CAJA, MD ",medhealth_lab@yahoo.com,medhealth_lab@yahoo.com,5070060,3,3,6,WITHOUT CONCERN,,PASSED,Acceptable,SDTL-PT-22-130230,A
17,13-1217-21 PIBS-R,13,MEDHELP CLINIC & DIAGNOSTICS INC. ,"UNIT S2 ARMAL CENTER BLDG. CARUNCHO AVE.MALINAO, PASIG CITY",PASIG CITY,79036114/ 09278319065/ 09258541347,"HORACIO A. SAGUIL JR. , MD",medhelpcd@yahoo.com.ph,medhelpcd@yahoo.com.ph,5004025,1,5,6,WITHOUT CONCERN,,PASSED,Acceptable,SDTL-PT-22-130231,A
17,13-0096-22-PIBS-R,13,MEDICAL BENEFIT CLEARING HOUSE INC.,"GF CITY STATE CENTRE 709 SHAW BLVD. BRGY. ORANBO,PASIG CITY ",PASIG CITY,09989926859/8640-3581,"TAGAYUNA, PEDRITO YABUT",mbcilab2020@gmail.com,mbcilab2020@gmail.com,5051923,0,5,5,WITHOUT CONCERN,,PASSED,Highly Satisfactory,SDTL-PT-22-130232,HS
17,13-0848-21-PIBS-R,13,"MEDICAL CENTER PARAÑAQUE, INC.","MEDICAL CENTER PARAÑAQUE,INC. 2ND FLR LABORATORY DEPT.  DR. A SANTOS AVE. BRGY SAN ANTONIO SUCAT, PARAÑAQUE CITY",PARAÑAQUE CITY,6.39E+11,"MUMPHREY C. BITUIN, MD",mcplaboratory@gmail.com,mcplaboratory@gmail.com,5003885,1,4,5,WITHOUT CONCERN,,PASSED,Highly Satisfactory,SDTL-PT-22-130233,HS
17,13-0782-21-PFSS-R,13,MEDICAL DENTAL TESTS CENTER (MEDTEST)INC,"4TH FLOOR DALLCON II BLDG 164 AURORA BLVD, SAN JUAN CITY",SAN JUAN CITY,744-2639,"PRISCILLA G. MONTEFALCON, MD",mtmed164aurora@yahoo.com,mtmed164aurora@yahoo.com,5012237,0,0,0,WITHOUT CONCERN,,PASSED,Excellent,SDTL-PT-22-130234,E
17,13-0199-22-PFSS-R,13,"MEDICAL TRENDS, INC. ","UNIT 2A-D LMN BLDG. DR. A SANTOS AVE., SUCAT PARANAQUE CITY",PARANAQUE,09228104478/8820-9596,"LIM,FREDERICK",medicaltrends_inc@yahoo.com.ph,medicaltrends_inc@yahoo.com.ph,5051938,0,1,1,WITHOUT CONCERN,,PASSED,Excellent,SDTL-PT-22-130235,E
17,13-0239-21-PIBS-R,13,MEDICARD PHILIPPINES INC,"51 PASEO DE ROXAS CORNER SENATOR GIL PUYAT AVE, MAKATI CITY",Makati City ,88230379/ 09989632538/ ,"ARTURO C. LOPEZ, MD",Lnash@medicardphils.com,Lnash@medicardphils.com,5004320,2,3,5,WITHOUT CONCERN,,PASSED,Highly Satisfactory,SDTL-PT-22-130236,HS
17,13-0241-21-PIBS-R,13,MEDICARD PHILIPPINES INC. - FESTIVAL ALABANG,"3L WELLNESS LANE FESTIVAL MALL FILINVEST CORP. ALABANG, MUNTINLUPA CITY",MUNTINLUPA,8079219 LOC. 7015/ 09988493117/09209227612,"ARTURO C. LOPEZ, MD",mlaguila@medicardphils.com,mlaguila@medicardphils.com,5004332,0,4,4,WITHOUT CONCERN,,PASSED,Highly Satisfactory,SDTL-PT-22-130237,HS
17,13-1523-22-PFSS-I,13,MEDICARD PHILIPPINES INCORPORATED - ORTIGAS ,"UNIT 105, PARC ROYALE CONDOMINIUM, JULIA VARGAS AVENUE, ORTIGAS CENTRE, BARANGAY SAN ANTONIO, PASIG CITY",PASIG CITY,09088864746/86341885,"ARTURO C. LOPEZ JR. MD, DPSP",ggendrano@medicardphils.com,ggendrano@medicardphils.com,5071631,0,2,2,WITHOUT CONCERN,,PASSED,Excellent,SDTL-PT-22-130238,E
17,13-0334-21-PFSS-R,13,"MEDICARD PHILIPPINES, INC.","UNIT EFG, TWO CYBERPOD CENTRIS, ETON CENTRIS EDSA CORNER QUEZON AVENUE, QUEZON CITY",QUEZON CITY,09176520005; 02 89205164,"ARTURO C. LOPEZ, MD",valim@medicardphils.com,valim@medicardphils.com,5012276,0,4,4,WITHOUT CONCERN,,PASSED,Highly Satisfactory,SDTL-PT-22-130239,HS
17,13-0240-21-PFSS-R,13,MEDICARD PHILS. INC,"G/F KING'S COURT 1 BLDG. CHINO ROCES AVENUE, BARANGAY, MAKATI CITY",MAKATI CITY,5118364-66/ 09151865734/09209227612,"ARTURO C. LOPEZ, MD",jlandal@medicardphils.com,jlandal@medicardphils.com,5004331,0,5,5,WITHOUT CONCERN,,PASSED,Highly Satisfactory,SDTL-PT-22-130240,HS
17,13-0593-21-PIBS-R,13,MEDICHECK DIAGNOSTIC LABORATORY INC,"2329 P. BURGOS ST., PASAY CITY",PASAY CITY,8833-9753,"KAREN O. BONGAS, MD",medichecklaboratory@gmail.com,medichecklaboratory@gmail.com,5018938,1,5,6,WITHOUT CONCERN,,PASSED,Acceptable,SDTL-PT-22-130241,A
17,13-0659-21-CL-2,13,MEDICUS DIAGNOSTIC CENTER- PARAÑAQUE BRANCH,"UNIT F, BPI BUILDING., 177 DOÑA SOLEDAD AVE, BETTER LIVING SUBD., BRGY DON BOSCO, PARAÑAQUE CITY",PARAÑAQUE,09052985523; 63272573347; 09085257672,"MARK ANTHONY C. TURINGAN, RMT, MD, DPSP ",laboratory.medicusparanaque@gmail.cim,laboratory.medicusparanaque@gmail.cim,5015418,0,5,5,WITHOUT CONCERN,,PASSED,Highly Satisfactory,SDTL-PT-22-130242,HS
17,13-1135-20-PFSS-R,13,"MEDISENSE LABORATORY CENTER, INC - MANILA","3RD - 5TH FLOOR, BDO KALAW AVENUE BUILDING, KALAW CORNER CHURUCCA STREET, ERMITA, MANILA",MANILA,0918 683 5035/ (02) 527 6349/09178852065,"SUSANA PINILI QUIAOIT, MD, FPSP",mslkalaw.lab@gmail.com,mslkalaw.lab@gmail.com,5052143,1,5,6,WITHOUT CONCERN,,PASSED,Acceptable,SDTL-PT-22-130243,A
17,13-0595-21-PIBS-R,13,MEDLINE DIAGNOSTIC CENTER INC,"2ND FLOOR UNIT 10 & 11 CYT BUILDING 180 PASO DE BLAS, VALENZUELA CITY",Valenzuela City,8651-3072/ 09175302904,"JOSE EDGARDO M. FONTERAS, MD",medline08@yahoo.com,medline08@yahoo.com,5004024,0,2,2,WITHOUT CONCERN,,PASSED,Excellent,SDTL-PT-22-130244,E
17,13-0598-21-PIBS-R,13,MEDOCARE HEALTH SYSTEM INC. ,"30 EU STATE TOWER,QUEZON AVENUE BRGY DONA JOSEFA QUEZON CITY",QUEZON CITY,09053432688/8628-9027,"HERNAEZ, GODWIN NAIG",medocaredt123@yahoo.com,medocaredt123@yahoo.com,5057466,1,3,4,WITHOUT CONCERN,,PASSED,Highly Satisfactory,SDTL-PT-22-130245,HS
17,13-XXXX-XX-XXXX-X,13,MEDOPTIONS MULTI-SPECIALTY CLINIC AND DIAG. CENTER INC.,157 P. DIEGO CERA AVE. DANIEL FAJARDO LAS PINAS CITY,LAS PINAS CITY,09178085697/ 8831-2741,"ANDRADE,JEANNIE",medoptions2002@yahoo.com,medoptions2002@yahoo.com,5049286,0,2,2,WITHOUT CONCERN,,PASSED,Excellent,SDTL-PT-22-130246,E
17,13-1444-21-PIBS-R,13,MEDWAY HEALTHCARE INC,"G/F 1636 F. AGONCILLO STREET, MANILA CITY",MANILA CITY,8536-2042/ 8404-0530/ 09285201872/ 09175359350,"MARLENE S. ONTOG, MD",info@medway.com.ph,info@medway.com.ph,5004624,1,1,2,WITHOUT CONCERN,,PASSED,Excellent,SDTL-PT-22-130247,E
17,13-0414-21-PIBS-R,13,MEDX DIAGNOSTIC AND DRUG TESTING  CENTER,"NO. 6 E 2ND AVENUE  BAGONG LIPUNAN NG CRAME, QUEZON CITY",QUEZON CITY,09174522433/ 7443833,"FREDERICK R. LLANERA, MD, FPSP",medxclinic2019@gmail.com,medxclinic2019@gmail.com,5005159,0,5,5,WITHOUT CONCERN,,PASSED,Highly Satisfactory,SDTL-PT-22-130248,HS
17,13-0127-22-PIBS-R,13,MEGASON DIAGNOSTIC CLINIC,"GROUND FLOOR, THE BANYAN PLACE BLDG.,366 JP RIZAL ST.BRGY.TEJEROS, MAKATI CITY",Makati City,88974150,"NEIL U. NOVEROS, MD",megasontejeroslab@gmail.com,megasontejeroslab@gmail.com,5039411,1,1,2,WITHOUT CONCERN,,PASSED,Excellent,SDTL-PT-22-130249,E
17,13-0415-21-PIBS-R,13,MERITA DIAGNOSTIC CLINIC INC,920 PRES. QUIRINO COR SAN ANTONIO MALATE MANILA CITY,MANILA,53101022/53100825/ 09178576942/09214420106,"NOEL C. SANTOS MD, FPSP",meritadiagnosticclinic@yahoo.com,meritadiagnosticclinic@yahoo.com,5004509,2,3,5,WITHOUT CONCERN,,PASSED,Highly Satisfactory,SDTL-PT-22-130250,HS
17,13-XXXX-XX-XXXX-X,13,METRO SANITAS CORPORATION,"LEVEL 2, GATEWAY MALL BRGY. SOCORRO ARANETA CITY, QUEZON CITY",QUEZON CITY,09190872198; 82414004/82413769,"SIERRA R. HERNANDEZ, MD",laboratory.gateway@gmail.com,laboratory.gateway@gmail.com,5021214,0,5,5,WITHOUT CONCERN,,PASSED,Highly Satisfactory,SDTL-PT-22-130251,HS
17,13-0029-21-PIBS-R,13,MICAH MEDICAL CLINIC AND DIAGNOSTIC LABORATORY,"1923 SAN MARCELINO ST., BRGY., 691 ZONE 75, MALATE MANILA CITY",MALATE,09209538561/ 8536-5289/8536-5900,"ROSALINDA COSMAS R. BENITEZ, MD",MICAHMEDICALLAB@gmail.com,MICAHMEDICALLAB@gmail.com,4898884,2,5,7,WITHOUT CONCERN,,PASSED,Acceptable,SDTL-PT-22-130252,A
17,13-XXXX-XX-XXXX-X,13,MIRACULOUS MOTHER MEDICAL CLINIC,"1754 RIZAL AVENUE,BRGY 337 STA CRUZ,MANILA",MANILA,09219804476/8688-2229,"LLANERA,FREDERICK",miraculous.mother@yahoo.com,miraculous.mother@yahoo.com,5060893,0,4,4,WITHOUT CONCERN,,PASSED,Highly Satisfactory,SDTL-PT-22-130253,HS
17,13-0130-22-PIBS-R,13,"MMC MEDICAL AND DIAGNOSTICS CENTER, INC.","4TH FLOOR, GHR BLDG., 713 REMEDIOS ST. MALATE, MANILA CITY",METRO MANILA,09060588804/247-1822,"RONALD DE CADIZ CABUDOY, MD",mmcmedclinic@gmail.com ,mmcmedclinic@gmail.com ,5055380,1,1,2,WITHOUT CONCERN,,PASSED,Excellent,SDTL-PT-22-130254,E
17,13-0857-21-PIBS-R,13,MONTE ZION DIAGNOSTIC AND MEDICAL CENTER CORP.,"G/F ICC-MTC BUILDING, #699 TANDANG SORA AVE., MATANDANG BALARA, QUEZON CITY",Quezon city,3411720/09336522296/ 09228482043/ 09175694004,"ANN ELIZABETH B. VALDEZ, MD",monteziondiagnostic@gmail.com,monteziondiagnostic@gmail.com,5003293,1,0,1,WITHOUT CONCERN,,PASSED,Excellent,SDTL-PT-22-130255,E
17,13-XXXX-XX-XXXX-X,13,"MULTICARE MEDICAL AND DIAGNOSTIC CENTER, INC.","302 GEMPC BUILDING, 132 TIMOG AVENUE, DILIMAN, QUEZON CITY",QUEZON CITY,09159247867/8810-1665/09178013840,"PAULO ENRICO BELEN, MD",multicare.qc@gmail.com,multicare.qc@gmail.com,5072274,2,2,4,WITHOUT CONCERN,,PASSED,Highly Satisfactory,SDTL-PT-22-130256,HS
17,13-0604-21-GIBS-R,13,MUNTINLUPA DRUG TESTING LABORATORY,"GROUND FLOOR, OSPITAL NG MUNTINLUPA CIVIC DRIVE FILINVEST CORPORATE CITY ALABANG, MUNTINLUPA CITY",Muntinlupa city,8831-2215,"FLORENCIO C DIZON, MD",muntinlupadtl@gmail.com ,muntinlupadtl@gmail.com ,4886226,0,5,5,WITHOUT CONCERN,,PASSED,Highly Satisfactory,SDTL-PT-22-130257,HS
17,13-0335-21-PIBS-R,13,MVR LABORATORY DIAGNOSTIC CENTER,"#636 T.M. KALAW ST , ROOM 501 TRINITY BLDG, ERMITA MANILA CITY","ERMITA, MANILA",09172555148; 09473831702; 3102003,"MAXIMO B. AXIBAL JR, MD, FPSP",mvr03_mab@yahoo.com,mvr03_mab@yahoo.com,5003341,0,5,5,WITHOUT CONCERN,,PASSED,Highly Satisfactory,SDTL-PT-22-130258,HS
17,13-0191-20-PFSS-R,13,MY HEALTH CLINIC - VENICE,"2-L B108B VENICE GRAND CANAL MALL, UPPER MCKINLEY RD, MCKINLEY HILL, TAGUIG CITY",TAGUIG CITY,9167979252,"BU C. CASTRO, MD",myhealthvenice@gmail.com,myhealthvenice@gmail.com,5005614,3,5,8,WITHOUT CONCERN,,PASSED,Acceptable,SDTL-PT-22-130259,A
17,13-0188-20-PIBS-R,13,MY HEALTH CLINIC- SM NORTH,"2ND LEVEL NORTHLINK BLDG F, SM CITY NORTH EDSA NORTH AVENUE, QUEZON CITY",QUEZON CITY,09175109250/ 441-41-06,"BU C. CASTRO, MD",myhealthnorthedsa@gmail.com,myhealthnorthedsa@gmail.com,5005615,1,5,6,WITHOUT CONCERN,,PASSED,Acceptable,SDTL-PT-22-130260,A
17,13-0613-21-PIBS-R,13,MYHEALTH CLINIC - ALABANG,"2073-3 2ND LEVEL, STYLE BOULEVARD, FESTIVAL SUPERMALL, ALABANG, MUNTINLUPA CITY",MUNTINLUPA,09560792157/ (02) 8836-9057,"BU C. CASTRO, MD",mhalabang@singaporediagnostics.com,mhalabang@singaporediagnostics.com,5005613,0,5,5,WITHOUT CONCERN,,PASSED,Highly Satisfactory,SDTL-PT-22-130261,HS
17,13-0608-21-PIBS-R,13,MYHEALTH CLINIC-MANILA,"3RD LEVEL PEDRO GIL WING ROBINSONS PLACE MANILA, BRGY 669, ERMITA MANILA CITY","Ermita, Manila",(02)8251-9172/ 09177024409,"BU C. CASTRO, MD",mhermita.dtl@gmail.com,mhermita.dtl@gmail.com,5003612,0,5,5,WITHOUT CONCERN,,PASSED,Highly Satisfactory,SDTL-PT-22-130262,HS
17,13-0605-21-PIBS-R,13,MYHEALTH CLINIC- MANDALUYONG CITY,"UNIT 146, G/F SHANGRI-LA PLAZA EDSA COR., SHAW BLVD., WACK-WACK GREENHILLS, MANDALUYONG CITY",MANDALUYONG CITY,09175109322/ 8570-4325,"BU C. CASTRO, MD",myhealth.shangrila17@gmail.com,myhealth.shangrila17@gmail.com,5005611,0,5,5,WITHOUT CONCERN,,PASSED,Highly Satisfactory,SDTL-PT-22-130263,HS
17,13-1704-21 PIBS-I,13,MYHEALTHYWAY CLINIC AND LABORATORY CORP,"566 SHAW BLVD., MANDALUYONG CITY",MANDALUYONG,5339740/ 09169732625/ 09228510791,"NICK R. FERNANDEZ, MD, DPSP",christiansisonanastacio@gmail.com,christiansisonanastacio@gmail.com,5003960,0,5,5,WITHOUT CONCERN,,PASSED,Highly Satisfactory,SDTL-PT-22-130264,HS
17,13-0135-21-GIBS-R,13,NATIONAL CENTER FOR MENTAL HEALTH-DRUG TESTING LAB.,"9 DE PEBRERO ST. BRGY. MAUWAY, MANDALUYONG CITY",Mandaluyong,(02)85319001  loc.259; 09178320021; 09184788160,"RICHARDSON M. CARMEN, MD",spfajarillo26@gmail.com,spfajarillo26@gmail.com,5009799,1,2,3,WITHOUT CONCERN,,PASSED,Highly Satisfactory,SDTL-PT-22-130265,HS
17,13-0136-22-GIBS-R,13,NATIONAL CHILDRENS HOSPITAL,"264 E. RODRIGUEZ SR. AVE.,BRGY DAMAYAN LAGI,QUEZON CITY",QUEZON CITY,09174253460/8724-0656 LOC 216,"TEJADA,KETHLY",janusmatleo@gmail.com,janusmatleo@gmail.com,5062264,1,1,2,WITHOUT CONCERN,,PASSED,Excellent,SDTL-PT-22-130266,E
17,13-0621-21-PIBS-R,13,NEOMEDICA HEALTH SERVICES INC,"LOT 4G BLK 71 CONGRESSIONAL AVENUE BAHAY TORO, QUEZON CITY",QUEZON CITY,79089771/ 09176523465,"JOSE V. YASON III, MD",neomedica@gmail.com,neomedica@gmail.com,5003123,1,5,6,WITHOUT CONCERN,,PASSED,Acceptable,SDTL-PT-22-130267,A
17,13-0656-20-PIBS-R,13,NEW ERA DRUG TESTING CENTER,"COMMONWEALTH AVENUE, CORNER TANDANG SORA, QUEZON CITY",QUEZON CITY,932-7387 LOC 3602,ARACELI P. JACOBA MD,newera_laboratory@yahoo.com.ph,newera_laboratory@yahoo.com.ph,5003225,1,0,1,WITHOUT CONCERN,,PASSED,Excellent,SDTL-PT-22-130268,E
17,13-1339-21-PIBS-R ,13,NEW WORLD DIAGNOSTICS INC-MIRASOL BRANCH,"854 MIRASOL BLDG TAFT AVENUE CORNER APACIBLE PACO, MANILA CITY",MANILA,87908888,"DR. PAULO GIOVANNI L. MENDOZA, MD",mirasol.lab.nwdi@gmail.com,mirasol.lab.nwdi@gmail.com,5045137,0,5,5,WITHOUT CONCERN,,PASSED,Highly Satisfactory,SDTL-PT-22-130269,HS
17,13-1453-2-PIBS-R,13,NEW WORLD DIAGNOSTICS-LAS PINAS BRANCH,"GF IMPERIAL APPLIANCE PLAZA BLDG ALABANG ZAPOTE ROAD TALON UNO, LAS PIÑAS CITY",LAS PINAS CITY,87908888,"DR. PAULO GIOVANNI L. MENDOZA, MD",laspinas.lab.nwdi@gmail.com,laspinas.lab.nwdi@gmail.com,5045137,2,5,7,WITHOUT CONCERN,,PASSED,Acceptable,SDTL-PT-22-130270,A
17,13-1289-20-PIBS-R,13,"NEW WORLD DIAGNOSTICS, INC-D.TUAZON BRANCH","205 D TUAZON STREET BRGY MAHARLIKA, QUEZON CITY",QUEZON CITY,87908888 LOC 886,"DR. PAULO GIOVANNI L. MENDOZA, MD",drugtest@nwdi.com.ph,drugtest@nwdi.com.ph,5045138,0,2,2,WITHOUT CONCERN,,PASSED,Excellent,SDTL-PT-22-130271,E
17,13-1345-21-PIBS-R,13,"NEW WORLD DIAGNOSTICS, INC-MAKATI BRANCH","UNIT 104-105 CAMPUS RUEDA BLDG, URBAN AVE, BRGY SAN LORENZO, MAKATI CITY",MAKATI CITY,87908888 LOC 872,"DR. PAULO GIOVANNI L. MENDOZA, MD",makati.lab.nwdi@gmail.com,makati.lab.nwdi@gmail.com,5045137,0,4,4,WITHOUT CONCERN,,PASSED,Highly Satisfactory,SDTL-PT-22-130272,HS
17,13-1290-20-PIBS-R,13,"NEW WORLD DIAGNOSTICS, INC-MALABON BRANCH","UNIT 101-102 MEZZANINE FLOOR PANCO SQUARE BLDG, 67 MACARTHUR, MALABON CITY",MALABON CITY,27908888 loc 867,"DR. PAULO GIOVANNI L. MENDOZA, MD",malabon.lab.nwdi@gmail.com,malabon.lab.nwdi@gmail.com,5045137,1,5,6,WITHOUT CONCERN,,PASSED,Acceptable,SDTL-PT-22-130273,A
17,13-1338-21-PIBS-R,13,"NEW WORLD DIAGNOSTICS, INC-ONGPIN BRANCH","UNIT M4-M8 MEZZANINE FLR STRATA GOLD, BLDG ONGPIN ST, MANILA CITY",MANILA,87908888,"DR. PAULO GIOVANNI L. MENDOZA, MD",ongpin.lab.nwdi@gmail.com,ongpin.lab.nwdi@gmail.com,5045137,1,3,4,WITHOUT CONCERN,,PASSED,Highly Satisfactory,SDTL-PT-22-130274,HS
17,13-1344-21-PIBS-R,13,"NEW WORLD DIAGNOSTICS, INC-PCS BRANCH","992 G/F PCS BLDG EDSA, QUEZON CITY",QUEZON CITY,8790888 LOC 847,"DR. PAULO GIOVANNI L. MENDOZA, MD",pcs.lab.nwdi@gmail.com.ph,pcs.lab.nwdi@gmail.com.ph,5045137,3,5,8,WITHOUT CONCERN,,PASSED,Acceptable,SDTL-PT-22-130275,A
17,13-1258-22-PFSS-R,13,"NEW WORLD DIAGNOSTICS, INC.",PREMIUM MEDICAL 33 MERALCO AVE BRGY SAN ANTONIO PASIG CITY,PASIG CITY,87908888 LOC. 886,"DAPHNE CHUA ANG, MD",,,5072169,1,5,6,WITHOUT CONCERN,,PASSED,Acceptable,SDTL-PT-22-130276,A
17,13-20762-21-PIBS-R,13,"NEWPORT X-RAY, LABORATORY & MEDICAL CENTER INC. ","UNIT II, NO. 863 VICENTE CRUZ ST., BRGY 475, SAMPALOC, MANILA CITY",SAMPALOC,7746-2740; 09171432553; 09258541347,"HORACION A. SAGUIL, MD",tzai_eleccion@yahoo.com,tzai_eleccion@yahoo.com,5002934,2,4,6,WITHOUT CONCERN,,PASSED,Acceptable,SDTL-PT-22-130277,A
17,13-XXXX-XX-XXXX-X,13,NICATTO HEALTH DYNAMICS,"1405 JOLLIBEE CENTER, SAN MIGUEL. ORTIGAS PASIG CITY",PASIG CITY,9175171991,"FRANCIS G. MORIA, MD",nicatto.lab@gmail.com,nicatto.lab@gmail.com,5035729,3,2,5,WITHOUT CONCERN,,PASSED,Highly Satisfactory,SDTL-PT-22-130278,HS
17,13-0139-22-PIBS-R,13,NORDIC MEDICAL CLINIC ,UNIT 1-B MARIA DANIEL BLDG. SAN ANDRES ST. COR M.H. DEL PILAR ST. BRGY 701 MALATE MANILA ,MANILA ,09392827173 / 8-562-7810,MICHELLE H. DIWA,nmc.laboratory@nordicmedical.no ,nmc.laboratory@nordicmedical.no ,5064453,0,5,5,WITHOUT CONCERN,,PASSED,Highly Satisfactory,SDTL-PT-22-130279,HS
17,13-0451-21-PIBS-R,13,NOTRE DAME MEDICO DENTAL CLINICS INC.,"MD EJMAN BLDG. 1036 J. NAKPIL ST. MALATE, MANILA",MANILA,09062631198/85232311,"EMILIO III VILLANUEVA, MD",laboratory@notredameclinic.com,laboratory@notredameclinic.com,5053537,1,0,1,WITHOUT CONCERN,,PASSED,Excellent,SDTL-PT-22-130280,E
17,13-0300-21-PFSS-R,13,NOVA DRUG TESTING LABORATORY,"1A 1131 QUIRINO HIGHWAY NOVALICHES, FAIRVIEW, QUEZON CITY",Quezon City,9195396442,"RAYMUNDO F. FELICIANO, MD",novadrugtestinglaboratory@yahoo.com,novadrugtestinglaboratory@yahoo.com,5003165,1,2,3,WITHOUT CONCERN,,PASSED,Highly Satisfactory,SDTL-PT-22-130281,HS
17,13-1190-21-GIBS-R,13,NOVALICHES DISTRICT HOSPITAL,"QUIRINO HI-WAY SAN BARTOLOME, NOVALICHES, QUEZON CITY",Quezon City,89310310/09434816833/09478964065,"MARIA MYSTICA FLODALYN T. BAUTISTA, MD",ndhdtl2019@gmail.com/ twinmarelics@yahoo.com,ndhdtl2019@gmail.com/ twinmarelics@yahoo.com,5004910,0,3,3,WITHOUT CONCERN,,PASSED,Highly Satisfactory,SDTL-PT-22-130282,HS
17,13-0968-20-PIBS-R,13,"O'CARE DIAGNOSTIC MEDICAL CENTER, INC.","3RD FLOOR, STWLP BUILDING, 338 SENATOR GIL J. PUYAT AVENUE, BARANGAY 49, PASAY CITY, METRO MANILA",PASAY CITY,09186835035/85212495/09178852065,"SUSANA PINILI QUIAOIT, MD, FPSP",ocare.laboratory@gmail.com,ocare.laboratory@gmail.com,5052142,1,5,6,WITHOUT CONCERN,,PASSED,Acceptable,SDTL-PT-22-130283,A
17,13-XXXX-XX-XXXX-X,13,OC TIAMZON DIAGNOSTIC CLINIC ,"441 PADRE DIEGO CERA AVE PULANG LUPA, LAS PIÑAS CITY",LAS PIÑAS,09225513726 / 85601917 ,AMADO O. TANDOC III MD,octiamzonlaboratory@gmail.com,octiamzonlaboratory@gmail.com,5067090,2,5,7,WITHOUT CONCERN,,PASSED,Acceptable,SDTL-PT-22-130284,A
17,13-0036-21-PIBS-R,13,"OCW MEDICAL CLINIC, INC","1415 GENERAL LUNA STREET, ERMITA MANILA CITY","ERMITA, MANILA",09495883598; 85364866; 09175821757,"DEXTER A. LEDESMA, MD",ocwmedlaboratory@yahoo.com.ph,ocwmedlaboratory@yahoo.com.ph,5004762,1,5,6,WITHOUT CONCERN,,PASSED,Acceptable,SDTL-PT-22-130285,A
17,13-0969-20-PIBS-R,13,"OLAYN MEDICAL LABORATORY, INC.","3RD FLOOR, BDO TAFT - VITO CRUZ BUILDING, 2422 TAFT AVENUE, MALATE, MANILA",MANILA,09186835035/86552648/09178852065,"SUSANA PINILI QUIAOIT, MD, FPSP",olaynofficial@gmail.com,olaynofficial@gmail.com,5052144,0,5,5,WITHOUT CONCERN,,PASSED,Highly Satisfactory,SDTL-PT-22-130286,HS
17,13-0628-21-PIBS-R,13,OLYMPUS MEDICAL & DIAGNOSTIC LABORATORY,"333 A. MABINI  STREET,.BRGY. 18, CALOOCAN CITY",Caloocan City,8354-5338/ 09324169043,"JANETTE S. TOLENTINO, MD, DPSP",olympusmedical2015@gmail.com,olympusmedical2015@gmail.com,5011679,0,5,5,WITHOUT CONCERN,,PASSED,Highly Satisfactory,SDTL-PT-22-130287,HS
17,13-1191-19-PFSS-R,13,ONE HEALTH MEDICAL,"ONE HEALTH BLDG. ANDREWS AVE.MIAA ZONE BRGY.184, PASAY CITY",PASAY CITY,09177046205/9386681917,"CONNIE L. BERNARDO, MD",medical.ohm2012@gmail.com,medical.ohm2012@gmail.com,5003205,1,3,4,WITHOUT CONCERN,,PASSED,Highly Satisfactory,SDTL-PT-22-130288,HS
17,13-1589-19-PIBS-1,13,ONE RAD MEDICAL AND X-RAY CLINIC,"PUROK 4 LOT 10 BLK 7 KATIPUNAN ST. BRGY. COMMONWEALTH, QUEZON CITY",QUEZON CITY,09988646392; (02) 567-993,"OLGA M. BAUSA, MD",oneradmed@gmail.com,oneradmed@gmail.com,5002677,1,5,6,WITHOUT CONCERN,,PASSED,Acceptable,SDTL-PT-22-130289,A
17,13-1283-22-PIBS-I,13,OWM INC. (ONE WORLD MEDICAL),"ZOBEL ST. CORNER ROMUALDEZ ST. BARANGAY 661, ERMITA, METRO MANILA",ERMITA,09175990417/09778152378,HERBERT ZULUETA MANAOIS,admin@oneworldmedicalph.com,admin@oneworldmedicalph.com,5067465,1,1,2,WITHOUT CONCERN,,PASSED,Excellent,SDTL-PT-22-130290,E
17,13-1298-21-PIBS-R,13,PACIFIC GLOBAL MEDICAL CENTER,"L2B MINDANAO AVE. BRGY. TALIPAPA NOVALICHES, QUEZON CITY",QUEZON CITY,09568444753/72393475/09950565080,"JANETTE S. TOLENTINO, MD",LABORATORY.pgmc@gmail.com,LABORATORY.pgmc@gmail.com,5071686,0,5,5,WITHOUT CONCERN,,PASSED,Highly Satisfactory,SDTL-PT-22-130291,HS
17,13-1527-22-PFSS-R,13,PARAÑAQUE DRUG TESTING AND MEDICAL SERVICES,"23C B3L7 DOÑA SOLEDAD AVE., BETTERLIVING SUBD. DON BOSCO, PARAÑAQUE CITY",PARANAQUE CITY,9776325759,"GODOFREDO RAINIER B. MANERA, MD",pdtams.gmail.com,pdtams.gmail.com,5042529,2,6,8,WITHOUT CONCERN,,PASSED,Acceptable,SDTL-PT-22-130292,A
17,13-0905-19-PFSS-R,13,"PARAÑAQUE ULTRASOUND DIAGNOSTIC CENTER, INC. - PARANAQUE","0459 QUIRINO AVENUE, DONGALO, PARAÑAQUE CITY",PARANAQUE CITY,(02) 88522425; 09178907471; 09175551087,"MINNIE JANE A. PINEDA, MD",Pudcdongalolab@gmail.com,Pudcdongalolab@gmail.com,5003618,1,5,6,WITHOUT CONCERN,,PASSED,Acceptable,SDTL-PT-22-130293,A
17,13-0871-21-PIBS-R,13,"PARAÑAQUE ULTRASOUND DIAGNOSTIC CENTER, INC. - BACLARAN","2150 CASQUEJO BUILDING, AIRPORT ROAD, BACLARAN, PARAÑAQUE CITY",PARAÑAQUE CITY,8854-6358,"MINNIE JANE A. PINEDA, MD",pudci.baclab@gmail.com,pudci.baclab@gmail.com,5003617,1,1,2,WITHOUT CONCERN,,PASSED,Excellent,SDTL-PT-22-130294,E
17,13-0244-21-GIBS-R,13,PASIG CITY DRUG TESTING LABORATORY,"5F PASIG CITY HALL BLDG, CARUNCHO AVENUE BRGY. SAN NICOLAS, PASIG CITY",PASIG CITY,8643-0111 (1521); 091785562060,"ROCYLENE C. ROQUE, MD",pasigcitydrugtestinglab@yahoo.com.ph,pasigcitydrugtestinglab@yahoo.com.ph,5010030,0,5,5,WITHOUT CONCERN,,PASSED,Highly Satisfactory,SDTL-PT-22-130295,HS
17,13-0151-22-PIBS-R,13,PASIG DOCTORS MEDICAL CENTER,254 AMANG RODRIGUEZ AVE. MANGGAHAN PASIG CITY,PASIG CITY ,09154466557 / 8787362 loc. 110,"PADUA, ROBERTO ",dplm.pdmc@gmail.com,dplm.pdmc@gmail.com,5066434,0,0,0,WITHOUT CONCERN,,PASSED,Excellent,SDTL-PT-22-130296,E
17,13-0873-21-PIBS-R,13,PATIENT FIRST HOSPITAL CORPORATION,"1418 KAMIAS RD CORNER ANONAS ROAD EXTESION SIKATUNA VILLAGE, QUEZON CITY",QUEZON CITY,9753596494,"GERALD V. TEJADA, MD",kamias.laboratory@patientfirstphil.com,kamias.laboratory@patientfirstphil.com,5022740,1,4,5,WITHOUT CONCERN,,PASSED,Highly Satisfactory,SDTL-PT-22-130297,HS
17,13-0245-21-PIBS-R,13,PATIENT'S CHOICE MEDICAL & INDUSTRIAL LABORATORY,"508-F JCD BLDG. BONI AVENUE BRGY. PLAINVIEW, MANDALUYONG CITY",Mandaluyong City,85348319; 09613830173,"ARLENE L. SANTOS, MD",patientschoice508@gmail.com,patientschoice508@gmail.com,5004015,2,2,4,WITHOUT CONCERN,,PASSED,Highly Satisfactory,SDTL-PT-22-130298,HS
17,13-0138-21-PIBS-R,13,"PERPETUAL SUCCOR HOSPITAL AND MATERNITY, INC.",836 F. CAYCO ST. BRGY. 457 SAMPALOC,Manila ,9178110130,"ALBERT M. ALEGRE, MD",laboratory. pshm@gmail.com,laboratory. pshm@gmail.com,5045088,0,5,5,WITHOUT CONCERN,,PASSED,Highly Satisfactory,SDTL-PT-22-130299,HS
17,13-0337-21-PIBS-R,13,PHILHEALTHCARE INC MOA BRANCH,"UNIT 408H FIVE E COM BLDG CENTER MALL OF ASIA COMPLEX BRGY 76, PASAY CITY",Pasay ,8893 8250,"JOHN ARNEL H. AMATA, MD,FPSP",moalaboratory@philcare.com.ph,moalaboratory@philcare.com.ph,5004627,2,3,5,WITHOUT CONCERN,,PASSED,Highly Satisfactory,SDTL-PT-22-130300,HS
17,13-1559-21-PIBS-I,13,"PHILHEALTHCARE, INC.","6764 STI HOLDINGS CENTER, AYALA AVENUE, BRGY. SAN LORENZO, MAKATI CITY",MAKATI CITY,02-8802-7333/09999122921,"JOHN ARNEL H. AMATA, MD,FPSP",PMDIAGNOSTICS@PHILCARE.COM.PH,PMDIAGNOSTICS@PHILCARE.COM.PH,5004626,0,3,3,WITHOUT CONCERN,,PASSED,Highly Satisfactory,SDTL-PT-22-130301,HS
17,13-1191-21-GIBS-R,13,PHILIPPINE CHILDREN'S MEDICAL CENTER DRUG TESTING LAB,"GROUND FLOOR PATHOLOGY DEPARTMENT, AGHAM ROAD, QUEZON CITY",METRO ,8588-9900 LOC 246; 09605234455; 09178550673,"CARINA CARIDAD N. MATABANG, MD",sdtl.pcmc@gmail.com,sdtl.pcmc@gmail.com,5010038,0,5,5,WITHOUT CONCERN,,PASSED,Highly Satisfactory,SDTL-PT-22-130302,HS
17,13-1311-21-GIBS-R,13,PHILIPPINE HEART CENTER- BLOOD BANK,"MAB ANNEX MEZZANINE, EAST AVENUE, DILIMAN, QUEZON CITY",QUEZON CITY,8-929-16-38,"FREDERICK R. REYES, MD",phc_bb@yahoo.com,phc_bb@yahoo.com,5004564,1,4,5,WITHOUT CONCERN,,PASSED,Highly Satisfactory,SDTL-PT-22-130303,HS
17,13-1446-21-PIBS-R,13,PHILIPPINE MEDICAL DIAGNOSTIC AND LABORATORY CENTER CORP.,"1932-A TAFT AVENUE, MALATE MANILA",Malate MANILA,09778506929; 0270422713,"HERBERT Z. MANAOIS, MD",philmedlab@gmail.com,philmedlab@gmail.com,5013818,1,5,6,WITHOUT CONCERN,,PASSED,Acceptable,SDTL-PT-22-130304,A
17,13-0163-22-PIBS-R,13,PHILIPPINE MEDICAL TESTS SYSTEM,"GOLDEN SUN REALTY BLDG. #29 MINDANAO AVE., BRGY. BAGONG PAG-ASA, QUEZON CITY",QUEZON CITY,9326142516,"FRON EDEN FERNANDEZ, MD",pmts_quezonave@yahoo.com,pmts_quezonave@yahoo.com,5072204,1,4,5,WITHOUT CONCERN,,PASSED,Highly Satisfactory,SDTL-PT-22-130305,HS
17,13-XXXX-XX-XXXX-X,13,"PHILIPPINE- CHINESE CHARITABLE ASSOCIATION, INC","286 BLUMENTRITT ST., STA CRUZ, MANILA",MANILA,87114141 LOC. 1017; 09568540840; 09175238181,"EVELINA N. LAGDAMAYO, MD",chghdrugtestinglab@gmail.com,chghdrugtestinglab@gmail.com,5003876,0,5,5,WITHOUT CONCERN,,PASSED,Highly Satisfactory,SDTL-PT-22-130306,HS
17,13-0033-21-PIBS-R,13,"PHYSICIANS' DIAGNOSTIC SERVICES CENTER,INC.","533 U.N AVENUE BRGY. 659, ERMITA, MANILA",MANILA,5214967,"DEXTER A. LEDESMA, MD",dexteraledesma@yahoo.com,dexteraledesma@yahoo.com,5004998,1,3,4,WITHOUT CONCERN,,PASSED,Highly Satisfactory,SDTL-PT-22-130307,HS
17,13-1041-21-PFSS-R,13,POLARES MEDICAL AND DIAGNOSTIC SERVICES,"NO.146 DR. SIXTO AVE. CANIOGAN, PASIG CITY",Pasig City,9171684373,"LUDIVINA T. SOLIS, MS",mdtech_rtm@yahoo.com,mdtech_rtm@yahoo.com,5012309,3,4,7,WITHOUT CONCERN,,PASSED,Acceptable,SDTL-PT-22-130308,A
17,13-1192-21-PIBS-R,13,POPE JOHN PAUL II HOSPITAL AND MEDICAL CENTER,"GROUND FLOOR 545-E ALABANG- ZAPOTE ROAD, TALON UNIO, LAS PIÑAS CITY",LAS PIÑAS ,09562569197/ 09176257310,"JEFFERSON B. MENDOZA, FPSP",pjpsdtl@gmail.com,pjpsdtl@gmail.com,5021830,1,4,5,WITHOUT CONCERN,,PASSED,Highly Satisfactory,SDTL-PT-22-130309,HS
17,13-0338-21-PFSS-R,13,PRECISION MEDICAL SERVICES AND DRUG TESTING LABORATORY,"82 P TUAZON BOULEVARD, BRGY KAUNLARAN, QUEZON CITY",Quezon City,34112723/ 3411-2723,"PRISCILLA G. MONTEFALCON, MD",Kisses14393@hotmail.com,Kisses14393@hotmail.com,5003124,2,3,5,WITHOUT CONCERN,,PASSED,Highly Satisfactory,SDTL-PT-22-130310,HS
17,13-0970-20-PIBS-R,13,PREMIER 101 MEDICAL AND DIAGNOSTIC CENTER,"2F VALENZUELA TOWN CENTER, KARUHATAN, VALENZUELA CITY",VALENZUELA,09173083909; 028232766; 02856000-68,"AMELIA C. FIBRA, MD",drugtesting.premier101@gmail.com,drugtesting.premier101@gmail.com,5012228,3,5,8,WITHOUT CONCERN,,PASSED,Acceptable,SDTL-PT-22-130311,A
17,13-1371-21-PIBS-R,13,"PREMIERE MEDICAL AND CARDIOVASCULAR LABORATORY,INC.","G/F BELL KENZ TOWER NO. 127 MALAKAS ST. DILIMAN, QUEZON CITY",QUEZON CITY,09171644271/ 84269745,"FLORIDO A. ATIBAGOS, MD",premiere_clinlab@yahoo.com,premiere_clinlab@yahoo.com,5003198,2,5,7,WITHOUT CONCERN,,PASSED,Acceptable,SDTL-PT-22-130312,A
17,13-1575-21-PIBS-I,13,PRIME LABORATORY CORP,"UNIT 202 MAINPLACE BUILDING 190 PINAGLABANAN ST, SAN JUAN CITY",San Juan City,9299662723,"MARY ANN O. CABRERA, MD",primelab_encoder1@yahoo.com,primelab_encoder1@yahoo.com,5044194,3,2,5,WITHOUT CONCERN,,PASSED,Highly Satisfactory,SDTL-PT-22-130313,HS
17,13-0662-20-PIBS-R,13,PROBE POLYCLINIC + DIAGNOSTIC CENTER,"UNIT 102 MARBELLA BLG. II 2071 ROXAS BLVD. MALATE, MANILA CITY",MANILA,5260718;09959483964,"ANAROSE C. ALVARADO, MD",probepolyclinicdiagnostic@gmail.com,probepolyclinicdiagnostic@gmail.com,5008642,0,5,5,WITHOUT CONCERN,,PASSED,Highly Satisfactory,SDTL-PT-22-130314,HS
17,13-0177-22-PIBS-R,13,PROLAB DIAGNOSTIC CENTER ALABANG,"252 MONTILLANO ST. 2ND FLOOR OF LIANA'S CENTRAL MALL, ALABANG, MUNTINLUPA CITY",MUNTINLUPA CITY,09273197584/02-45593031/09171826742,"MARIA LUISA ROSPI P. CRUZ, MD",prolabdiagnosticcenter@gmail.com,prolabdiagnosticcenter@gmail.com,5060240,2,5,7,WITHOUT CONCERN,,PASSED,Acceptable,SDTL-PT-22-130315,A
17,13-0212-22-PIBS-R ,13,PROLAB DIAGNOSTIC CO. ,"UNIT MC2 VICTORIA STATION 1, 793 EDSA KAMUNING SOUTH TRIANGLE DILIMAN, QUEZON CITY",QUEZON CITY,9563511079,"NOEL C. SANTOS, MD ",prolabqc0809@yahoo.com.ph ,prolabqc0809@yahoo.com.ph ,5072740,1,5,6,WITHOUT CONCERN,,PASSED,Acceptable,SDTL-PT-22-130316,A
17,13-0418-21-PIBS-R,13,PROLAB DIAGNOSTICS CO.,"UNIT 202 MET 4 CITYLAND SQUARE SEN. GIL PUYAT AVE. COR P. MEDINA ST. PIO DEL PILAR, MAKATI CITY",Makati City,02-85539826,"NOEL C. SANTOS, MD",prolab_op@yahoo.com.ph,prolab_op@yahoo.com.ph,5003820,0,4,4,WITHOUT CONCERN,,PASSED,Highly Satisfactory,SDTL-PT-22-130317,HS
17,13-0035-21-PIBS-R,13,PROSPERITY MEDICAL CLINIC AND LABORATORY INC,"858 REMEDIOS ST MALATE, MANILA CITY",Manila,09178211617/ 0285212252,MARILYN P. CALILUNG,pmcli_2000@yahoo.com,pmcli_2000@yahoo.com,5003516,0,5,5,WITHOUT CONCERN,,PASSED,Highly Satisfactory,SDTL-PT-22-130318,HS
17,13-0962-19-PIBS-R ,13,PROVIDENCE HOSPITAL INC. ,1515 QUEZON AVENUE WEST TRIANGLE QUEZON CITY ,QUEZON CITY ,09088137239 / 558-69-99 Loc. 504,RAYMUND R. INOCENCIO MD ,lab1515.phi@gmail.com,lab1515.phi@gmail.com,5063776,1,3,4,WITHOUT CONCERN,,PASSED,Highly Satisfactory,SDTL-PT-22-130319,HS
17,13-1226-19-PIBS-R,13,QUALI-CARE POLYCLINIC AND LABORATORY INC.,"#47-A BAYAN-BAYANAN AVE., CONCEPCION UNO, MARIKINA CITY",CITY OF MARIKINA,8475-0235; 09295011032,"OLGA M. BAUSA , MD",qualicarepolyclinic@gmail.com,qualicarepolyclinic@gmail.com,5004481,0,3,3,WITHOUT CONCERN,,PASSED,Highly Satisfactory,SDTL-PT-22-130320,HS
17,13-0036-21-PIBS-R,13,QUALIMED SURGERY CENTER,"UP-PGH, FACULTY MEDICAL ARTS BUILDING, PGH COMPOUND, TAFT AVENUE, MANILA CITY",MANILA,8-708-0000 LOC 123; 09173075997,"KAREN B. DAMIAN, MD, FPSP",hcjalago.mnl@qualimed.com.ph,hcjalago.mnl@qualimed.com.ph,5004159,1,5,6,WITHOUT CONCERN,,PASSED,Acceptable,SDTL-PT-22-130321,A
17,13-XXXX-XX-XXXX-X,13,QUICK STOP DRUG TESTING CENTER,"C/O LTO,MRT UPPER LEVEL GUADALUPE COMMERCIAL COMPLEX MAKATI CITY",MAKATI,9177924247/8800-6173,"LONTOC,MA. VICTORIA",quickstopdtc@yahoo.com/quickstopdrugtesting@gmail.com,quickstopdtc@yahoo.com/quickstopdrugtesting@gmail.com,5062773,1,4,5,WITHOUT CONCERN,,PASSED,Highly Satisfactory,SDTL-PT-22-130322,HS
17,13-0037-21-GIBS-R,13,QUIRINO MEMORIAL MEDICAL CENTER,"J.P. RIZAL COR. P. TUAZON STS. PROJECT 4, QUEZON CITY",QUEZON CITY,53049800 / 09989722465; 09088724166,"MARITES A. OMBAO, MD",maombao_md@yahoo.com.ph,maombao_md@yahoo.com.ph,5003652,1,5,6,WITHOUT CONCERN,,PASSED,Acceptable,SDTL-PT-22-130323,A
17,13-XXXX-XX-XXXX-X,13,R.E. MALLARI CLINICAL DIAGNOSTIC LABORATORY ,"3RD FLOOR 3F-4 DIANNE BLDG. COR 746 RIZAL AVE EXT. GRACE PARK MONUMENTO, CALOOCAN CITY",CALOOCAN CITY,9531937385,"GABRIEL J. CRUZ, MD ",remallariclinicaldiagnosticlab@gmail.com,remallariclinicaldiagnosticlab@gmail.com,5082243,1,5,6,WITHOUT CONCERN,,PASSED,Acceptable,SDTL-PT-22-130324,A
17,13-0421-21-PIBS-R,13,"RGO LAB. INDUSTRIAL AND DIAGNOSTIC CENTER INC., - BGC ","UNIT 7A, ICON PLAZA, 26TH ST., FORT BGC, TAGUIG CITY",TAGUIG,8387178; 09175491517,"HERBERT Z. MANAOIS, MD",rgobgc@gmail.com,rgobgc@gmail.com,5004012,1,2,3,WITHOUT CONCERN,,PASSED,Highly Satisfactory,SDTL-PT-22-130325,HS
17,13-1663-21-PIBS-I,13,RAPID CARE MEDICAL CLINIC CORPORATION,"RM 406-407, UNLAD CONDOMINIUM, GEN. MALVAR ST. COR TADT AVENUE, MALATE CITY",MALATE,9228666423,"EXALTACION A. CARINGAL, MD",rcmmc.lab2021@gmail.com,rcmmc.lab2021@gmail.com,5041405,2,5,7,WITHOUT CONCERN,,PASSED,Acceptable,SDTL-PT-22-130326,A
17,13-0038-21-PIBS-R,13,REAL CARE LABORATORY AND MEDICAL CLINIC,"323 AMANG RODRIGUEZ AVENUE MANGGAHAN, PASIG CITY",PASIG CITY,7757-6014 / 09338662320,"FREDERICK R. LLANERA, MD., FPSP",realcarepasig@gmail.com,realcarepasig@gmail.com,5007760,1,2,3,WITHOUT CONCERN,,PASSED,Highly Satisfactory,SDTL-PT-22-130327,HS
17,13-1448-21-PIBS-R,13,"RG MEDICAL CLINIC, INC.","1692 EVANGELISTA ST. BANGKAL, MAKATI CITY",MAKATI,88432645 (LOC) 106; 09175432761,"ANDREW D. DIMACALI, MD",rgmclaboratory@gmail.com,rgmclaboratory@gmail.com,5003288,1,4,5,WITHOUT CONCERN,,PASSED,Highly Satisfactory,SDTL-PT-22-130328,HS
17,13-0420-21-PIBS-R,13,"RGO LAB. INDUSTRIAL AND DIAGNOSTIC CENTER INC., - PARAÑAQUE","UNIT 2 E/F, AIRPORT GLOBAL PLAZA, NAIA ROAD CORNER ROXAS BOULEVARD, BRGY. TAMBO, PARAÑAQUE CITY",PARAÑAQUE CITY,8330-4656; 09175491517,"HERBERT Z. MANAOIS, MS",rgoparanaque@gmail.com,rgoparanaque@gmail.com,5004013,0,1,1,WITHOUT CONCERN,,PASSED,Excellent,SDTL-PT-22-130329,E
17,13-0419-21-PIBS-R,13,"RGO LAB. INDUSTRIAL AND DIAGNOSTIC CENTER INC., - MAKATI","1980 EMILUZ BLDG. CAPT. M. REYES ST. COR LUCBAN ST. BANGKAL, MAKATI CITY",MAKATI CITY,8889-1311/8843-18-53/ 09175491517,"ANDREW D. DIMACALI, MD",rgolaboratory@gmail.com,rgolaboratory@gmail.com,5004014,1,0,1,WITHOUT CONCERN,,PASSED,Excellent,SDTL-PT-22-130330,E
17,13-1562-22-GIBS-R,13,RIZAL MEDICAL CENTER,"PASIG BLVD,BAGONG ILOG PASIG CITY",PASIG CITY,9957183624,"MANAOIS,HERBERT",rmcdrugtestinglab@gmail.com,rmcdrugtestinglab@gmail.com,5054300,0,5,5,WITHOUT CONCERN,,PASSED,Highly Satisfactory,SDTL-PT-22-130331,HS
17,13-1043-21-PIBS-R,13,RSL DIAGNOSTIC LABORATORY,"120 K6TH STREET BRGY EAST KAMIAS, QUEZON CITY",QUEZON CITY,9177063885,"GABRIEL J. CRUZ, MD",rsldiagnosticlaboratory@gmail.com,rsldiagnosticlaboratory@gmail.com,5003210,2,4,6,WITHOUT CONCERN,,PASSED,Acceptable,SDTL-PT-22-130332,A
17,13-0064-18-PIBS-R,13,RSS CITIHEALTH SERVICES,"21 PASIG BLVD EXT CANIOGAN, PASIG CITY",PASIG CITY,86281311; 09989926859,"MENNEN A. ALSOL, MD",rsscitihealthservicescorp@gmail.com,rsscitihealthservicescorp@gmail.com,5003408,1,5,6,WITHOUT CONCERN,,PASSED,Acceptable,SDTL-PT-22-130333,A
17,13-0629-21-PIBS-R,13,"S.M. LAZO MEDICAL CLINIC, INC.","1755 TAFT AVENUE CORNER J. NAKPIL, MANILA CITY",Manila,85241891,"AGUSTINA ABELARDO, MD",smlazolaboratory@yahoo.com,smlazolaboratory@yahoo.com,5006042,0,3,3,WITHOUT CONCERN,,PASSED,Highly Satisfactory,SDTL-PT-22-130334,HS
17,13-0207-22-PIBS-R,13,"SACRED HEART DIAGNOSTIC MEDICAL CENTER, INC.","2ND FLR RIGHT WING MAGA CENTER BLDG. PASEO DE MAGALLANES, MAKATI CITY",MAKATI CITY,"09367076734/8853-0633, 8853-0235/09175056591",AMELIA CO FIBRA,clinic.sacredheart@gmail.com,clinic.sacredheart@gmail.com,5070818,0,5,5,WITHOUT CONCERN,,PASSED,Highly Satisfactory,SDTL-PT-22-130335,HS
17,13-0246-21-PIBS-R,13,SAFEWAY DIAGNOSTICS AND MEDICAL CLINIC INC. ,"2ND FLOOR CENTILLION CENTRE BLDG. 2972 RAMON MAGSAYSAY BLVD. STA MESA, MANILA CITY",MANILA,87135219/ 09171450866,"MARIA ANTONIO V. CUDAL, MD",safewaylab@yahoo.com,safewaylab@yahoo.com,5004899,1,4,5,WITHOUT CONCERN,,PASSED,Highly Satisfactory,SDTL-PT-22-130336,HS
17,13-0044-21-PIBS-R,13,SAGRADA CORAZON MEDICAL & ALLIED SERVICES CENTER INC,"1057 M.H.DEL PILAR ST. ERMITA,  MANILA CITY",Ermita,09560387664; 85247128,"RONALD C. CABUDOY, MD",laboratorysagrada@yahoo.com,laboratorysagrada@yahoo.com,5007780,0,3,3,WITHOUT CONCERN,,PASSED,Highly Satisfactory,SDTL-PT-22-130337,HS
17,13-1390-21-PIBS-R,13,"SAN JUAN DE DIOS EDUCATIONAL FOUNDATION, INC. ","2772 ROXAS BLVD, PASAY CITY",PASAY CITY,88319731 LOCAL 1115/1116,"LIEZEL VILLANUEVA SOSITO, MD",laboratory@sanjuandedios.org,laboratory@sanjuandedios.org,5022167,0,4,4,WITHOUT CONCERN,,PASSED,Highly Satisfactory,SDTL-PT-22-130338,HS
17,13-0407-20-PIBS-R,13,SANDA DIAGNOSTIC CENTER,"SANDA BLDG. A., LACSON COR, LAONG-LAAN, SAMPALOC MANILA CITY",SAMPALOC,(8)256-3337/09380825580,"BU C. CASTRO, MD",sandadxcenter1994@yahoo.com/rufaida.tampipi@uz.edu.ph,sandadxcenter1994@yahoo.com/rufaida.tampipi@uz.edu.ph,5003100,0,1,1,WITHOUT CONCERN,,PASSED,Excellent,SDTL-PT-22-130339,E
17,13-0217-22-PIBS-R,13,SANTO BENEDICTO MEDICAL AND DIAGNOSTIC CLINIC,"UNIT 3 LLANO ROAD, LLANO SUBDIVISION, BRGY 168, DIST 1, CALOOCAN CITY",CALOOCAN CITY,09994864937/09175821757,"DEXTER A. LEDESMA, MD",santobenedictomdc@gmail.com,santobenedictomdc@gmail.com,5071553,2,4,6,WITHOUT CONCERN,,PASSED,Acceptable,SDTL-PT-22-130340,A
17,13-0453-21-PIBS-R,13,SEAMEN'S HOSPITAL,"3F CABILDO CORNER SAN JOSE ST.INTRAMUROS, MANILA CITY",MANILA,85278116/09172475248,"RONALD DC. CABUDOY, MD",shosp_mnl@amosup.org,shosp_mnl@amosup.org,5004042,2,1,3,WITHOUT CONCERN,,PASSED,Highly Satisfactory,SDTL-PT-22-130341,HS
17,13-1411-20-PIBS-R,13,SEATRIC MEDICAL CLINICAL CORPORATION,14TH FLOOR MARITIME PLAZA TOWER A. FLORES COR. CORTADA ST. ERMITA MANILA,MANILA ,9493147489,"JANETTE S. TOLENTINO, MD",seatriclab@gmail.com,seatriclab@gmail.com,5023773,0,5,5,WITHOUT CONCERN,,PASSED,Highly Satisfactory,SDTL-PT-22-130342,HS
17,13-0046-21-PIBS-R,13,SILONGA MEDICAL LABORATORY,"PHASE 1A BLK26 LOT1 CORNER APAHAP ST, NAVOTAS CITY",Navotas city,864 286 31; 09178149117,"SONIA P. SILONGA, MD",hjsgmcc@gmail.com,hjsgmcc@gmail.com,5002978,2,6,8,WITHOUT CONCERN,,PASSED,Acceptable,SDTL-PT-22-130343,A
17,13-0028-20-PIBS-R,13,SINGAPORE MEDICAL LABORATORIES INC.,"4TH FLOOR STERLING CTR LEGASPI VIL, MAKATI CITY",Makati City,288450655; 09178239715,"PAULO GIOVANNI L. MENDOZA, MD",bluzil.goles@singaporediagnostics.com,bluzil.goles@singaporediagnostics.com,5003241,1,3,4,WITHOUT CONCERN,,PASSED,Highly Satisfactory,SDTL-PT-22-130344,HS
17,13-0456-21-PFSS-R,13,SKY-MED HEALTH & LABORATORY CENTER INC.,"#68 G/F SKY 1 TOWER DASMARINAS ST. BINONDO, MANILA CITY",MANILA,82429387;82424330;09178555428,"MONINA C. MONTENEGRO, MD",raffyyu88@yahoo.com,raffyyu88@yahoo.com,5004028,0,4,4,WITHOUT CONCERN,,PASSED,Highly Satisfactory,SDTL-PT-22-130345,HS
17,13-1134-21-PIBS-R,13,SOUTH JLA DIAGNOSTICS INC,"1 FATIMA STREET FIN-ASIA HOMES, PARAÑAQUE CITY",PARANAQUE,09178992081;09338142081; 70910735,"FRANK GERALD C. PAGDUNZULAN, MD, DPSP",sjladi.adm@gmail.com,sjladi.adm@gmail.com,5003603,1,0,1,WITHOUT CONCERN,,PASSED,Excellent,SDTL-PT-22-130346,E
17,13-0427-21-PFSS-R,13,"SSMC HEALTH, INC.","3993 G/F CROSSWIND OCEAN HOTEL,AIRPORT ROAD,BACLARAN, PARAÑAQUE CITY",PARAÑAQUE CITY,(02)805-93-18/09167041039,"MARLENE S. ONTOG, MD",ricardorealistajr@gmail.com,ricardorealistajr@gmail.com,5003285,2,5,7,WITHOUT CONCERN,,PASSED,Acceptable,SDTL-PT-22-130347,A
17,13-0426-21PIBS-R,13,"SSMC HEALTH, INC.","3F SYCAMORE CENTRE BUEN CAMINO ST., ALABANG-ZAPOTE RD. MUNTINLUPA CITY",Muntinlupa City,09207216388; 8 8475437,"IFITZAR M. HARON, MD",ssmchealthmsu@gmail.com,ssmchealthmsu@gmail.com,5006304,0,4,4,WITHOUT CONCERN,,PASSED,Highly Satisfactory,SDTL-PT-22-130348,HS
17,13-0877-21-PIBS-R,13,ST CAMILLUS MEDICAL ENTER,116 AMANG RODRIGUEZ SANTOLAN PASIG CITY,PASIG CITY,645 37 42,"ROZANI O. NAVARRO, MD, FPSP",scmclab@gmail.com,scmclab@gmail.com,5025688,0,5,5,WITHOUT CONCERN,,PASSED,Highly Satisfactory,SDTL-PT-22-130349,HS
17,13-1011-21-PIBS-R,13,ST LUKE'S MEDICAL CENTER - QUEZON CITY,"279  E RODRIGUEZ SR AVENUE, QUEZON CITY",QUEZON CITY,77230101 LOC 4137/09985821336/09189068919,"DR. MARIA CECILIA F. LIM, MD",bcguirindola@stlukes.com.ph,bcguirindola@stlukes.com.ph,5014566,1,5,6,WITHOUT CONCERN,,PASSED,Acceptable,SDTL-PT-22-130350,A
17,13-0455-21-PFSS-R,13,ST MICHAEL'S MEDICAL CLINIC AND DIAGNOSTIC CENTER ,"2ND FLOOR TRINISIA CENTER EDSA ARAYAT CUBAO, QUEZON CITY",QUEZON CITY ,8705-1676,"BU CASTRO, MD",smmc_cubao@yahoo.com,smmc_cubao@yahoo.com,5003468,1,5,6,WITHOUT CONCERN,,PASSED,Acceptable,SDTL-PT-22-130351,A
17,13-0041-21-PIBS-R,13,ST. PETER PAUL MEDICAL CLINIC ERMITA,"1182 GREY ST, ERMITA MANILA",Ermita manila,5364650,"MIRAMIN A. ABAD-LAPUEBLA, MD",stpeterpaulmedicalclinic@yahoo.com,stpeterpaulmedicalclinic@yahoo.com,5004536,1,5,6,WITHOUT CONCERN,,PASSED,Acceptable,SDTL-PT-22-130352,A
17,13-0669-20-PFSS-R,13,ST. MICHAEL MEDICAL CLINIC AND DIAGNOSTIC CENTER INC.,"G/F NORTHWEST PLAZA MALL, 101 RIZAL AVENUE EXTENSION,  MONUMENTO, CALOOCAN CITY",Caloocan city,084426036; 09273409447;4426036,"BU C. CASTRO, MD",smmc_monumento@yahoo.com,smmc_monumento@yahoo.com,5003196,0,5,5,WITHOUT CONCERN,,PASSED,Highly Satisfactory,SDTL-PT-22-130353,HS
17,13-0140-21-PFSS-R,13,ST. ANDREW DRUG SCREENING AND NEURO PSYCHO TESTING CENTER,"2B 1ST AVENUE BAGONG LIPUNAN NG CRAME, QUEZON CITY",Quezon City,09175254682; 87229954,"LESTER D. ABELEDA, MD, MOH",st_andrew_dsl@yahoo.com,st_andrew_dsl@yahoo.com,5003244,3,1,4,WITHOUT CONCERN,,PASSED,Highly Satisfactory,SDTL-PT-22-130354,HS
17,13-1130-22-PFSS-I,13,ST. CECILIA DIAGNOSTIC CLINIC,"2F BRITTANY SQUARE BLDG. MINDANAO AVE., COR. EXT. BELFAST ST. BRGRY. PASONBG PUTIK, QUEZON CITY",QUEZON CITY,09951661127/8546617/09258541347,HORACIO ALINSUNURIN SAGUIL,stceciliaclinic@gmail.com,stceciliaclinic@gmail.com,50680587,1,5,6,WITHOUT CONCERN,,PASSED,Acceptable,SDTL-PT-22-130355,A
17,13-XXXX-XX-XXXX-X,13,ST. CECILIA POLYCLINIC ,3/F METROBANK BLDG. 1149 A. MABINI ST. ERMITA MANILA ,MANILA ,9064750238,"EMMANUEL BUHAT, MD",st.ceciliapolyclinic@yahoo.com.ph ,st.ceciliapolyclinic@yahoo.com.ph ,5072888,1,1,2,WITHOUT CONCERN,,PASSED,Excellent,SDTL-PT-22-130356,E
17,13-0784-21-PFSS-R,13,ST. GEORGE CLINICAL LABORATORY SERVICES,"704 2/F PUREGOLD BLDG. RIZAL AVE. EXT., CALOOCAN CITY",CALOOCAN,09271183225; 09176899980/09778171973,"GEORGE C. ABARRO III MD, FPCR",rmtchel20@gmail.com,rmtchel20@gmail.com,4888592,0,5,5,WITHOUT CONCERN,,PASSED,Highly Satisfactory,SDTL-PT-22-130357,HS
17,13-0785-21-PIBS-R,13,ST. GEORGE CLINICAL LABORATORY SERVICES- KALAYAAN BRANCH,"132 KALAYAAN AVENUE, BRGY. CENTRAL, DILIMAN, QUEZON CITY",QUEZON CITY,8426-3490/ 0995-405-3887,"GEORGE C. ABARRO III MD, FPCR",stgeorgeqcclinic@yahoo.com,stgeorgeqcclinic@yahoo.com,488591,0,5,5,WITHOUT CONCERN,,PASSED,Highly Satisfactory,SDTL-PT-22-130358,HS
17,13-1079-18-PIBS-R,13,ST. IGNATIUS DE LOYOLA HEALTH CARE SERVICES,"131 SHAW BLVD. BRGY PINEDA, PASIG CITY",PASIG CITY,86718370,"FREDERICK R. LLANERA, MD",st.ignatiuspasig@gmail.com,st.ignatiuspasig@gmail.com,5007804,3,5,8,WITHOUT CONCERN,,PASSED,Acceptable,SDTL-PT-22-130359,A
17,13-0248-21-PIBS-R,13,ST. IGNATIUS DE LOYOLA HEALTH CARE SERVICES,"253 SHOE AVENUE, BRGY. STO. NINO, MARIKINA CITY",MARIKINA,73945412;09279275680;09228368137,"MARIA LOURDES A. TILBE, MD",stignaciushcs_1993@yahoo.com,stignaciushcs_1993@yahoo.com,5005573,1,4,5,WITHOUT CONCERN,,PASSED,Highly Satisfactory,SDTL-PT-22-130360,HS
17,13-0039-21-PIBS-R,13,ST. ISABEL POLYCLINIC AND LABORATORY,"417 J.P. RIZAL STREET BARANGAY SANTO NINO, MARIKINA CITY",MARIKINA CITY,285641497; 09165125585;9165125585,"TITO G. GARRIDO, MD",st.isabel_lab@yahoo.com,st.isabel_lab@yahoo.com,5003485,1,0,1,WITHOUT CONCERN,,PASSED,Excellent,SDTL-PT-22-130361,E
17,13-0234-22-PIBS-R,13,ST. JUDE MEDICAL CLINIC AND DIAGNOSTIC CENTER,"BLK 51 LOT 3 PH 3 F2 DAGAT-DAGATAN, CALOOCAN CITY",CALOOCAN CITY,09985772916/89219118/09178344982,ROSALINDA COSMAS R. BENITEZ,stcaloocan@gmail.com,stcaloocan@gmail.com,5069965,1,5,6,WITHOUT CONCERN,,PASSED,Acceptable,SDTL-PT-22-130362,A
17,13-0233-22-PIBS-R,13,ST. JUDE MEDICAL CLINIC AND DIAGNOSTIC CENTER,"RLN BLDG. 153 GOV PASCUAL AVE. COR. M H DEL PILAR ST., BRGY. TINAJEROS, MALABON CITY",MALABON CITY,09392668945/8986-4914/09190953583,ROSALINDA COSMAS R. BENITEZ,stjudemedcen@gmail.com,stjudemedcen@gmail.com,5069964,0,0,0,WITHOUT CONCERN,,PASSED,Excellent,SDTL-PT-22-130363,E
17,13-0235-18-PIBS-R,13,ST. LUKE'S MEDICAL CENTER-GLOBAL CITY,"32ND ST. CORNER RIZAL DRIVE BONIFACIO GLOBAL CITY, TAGUIG CITY",TAGUIG CITY,789-77-00 LOCAL 2074; 09209024357,"MARIA CECILIA F. LIM, MD",chemistryslmcgc@gmail.com,chemistryslmcgc@gmail.com,5003789,1,4,5,WITHOUT CONCERN,,PASSED,Highly Satisfactory,SDTL-PT-22-130364,HS
17,13-1631-22-PIBS-R,13,ST. MARTIN POLYCLINIC INC ,1455 LEON GUINTO ST. MALATE MANILA (NEAR CHERRY MOBILE BUILDING) ,MANILA ,09179792305 / 85228341,ERISTOTEL GREGORIO M. PAULINO MD. ,josephbona53@yahoo.com,josephbona53@yahoo.com,5064472,0,5,5,WITHOUT CONCERN,,PASSED,Highly Satisfactory,SDTL-PT-22-130365,HS
17,13-0244-22-PFSS-R,13,ST. MICHAEL MEDICAL CLINIC AND DIAGNOSTIC CENTER (CALOOCAN),G/F 101 NORTHWEST PLAZA RIZAL AVE. CALOOCAN CITY,CALOOCAN,9273409447,"BU C. CASTRO, MD",smmc_monumento@yahoo.com,smmc_monumento@yahoo.com,5047840,0,5,5,WITHOUT CONCERN,,PASSED,Highly Satisfactory,SDTL-PT-22-130366,HS
17,13-0040-21-PFSS-R,13,ST. MICHAEL'S MEDICAL CENTER,"2FLR STARMALL EDSA COR SHAW BLVD, MANDALUYONG CITY",MANDALUYONG CITY,84778937;09952553906,"BU C. CASTRO, MD",smmc_starmallbranch@yahoo.com,smmc_starmallbranch@yahoo.com,5003488,1,5,6,WITHOUT CONCERN,,PASSED,Acceptable,SDTL-PT-22-130367,A
17,13-0042-21-PFSS-R,13,ST. RITA MEDICAL AND DIAGNOSTIC CENTER,"1705 B DIAN COR. FINLANDIA STS. SAN, ISIDRO, MAKATI, METRO MANILA",MAKATI CITY,8-845-1481,"SUSANA P. QUIAOIT, MD",anacasaliya@gmail.com,anacasaliya@gmail.com,5110723,1,3,4,WITHOUT CONCERN,,PASSED,Highly Satisfactory,SDTL-PT-22-130368,HS
17,13-0247-22-PIBS-R,13,ST. THOMAS DIAGNOSTIC MEDICAL AND DENTAL CLINIC INC.,"1724 2ND FLR PWU UNLAD BLDG LEON GUINTO ST. COR. MALVAR MALATE, MANILA",MANILA,09274052512/2540683,JANETTE S. TOLENTINO,info@stdmdc.net,info@stdmdc.net,5070582,3,2,5,WITHOUT CONCERN,,PASSED,Highly Satisfactory,SDTL-PT-22-130369,HS
17,13-1044-21-PFSS-R,13,STAR ALLIANCE DIAGNOSTICS & MARKETING SERVICES,"401 DAVID BLDG. 561 SHAW BLVD, MANDALUYONG CITY",MANDALUYONG CITY,0942-744-1485,"VITTORO M. PANAGUITON, MD",vittstar@yahoo.com,vittstar@yahoo.com,5005097,1,5,6,WITHOUT CONCERN,,PASSED,Acceptable,SDTL-PT-22-130370,A
17,13-0156-20-PFSS-R,13,"STATELAB CLINICS & DIAGNOSTIC CENTER, INC.","UNIT 220 2ND/F SAINT ANTHONY BLDG. 891 AURORA BLVD. CUBAO, QUEZON CITY",QUEZON CITY,87092270 / 09171261339,"OLGA MUNAR BAUSA, MD",statelab_2009@yahoo.com,statelab_2009@yahoo.com,5020987,0,5,5,WITHOUT CONCERN,,PASSED,Highly Satisfactory,SDTL-PT-22-130371,HS
17,13-0048-21-PIBS-R,13,STO. DOMINGO DIAGNOSTIC AND MEDICAL CENTER CORP,"LGF STARMALL EDSA SHAW BLVD., BRGY WACK-WACK GREENHILLS, MANDALUYONG CITY",MANDALUYONG CITY,8654-4651/8650-3743,"MELANI A. SIONZON, MD",sto.domingodiagnostic2@gmail.com,sto.domingodiagnostic2@gmail.com,5010221,3,1,4,WITHOUT CONCERN,,PASSED,Highly Satisfactory,SDTL-PT-22-130372,HS
17,13-0247-21-PIBS-R,13,STO. DOMINGO DIAGNOSTIC AND MEDICAL CORP.,"RM 303-304 LUZ BLDG. 111 QUEZON AVENUE, QUEZON CITY",QUEZON CITY,87321412;09178343587;09178239562,"MELANI A. SIONZON, MD",sddmcc.drugtest@gmail.com,sddmcc.drugtest@gmail.com,5003447,0,4,4,WITHOUT CONCERN,,PASSED,Highly Satisfactory,SDTL-PT-22-130373,HS
17,13-1352-21-PIBS-R,13,STO.DOMINGO DIAGNOSTIC AND MEDICAL CENTER CORP- PARAÑAQUE,"UNIT A WILMART BLDG 3104 REDEMPTORIST RD. BRGY BACLARAN, PARAÑAQUE CITY",PARAÑAQUE CITY,88511992,"MELANI A. SIONZON, MD",sto.domingo.baclaran@gmail.com,sto.domingo.baclaran@gmail.com,5012517,1,2,3,WITHOUT CONCERN,,PASSED,Highly Satisfactory,SDTL-PT-22-130374,HS
17,13-0883-22-PIBS-R,13,SUPERCARE MEDICAL SERVICES INC. - MAKATI,"2F DON CHUA LAMKO BUILDING H.V. DELA COSTA COR. L.P. LEVISTE ST. BEL-AIR, MAKATI CITY",MAKATI CITY,09062431949/886-6503-05 loc. 213,MONALYN MARABI,lab.makati@supercare.com.ph,lab.makati@supercare.com.ph,5069140,0,3,3,WITHOUT CONCERN,,PASSED,Highly Satisfactory,SDTL-PT-22-130375,HS
17,13-0884-22-PIBS-R,13,"SUPERCARE MEDICAL SERVICES, INC. - MANILA ","PATRIA BUILDING, 573 MARIA OROSA ST. COR. ARKANSAS ST. BRGY. 670, ERMITA, MANILA CITY",MANILA,09233428815/85210024 LOC. 123,ROLAN REYES DELA ROSA,idtomis.supercare@gmail.com,idtomis.supercare@gmail.com,5069139,1,3,4,WITHOUT CONCERN,,PASSED,Highly Satisfactory,SDTL-PT-22-130376,HS
17,13-0344-21-PFSS-R,13,SUPERSCAN DRUG TESTING LABORATORY,"1918 IPIL STREET COR. TAYUMAN STREET, STA. CRUZ, MANILA CITY","NCR, CITY OF MANILA, FIRST DISTRICT - SANTA CRUZ",9336373377,"ALVIN D. ARQUILLANO,MD",jonathanco95@gmail.com,jonathanco95@gmail.com,9464580,1,0,1,WITHOUT CONCERN,,PASSED,Excellent,SDTL-PT-22-130377,E
17,12-0253-22-GIBS-R,13,TAGUIG-PATEROS DISTRICT HOSPITAL,"EAST SERVICE RD,WESTERN BICUTAN TAGUIG",TAGUIG CITY,9999985730,"NOVEROS,NEIL UY",tpdhlabdepartment@gmail.com,tpdhlabdepartment@gmail.com,5063606,1,4,5,WITHOUT CONCERN,,PASSED,Highly Satisfactory,SDTL-PT-22-130378,HS
17,13-1059-22-PIBS-R,13,THE MEDICAL CITY ,"LOWER GROUND, DEPARTMENT OF LABORATORY MEDICINE AND PATHOLOGY PASIG CITY ",PASIG CITY,9618586606,GREGORIO B. CORTEZ MD ,jbmatibag@themedicalcity.com,jbmatibag@themedicalcity.com,5066871,0,3,3,WITHOUT CONCERN,,PASSED,Highly Satisfactory,SDTL-PT-22-130379,HS
17,13-0631-21-PIBS-R,13,THE MEDICAL CITY @TRINOMA,"G003 TRINOMA MALL EDSA COR. NORTH AVE. BRGY. BAGONG PAG-ASA, QUEZON CITY",Quezon city ,79013668;09955668406,"FARRAH KRISTINE Q. FONTANILLA-SANTIAGO, MD, FPSP",tmctrinoma@themedicalcity.com,tmctrinoma@themedicalcity.com,5003394,1,5,6,WITHOUT CONCERN,,PASSED,Acceptable,SDTL-PT-22-130380,A
17,13-0345-21-PIBS-R,13,THE MEDICAL CITY CLINIC @ REGIS CENTER KATIPUNAN,"7TH FLOOR REGIS CENTER KATIPUNAN AVENUE, QUEZON CITY",QUEZON CITY,9177552561,"GREGORIO B. CORTEZ, MD",tmcregis@themedicalcity.com,tmcregis@themedicalcity.com,5002982,2,5,7,WITHOUT CONCERN,,PASSED,Acceptable,SDTL-PT-22-130381,A
17,13-0412-18-PIBS-R,13,THE MEDICAL CITY CLINIC @ SM FAIRVIEW,106 LGF SM CITY FAIRVIEW QUIRINO HI WAYCOR. REGALADO AVE. QUEZON CITY,QUEZON CITY,89384667;09239357895,"FARRAH KRISTINE Q. FONTANILLA-SANTIAGO, MD, FPSP",tmcsmfairview@themedicalcity.com,tmcsmfairview@themedicalcity.com,5008570,3,0,3,WITHOUT CONCERN,,PASSED,Highly Satisfactory,SDTL-PT-22-130382,HS
17,13-1064-22-PIBS-R ,13,THE MEDICAL CITY CLINIC @ SM LIGHT MALL ,2/F SM LIGHT MALL EDSA CORNER MADISON AVENUE BRGY PARANGKA ILAYA MANDALUYONG CITY,MANDALUYONG,09274984143 / 696-3372 ,SARAH JANE DATAY-LIM MD ,tmcsmlightmall@themedicalcity.com,tmcsmlightmall@themedicalcity.com,5066792,1,5,6,WITHOUT CONCERN,,PASSED,Acceptable,SDTL-PT-22-130383,A
17,13-1631-21-PIBS-R,13,THE MEDICAL CITY CLINIC @SM MALL OF ASIA,"2/F SM MALL OF ASIA WELLNESS ZONE J.W. DIOKNO BLVD. MOA COMPLEX, PASAY CITY",PASAY CITY,88770148 / 09169310819,"GREGORIO B. CORTEZ, MD",tmcsmmoa@themedicalcity.com,tmcsmmoa@themedicalcity.com,50031216,3,0,3,WITHOUT CONCERN,,PASSED,Highly Satisfactory,SDTL-PT-22-130384,HS
17,13-1523-21-PIBS-R,13,THE MEDICAL CITY CLINIC @ TIMOG,"56 TIMOG AVENUE BARANGAY LAGING HANDA, QUEZON CITY",QUEZON CITY,9258017780,"FRANCES ABRENICA SAURA-SANCHEZ, MD",tmctimog@themedicalcity.com,tmctimog@themedicalcity.com,5045672,3,5,8,WITHOUT CONCERN,,PASSED,Acceptable,SDTL-PT-22-130385,A
17,13-0049-21-PFSS-R,13,THE MEDICAL CITY CLINIC @SM NOVALICHES,"2/F UNIT, 202-356-40/41B SM NOVALICHES, QUIRINO HIGHWAY, SAN BARTOLOME",QUEZON CITY,09257139687/ 09166379884,"FARRAH KRISTINE Q. FONTANILLA-SANTIAGO, MD",tmcsnovalices@themedicalcity.com,tmcsnovalices@themedicalcity.com,5019732,0,5,5,WITHOUT CONCERN,,PASSED,Highly Satisfactory,SDTL-PT-22-130386,HS
17,13-1256-21-PIBS-R,13,"THE MEGACLINIC, INC.","UNIT 552, SM MEGAMALL BLDG. A, DOÑA JULIA VARGAS AVE., COR. EDSA, BRGY. WACK-WACK, MANDALUYONG CITY",MANDALUYONG CITY,09989612450; 86379661 TO 68 LOC 112,"SIERRA ROMA S. HERNANDEZ, MD",megaclinic.dt@gmail.com,megaclinic.dt@gmail.com,5003889,0,5,5,WITHOUT CONCERN,,PASSED,Highly Satisfactory,SDTL-PT-22-130387,HS
17,13-0255-22-PIBS-R,13,THE PERLAS POLYCLINIC,"#171 F. ROXAS ST. 4TH AVE. GRACE PARK, CALOOCAN CITY",CALOOCAN CITY,09164191541/5319-5054/0933619-4457,MA. LOURDES P. SANTOS,mellendresm@yahoo.com,mellendresm@yahoo.com,5069065,0,2,2,WITHOUT CONCERN,,PASSED,Excellent,SDTL-PT-22-130388,E
17,13-1236-21-PIBS-R,13,THERESE OF LISIEUX DIAGNOSTICS AND RESEARCH CENTER ,"G/F 56, TIMES STREET, MANILA TIMES VILLAGE, PAMPLONA 3, LAS PIÑAS CITY",LAS PIÑAS CITY ,02-88229954; 09178399766,"RONALD C. CABUDOY, MD",therese.lisieux.lab@gmail.com,therese.lisieux.lab@gmail.com,5014019,1,5,6,WITHOUT CONCERN,,PASSED,Acceptable,SDTL-PT-22-130389,A
17,13-0259-22-PFSS-R,13,"TOKYO HEALTHLINK,INC.","UNIT R2 EL MOLITO BLDG.MADRIGAL AVENUE AYALA,ALABANG",ALABANG,09998432485/8772-2678,"SILVA,AZEUS OBA",tokyohealthlink.lab@gmail.com,tokyohealthlink.lab@gmail.com,5062668,0,4,4,WITHOUT CONCERN,,PASSED,Highly Satisfactory,SDTL-PT-22-130390,HS
17,13-0632-21-GIBS-R,13,TONDO MEDICAL CENTER,"KALAKAL ST, TONDO MANILA","BALUT, TONDO MANILA",9178865949,"JOHN A. COLOMA, MD, FPSP",apoloniomye@gmail.com,apoloniomye@gmail.com,4945058,0,2,2,WITHOUT CONCERN,,PASSED,Excellent,SDTL-PT-22-130391,E
17,13-0700-22-PIBS-R,13,"TRANSGLOBAL HEALTH SYSTEM, INC.",8833 SAMPALOC ST. SAN ANTONIO VILLGA MAKATI CITY,MAKATI CITY,09296775107/8955411,MAXIMO JR. B. AXIBAL,sherillbaay@yahoo.com,sherillbaay@yahoo.com,5069767,1,3,4,WITHOUT CONCERN,,PASSED,Highly Satisfactory,SDTL-PT-22-130392,HS
17,13-0858-21-PIBS-R,13,TRANSNATIONAL MEDICAL AND DIAGNOSTIC CENTER INC.,"551 CABILDO ST CASA MARINERO BUILDING III, MANILA CITY",INTRAMUROS ,908-4996; 09189596113,"ELIA PAULINO-CABRERA, MD",marjohn.gerero@tmdc.ph,marjohn.gerero@tmdc.ph,5003527,0,5,5,WITHOUT CONCERN,,PASSED,Highly Satisfactory,SDTL-PT-22-130393,HS
17,13-1480-21-PIBS-R,13,TRICITY MEDICAL CENTER INC. ,"269 C. RAYMUNDO AVENUE, MAYBUNGA, PASIG CITY",PASIG CITY ,09176284537; 82759744;09209227612,"ARTURO C. LOPEZ, MD",tcmclab@gmail.com ,tcmclab@gmail.com ,5003949,1,5,6,WITHOUT CONCERN,,PASSED,Acceptable,SDTL-PT-22-130394,A
17,13-0272-22-PIBS-R ,13,TULAY LINGAP NI PADRE PIO INC. ,#11 ST. FRANCIS ST. CORNER SHAW BOULEVARD BRGY WACK WACK(ST. FRANCIS CHURCH/ LOURDES SCHOOL OF MANDALUYONG),MANDALUYONG ,9531385797,"ROCYLENE C. ROQUE, MD ",tlplaboratory2k17@yahoo.com ,tlplaboratory2k17@yahoo.com ,5081900,2,5,7,WITHOUT CONCERN,,PASSED,Acceptable,SDTL-PT-22-130395,A
17,13-1538-19-PFSS-R,13,UNIFIED MEDICAL SERVICES INC.,"#103 SGT. J CATOLOS, BRGY. IMMACULATE CONCEPTION, CUBAO, QUEZON CITY",Quezon City,73422085;09338588235,"TITO G. GARRIDO, MD",guardaangelina7@gmail.com,guardaangelina7@gmail.com,5017810,0,3,3,WITHOUT CONCERN,,PASSED,Highly Satisfactory,SDTL-PT-22-130396,HS
17,13-0278-22-PIBS-R,13,UNIMED DIAGNOSTIC CENTER CORP.,2ND FLOOR JLC BLDG 8 NICANOR RAMIREZ ST. BRGY DON MANUEL QUEZON CITY,QUEZON CITY,09691037193 / 8290-23-02,THOMAS JEFF E. LIM ,lab.unimed.diagnostic@gmail.com,lab.unimed.diagnostic@gmail.com,5066494,3,5,8,WITHOUT CONCERN,,PASSED,Acceptable,SDTL-PT-22-130397,A
17,13-1570-21-PIBS-R,13,UNITED DOCTORS SERVICE CORP. (METROPOLITAN MED CENTER),1357 G. MAGSANGKAY ST. STA. ANA CRUZ METRO MANILA,MANILA,9562191856,"DENNIS JOSE S. CARBONELL, MD",laboratory@metrimedicalcenter.ph,laboratory@metrimedicalcenter.ph,5022645,0,5,5,WITHOUT CONCERN,,PASSED,Highly Satisfactory,SDTL-PT-22-130398,HS
17,13-0906-21-GIBS-R,13,UNIVERSITY HEALTH SERVICE,"JP LAUREL ST, UP DILIMAN, QUEZON CITY",QUEZON CITY,0943-280-3571,"ANAROSE C. ALVARADO, MD",uphslaboratory.upd@up.edu.ph,uphslaboratory.upd@up.edu.ph,5002942,3,5,8,WITHOUT CONCERN,,PASSED,Acceptable,SDTL-PT-22-130399,A
17,13-1294-21-PIBS-R,13,UNIVERSITY OF PERPETUAL HELP DALTA MEDICAL CENTER INC.,"UNIVESITY OF PERPETUAL HELP DALTA MEDICAL CENTER, ALABANG ZAPOTE RD., LAS PIÑAS CITY",LAS PIÑAS CITY,09171308124;  88748515 LOC 151,"ARTURO C. LOPEZ JR, MD",uphdmc_lab@yahoo.com,uphdmc_lab@yahoo.com,5009141,1,5,6,WITHOUT CONCERN,,PASSED,Acceptable,SDTL-PT-22-130400,A
17,13-0459-21-PIBS-R,13,UNLAB MEDICAL CLINIC CORP.,876 G. APACIBLE CORNER L. GUINTO ST. ERMITA MANILA,ERMITA,84005129,"ROMMEL P. DAMALAON, MD",unlabmedicalclinic@gmail.com,unlabmedicalclinic@gmail.com,5003105,0,5,5,WITHOUT CONCERN,,PASSED,Highly Satisfactory,SDTL-PT-22-130401,HS
17,13-1144-21-PIBS-R,13,"URO INDUSTRIAL CLINIC, INC.","1174 SOTTO YUVIENCO BLDG. BRGY. 164, PACO, MANILA CITY","PACO, MANILA",8522-3060;09988448835;09209227612,"ARTURO C. LOPEZ JR, MD",laboratory@uroic.com,laboratory@uroic.com,5004538,1,5,6,WITHOUT CONCERN,,PASSED,Acceptable,SDTL-PT-22-130402,A
17,13-0283-22-PIBS-R,13,UST HOSPITAL,"ESPANA BOULEVARD, MANILA",MANILA,09178068849/02-87313014 LOC. 2704,ROSELLA LLENADO MONTANO,usth_qa@yahoo.com,usth_qa@yahoo.com,5068044,1,1,2,WITHOUT CONCERN,,PASSED,Excellent,SDTL-PT-22-130403,E
17,13-XXXX-XX-XXXX-X,13,VALENZUELA MEDICAL CENTER ,PADRIGAL ST. BRGY KARUHATAN VALENZUELA CITY,VALENZUELA CITY,09060521186 / 294-67-11 LOC 118,"LUISITO DJ. CELESTINO, MD ",vmc.lab1@yahoo.com,vmc.lab1@yahoo.com,5066634,0,5,5,WITHOUT CONCERN,,PASSED,Highly Satisfactory,SDTL-PT-22-130404,HS
17,13-0791-21-PIBS-R,13,VALLEYMED DIAGNOSTIC AND AMBULATORY SURGICAL CENTER,"UNIT 2C CITICENTRE J.P. RIZAL COR. PUERTO RICO STREET, BRGY. NANGKA, MARIKINA CITY",MARIKINA CITY,75766622; 09190037918,"CATHERINE KAORI D. CALINGO, MD",valleymedmultispecialtyclinic@gmail.com,valleymedmultispecialtyclinic@gmail.com,5004997,0,5,5,WITHOUT CONCERN,,PASSED,Highly Satisfactory,SDTL-PT-22-130405,HS
17,13-0411-20-PFSS-R,13,VALULIFE MOBILE X-RAY % LABORATORY SERVICES,"G/F AURORA BUILDING, ALABANG-ZAPOTE RD., CUPANG, MUNTINLUPA CITY",MUNTINLUPA,(02) 8772-5131; 09253895735,"JOCELYN MYRA R. CAJA, MD",valulifelab@yahoo.com,valulifelab@yahoo.com,5005401,1,5,6,WITHOUT CONCERN,,PASSED,Acceptable,SDTL-PT-22-130406,A
17,13-1149-21-PIBS-R,13,VCARE DIAGNOSTICS,"2F VISTAMALL TAGUIG, CAMELLA RD. BRGY TUKTUKAN, TAGUIG CITY",Taguig,9476930772/ 9660031,"OLGA M. BAUSA, MD",vitacarelaboratory@gmail.com,vitacarelaboratory@gmail.com,5003517,1,5,6,WITHOUT CONCERN,,PASSED,Acceptable,SDTL-PT-22-130407,A
17,13-0295-21-PIBS-R,13,VICTOR R. POTENCIANO MEDICAL CENTER,"3RD LEVEL, VRP MEDICAL CENTER 163 EDSA, MANDALUYONG CITY",MANDALUYONG CITY,464-9999 Local 272/ 09178250755,"ROSSANA S. TUNGOL, MD, FPSP",laboratory@vrp.com.ph,laboratory@vrp.com.ph,5004933,1,5,6,WITHOUT CONCERN,,PASSED,Acceptable,SDTL-PT-22-130408,A
17,13-1265-20-PFSS-R,13,"VIRGIL NITZ & BABY MEDICAL SERVICES, INC. (VNB) & DTL","UNIT 6E-1, 8101 PEARL PLAZA, PEARL DRIVE, ORTIGAS CENTER, SAN ANTONIO, PASIG CITY",Pasig,0286874539/09175281755,"MICHAEL M. ORTEGA, MD",vnbdtc@gmail.com,vnbdtc@gmail.com,5003427,1,1,2,WITHOUT CONCERN,,PASSED,Excellent,SDTL-PT-22-130409,E
17,13-0346-21-PIBS-R,13,"VITAL CHECK DIAGNOSTIC, INC. ","1420 G. MASANGKAY ST. STA. CRUZ, MANILA CITY",MANILA,5328 8825 LOC 105; 09258016052,"FLORIDO A. ATIBAGOS, MD",vitalchecklaboratory@gmail.com,vitalchecklaboratory@gmail.com,5003199,0,5,5,WITHOUT CONCERN,,PASSED,Highly Satisfactory,SDTL-PT-22-130410,HS
17,13-0292-22-PIBS-R,13,VIZCARRA DIAGNOSTIC CENTER ,464 SEGUNDINA BUILDING UNITED NATIONS AVENUE BARANGAY 667 ERMITA MANILA ,MANILA ,09988440358 / 02-85245641,"FREDERICK GO LIM, MD ",vdclaboratory@vizcarrapharma.com ,vdclaboratory@vizcarrapharma.com ,5064880,2,5,7,WITHOUT CONCERN,,PASSED,Acceptable,SDTL-PT-22-130411,A
17,13-0301-21-PIBS-R,13,VLF MEDICAL CLINIC,"6-C MARCELO BUILDING CARUNCHO AVENUE, PASIG CITY",PASIG,8634-6338; 09277060338,"ROMIL M. AGUIRRE, MD",vlfmedicalclinic@gmail.com,vlfmedicalclinic@gmail.com,5004922,0,5,5,WITHOUT CONCERN,,PASSED,Highly Satisfactory,SDTL-PT-22-130412,HS
17,13-0051-21-PIBS-R,13,W.RAMOS DIAGNOSTIC LABORATORY,"LOT 194 A. G. LAZARO ST. BRGY. DALANDANAN, VALENZUELA CITY, VALENZUELA CITY",VALENZUELA CITY,9175786270,"REYNALDO G. TORRES, MD, FPSP",wramosdiagnosticlaboratory@gmail.com,wramosdiagnosticlaboratory@gmail.com,5004745,0,4,4,WITHOUT CONCERN,,PASSED,Highly Satisfactory,SDTL-PT-22-130413,HS
17,13-1325-22-PIBS-R,13,WELLNEST DIAGNOSTIC CENTER,"5864 ALFONSO- ST. POBLACION, MAKATI",MAKATI,09171322926/09914400749(02)8-527-7214,RUDOLPH DOLES ABIBA,wellnestdiagnostic2021@gmail.com,wellnestdiagnostic2021@gmail.com,5070594,0,5,5,WITHOUT CONCERN,,PASSED,Highly Satisfactory,SDTL-PT-22-130414,HS
17,13-XXXX-XX-XXXX-X,13,WILMAR DIAGNOSTIC AND MEDICAL CLINIC,"1748 EVANGELISTA ST. BRGY BANGKAL, MAKATI CITY",MAKATI,09190997889 / 8659-8582,"ANDRADE,JEANNIE",wilmar.clinic@yahoo.com,wilmar.clinic@yahoo.com,5050620,0,4,4,WITHOUT CONCERN,,PASSED,Highly Satisfactory,SDTL-PT-22-130415,HS
17,13-0885-21-PIBS-R,13,WORD OF HOPE GENERAL HOSPITAL INC,"23 BUENAMAR ST BUENAMAR SUB NOVA PROPER, QUEZON CITY",Quezon City,9555139673,"ELISEO A. GARCIA JR, MD",hopegenlab@gmail.com,hopegenlab@gmail.com,5004744,1,4,5,WITHOUT CONCERN,,PASSED,Highly Satisfactory,SDTL-PT-22-130416,HS
17,13-1338-18-PFSS-I,13,WORLD CITI MEDICAL CENTER,"960 AURORA BLVD., COR ANONAS ST.,, QUEZON CITY",Quezon City,+63 933 854 8612 / 9138380 loc 181/182,"ANTONIO M. CRUZ, MD",wcmclaboratory@gmail.com,wcmclaboratory@gmail.com,5004867,0,5,5,WITHOUT CONCERN,,PASSED,Highly Satisfactory,SDTL-PT-22-130417,HS
17,13-0143-21-PIBS-R,13,YGEIA MEDICAL CENTER INC,2081PRESIDENT QUIRINO AVENUE PANDACAN MANILA CITY,METRO MANILA,09989392532; 5218777,"WALTER G. JUAREZ, MD",ygeia@ygeiamed.com.ph,ygeia@ygeiamed.com.ph,5004589,3,5,8,WITHOUT CONCERN,,PASSED,Acceptable,SDTL-PT-22-130418,A
3,03-0210-20-PFSS-R,3,AMEER DIAGNOSTIC LABORATORY,"A. MABINI ST., MOJON, BULACAN CITY",MALOLOS CITY,(044)7986332 / 09255255504,"SUSANA P. QUIAOIT, MD, FPSP",ameerdtl_lab@yahoo.com,ameerdtl_lab@yahoo.com,5048328,0,4,4,WITHOUT CONCERN,,PASSED,Highly Satisfactory,SDTL-PT-22-030419,HS
3,03-0501-21-PFSS-R,3,ANTOINETTE DRUG TESTING CENTER,"723 MASAGAN HOMES MAC ARTHUR HIGHWAY TABANG, BULACAN CITY",GUIGUINTO,09228382582 / (044) 6904946 ,"JONATHAN V. URBNO, MD",irenectrinidad@yahoo.com,irenectrinidad@yahoo.com,5006969,1,1,2,WITHOUT CONCERN,,PASSED,Excellent,SDTL-PT-22-030420,E
3,03-0347-22-PFSS-R,3,BALAGTAS POLYCARE CLINIC & DIAGNOSTIC CENTER,"BOROL 1ST (IN FRONT OF ST. LAWRENCE ACADEMY), BALAGTAS, BULACAN CITY",BALAGTAS,09182105887/0443082279/09175065195,ARMIDA C. EVANGELISTA,blgtaspolycare@gmail.com,blgtaspolycare@gmail.com,5072892,1,1,2,WITHOUT CONCERN,,PASSED,Excellent,SDTL-PT-22-030421,E
3,03-0148-21-PIBS-R,3,BALIUAG DIAGNOSTIC LABORATORY,"630 J. BUIZON ST. STO. CRISTO, BULACAN CITY",Baliuag,(044)766-2913/ 09228416857,"REYNALDO G. TORRES, MD. FPSP",divinagraciaesguerra@gmail.com,divinagraciaesguerra@gmail.com,5005668,1,5,6,WITHOUT CONCERN,,PASSED,Acceptable,SDTL-PT-22-030422,A
3,03-XXXX-XX-XXXX-X,3,BIO REFERENCE DIAGNOSTIC CENTER,"0125 BARCEL BLDG, BULACAN CITY",PANDI,94346569024,"MA. VICTORIA V. LONTOC, MD",bioreference@gmail.com,bioreference@gmail.com,5024697,1,1,2,WITHOUT CONCERN,,PASSED,Excellent,SDTL-PT-22-030423,E
3,03-0682-21-PFSS-R,3,BIO-SCREEN DRUG TESTING CENTER,"2F ST AGATHA SQUARE POBLACION, BULACAN CITY",GUIGUINTO,9438481084,"MONTANO L. PRONTO, MD",bioscreen.dtc@gmail.com,bioscreen.dtc@gmail.com,5013408,2,1,3,WITHOUT CONCERN,,PASSED,Highly Satisfactory,SDTL-PT-22-030424,HS
3,03-XXXX-XX-XXXX-X,3,BRAIN CHILD DIAGNOSTIC CENTER,2ND FLOOR ASM PLAZA MC ARTHUR HI WAY CANIOGAN CITY,CALUMPIT ,09173053601 / 09228257547,"DENNIS JOSE S. CARBONELL, MD, DPSP",brainchilddxcenter@yahoo.com,brainchilddxcenter@yahoo.com,5067014,0,5,5,WITHOUT CONCERN,,PASSED,Highly Satisfactory,SDTL-PT-22-030425,HS
3,03-0352-21-PIBS-R,3,BRIGINO GENERAL HOSPITAL,"20 QUIRINO HIGH WAY PECSON VILLE, BULACAN CITY",CITY OF SAN JOSE DELMONTE,09309657020; 0448154456;,"AVELINO A. ALOMESEN, MD",bgh.lab@yahoo.com,bgh.lab@yahoo.com,5005157,0,1,1,WITHOUT CONCERN,,PASSED,Excellent,SDTL-PT-22-030426,E
3,03-0086-21-PIBS-R,3,BRITON-AMEER DIAGNOSTIC LABORATORY,"A. MABINI ST., MOJON, BULACAN CITY",MALOLOS CITY,(044) 798-6332,"SUSANA P. QUIAOIT, MD, FPSP",britonameer_lab@yahoo.com,britonameer_lab@yahoo.com,5048379,0,4,4,WITHOUT CONCERN,,PASSED,Highly Satisfactory,SDTL-PT-22-030427,HS
3,03-1110-21-PIBS-R,3,BULACAN DIAGNOSTIC CENTER,"826 F. VERGEL DE DIOS ST, BULACAN CITY",BALIUAG,044-766-1417; 09334011628,"GABRIEL J. CRUZ, MD",bulacandiagnostic@yahoo.com,bulacandiagnostic@yahoo.com,5006303,1,4,5,WITHOUT CONCERN,,PASSED,Highly Satisfactory,SDTL-PT-22-030428,HS
3,03-111-21-PIBS-R,3,BULACAN DIAGNOSTIC CENTER-BRANCH 1,"BS AQUINO AVENUE BRGY TANGOS, BULACAN CITY",Baliuag,09334011628; 0443080165,"GABRIEL J. CRUZ, MD",bulacandiagnostic@yahoo.com,bulacandiagnostic@yahoo.com,5006302,0,4,4,WITHOUT CONCERN,,PASSED,Highly Satisfactory,SDTL-PT-22-030429,HS
3,03-1121-21-PIBS-R,3,CARELIFE MEDICAL AND DIAGNOSTIC CENTER,"#925  EL CAMINO RD. PHASE 3C BARANGAY CAMALIG STO. NINO, BULACAN CITY",Meycauayan ,0443068121; 09329167600;09164905712,"MARIE MICHELLE Y. SO, MD",carlife.mdc@yahoo.com,carlife.mdc@yahoo.com,5005896,0,5,5,WITHOUT CONCERN,,PASSED,Highly Satisfactory,SDTL-PT-22-030430,HS
3,03-0087-21-PIBS-R,3,CAREWISE DIAGNOSTIC LABORATORY,"G/F JM BLDG KM 25 MAC ARTHUR HIGHWAY, BULACAN CITY",LOLOMBOY BOCAUE,09175786270; 09228489523,"REYNALDO G. TORRES, MD, FPSP",carewisediagnosticlaboratory@yahoo.com,carewisediagnosticlaboratory@yahoo.com,5004746,0,4,4,WITHOUT CONCERN,,PASSED,Highly Satisfactory,SDTL-PT-22-030431,HS
3,03-0503-21-PIBS-R,3,CENTRIA MEDICAL SERVICES AND DIAGNOSTIC CENTER,"153 PASEO DEL CONGRESO STREET, BRGY. LIYANG, BULACAN CITY",MALOLOS,09363841461; (044) 7924450; 09055092766,"VENERACION P. MUNAR, MD",centriamedlab@gmail.com,centriamedlab@gmail.com,5005296,0,4,4,WITHOUT CONCERN,,PASSED,Highly Satisfactory,SDTL-PT-22-030432,HS
3,03-0563-22-PIBS-R,3,EVERHEALTH DIAGNOSTIC LABORATORY,"819 MABINI ST., MOJON (PARALLEL TO BULACAN MEDICAL CENTER; IN FRONT OF BARASOAIN ELEM. SCHOOL, MALOLOS CITY, BULACAN)",MALOLOS CITY,09333919743/(044)791-3994/09361913802,JUANITA TUCAY LACUESTA,everhealthlaboratory@gmail.com,everhealthlaboratory@gmail.com,5068048,2,1,3,WITHOUT CONCERN,,PASSED,Highly Satisfactory,SDTL-PT-22-030433,HS
3,03-0088-21-PIBS-R,3,FABROS MEDICAL CLINIC,"2743 MENDOZA ST. LOLOMBOY, BULACAN CITY",BOCAUE,09257117452; 0448150088,"DIVINA G. FABROS, MD",fabrosmedical clinic@gmail.com,fabrosmedical clinic@gmail.com,5008978,1,5,6,WITHOUT CONCERN,,PASSED,Acceptable,SDTL-PT-22-030434,A
3,03-0251-21-PIBS-R,3,FAST HEALTH DIAGNOSTIC AND MEDICAL CLINIC,"#25 SUPER BRGY PATUBIG, BULACAN CITY",MARILAO,09519573582; 09098055389;09228315965,"GABRIEL J. CRUZ, MD",fasthealth2patubigmarilao@yahoo.com,fasthealth2patubigmarilao@yahoo.com,5007519,1,5,6,WITHOUT CONCERN,,PASSED,Acceptable,SDTL-PT-22-030435,A
3,03-1325-21-PIBS-R,3,GEZYNE CLINICAL LABORATORY,"0330 VERGEL DE DIOS ST. POBLACION, BULACAN CITY",PLARIDEL ,09176490807; 7955007,"BERNADETTE D. ESPIRITU, MD",gezyne.lopez@yahoo.com,gezyne.lopez@yahoo.com,5022166,1,4,5,WITHOUT CONCERN,,PASSED,Highly Satisfactory,SDTL-PT-22-030436,HS
3,03-XXXX-XX-XXXX-X,3,GIMENA MEDICAL & DIAGNOSTIC CLINIC ,"#4 MAC ARTHUR HI-WAY TABANG, BULACAN CITY",GUIGUINTO ,9228669170,"OLGA BAUSA, MD ",gimena.nida@gmail.com ,gimena.nida@gmail.com ,5081985,2,3,5,WITHOUT CONCERN,,PASSED,Highly Satisfactory,SDTL-PT-22-030437,HS
3,03-0503-20-PIBS-R,3,GRACE GENERAL HOSPITAL INC.,"BLK 1 LOT 2 QUIRINO HIGHWAY EXT., BRGY MULAWIN FRANCISCO HOMES, BULACAN CITY",CITY OF SAN JOSE DEL MONTE,9222504771,"CARMELA T. REYES, MD",gghlab2012@gmail.com,gghlab2012@gmail.com,5020014,0,5,5,WITHOUT CONCERN,,PASSED,Highly Satisfactory,SDTL-PT-22-030438,HS
3,03-1454-21-PIBS-R,3,HEALTH CENTRAL MEDICAL CLINIC & DIAGNOSTIC CENTER,"PROVINCIAL ROAD STA. LUCIA, BULACAN CITY",Angat,"0932-842-6936, 0931-070-3127","DEXTER A. LEDESMA, MD",hcmcdc03@gmail.com,hcmcdc03@gmail.com,5008989,4,4,8,WITHOUT CONCERN,,PASSED,Acceptable,SDTL-PT-22-030439,A
3,03-1105-22-PIBS-R,3,HI-PRECISION DIAG. CENTER INC.-BALIUAG (AMIHAN MEDICAL VENTURES),"ROYAL STONEA HOLDING BLDG,BAGONG NAYON, BALIAUG BULACAN CITY",BALIAUG,09278007686/(044) 766-0280,"SANTOS, MARIA LOURDES PINEDA",hpbaliuag.lab@hi-precision.com.ph,hpbaliuag.lab@hi-precision.com.ph,5058410,1,5,6,WITHOUT CONCERN,,PASSED,Acceptable,SDTL-PT-22-030440,A
3,03-XXXX-XX-XXXX-X,3,HI-PRECISION DIAGNOSTIC CENTER INC.-SAN JOSE DEL MONTE BULACAN,"AMIHAN MEDICAL VENTURE INC. OF HI PRECISION, UNIT 1-6 G/F,KC UMEREZ PRIME HOLDINGS CORP. (JUMP CORP. BLDG II) LOT 31 &33 PECSON VILLE SUBD. QUIRINO HIGHWAY,TUNGKONG MANGGA CITY OF SAN JOSE DEL MONTE BULACAN CITY",SAN JOSE DEL MONTE,9209773474,"MISIONA, GRAIG DAGOHOY",hpsjdm.lab@hi-precision.com.ph,hpsjdm.lab@hi-precision.com.ph,5058408,1,2,3,WITHOUT CONCERN,,PASSED,Highly Satisfactory,SDTL-PT-22-030441,HS
3,03-0577-22-PIBS-R,3,IMEDICAL HEALTHCARE CLINIC ,WBC G/F BLDG. MCARTHUR HIWAY IBAYO MARILAO BULACAN ,MARILAO ,(044) 322-32-30 / 0917861918 ,JOSEPH MICHAEL ESPIRITU ,imedicalhealthcar2016@yahoo.com,imedicalhealthcar2016@yahoo.com,5070354,0,5,5,WITHOUT CONCERN,,PASSED,Highly Satisfactory,SDTL-PT-22-030442,HS
3,03-0661-21-PIBS-R,3,JASMINE LABORATORY,"BLOCK6 LOT29 AREA F SAN PEDRO SAPANG PALAY, BULACAN CITY",SAN JOSE DEL MONTE ,0449130985 / 09175370339,"ARTURO, LOPEZ JR, MD",marin7569@yahoo.com and gillian62975@gmail.com,marin7569@yahoo.com and gillian62975@gmail.com,5006310,1,1,2,WITHOUT CONCERN,,PASSED,Excellent,SDTL-PT-22-030443,E
3,03-0152-21-PIBS-R,3,JD DIAGNOSTIC AND LABORATORY ,"UNIT 109 STA. AMRIA TOWN CENTER POBLACION STA. MARIA, BULACAN CITY",STA. MARIA ,9438461019,"JENNIFER D. MERCADO, MD, FPSP ",jddiagnostic@yahoo.com,jddiagnostic@yahoo.com,5079820,1,0,1,WITHOUT CONCERN,,PASSED,Excellent,SDTL-PT-22-030444,E
3,03-0357-21-PIBS-R,3,JP DIAGNOSTIC LABORATORY,"JP DIAGNOSTIC LABORATORY, 2ND FLOOR GATEBANK POBLACION 1, BULACAN CITY",SAN JOSE DEL MONTE CITY,9274341987,"GABRIEL J. CRUZ, MD",jp_diagnosticlaboratory@yahoo.com.ph,jp_diagnosticlaboratory@yahoo.com.ph,5027294,1,0,1,WITHOUT CONCERN,,PASSED,Excellent,SDTL-PT-22-030445,E
3,03-0222-20-PIBS-R,3,LABPRO DIAGNOSTIC CENTER,"9026 B. TANDOC ST. PETSON VILLE, TUNGKONG, MANGGA, CSJDM BULACAN CITY",City of San Jose Del Monte ,9255211659,"MARY YVONETTE C. NERVES, MD",labprodiagnostic@yahoo.com,labprodiagnostic@yahoo.com,5004884,0,0,0,WITHOUT CONCERN,,PASSED,Excellent,SDTL-PT-22-030446,E
3,03-0269-22-PIBS-R,3,LABWORKS DIAGNOSTIC LABORATORY,"353 BRGY WAWA POBLACION, BULACAN CITY",Balagtas ,9236210862,"HUMPHREY C. BITUN, MD",labworksdiagnosticlaboratory@yahoo.com,labworksdiagnosticlaboratory@yahoo.com,5052676,1,3,4,WITHOUT CONCERN,,PASSED,Highly Satisfactory,SDTL-PT-22-030447,HS
3,03-1265-22-PIBS-R,3,LN LABORATORY AND DIAGNOSTIC CENTER ,"DR. GONZALES ST. TIBAG, BALIUAG, BULACAN CITY",BALIUAG ,9190045421,RHODERICK MANGALUS CRUZ,lnlaboratory@yahoo.com,lnlaboratory@yahoo.com,5070038,0,2,2,WITHOUT CONCERN,,PASSED,Excellent,SDTL-PT-22-030448,E
3,03-1528-22-PIBS-R,3,LN LABORATORY CLINIC,"LOT 6 BLOCK 66 BRGY. BAGONG BUHAY 1, CITY OF SAN JOSE DEL MONTE, BULACAN",SAN JOSE DEL MONTE,09326529967/044-3097433/09178409972,RHODERICK MANGALUS CRUZ,melisarobellonguevan0214@gmail.com,melisarobellonguevan0214@gmail.com,5067469,0,4,4,WITHOUT CONCERN,,PASSED,Highly Satisfactory,SDTL-PT-22-030449,HS
3,03-0183-19-PFSS-R,3,LUCKY CHARM DRUG TESTING CENTER,"ISMAEL BLDG. CORAZON DE JESUS ST. POBLACION, BULACAN CITY",STA. MARIA,(044) 641-4958,"JENNIFER DEUDUCO, MD",charmdtl@yahoo.com,charmdtl@yahoo.com,4863864,1,1,2,WITHOUT CONCERN,,PASSED,Excellent,SDTL-PT-22-030450,E
3,03-0589-22-PIBS-R,3,MAHARLIKA CAPA DENSON SPECIALTY CLINIC,"#3 QUIRINO HIGHWAY, ST. IGNATIUS ARCADE , BIGTE, NORZAGARAY , BULACAN CITY",NORZAGARAY,9326142516,"FRON F. EDEN, MD",askilakiga@gmail.com,askilakiga@gmail.com,5072203,1,3,4,WITHOUT CONCERN,,PASSED,Highly Satisfactory,SDTL-PT-22-030451,HS
3,03-1583-21-PIBS-I,3,"MALOLOS HEALTH PROVIDERS, INC","169 PASEO DEL CONGRESO, LIANG, BULACAN CITY",CITY OF MALOLOS,(044) 791-0089/ 09338153626,"MARIE MICHELLE Y. SO, MD",maloloshealthlaboratory@gmail.com,maloloshealthlaboratory@gmail.com,5010041,1,2,3,WITHOUT CONCERN,,PASSED,Highly Satisfactory,SDTL-PT-22-030452,HS
3,03-1301-22-PIBS-R,3,"MEDQUEST DIAGNOSTICS, INC. ","2ND FLOOR BGY. MAHARLIKA, SAN JOSE DEL MONTE, BULACAN CITY",SAN JOSE DEL MONTE,09072525649/3079704/09178852062,"SUSANA PINILI QUIAOIT, MD",medquest.diagnosticsph@gmail.com,medquest.diagnosticsph@gmail.com,5071639,0,4,4,WITHOUT CONCERN,,PASSED,Highly Satisfactory,SDTL-PT-22-030453,HS
3,03-548-22-CL-2,3,MENDOZA DIAGNOSTIC CENTER,"930 ME NATIONAL ROAD, BRGY. TIBAG (INFRONT OF TOTAL GASOLINE STATION), PULILAN, BULACAN CITY",PULILAN,09383332349/(044) 7910271/09209739859,MARICEL REGINO RIBO,mendozadiagnostic@gmail.com,mendozadiagnostic@gmail.com,5072890,0,5,5,WITHOUT CONCERN,,PASSED,Highly Satisfactory,SDTL-PT-22-030454,HS
3,03-0258-21-PIBS-R,3,MIRACULOUS FAITH ULTRASOUND & DIAGNOSTIC CENTER,"MCARTHUR HIGHWAY, BALAGTAS, BULACAN CITY",Balagtas,09258428712; 0443082663; 092119173924,"JAIME DE GUZMAN SANTIAGO, MD",miraculousfaith11@gmail.com,miraculousfaith11@gmail.com,5004517,1,2,3,WITHOUT CONCERN,,PASSED,Highly Satisfactory,SDTL-PT-22-030455,HS
3,03-0600-22-PFSS-R,3,MJ SCREENLAB DRUG TESTING CENTER,"2A PENA BLDG BANGA,MEYCAUAYAN BULACAN CITY",MEYCAUAYAN,9173791681,"CRUZ,GABRIEL JOCSON",mjscreenlab@gmail.com,mjscreenlab@gmail.com,5063261,1,0,1,WITHOUT CONCERN,,PASSED,Excellent,SDTL-PT-22-030456,E
3,03-0602-22-PIBS-R,3,MVA CLINICAL LABORATORY AND DIAGNOSTIC CLINIC ,MACARTHUR HIGHWAY INFRONT OF TOYOTA MARILAO 2ND FLOOR OF RCS PHARMACY BULACAN CITY,MARILAO ,9176395928,"MARILYN A. PAJEL-CALILUNG, MD ",mvalab_8@yahoo.com,mvalab_8@yahoo.com,5073240,1,5,6,WITHOUT CONCERN,,PASSED,Acceptable,SDTL-PT-22-030457,A
3,03-1267-22-PIBS-R,3,"NEW WORLD DIAGNOSTICS, INC.","NO. 5 B.S. AQUINO AVE., BAGONG NAYON, BALIUAG, BULACAN CITY",BALIUAG,87908888,"PAULO GIOVANNI L. MENDOZA, MD",,,5072167,0,5,5,WITHOUT CONCERN,,PASSED,Highly Satisfactory,SDTL-PT-22-030458,HS
3,03-XXXX-XX-XXXX-X,3,NORZAGARAY DIAGNOSTIC AND CLINICAL LABORATORY ,"2/F LCL BLDG. A PAYUMO ST. POBLACION, BULACAN CITY",NORZAGARAY,9369136424,"JENNIFER D. MERCADO, MD, FPSP ",norzagaraydiagnostic@yahoo.com,norzagaraydiagnostic@yahoo.com,5079819,1,1,2,WITHOUT CONCERN,,PASSED,Excellent,SDTL-PT-22-030459,E
3,03-1111-22-PIBS-R,3,OUR LADY OF MERCY GENERAL HOSPITAL INC.,"DONA REMEDIOS TRINIDAD HIGHWAY LONGOS,PULILAN,BULACAN CITY",PULILAN,9255681178,"TORRES,REYNALDO GARCIA",olmghlab20@gmail.com,olmghlab20@gmail.com,12487531,0,4,4,WITHOUT CONCERN,,PASSED,Highly Satisfactory,SDTL-PT-22-030460,HS
3,03-0238-20-PFSS-R,3,PASTRANA CLINICAL LABORATORY,"251 BANGA 1ST, BULACAN CITY",Plaridel,795 1622; 09056304626; 09178409972,"RHODERICK M. CRUZ, MD",pastranaclinlab1998@gmail.com,pastranaclinlab1998@gmail.com,5004021,1,4,5,WITHOUT CONCERN,,PASSED,Highly Satisfactory,SDTL-PT-22-030461,HS
3,03-0259-21-PIBS-R,3,QUALINED HEALTH NETWORK SJDM,"ALTARAZA SPINE RD. TUNGKONG MANGGA, BULACAN CITY",City of San Jose Del Monte ,09178156691; (044) 307 0000 LOC 101,"MARIE MICHELLE Y. SO, MD",laboratory.sjdm@gmail.com,laboratory.sjdm@gmail.com,5005131,0,5,5,WITHOUT CONCERN,,PASSED,Highly Satisfactory,SDTL-PT-22-030462,HS
3,03-1032-21-PIBS-R,3,RABV MEDICAL AND DIAGNOSTIC CLINIC,"IPO ROAD, NEWTOWN, BRGY. MINUYAN PROPER, BULACAN CITY",San Jose Del Monte,09157737110; 09178224219,"GABRIEL J. CRUZ, MD",babylyncerenado19@gmail.com,babylyncerenado19@gmail.com,5006823,1,5,6,WITHOUT CONCERN,,PASSED,Acceptable,SDTL-PT-22-030463,A
3,03-1626-21-PFSS-I,3,RABVGIE DRUGTESTING LABORATORY,"POBLACION ROAD, MINUYAN, BULACAN CITY",NORZAGARAY,9178454712,"GABRIEL J. CRUZ, MD",rabvgie2021@gmail.com,rabvgie2021@gmail.com,5006548,0,5,5,WITHOUT CONCERN,,PASSED,Highly Satisfactory,SDTL-PT-22-030464,HS
3,03-1375-21-PIBS-R,3,RE DE JESUS MULTI-SPECIALTY CLINIC AND DIAGNOSTIC CENTER,"BACK OF LBC CAYPOMBO CORNER CAYPOMBO, BULACAN CITY",SANTA MARIA,09325171404; 0448153145; 09178967686,"RONALD E. DE JESUS, MD",djmclab@gmail.com,djmclab@gmail.com,5004518,1,4,5,WITHOUT CONCERN,,PASSED,Highly Satisfactory,SDTL-PT-22-030465,HS
3,03-0513-21-PIBS-R,3,ROQUE BAEZ MEDICAL CLINIC AND DIAGNOSTIC CENTER,"ESPINO STREET POBLACION, BULACAN CITY",Pulilan,9228598397,"REYNALDO G. TORRES, MD",roquebaez18@yahoo.com,roquebaez18@yahoo.com,5017529,0,1,1,WITHOUT CONCERN,,PASSED,Excellent,SDTL-PT-22-030466,E
3,03-0464-21-PIBS-R,3,"SACRED HEART HOSPITAL OF MALOLOS, INC.","2F LABORATORY DEPARTMENT, DMAC BUILDING, SACRED HEART HOSPITAL OF MALOLOS, DR. PERALTA STREET, GUINHAWA, BULACAN CITY",Malolos City,09189262188 ; (044) 7944744 LOC. 421; 09175615685,"DENNIS JOSE S. CARBONELL, MD, DPSP",shhlabdept@yahoo.com,shhlabdept@yahoo.com,5005128,2,5,7,WITHOUT CONCERN,,PASSED,Acceptable,SDTL-PT-22-030467,A
3,03-0100-21-FPSS-R,3,SANTA ELENA DIAGNOSTIC CENTER,"ST. TIBAG, BALIWAG BULACAN, BULACAN CITY",BALIWAG,9436061914,"EMEDITA . REYES, MD",dra_emedita_reyes@yahoo.com,dra_emedita_reyes@yahoo.com,5018531,1,4,5,WITHOUT CONCERN,,PASSED,Highly Satisfactory,SDTL-PT-22-030468,HS
3,03-0284-22-PIBS-R,3,SJ ORBE MEDICAL AND DIAGNOSTIC CLINIC,"#36 GEN PACHECO ST. CALUARIO, MEYCAUAYAN, BULACAN",MEYCAUAYAN,0917-8443289/(044)3087875/09209739859,MARICEL R. RIBO,orbeclamorsusan@yahoo.com,orbeclamorsusan@yahoo.com,5070824,0,2,2,WITHOUT CONCERN,,PASSED,Excellent,SDTL-PT-22-030469,E
3,03-1444-20-PIBS-R,3,SKYLINE HOSPITAL AND MEDICAL CENTER,"SKYLINE DRIVE CORNER QUIRINO HIGHWAY, BRGY. TUNGKONG MANGGA, BULACAN CITY",SAN JOSE DEL MONTE,0921-928-0853/0977-372-8287,"HUMPHREY C. BITUIN, MD",laboratory.skyline@gmail.com,laboratory.skyline@gmail.com,5004617,0,5,5,WITHOUT CONCERN,,PASSED,Highly Satisfactory,SDTL-PT-22-030470,HS
3,03-1215-21-PIBS-I,3,ST. VINCENT'S CLINICAL LABORATORY II,"PASEO DEL CONGRESO ST. SAN GABRIEL, BULACAN CITY",Malolos,09171193358; (044) 7916477; 09178081923,"MARILYN CABAL-BARZA, MD",stvincentpolydrug@yahoo.com,stvincentpolydrug@yahoo.com,5006309,1,3,4,WITHOUT CONCERN,,PASSED,Highly Satisfactory,SDTL-PT-22-030471,HS
3,03-0308-20-PFSS-R,3,ST. VINCENT'S CLINICAL LABORATORY,"222 TANJECO ST. SAN VICENTE, MALOLOS CITY BULACAN, BULACAN CITY",MALOLOS CITY,09325101517; (044) 7911230; 09178081923,"MARILYN CABAL-BARZA, MD",stvincentdtl@gmail.com,stvincentdtl@gmail.com,5006306,1,1,2,WITHOUT CONCERN,,PASSED,Excellent,SDTL-PT-22-030472,E
3,03-0644-22-PIBS-R,3,TEC HEALTH MEDICAL CLINIC AND DIAGNOSTIC CENTER ,"EMA TOWN CENTER EL CAMINO ROAD CAMALIG, MEYCAUAYAN, BULACAN CITY",MEYCAUAYAN CITY,9234125505,"BERNADETTE R. ESPIRITU, MD ",techealth@yahoo.com ,techealth@yahoo.com ,5069727,1,5,6,WITHOUT CONCERN,,PASSED,Acceptable,SDTL-PT-22-030473,A
3,03-XXXX-XX-XXXX-X,3,TLC DIAGNOSTIC LABORATORY,"JP RIZAL ST. PALIWAS, BULACAN CITY",OBANDO,09175961134; 091789999337; 0287099140,"LUISITO D. CELESTINO, MD",louiec66@yahoo.com,louiec66@yahoo.com,5012424,1,5,6,WITHOUT CONCERN,,PASSED,Acceptable,SDTL-PT-22-030474,A
3,03-0168-21-PIBS-R,3,TOMAS VILLASENOR DIAGNOSTIC LABORATORY,"79 TECSON ST. SAN JOSE, BULACAN CITY",SAN MIGUEL,09328517745; 09228869293,"MA, JOSEFA DL. MESINA, MD",villasenor_17tomas@yahoo.com,villasenor_17tomas@yahoo.com,50084445,0,2,2,WITHOUT CONCERN,,PASSED,Excellent,SDTL-PT-22-030475,E
3,03-0595-22-PIBS-R,3,"WALKER AND SONS DIAGNOSTIC CENTER, INC.                                                           (NEW NAME: MEDICUS DIAGNOSTIC CENTER SAN RAFAEL, BULACAN)","UNIT 6, THE CASOBEY BLDG., GALAS MAASIM, SAN RAFAEL, BULACAN",SAN RAFAEL,09754256808/044-697-4287/09228440587,VOLTAIRE CAGUNGUN YABUT,medicussanrafael@gmail.com,medicussanrafael@gmail.com,5070238,1,5,6,WITHOUT CONCERN,WITH LETTER,PASSED,Acceptable,SDTL-PT-22-030476,A
3,03-1098-21-PFSS-R,3,21ST CENTURY CLINICAL DIAGNOSTIC DRUG TEST CENTER ,"304 3/F METROTOWN MALL, MC ARTHUR HI WAY STO. CRISTO, TARLAC CITY",TARLAC CITY,09228799576; (045) 9823095; 09178521238,"HERBERT G. PASCUAL, MD",dtl21stcentury@yahoo.com.ph,dtl21stcentury@yahoo.com.ph,5008572,1,5,6,WITHOUT CONCERN,,PASSED,Acceptable,SDTL-PT-22-030477,A
3,03-1373-18-PIBS-R,3,AC SACRED HEART MEDICAL CENTER,"MC ARTHUR HIWAY STO DOMINGO, PAMPANGA CITY",ANGELES CITY,6245606; 09565070082,"GONZALO B. ROMAN JR, MD",jasminelackey711@gmail.com,jasminelackey711@gmail.com,5015708,1,5,6,WITHOUT CONCERN,,PASSED,Acceptable,SDTL-PT-22-030478,A
3,03-1168-20-PIBS-R,3,ACE HUB MEDICAL DIAGNOSTIC LABORATORY,"2F ACE HUB MART BLDG. COR. TEODORO-TINIO STS., STA. MARIA VILLAGE 1, BRGY. BALIBAGO, PAMPANGA CITY",ANGELES CITY,9177989993,"MICHELLE T. MIRANDA, MD",acemedlaboratory@gmail.com,acemedlaboratory@gmail.com,5019440,1,3,4,WITHOUT CONCERN,,PASSED,Highly Satisfactory,SDTL-PT-22-030479,HS
3,03-0861-21-PIBS-R,3,ANA LIZA SOLOMON-LOPEZ HEALTHCARE DIAGNOSTIC CLINIC,UNIT C 1/F CHUA BLDG 97-F. TAÑEDO ST. POBLACION TARLAC CITY,TARLAC CITY,09756972078; (045) 6285312,"NICK R. FERNANDEZ, MD",lopezanaliza75@gmail.com,lopezanaliza75@gmail.com,5007770,1,1,2,WITHOUT CONCERN,,PASSED,Excellent,SDTL-PT-22-030480,E
3,03-0466-21-PIBS-R,3,CAPAS HEALTHCARE DIAGNOSTIC LABORATORY-TARLAC CITY BRANCH,"ST. JOSEPH BLDG. II, JUAN LUNA ST. STO. CRISTO, TARLAC CITY",TARLAC CITY,09071966740; 09065081006; (045) 9828569,"NICK R. FERNANDEZ, MD",capashealthcare.tarlac@gmail.com,capashealthcare.tarlac@gmail.com,4953944,0,2,2,WITHOUT CONCERN,,PASSED,Excellent,SDTL-PT-22-030481,E
3,03-1447-22-PFSS-R,3,CENTRAL LUZON DOCTOR'S HOSPITAL,"HOSPITAL DRIVE SAN VICENTE, TARLAC CITY",TARLAC CITY,9175539321,"MAR-JAY S. GULAPA, MD",pjlsantos@cldh.com.ph,pjlsantos@cldh.com.ph,5045384,1,5,6,WITHOUT CONCERN,,PASSED,Acceptable,SDTL-PT-22-030482,A
3,03-1106-22-PIBS-R,3,HI-PRECISION DIAGNOSTICS TARLAC,"6376 MC ARTHUR HIGHWAY, BLOSSOMVILLE SUBD., BRGY. STO. CRISTO, TARLAC CITY",TARLAC,09230232814/4561575/09178410018,N/A,hptarlac.lab@hi-precision.com.ph,hptarlac.lab@hi-precision.com.ph,5058422,0,3,3,WITHOUT CONCERN,,PASSED,Highly Satisfactory,SDTL-PT-22-030483,HS
3,03-0217-20-PIBS-R,3,JECSON MEDICAL CENTER,"MC ARTHUR HIGHWAY SAN NICOLAS, TARLAC CITY",TARLAC,9493367632,"SHELDON STEVEN C. AQUINO, MD",jecsonslab@gmail.com,jecsonslab@gmail.com,5026241,0,5,5,WITHOUT CONCERN,,PASSED,Highly Satisfactory,SDTL-PT-22-030484,HS
3,03-1578-21-GIBS-R,3,OSPITAL NING CAPAS,"MUNICIPAL COMPOUND, BRGY. STO DOMINGO 2ND, TARLAC CITY",CAPAS,09472251781; 0454911361; 09228510791,"NICK R. FERNANDEZ, MD",onclaboratory@gmail.com,onclaboratory@gmail.com,5013497,1,4,5,WITHOUT CONCERN,,PASSED,Highly Satisfactory,SDTL-PT-22-030485,HS
3,03-1521-22-PIBS-R,3,QUALISTAT MEDICAL AND DIAGNOSTIC CENTER,"UNIT 3 ASC BUILDING MAC ARTHUR HIGH WAY STO. DOMINGO 2, CAPAS, TARLAC",CAPAS,09324538527/09228510791,NICK RARAMA FERNANDEZ,qualistat.com@gmail.com,qualistat.com@gmail.com,5070349,2,3,5,WITHOUT CONCERN,,PASSED,Highly Satisfactory,SDTL-PT-22-030486,HS
3,03-1504-21-PIBS-R,3,RAYOS-VALENTIN HOSPITAL INC.,"RAYOS-VALENTIN HOSPITAL INC. (LABORATORY DEPT.), TARLAC CITY",PANIQUI,045 9310621; 09399168897,"KIMMY R. VALENTIN, MD",rayosvalentinhospital@yahoo.com,rayosvalentinhospital@yahoo.com,5004514,0,5,5,WITHOUT CONCERN,,PASSED,Highly Satisfactory,SDTL-PT-22-030487,HS
3,03-XXXX-XX-XXXX-X,3,"SAINT CLAIRE OB-GYN,PEDIATRIC AND DIAGNOSTIC CLINIC","1/F LC BLDG MCARTHUR HIGHWAY,SAN ROQUE TARLAC CITY",SAN ROQUE,09327090822/(045)491-1944,"FERNANDEZ, NICK",saintclareclinic@gmail.com,saintclareclinic@gmail.com,5056761,0,3,3,WITHOUT CONCERN,,PASSED,Highly Satisfactory,SDTL-PT-22-030488,HS
3,03-0678-22-PIBS-R,3,SAINT ZACHARIA CLINICAL LABORATORY,"SR8 BUILDING, MC ARTHUR HIGHWAY, MALIGAYA TARLAC CITY, TARLAC CITY",TARLAC CITY,9422811004,"NICK RARAMA FERNANDEZ, MD FPSP",stzacharia@gmail.com,stzacharia@gmail.com,5052171,2,2,4,WITHOUT CONCERN,,PASSED,Highly Satisfactory,SDTL-PT-22-030489,HS
3,03-0641-22-PIBS-R,3,TALON GENERAL HOSPITAL,"23 F. TANEDO STREET, POBLACION, TARLAC CITY",TARLAC CITY,09175148151/(045)9821400,RAYMOND NOLASCO FLORES TALON,tghlabdept@gmail.com,tghlabdept@gmail.com,5069915,2,1,3,WITHOUT CONCERN,,PASSED,Highly Satisfactory,SDTL-PT-22-030490,HS
3,03-0442-21-PIBS-R,3,AVENTUS MEDICAL CARE INC. (CLARK),"G/F BFO BUILDING S. SM CITY CLARK , M.A ROXAS HIGHWAY, BRGY MALABANIAS, PAMPANGA CITY",ANGELES CITY,09270424050;0454998417/8420;09176263278,"EMIL BRYAN M. GARCIA, MD",Laboratory.pampangga@aventusmedical.com.ph,Laboratory.pampangga@aventusmedical.com.ph,5008299,1,1,2,WITHOUT CONCERN,,PASSED,Excellent,SDTL-PT-22-030491,E
3,03-XXXX-XX-XXXX-X,3,BIO VIE DIAGNOSTIC AND MEDICAL CORPORATION ,"UNIT 101 BARONESA PLACE BLDG. MAC ARTHUR HIGHWAY DAU, PAMPANGA CITY",MABALACAT,9270765170,"MARICEL R. RIBO, MD ",bioviediagnostic.medcorp@gmail.com ,bioviediagnostic.medcorp@gmail.com ,5082242,1,5,6,WITHOUT CONCERN,,PASSED,Acceptable,SDTL-PT-22-030492,A
3,03-1610-22-PFSS-I,3,BIOASSAY DRUG TESTING INC.,"1232 MIRANDA ST. STO ROSARIO ANGELES CITY,PAMPANGA",ANGELES,09209716772/(045) 625-9645,"MALONZO,ROMMEL GOMEZ",bioassaydrugtesting@gmail.com,bioassaydrugtesting@gmail.com,5056312,1,2,3,WITHOUT CONCERN,,PASSED,Highly Satisfactory,SDTL-PT-22-030493,HS
3,03-1671-22-PIBS-R ,3,COMMUSERV DIAGNOSTIC SERVICES ,"806 MALABANIAS RD. PLARIDEL I BRGY MALABANIAS, PAMPANGA CITY",ANGELES CITY,9062492987,"GIL BRYAN B. GALVAN, MD",commuservdiagnostic@gmail.com,commuservdiagnostic@gmail.com,5082086,1,5,6,WITHOUT CONCERN,,PASSED,Acceptable,SDTL-PT-22-030494,A
3,03-0304-21-PIBS-R,3,DIASERV DIAGNOSTIC LABORATORY,"#12 ZAMORA ST. DAUSAN SUBD. SINDALAN, PAMPANGA CITY",SAN FERNANDO,(045) 409825152; 09175701972; 09228127675,"JOCELYN Q. GALASAN, MD",diaserv2000@gmail.com,diaserv2000@gmail.com,5006739,2,4,6,WITHOUT CONCERN,,PASSED,Acceptable,SDTL-PT-22-030495,A
3,03-0659-21-PFSS-R,3,EXPLORE DRUG TESTING LAB & DIAGNOSTIC CENTER,"CAPITOL COMPOUND, STO. NIÑO, PAMPANGA CITY",SAN FERNANDO,(045) 9611749; 09478013159;09164905712,"MARIE MICHELLE Y. SO, MD",mariemichelle.so@gmail.com,mariemichelle.so@gmail.com,5008949,1,4,5,WITHOUT CONCERN,,PASSED,Highly Satisfactory,SDTL-PT-22-030496,HS
3,03-1520-22-PIBS-I,3,FIRST LINE HEALTHCARE DIAGNOSTIC CENTER,"STALL 1-3,9-11 KONTIKI BLDG., TL PLAZA,MC ARTHUR HIGHWAY,BRGY PULUNGBULU,ANGELES PAMPANGA CITY",ANGELES,09673475007/(045)436-0180,"MIRANDA, MICHELLE",clinicallab@firstlinehealthcareph.com,clinicallab@firstlinehealthcareph.com,5060461,1,5,6,WITHOUT CONCERN,,PASSED,Acceptable,SDTL-PT-22-030497,A
3,03-1374-21-PIBS-R,3,FLORIDABLANCA DOCTOR'S HOSPITAL INC.,"GROUND FLOOR, LABORATORY, FLORIDABLANCA DOCTOR/S HOSPITAL INC. VALEZ, PAMPANGA CITY",FLORIDA BLANCA,626536 loc 122/123; 09976174214,"CARMELA T. REYES, MD",Fanilab@gmail.com,Fanilab@gmail.com,5008437,3,3,6,WITHOUT CONCERN,,PASSED,Acceptable,SDTL-PT-22-030498,A
3,03-0574-22-PFSS-R,3,HEMATECH DIAGNOSTIC CENTER,"UNIT A&G RBL BLDG. MC ARTHUR HIGHWAY QUEBLAWAN, SAN FERNANDO, PAMPANGA",SAN FERNANDO,09654697963/0454352944/,FLORENCIO CONCENGCO DIZON,macaraig.liezl@yahoo.com,macaraig.liezl@yahoo.com,5073303,1,0,1,WITHOUT CONCERN,,PASSED,Excellent,SDTL-PT-22-030499,E
3,03-0252-21-PIBS-R,3,HEMOLINE MEDICAL CLINIC AND DIAGNOSTIC LABORATORY,UNIT F SANTOS COMM. BUILDING CORNER PAMPANG RD AND VISITACION ST. PAMPANGA,ANGELES CITY,0454362527; 0977846113;09178224219,"GABRIEL J. CRUZ, MD",hemoline@yahoo.com,hemoline@yahoo.com,5008417,1,0,1,WITHOUT CONCERN,,PASSED,Excellent,SDTL-PT-22-030500,E
3,03-1109-22-PIBS-R,3,HI-PRECISION DIAGNOSTICS,"UNIT 101-103 G/F GOP BLDG., MCARTHUR HI-WAY COR. DONA CONSOLATION ST., BARANGAY LOURDES, SAN FERNANDO, PAMPANGA CITY",SAN FERNANDO,09338690029/0454351868 LOC. 104/09209610407,,hpsf.lab@hi-precision.com.ph,hpsf.lab@hi-precision.com.ph,5058419,3,5,8,WITHOUT CONCERN,,PASSED,Acceptable,SDTL-PT-22-030501,A
3,03-XXXX-XX-XXXX-X,3,HI-PRECISION DIAGNOSTICS - ANGELES,"MCARTHUR HI-WAY COR. ANGELES-MAGALANG ROAD, STO. CRISTO, ANGELES CITY, PAMPANGA CITY",ANGELES CITY,09176286189/(045)6246227/09209610407,"DR. PEDRITO TAGAYUNA, MD",hpangeles.lab@hi-precision.com.ph,hpangeles.lab@hi-precision.com.ph,5058418,1,4,5,WITHOUT CONCERN,,PASSED,Highly Satisfactory,SDTL-PT-22-030502,HS
3,03-0765-21-PIBS-R,3,JHAYEN MEDICAL LABORATORY & X RAY SERVICES,"RM 303, 3RD FLOOR, ASSUMPTA BLDG. CHURCH PATIO, BRGY STO. ROSARIO, PAMPANGA",SAN FERNANDO,9176710289,"GABRIEL J. CRUZ, MD",dtcjhayenlab@yahoo.com,dtcjhayenlab@yahoo.com,5006817,1,3,4,WITHOUT CONCERN,,PASSED,Highly Satisfactory,SDTL-PT-22-030503,HS
3,03-1684-19-GIBS-I,3,JOSE B. LINGAD MEMORIAL GENERAL HOSPITAL,"MAC ARTHUR HIGHWAY, DOLORES, PAMPANGA CITY",SAN FERNANDO,9055751877,"GIL BRYAN B. GALVAN , MD",jblmthlab@gmail.com,jblmthlab@gmail.com,5021874,0,3,3,WITHOUT CONCERN,,PASSED,Highly Satisfactory,SDTL-PT-22-030504,HS
3,03-0584-22-PIBS-R,3,JTP MEDICAL XRAY SERVICES,"4TH FLR MIRABES BLDG. BRGY STO ROSARIO, SAN FERNANDO,PAMPANGA CITY",SAN FERNANDO,09174731525/(045)961-6565,"CHUA,JOSEPHINE",jtplab@hotmail.ph,jtplab@hotmail.ph,5049953,0,2,2,WITHOUT CONCERN,,PASSED,Excellent,SDTL-PT-22-030505,E
3,03-0473-21-PIBS-R,3,LSG DIAGNOSTIC LABORATORY AND X-RAY CLINIC,"#7 MACABULOS ST. POBLACION, PAMPANGA CITY",FLORIDABALNCA,(045) 9700775; 09465485910,"JOSEPHINE L. CHUA, MD",lsglaboratory2019@yahoo.com,lsglaboratory2019@yahoo.com,5008548,2,3,5,WITHOUT CONCERN,,PASSED,Highly Satisfactory,SDTL-PT-22-030506,HS
3,03-0688-21-PFSS-R,3,MDLAB DIAGNOSTIC CENTER INC.,"LOT 23 BLK 11 1ST ST. BALIBAGO, PAMPANGA CITY",ANGELES CITY,0454582614; 09334762398,"ROMMEL G. MALONZO, MD",mdlab2311@yahoo.com,mdlab2311@yahoo.com,5008169,1,3,4,WITHOUT CONCERN,,PASSED,Highly Satisfactory,SDTL-PT-22-030507,HS
3,03-0671-21PFSS-R,3,"MEDICARD PHILIPPINES, INC. - CLARK","2ND FLOOR WELLNESS ZONE SM CITY CLARK M.A ROXAS HIGHWAY MALABANIAS, PAMPANGA CITY",ANGELES CITY,0919-082-8782,"ARTURO C. LOPEZ, MD",mpiclarklaboratory@gmail.com,mpiclarklaboratory@gmail.com,5008573,1,2,3,WITHOUT CONCERN,,PASSED,Highly Satisfactory,SDTL-PT-22-030508,HS
3,03-0271-22-PIBS-R,3,MEDTRUST DIAGNOSTIC LABORATORY AND PHARMACY,"MC ARTHUR HIGHWAY SINDALAN (BESIDE PUREGOLD SINDALAN) SAN FERNANDO,PAMPANGA CITY",SAN FERNANDO,09159235692/(045)409-3052,"LEDESMA,DEXTER",medtrustdlp@gmail.com,medtrustdlp@gmail.com,5056757,0,5,5,WITHOUT CONCERN,,PASSED,Highly Satisfactory,SDTL-PT-22-030509,HS
3,03-0673-21-PIBS-R,3,MERIAN DIAGNOSTIC LABORATORY,"2468 ST JOHN ST. VILLENA SUBD SAN VICENTE, PAMPANGA CITY",Apalit,9355847886,GONZALO B. ROMAN JR MD,meriandxl@gmail.com,meriandxl@gmail.com,5039928,3,4,7,WITHOUT CONCERN,,PASSED,Acceptable,SDTL-PT-22-030510,A
3,03-0360-21-PFSS-R,3,MIH DRUG TESTING CENTER,"625 PARZON SQUARE BLDG., 3F STALL H. STO. ROSARIO ST. BRGY STO DOMINGO, PAMPANGA CITY",ANGELES CITY,09108503945; 09228735141,"ROMMEL G. MALONNZO, MD",threegirlsdtc@yahoo.com,threegirlsdtc@yahoo.com,5009033,1,0,1,WITHOUT CONCERN,,PASSED,Excellent,SDTL-PT-22-030511,E
3,03-1730-21-PIBS-I ,3,NVCLARK DIAGNOSTIC LABORATORY ,"BUILDING 1C, BERTAPHIL I INDUSTRIAL PARK, JOSE ABAD SANTOS AVE CLARK FREEPORT ZONE, PAMPANGA CITY",CLARK,(045) 499-4652 / 09061914166,"EMIL BRYAN M. GARCIA, FPSP ",nvclarkdlab@gmail.com ,nvclarkdlab@gmail.com ,5073320,0,5,5,WITHOUT CONCERN,,PASSED,Highly Satisfactory,SDTL-PT-22-030512,HS
3,03-1550-21-PIBS- R,3,OUR LADY OF MT. CARMEL MEDICAL CENTER,"KM78 MCARTHUR HIWAY, SAGUIN, PAMPANGA CITY",SAN FERNANDO,(045) 8601265; 09988642037; 09178410018,"KATHRYNA LESLEY T. AYRO, MD,FPSP",mt.carmel_laboratory@yahoo.com,mt.carmel_laboratory@yahoo.com,5008415,0,2,2,WITHOUT CONCERN,,PASSED,Excellent,SDTL-PT-22-030513,E
3,03-1493-21-PIBS-R,3,OUR LADY OF MT.CARMEL MEDICAL CENTER-CLARK ,"GF OUR LADY OF MT. CARMEL MEDICAL CENTER- CLARK, NINOY AQUINO AVE, PAMPANGA CITY",MABALACAT,09319395775; (045) 4990391 LOC 253; 09178410018,"KATHRYNA LESLEY T. AYRO, MD,FPSP",laboratory.mtcarmelclark@gmail.com,laboratory.mtcarmelclark@gmail.com,5001526,2,4,6,WITHOUT CONCERN,,PASSED,Acceptable,SDTL-PT-22-030514,A
3,03-1148-21-PIBS-R,3,PAMPANGA MEDICAL SPECIALIST HOSPITAL,"KM 80 JOSE ABAD SANTOS AVENUE, SAN ANTONIO, PAMPANGA CITY",GUAGUA,09271360790; 09178410018,"KATHRYNA LESLEY T. AYRO, MD,FPSP",pmshclinlab@gmail.com or elainegarcia0777@yahoo.com,pmshclinlab@gmail.com or elainegarcia0777@yahoo.com,5013871,1,5,6,WITHOUT CONCERN,,PASSED,Acceptable,SDTL-PT-22-030515,A
3,03-0698-21-PIBS-R,3,PARIAN DIAGNOSTIC LABORATORY,"JP RIZAL ST., PARIAN (POBLACION), PAMPANGA CITY",MEXICO,(045)9663542; 09550990939,"REMEDIOS O. ONG, MD",pdlmexico@yahoo.com,pdlmexico@yahoo.com,5007533,0,5,5,WITHOUT CONCERN,,PASSED,Highly Satisfactory,SDTL-PT-22-030516,HS
3,03-0699-21-PIBS-R,3,PARIAN DIAGNOSTIC LABORATORY,"EAST GATE CITY WALK BLDG. BRGY. SAN JOSE, PAMPANGA CITY",SAN FERNANDO,(045) 9663800; 09171154302,"REMEDIOS O. ONG, MD",pdleastgate@yahoo.com,pdleastgate@yahoo.com,5007532,0,5,5,WITHOUT CONCERN,,PASSED,Highly Satisfactory,SDTL-PT-22-030517,HS
3,03-0697-21-PIBS-R,3,PARIAN DIAGNOSTIC LABORATORY,"LODESTONE CORE BLDG. #16 MC ARTHUR HIWAY, TELEBASTAGAN, PAMPANGA CITY",SAN FERNANDO,(045) 4581429; 09171154302,"REMEDIOS O. ONG, MD",pdltelabastagan@yahoo.com,pdltelabastagan@yahoo.com,5007534,2,5,7,WITHOUT CONCERN,,PASSED,Acceptable,SDTL-PT-22-030518,A
3,03-0917-21-PIBS-R,3,PARIAN DIAGNOSTIC LABORATORY,"2ND FLOOR., CLARKHAUZ BLDG BALIBAGO, CLARK FREEPORT ZONE, PAMPANGA",CLARK,(045) 4365834; 09757747946,"REMEDIOS O. ONG, MD",pdlclark@yahoo.com,pdlclark@yahoo.com,5007525,2,5,7,WITHOUT CONCERN,,PASSED,Acceptable,SDTL-PT-22-030519,A
3,03-1487-22-PIBS-R ,3,PATIENT WELFARE LABORATORY AND DIAGNOSTIC CLINIC ,"#026-B MALONZO BLDG. SAN JOSE, PAMPANGA CITY",SAN SIMON ,9993141391,"REYNALDO G. TORRES, MD ",patientwelfarelaboratory@gmail.com,patientwelfarelaboratory@gmail.com,5081896,1,4,5,WITHOUT CONCERN,,PASSED,Highly Satisfactory,SDTL-PT-22-030520,HS
3,03-1314-21-PIBS-R,3,PENINSULA MEXICO DIAGNOSTIC CORP,"1F PENINSULA BLDG., JASA ROAD, BRGY LAGUNDI, PAMPANGA CITY",MEXICO,9265036293,"GONZALO B. ROMAN JR, MD",mexico.peninsula@gmail.com,mexico.peninsula@gmail.com,5019604,1,0,1,WITHOUT CONCERN,,PASSED,Excellent,SDTL-PT-22-030521,E
3,03-XXXX-XX-XXXX-X,3,PRIMELAB DIAGNOSTIC LABORATORY,"III MCARTHUR HIGHWAY SAN FRANCISCO, MABALACAT, PAMPANGA CITY",MABALACAT,09333058464/331-8657/0453318657,MARIE MICHELLE Y. SO,primelab_1108@yahoo.com,primelab_1108@yahoo.com,5072891,1,1,2,WITHOUT CONCERN,,PASSED,Excellent,SDTL-PT-22-030522,E
3,03-1147-19-PIBS-R,3,R&R HOLISTIC LABORATORY AND DIAGNOSTIC CENTER ,"L2, L3,L4 G&P BUILDING, MAC ARTHUR HI-WAY , SINDALAN, PAMPANGA CITY",SAN FERNANDO ,045-455-3413 / 0922-231-8285/09175107445,"MICHELLE TANGLAO-MIRANDA,MD,FPSP",rnrholisticlaboratory@gmail.com ,rnrholisticlaboratory@gmail.com ,5053092,0,3,3,WITHOUT CONCERN,,PASSED,Highly Satisfactory,SDTL-PT-22-030523,HS
3,03-1393-22-PIBS-R,3,SAGIP BIE DRUG TESTING LABORATORY,"CLDRC COMPOUND , BRGY STO. NINO, MAGALANG, PAMPANGA CITY",MAGALANG,9175159985,"LARA MAE ACADEMIA ANGELES, MD",thelmee_0414@yahoo.com.ph,thelmee_0414@yahoo.com.ph,5093738,2,6,8,WITHOUT CONCERN,,PASSED,Acceptable,SDTL-PT-22-030524,A
3,03-0472-PIBS-R,3,SAINT JOSEPH DIAGNOSTIC LABORATORY,"ST JOSEPH BLDG IV, DOÑA CARMEN ST., COR. VICTOR ST., MT. VIEW, BALIBAGO, PAMPANGA CITY",ANGELES CITY,(045) 458-2915; 09092133015,"NICK R. FERNANDEZ, MD",sjdl.ncv@gmail.com,sjdl.ncv@gmail.com,4953943,2,4,6,WITHOUT CONCERN,,PASSED,Acceptable,SDTL-PT-22-030525,A
3,03-1623-21-PIBS-R,3,SINGAPORE MEDICAL LABORATORIES INC.,"GF ALTA CLARO BLDG., MC ARTHUR HI WAY COR SAN PABLO ST. BRGY CLARO M. RECTO, PAMPANGA CITY",ANGELES CITY,9177091577,"PAULO GIOVANNI L. MENDOZA, MD",corelabangeles@singaporediagnostic.com,corelabangeles@singaporediagnostic.com,5008138,1,3,4,WITHOUT CONCERN,,PASSED,Highly Satisfactory,SDTL-PT-22-030526,HS
3,03-0264-20-PIBS-R,3,"V.L. MAKABALI MEMORIAL HOSPITAL, INC.","B. MENDOZA ST., STO. ROSARIO, PAMPANGA CITY",CITY OF SAN FERNANDO,(045) 961-2442 LOCAL 418/09175491328/09164905712,"MARIE MICHELLE Y. SO, M.D.",ancillary.makabali@yahoo.com,ancillary.makabali@yahoo.com,5055905,2,5,7,WITHOUT CONCERN,,PASSED,Acceptable,SDTL-PT-22-030527,A
17,13-0157-22-PFSS-R,13,AMGB DRUG TESTING LABORATORY,"503B CAMUS BLDG., EDSA, BRGY BAGONG LIPUNAN NG CRAME, QUEZON CITY",QUEZON CITY,09282432972/(8)356-1657,"TITO GATA GARRIDO, MD",amgbdrugtestinglaboratory@gmail.com,amgbdrugtestinglaboratory@gmail.com,5105659,4,0,4,WITHOUT CONCERN,,PASSED,Highly Satisfactory,SDTL-PT-22-130528,HS
17,13-0006-22-PIBS-R,13,"ANGELUS MEDICAL CLINIC, INC.","1730 DIAN STREET, PALANAN, CITY OF MAKATI",Makati,9178055062,"MARIA LUISA F. REYES MD, FPSP",lab@angelusmed.com/info@angelusmed.com,lab@angelusmed.com/info@angelusmed.com,5042220,0,5,5,WITHOUT CONCERN,,PASSED,Highly Satisfactory,SDTL-PT-22-130529,HS
17,13-1294-22-PIBS-R,13,"ASIA PACIFIC MEDICAL AND DIAGNOSTICS, INC.","3/F ALSCOPHIL BLDG. 2053 EDISON COR. FARADAY STS. SAN ISIDRO, MAKATI CITY",MAKATI CITY,358-8680/09992284373,"BERNARD M. REGALADO, MD",cll.apdiags@gmail.com,cll.apdiags@gmail.com,5041911,3,0,3,WITHOUT CONCERN,,PASSED,Highly Satisfactory,SDTL-PT-22-130530,HS
17,13-0004-21-PIBS-R,13,ASIAN HOSPITAL AND MEDICAL CENTER,"2205 CIVIC DRIVE FILINVEST CORPORATE CITY, MUNTINLUPA CITY",Muntinlupa,0999-887-8578; 8771-9000 loc. 8356; 8771-900 loc. 8358,"NELSON T. GERALDINO, MD",labteamlead@asianhospital.com,labteamlead@asianhospital.com,5009997,2,0,2,WITHOUT CONCERN,,PASSED,Excellent,SDTL-PT-22-130531,E
17,13-0326-21-PFSS-R,13,ASTRAL TECH DRUG TESTING LABORATORY,"9639 PILILLA STREET BARANGAY VALENZUELA, MAKATI CITY",Makati City,88963678/09167485391/09178463572,"RUEL JOHN T. LANDRITO, M.D",astral9639pililla@yahoo.com,astral9639pililla@yahoo.com,5003523,2,0,2,WITHOUT CONCERN,,PASSED,Excellent,SDTL-PT-22-130532,E
17,13-0557-18-PIBS-R,13,AVENTUS MEDICAL CARE INC. NORTH EDSA,"992 EDSA 2ND FLOOR PHILIPPINE COLLEGE OF SURGEONS BUILDING, QUEZON CITY",QUEZON CITY,34551930/09209227612,"ARTURO C. LOPEZ, MD",laboratory.northedsa@aventusmedical.com.ph,laboratory.northedsa@aventusmedical.com.ph,5005318,1,5,6,WITHOUT CONCERN,,PASSED,Acceptable,SDTL-PT-22-130533,A
17,13-XXXX-XX-XXXX-X,13,BIOASSAY DIAGNOSTIC CENTER AND MEDICAL CLINIC,"F. SALVADOR AVE JORDAN PLAINS SUBD. NOVALICHES, QUEZON CITY, METRO MANILA",QUEZON CITY,8899742/09178852062,"SUSANA PINILI QUIAOIT, MD",bioassaydiagnostic@yahoo.com,bioassaydiagnostic@yahoo.com,5003888,2,0,2,WITHOUT CONCERN,,PASSED,Excellent,SDTL-PT-22-130534,E
17,13-0160-21-CL-2,13,CHERRY LAB DIAGNOSTICS & MEDICAL CLINIC,"#37 GOVERNOR PASCUAL AVENUE, TINAJEROS, MALABON CITY",Malabon City,84427064,"ELENITA H. TINIO, MD",cldmc2012@gmail.com,cldmc2012@gmail.com,5007542,3,1,4,WITHOUT CONCERN,,PASSED,Highly Satisfactory,SDTL-PT-22-130535,HS
17,13-0082-22-PIBS-R,13,"MARIKINA MULTISPECIALTY HEALTHCARE SERVICES, INC.","865 JOCEVIL BUILDING, J.P. RIZAL STREET, CONCEPCION UNO, CITY OF MARIKINA, ",Marikina City,87216130/09171452052,"MARIA LOURDES A. TILBE, MD",marikinamultispecialtylab2020@gmail.com,marikinamultispecialtylab2020@gmail.com,5041933,2,0,2,WITHOUT CONCERN,,PASSED,Excellent,SDTL-PT-22-130536,E
17,13-XXXX-XX-XXXX-X,13,MEDICAL CENTER MANILA,"850 UNITED NATIONS AVENUE, BARANGAY 670, ERMITA MANILA",METRO MANILA,9064557611,"ANDREW D. DIMACALI, MD",danjeromemacaraeg@gmail.com,danjeromemacaraeg@gmail.com,5140811,2,1,3,WITHOUT CONCERN,,PASSED,Highly Satisfactory,SDTL-PT-22-130537,HS
17,13-1552-22-GFSS-R,13,NAVOTAS MEDICAL & WELLNESS CENTER,"NAVOTAS MEDICAL & WELLNES CENTER - FRONT OF BPI SAN JOSE BRANCH, NAVOTAS",NAVOTAS,09228801582/09178655775,"WARREN WELBY ONG KOA, MD, DPSP",navotascitylab@yahoo.com,navotascitylab@yahoo.com,5100541,4,0,4,WITHOUT CONCERN,,PASSED,Highly Satisfactory,SDTL-PT-22-130538,HS
17,13-0339-21-PIBS-R,13,PREMIERE MEDICAL AND CARDIOVASCULAR LABORATORY INC.,"G/F MANORA BLDG., #6 , MAYOT GIL FERNANDO, MARIKINA CITY","MARIKINA, METRO MANILA",09303619223; 09175640228; 85731130,"FLORIDO A. ATIBAGOS, MD",premiere.marikina_clinlab@yahoo.com,premiere.marikina_clinlab@yahoo.com,5011860,1,1,2,WITHOUT CONCERN,,PASSED,Excellent,SDTL-PT-22-130539,E
17,13-0240-22-PIBS-R,13,SONIC SOLUTIONS MEDICAL AND DIAGNOSTIC LABORATORY CENTER INC.,"3F SUITE 301, 1823 FMSG BLDG. E. RODRIGUEZ SE. AVE COR. NEW YORK AVE. QUEZON CITY",QUEZON CITY,9275622917,"MARIA ANGELICA B. VALDEZ, MD, DPSP",sonicmedicalclinic!gmail.com,sonicmedicalclinic!gmail.com,5125653,0,5,5,WITHOUT CONCERN,,PASSED,Highly Satisfactory,SDTL-PT-22-130540,HS
1,01-1604-21-PIBS-I,1,ACCURA-TECH DIAGNOSTIC LABORATORY,"CARINO ST., BRGY POBLACION WEST, PANGASINAN ",PANGASINAN,09215255607; 09198061240,"DENNIS R. COLISAO, MD, FPSP",accuratech@yahoo.com,accuratech@yahoo.com,5013478,4,3,7,WITHOUT CONCERN,,PASSED,Acceptable,SDTL-PT-22-010541,A
1,01-1045-21-PFSS-R,1,ACULAB DRUG TESTING CENTER,"2ND FLOOR NIXEM BUILDING ALEXANDER STREET POBLACION, PANGASINAN",PANGASINAN,9324094617,"MA. VIVIAN A. VILLAR, MD, MPH",aculabdrugtesting@yahoo.com,aculabdrugtesting@yahoo.com,5008847,1,2,3,WITHOUT CONCERN,,PASSED,Highly Satisfactory,SDTL-PT-22-010542,HS
1,01-1364-19-GIBS-R,1,AGOO MUNICIPAL HEALTH OFFICE CLINICAL LABORATORY,"CASES BOULEVARD, SANTA BARBARA (POB.), AGOO, LA UNION",LA UNION,03158510270; 09457057765; 093828780316,"MICHEAEL L. MOSTALES, MD",agoo_munhealthoffice@yahoo.com,agoo_munhealthoffice@yahoo.com,5012180,2,4,6,WITHOUT CONCERN,,PASSED,Acceptable,SDTL-PT-22-010543,A
1,01-0703-22-GIBS-R,1,ALAMINOS DRUG TESTING LABORATORY,"CITY HEALTH OFFICE, DON P. REINOSO STREET, POBLACION, ALAMINOS CITY, PANGASINAN",PANGASINAN,09175527592/075-654-1142,"SHELDON STEVEN C. AQUINO, MD",alaminosdtl@yahoo.com,alaminosdtl@yahoo.com,5069459,2,1,3,WITHOUT CONCERN,,PASSED,Highly Satisfactory,SDTL-PT-22-010544,HS
1,01-1314-22-PIBS-R,1,ALLIANCE DIAGNOSTIC CENTER,"#1 PANGASINAN HOPE LUMBER BLDG., 568 RIZAL ST., POBLACION, MANGALDAN, PANGASINAN",PANGASINAN,09420203366/(075)600-8401/09209037732,"SHELDON STEVEN C. AQUINO, MD",alliancediagnosticclinic@gmail.com,alliancediagnosticclinic@gmail.com,5067632,2,0,2,WITHOUT CONCERN,,PASSED,Excellent,SDTL-PT-22-010545,E
1,01-0907-21-GIBS-R,1,CANDON CITY HEALTH OFFICE,"NATIONAL HIGHWAY, CALAOAAN, CITY OF CANDON, ILOCOS SUR 2710",ILOCOS SUR,9778455335,"JOY P. VILLANUEVA, MD",candoncholaboratory@gmail.com,candoncholaboratory@gmail.com,5009042,2,4,6,WITHOUT CONCERN,,PASSED,Acceptable,SDTL-PT-22-010546,A
1,01-0705-22-PIBS-R,1,CHRIST-BEARER CLINICAL LABORATORY,"BRGY. CABATLING (INFRONT OF MALISIQLY MUNICIPAL HOSPITAL), MALASIQLY, PANGASINAN",PANGASINAN,09230909635/09253653213,"IKE MANUEL G. FLORES, MD",christbearerclinicallaboratory@gmail.com,christbearerclinicallaboratory@gmail.com,5072895,0,5,5,WITHOUT CONCERN,,PASSED,Highly Satisfactory,SDTL-PT-22-010547,HS
1,01-0707-22-PIBS-R,1,"DAGUPAN DOCTORS VILLAFLOR MEMORIAL HOSPITAL, INC.","G/F BMV BLDG., ALEXANDER ST., POBLACION, URDANETA CITY, PANGASINAN",PANGASINAN,9236583417,"MA. THERESA T. ENRILE, MD",ddvmh_urdaneta@yahoo.com,ddvmh_urdaneta@yahoo.com,5041891,3,1,4,WITHOUT CONCERN,,PASSED,Highly Satisfactory,SDTL-PT-22-010548,HS
1,01-0144-21-GIBS-R,1,DOH-DRUG TREATMENT AND REHABILITATION CENTER DAGUPAN  DRUG TESTING LABORATORY,"SITIO PALATONG, BONUAN BINLOC, DAGUPAN CITY, PANGASINAN",PANGASINAN,(075)653-9876/09773363391,"BABY LYNNE C. ASUNCION, MD, FPSP",laboratorydohtrc@gmail.com,laboratorydohtrc@gmail.com,5045393,3,0,3,WITHOUT CONCERN,,PASSED,Highly Satisfactory,SDTL-PT-22-010549,HS
1,01-1360-21-PFSS-R,1,E. LI DRUG TESTING CENTER,"STI BUILDING, AGUILA RD. SEVILLA, LA UNION",LA UNION,09999785903; (072)6072960,"FLOYD E. FERNANDO, MD",floydfernandez@yahoo.com,floydfernandez@yahoo.com,4952560,2,0,2,WITHOUT CONCERN,,PASSED,Excellent,SDTL-PT-22-010550,E
1,01-1330-20-PFSS-R,1,EARL HEALTHLINES CLINICAL LABORATORY,"G/F HAVEN'S INN GOMEZ ST. ZAMORA POBLACION, PAN GASINAN",PANGASINAN,09323553561; (075) 6321271; 09209037732,"SHELDON STEVEN C. AQUINO, MD",edmarantonio@yahoo.com,edmarantonio@yahoo.com,4999521,0,3,3,WITHOUT CONCERN,,PASSED,Highly Satisfactory,SDTL-PT-22-010551,HS
1,01-1362-22-PIBS-I ,1,"FAMOUS CARE MEDICAL CLINIC, LABORATORY AND DIAGNOSTIC CENTER ","GALVAN STREET, PEREZ BOULEVARD. BRGY POGO CHICO, PANGASINAN",PANGASINAN ,9452310351,"IKE MANUEL G. FLORES, MD",famouscaredagupan_mcldc2008@yahoo.com,famouscaredagupan_mcldc2008@yahoo.com,5081887,2,0,2,WITHOUT CONCERN,,PASSED,Excellent,SDTL-PT-22-010552,E
1,01-078-21-CL-2,1,FINE LEGACY MEDICAL DIAGNOSTIC,"3RD FLR EJR BLDG SADSARAN ST. POBLACION, PANGASINAN",PANGASINAN,09228680259; 09255527926,"GIL BRYAN B. GALVAN, MD",fine.legacyala17@gmail.com,fine.legacyala17@gmail.com,5008949,2,5,7,WITHOUT CONCERN,,PASSED,Acceptable,SDTL-PT-22-010553,A
1,01-0390-18-PIBS-R,1,FINE PRECISION DIAGNOSTIC CLINIC,"FINE PRECISION DIAGNOSTIC CLINIC AB FERNANDEZ WEST, POBLACION OESTE",PANGASINAN,09753952963; 09209482425,"GIL BRYAN B. GALVAN, MD",fineprecisiondagupan@gmail.com,fineprecisiondagupan@gmail.com,5008947,3,5,8,WITHOUT CONCERN,,PASSED,Acceptable,SDTL-PT-22-010554,A
1,01-0964-22-PFSS-I,1,HI-PRECISION DIAGNOSTIC CENTER INC.- DAGUPAN,"SECOND FLR,2-S BHF FAMILY PLAZA DAGUPAN CITY, PANGASINAN",PANGASINAN,09431351864/(075) 600-1728,"ASUNCION,BABY LYNNE",hpdagupan.lab@hi-precision.com.ph,hpdagupan.lab@hi-precision.com.ph,5058421,2,1,3,WITHOUT CONCERN,,PASSED,Highly Satisfactory,SDTL-PT-22-010555,HS
1,01-0077-21-PIBS-R,1,HI-PRECISION DIAGNOSTICS,"UNIT 3&4 VALDEZ BLDG. BRGY. 1 SAN FRANCISCO, SAN NICOLAS, ILOCOS NORTE",ILOCOS NORTE,09338150540/(077) 600 3203/09171664607,"MODESTY A. LEAÑO, MD",hpsannicolas.lab@hi-precision.com.ph,hpsannicolas.lab@hi-precision.com.ph,5058352,2,1,3,WITHOUT CONCERN,,PASSED,Highly Satisfactory,SDTL-PT-22-010556,HS
1,01-1198-18-GIBS-R,1,ILOCOS TRAINING AND REGIONAL MEDICAL CENTER,"ILOCOS TRAINING AND REGIONAL MEDICAL CENTER, PARIAN, LA UNION",LA UNION,09778568500/ 09178954092/ 0726076418 loc. 159,"DENNIS . COLISAO, MD, DPSP",itrmc.laboratory@gmal.com,itrmc.laboratory@gmal.com,5012414,2,2,4,WITHOUT CONCERN,,PASSED,Highly Satisfactory,SDTL-PT-22-010557,HS
1,01-XXXX-XX-XXXX-X,1,JEDA CLINICAL LABORATORY,"POBLACION NORTE, STA. MARIA, ILOCOS SUR",ILOCOS SUR,09774863363; 09778214700,"GAIL DOMECQ TANAWIT, MD",morejendagdag74@gmail.com,morejendagdag74@gmail.com,4959494,0,1,1,WITHOUT CONCERN,,PASSED,Excellent,SDTL-PT-22-010558,E
1,01-1346-21-PIBS-R,1,LACASANDILE MEDICAL CLINIC AND DIAGNOSTIC CENTER,"LACONG, NATIONAL HIGHWAY, TAGUDIN, ILOCOS SUR",ILOCOS SUR,9062518009,"DENNIS R. COLISAO, MD, FPSP",lacasandilemcdc@gmail.com,lacasandilemcdc@gmail.com,5012335,4,0,4,WITHOUT CONCERN,,PASSED,Highly Satisfactory,SDTL-PT-22-010559,HS
1,01-1094-22-GIBS-I,1,LAOAG CITY GENERAL HOSPITAL DRUG TESTING LABORATORY,"AIRPORT ROAD, BGY. NO. 46, NALBO, LAOAG CITY (CAPITAL), ILOCOS NORTE",ILOCOS NORTE,09177720391/(077) 772-8828 LOC 609,"CASTRO,ARLENE GENCIANA FRANCISCO",lcghlab2011@yahoo.com.ph,lcghlab2011@yahoo.com.ph,5060463,0,3,3,WITHOUT CONCERN,,PASSED,Highly Satisfactory,SDTL-PT-22-010560,HS
1,01-0713-22-PFSS-I,1,LAOAG POLYCLINIC CLINICAL LABORATORY & DRUG TESTING CENTER,"GEN. GIRON ST 7-A LAOAG CITY, ILOCOS NORTE",ILOCOS NORTE,(077) 670-7647,"GAMILDE, PROCESA REBULLO",laoagpolyclinic@gmail.com,laoagpolyclinic@gmail.com,5056759,2,1,3,WITHOUT CONCERN,,PASSED,Highly Satisfactory,SDTL-PT-22-010561,HS
1,01-0540-21-PIBS-R,1,NEW ROSARIO DIAGNOSTIC CLINIC AND LABORATORY,"2F DOÑA PEPANG'S BLDG POBLACION EAST, LA UNION",LA UNION,9567665804,"VIRGINIA V. DE JOYA, MD",newrosariodiagnostic@yahoo.com,newrosariodiagnostic@yahoo.com,5019026,3,5,8,WITHOUT CONCERN,,PASSED,Acceptable,SDTL-PT-22-010562,A
1,01-1175-21-PFSS-R,1,ORT DRUG TEST LABORATORY,91 AB FERNANDEZ WEST POBLACION OESTE DAGUPAN CITY PANGASINAN,PANGASINAN ,9567150718,DR. SHELDON STEVEN C. AQUINO,ortdtlapp@gmail.com,ortdtlapp@gmail.com,5110738,1,4,5,WITHOUT CONCERN,,PASSED,Highly Satisfactory,SDTL-PT-22-010563,HS
1,01-0175-21-H2-2,1,PANGASINAN DOCTORS HOSPITAL CORPORATION,"RIZAL AVENUE, RIZAL (POB.), SAN CARLOS CITY, PANGASINAN 2420",PANGASINAN ,09330300357; (075) 6325870,"SHELDON STEVEN C. AQUINO, MD",pdh_laboratory2000@yahoo.com,pdh_laboratory2000@yahoo.com,5007521,2,2,4,WITHOUT CONCERN,"ONLINE CHECKING ONLY, PENDING HARD COPY",PASSED,Highly Satisfactory,SDTL-PT-22-010564,HS
1,01-0541-21-PIBS-R,1,PMR LABORATORY AND POLYCLINIC,"MARAMBA COMPOUND, ALEXANDER ST., POBLACION, PANGASINAN",PANGASINAN,09157790601; (075) 6327493,"MA. THERESA T. ENRILE, MD",pmrlabpoly@yahoo.com,pmrlabpoly@yahoo.com,5008431,0,5,5,WITHOUT CONCERN,,PASSED,Highly Satisfactory,SDTL-PT-22-010565,HS
1,01-1603-21-PFSS-I,1,QUEEN CHECK DRUG TESTING LABORATORY,"2ND FLOOR  NEW PUBLIC MARKET ROXAS BLVD., PANGASINAN",PANGASINAN,9287107254,"MARK VINCENT R. MERCADO, MD",florriel047@gmail.com,florriel047@gmail.com,5020039,0,0,0,WITHOUT CONCERN,,PASSED,Excellent,SDTL-PT-22-010566,E
1,01-1404-20-GIBS-R,1,REGION 1 MEDICAL CENTER DRUG TESTING LABORATORY,"ARELLANO STREET, PANTAL DISTRICT, PANGASINAN",PANGASINAN,(075) 515 8916 LOC 121/ 0933 156 7664,"SHELDON STEVEN C. AQUINO, MD",r1mcdtl@gmail.com,r1mcdtl@gmail.com,5021350,1,4,5,WITHOUT CONCERN,,PASSED,Highly Satisfactory,SDTL-PT-22-010567,HS
1,01-0721-22-PFSS-R,1,RJV DRUG TESTING LABORATORY,"STALL NO. 248 2ND FLOOR, BANTAY ARCADE, ILOCOS SUR",ILOCOS SUR,9175680563,GONZALO B. ROMAN JR ,jgandres_rmt@yahoo.com,jgandres_rmt@yahoo.com,5035100,0,0,0,WITHOUT CONCERN,,PASSED,Excellent,SDTL-PT-22-010568,E
1,01-0910-19-PFSS-R,1,ROYAL STAR DRUG TESTING LABORATORY,"100 AB FERNANDEZ WEST, POBLACION OESTE, PANGASINAN",PANGASINAN,(075)6008811/09518777038/ 09092244058,"REYNALDO A. JACINTO, MD, MHA",bingdoctolero@gmail.com,bingdoctolero@gmail.com,5014027,4,1,5,WITHOUT CONCERN,,PASSED,Highly Satisfactory,SDTL-PT-22-010569,HS
1,01-1532-21-PIBS-R,1,"SINGAPORE MEDICAL LABORATORIES, INC.","UNIT 207 ARB CORPORATE CENTER, TAPUAC DISTRICT, PANGASINAN",PANGASINAN,(076) 615-9031 / 09177088723,PAULO GIOVANNI L. MENDOZA,corelabdagupan@singaporediagnostics.com,corelabdagupan@singaporediagnostics.com,5008139,0,5,5,WITHOUT CONCERN,,PASSED,Highly Satisfactory,SDTL-PT-22-010570,HS
1,01-XXXX-XX-XXXX-X,1,THE BLACK NAZARENE HOSPITAL INC.,"#29 BONOAN ST. BRGY. 2. SAN BALTAZAR, SAN NICOLAS, ILOCOS NORTE",ILOCOS NORTE,09238500351/773-1757/09177720391,"ARLENE F. CASTRO, MD",tbnhi.Lab@gmail.com,tbnhi.Lab@gmail.com,5071710,3,0,3,WITHOUT CONCERN,,PASSED,Highly Satisfactory,SDTL-PT-22-010571,HS
1,01-1046-21-PFSS-R,1,THREE RJAM DRUGTESTING LABORATORY,"91 POBLACION OESTE , A,B.FERNANDEZ WEST, PANGASINAN",PANGASINAN,9127893023,"MARK VINCENT R. MERCADO, MD",rowealbarida1971@gmail.com,rowealbarida1971@gmail.com,5020038,2,4,6,WITHOUT CONCERN,,PASSED,Acceptable,SDTL-PT-22-010572,A
1,01-0161-19-PIBS-R,1,UNIVERSAL ADVANCE MEDICAL DIAGNOSTICS LABORATORY,"2ND FLOOR, THE PENTAGON BLG. MCARTHUR HIGHWAY, NANCAYASAN, PANGASINAN",PANGASINAN,91777737707,"IKE MANUEL G. FLORES, MD",universaladvancemedical@gmail.com,universaladvancemedical@gmail.com,5019436,1,4,5,WITHOUT CONCERN,,PASSED,Highly Satisfactory,SDTL-PT-22-010573,HS
1,01-0652-19-PIBS-R,1,VIRGEN MILAGROSA MEDICAL CENTER DRUG TESTING LABORATORY,"MARTIN P. POSADAS AVENUE, PANGASINAN",PANGASINAN,0755328888/09464985524,"SHELDON STEVEN C. AQUINO, MD",vmmc1957laboratory@gmail.com,vmmc1957laboratory@gmail.com,5007548,2,2,4,WITHOUT CONCERN,,PASSED,Highly Satisfactory,SDTL-PT-22-010574,HS
2,02-1243-21-PFSS-R,2,AMAZING GRACE MEDICAL & DIAGNOSTIC SERVICES,"MAHARLIKA HIGHWAY, CALAMAGUI 2ND, ILAGAN, ISABELA,",ISABELA,0786241408;09157812961,"ALMA A. VILLANUEVA, MD, FPSP",jiljireh_gumarang@yahoo.com,jiljireh_gumarang@yahoo.com,5006967,0,3,3,WITHOUT CONCERN,,PASSED,Highly Satisfactory,SDTL-PT-22-020575,HS
2,02-1047-21-PIBS-R,2,BEST DIAGNOSTIC CORPORATION,"GROUND FLOOR RODAMEL BUILDING MAHARLIKA HIGHWAY, CARIG SUR, CAGAYAN VALLEY",CAGAYAN VALLEY,3772765;09175486551;09175781733,"SARAJANE U. BALISI, MD",bestdiagnostictuguegarao@yahoo.com,bestdiagnostictuguegarao@yahoo.com,5008438,4,4,8,WITHOUT CONCERN,,PASSED,Acceptable,SDTL-PT-22-020576,A
2,02-0471-21-GFSS-R,2,CABARROGUIS HEALTH OFFICE LABORATORY,"MUNICIPAL HALL, ZAMORA, CABARROGUIS,
QUIRINO",QUIRINO,9178169750,"ELIZABETH A. CAMELLO, MD",Rhucabarroguis2018@yahoo.com,Rhucabarroguis2018@yahoo.com,5019660,1,2,3,WITHOUT CONCERN,,PASSED,Highly Satisfactory,SDTL-PT-22-020577,HS
2,02-1100-21-GIBS-R,2,CAGAYAN VALLEY MEDICAL CENTER- DRUG TESTING LABORATORY,"DALAN NA PAGAYAYA, REGIONAL GOVERNMENT CENTER, CARIG SUR, CAGAYAN VALLEY",CAGAYAN VALLEY,(078)3778533; 09178564911,"JANE G. PAGADDU, MD, FPSP, MBA-H",janepagoddue@yahoo.com,janepagoddue@yahoo.com,5009035,2,1,3,WITHOUT CONCERN,,PASSED,Highly Satisfactory,SDTL-PT-22-020578,HS
2,02-1481-22-GIBS ,2,CITY HEALTH OFFICE - TUGUEGARAO ,"MAIN AVENUE, SAN GABRIEL, TUGUEGARAO CITY, CAGAYAN VALLEY",CAGAYAN VALLEY,9351107968,"JAMES C. GUZMAN, MD",chotugcity@yahoo.com,chotugcity@yahoo.com,5073198,0,1,1,WITHOUT CONCERN,,PASSED,Excellent,SDTL-PT-22-020579,E
2,02-0999-20-PIBS-R,2,CLI DIAGNOSTIC LABORATORY,"2/F LORENZO BLDG., MACANAYA, APARRI, CAGAYAN VALLEY",CAGAYAN VALLEY,07883; 09064893726;09189092747,MILA AMOR V. REYES  MD,cathryn_iringan@yahoo.com,cathryn_iringan@yahoo.com,5006964,2,1,3,WITHOUT CONCERN,,PASSED,Highly Satisfactory,SDTL-PT-22-020580,HS
2,02-0728-22-PIBS-R,2,CLI DIAGNOSTIC LABORATORY ,"ST. PATRICK GARDEN HOTEL MACANAYA DISTRICT, CAGAYAN VALLEY",CAGAYAN VALLEY,9175910546,MILA AMOR V. REYES  MD,cathryn_iringan@yahoo.com,cathryn_iringan@yahoo.com,5082127,1,2,3,WITHOUT CONCERN,"ONLINE CHECKING ONLY, PENDING HARD COPY",PASSED,Highly Satisfactory,SDTL-PT-22-020581,HS
2,02-XXXX-XX-XXXX-X,2,CLINIQ DIAGNOSTIC CENTER,"PUR SIENTE,BLDG MAHARLIKA HIGHWAY CENTRO II, CAGAYAN VALLEY",CAGAYAN VALLEY,09658474038/(078)377-8963,"BALISI,SARA JANE",cliniqdcdt@gmail.com,cliniqdcdt@gmail.com,5060462,2,1,3,WITHOUT CONCERN,,PASSED,Highly Satisfactory,SDTL-PT-22-020582,HS
2,02-1344-22-GIBS-R,2,DEPARTMENT OF HEALTH - DRUG ABUSE TREATMENT AND REHABILITATION CENTER ,"CENTRO SAN ANTONIO, ILAGAN CITY, ISABELA",ISABELA ,9066267940,MILA AMOR V. REYES  MD,dohdatrc.laboratory@gmail.com ,dohdatrc.laboratory@gmail.com ,5073239,2,0,2,WITHOUT CONCERN,,PASSED,Excellent,SDTL-PT-22-020583,E
2,02-XXXX-XX-XXXX-X,2,DIFFUN MUNICIPAL HEALTH OFFICE CLINICAL LABORATORY,"#6 DOÑA AURORA ST., ANDRES BONIFACIO DIFFUN, QUIRINO",QUIRINO,9532839071,"BAUSA, DIWATA GRACE FABRO",maysibayan@yahoo.com,maysibayan@yahoo.com,5041890,1,2,3,WITHOUT CONCERN,,PASSED,Highly Satisfactory,SDTL-PT-22-020584,HS
2,02-0972-19-PIBS-R,2,DR. RONALD P. GUZMAN MEDICAL CENTER,"ENRILE BOULEVARD, CARIG SUR (BETWEEN CITY HALL AND CAPITOL), CAGAYAN VALLEY",CAGAYAN VALLEY,09171647744; 09360570337;09178564911,"JANE G. PAGADDU, MD, FPSP, MBA-H",janetaguinod16@gmail.com,janetaguinod16@gmail.com,5008950,0,5,5,WITHOUT CONCERN,,PASSED,Highly Satisfactory,SDTL-PT-22-020585,HS
2,02-0796-21-PIBS-R,2,EBC CLINICAL LABORATORY,"91 PANGANIBAN ST., CENTRO EAST, SANTIAGO CITY, ISABELA",ISABELA,(078) 3051029; 09228858699;09156587871,"NATHANIEL V. VIDAD,MD",ebcclinlab@yahoo.com,ebcclinlab@yahoo.com,5008943,2,0,2,WITHOUT CONCERN,,PASSED,Excellent,SDTL-PT-22-020586,E
2,02-0732-22-PIBS-R ,2,GINCOR MEDICAL LABORATORY ,"DON FRANCISCO ALBANO ST. CENTRO, ISABELA",ISABELA ,9175507577,"CORAZON G. ALCANTARA, MD",gincorlab76@gmail.com,gincorlab76@gmail.com,5073229,4,2,6,WITHOUT CONCERN,,PASSED,Acceptable,SDTL-PT-22-020587,A
2,02-1258-21-PFSS-R,2,GS TRIMEDICA DRUG TESTING CENTER,"2ND FLOOR PATRIA BLDG. LUNA ST. CENTRO 7, CAGAYAN VALLEY",CAGAYAN VALLEY,9175781733,SARA JANE U. BALISI,gstrimedica2@yahoo.com,gstrimedica2@yahoo.com,5110737,0,0,0,WITHOUT CONCERN,,PASSED,Excellent,SDTL-PT-22-020588,E
2,02-0208-20-PIBS-R,2,HIGH CARE CENTRAL DIAGNOSTICS AND MEDICAL CLINIC INC.,"# 86 H & R BUILDING DON JOSE  CANCILLER AVENUE, ISABELA ",ISABELA ,078-6525304\0935-974-2966,"ANDRES S. BONIFACIO, MD",hccdmc@gmail.com,hccdmc@gmail.com,5025910,2,1,3,WITHOUT CONCERN,,PASSED,Highly Satisfactory,SDTL-PT-22-020589,HS
2,02-0648-21-PIBS-R,2,"ISABELA UNITED DOCTORS MEDICAL CENTER, INC. ","NATIONAL HIGHWAY, CABARUAN, CITY OF CAUAYAN, ISABELA 3005",ISABELA ,09063135036; 09173178453,"JANE G. PAGADDU, MD, FPSP, MBA-H",iudmclaboratory@yahoo.com,iudmclaboratory@yahoo.com,5009019,2,1,3,WITHOUT CONCERN,,PASSED,Highly Satisfactory,SDTL-PT-22-020590,HS
2,02-1569-21-PIBS-R,2,JB CABRERA DIAGNOSTIC LABORATORY,"10 LAKANDULA ST. SAN GABRIEL, CAGAYAN VALLEY",CAGAYAN VALLEY,(078) 3969806; 09554226693,"SARAJANE U. BALISI, MD",pinkunoh@yahoo.com,pinkunoh@yahoo.com,5008436,2,1,3,WITHOUT CONCERN,,PASSED,Highly Satisfactory,SDTL-PT-22-020591,HS
2,02-1390-19-PIBS-R,2,LABCARE HEALTH CLINIC AND DIAGNOSTIC CENTER,"AVES-ALBANO BLDG., QUEZON ST., DISTRICT 1, ISABELA",ISABELA,9362709788,"DIWATA GRACE F. BAUSA, MD",rubypearlreyes@yahoo.com,rubypearlreyes@yahoo.com,5006960,4,2,6,WITHOUT CONCERN,,PASSED,Acceptable,SDTL-PT-22-020592,A
2,02-XXXX-XX-XXXX-X,2,LASAM MEDICAL AND DIAGNOSTIC CENTER,"ZONE 2 CENTRO 1, KS BUILDING, LASAM, CAGAYAN VALLEY",CAGAYAN VALLEY,9560695529/09361913802,"JUANITA D. TUCAY-LACUESTA, MD, FPSP",unoclinic@yahoo.com/lasammdc.21@gmail.com,unoclinic@yahoo.com/lasammdc.21@gmail.com,5076288,1,2,3,WITHOUT CONCERN,,PASSED,Highly Satisfactory,SDTL-PT-22-020593,HS
2,02-1255-21-PFSS-R,2,LIBERTAD SPECIALTY AND DIAGNOSTIC CLINIC,"2F RB CUARTEROS BLDG. BARANGGAY LIBERTAD, CAGAYAN VALLEY",CAGAYAN VALLEY,9171169220,"ROSELYN B. CUARTEROS, MD",isdcclinlab@gmail.com,isdcclinlab@gmail.com,5012340,1,1,2,WITHOUT CONCERN,,PASSED,Excellent,SDTL-PT-22-020594,E
2,02-1224-21-PFSS-R,2,LIFELINE DIAGNOSTIC LABORATORY,"#9 M-H- DEL PILAR ST. VIRA, ROXAS, ISABELA",ISABELA,09176090425/(078)642-0403/09189092747,"MILA AMOR VILLANUEVA REYES, MD,",lifelinediagnosticlaboratory@yahoo.com,lifelinediagnosticlaboratory@yahoo.com,5138012,0,2,2,WITHOUT CONCERN,,PASSED,Excellent,SDTL-PT-22-020595,E
2,02-1365-21-PIBS-R,2,MICRO TECH MEDICAL LABORATORY," VINTAR STREET, BRGY. SAN JUAN. AURORA, ISABELA",ISABELA,09175176526; (078) 3233776; 09189092747,MILA AMOR V. REYES  MD,marybelmed30@yahoo.com,marybelmed30@yahoo.com,5008414,2,4,6,WITHOUT CONCERN,,PASSED,Acceptable,SDTL-PT-22-020596,A
2,02-1581-21-PIBS-R,2,MLS DIAGNOSTIC LABORATORY & DRUG TESTING CENTER,"PUROK 3 BARANGAY CABARUAN, ISABELA",ISABELA,09176228400; 0783247290,"DIWATA GRACE F. BAUSA, MD",mlsdiagnosticlab@yahoo.com,mlsdiagnosticlab@yahoo.com,5014023,3,4,7,WITHOUT CONCERN,,PASSED,Acceptable,SDTL-PT-22-020597,A
2,02-XXXX-XX-XXXX-X,2,NK MEDICAL CLINIC AND DIAGNOSTIC CENTER,"CABAGAN-SANTA MARIA ROAD,
UGAD, CABAGAN, ISABELA 3328",ISABELA,9066664012,"SARAJANE U. BALISI, MD",nkmcdc2019@gmail.com,nkmcdc2019@gmail.com,5027879,2,4,6,WITHOUT CONCERN,,PASSED,Acceptable,SDTL-PT-22-020598,A
2,02-1537-20-GIBS-R,2,NUEVA VIZCAYA PROVINCIAL PUBLIC HEALTH & DRUG TESTING CENTER,"CAPITOL COMPOUND, NUEVA VIZCAYA",NUEVA VIZCAYA,09171197441; 09164952205,"NATHANIEL V. VIDAD,MD",pho.labnv@yahoo.com,pho.labnv@yahoo.com,5016014,2,2,4,WITHOUT CONCERN,,PASSED,Highly Satisfactory,SDTL-PT-22-020599,HS
2,02-0741-22-PIBS-R,2,PRIME DIAGNOSTIC LABORATORY -ECHAGUE BRANCH,"POBLACION RD,JONATHANS BUILDING ,SAN FABIAN ECHAGUE ISABELA ",ISABELA,09564530091/(078)305-6034,"REYES, EMELDITA LANGUIDO",primediagnosticlab@yahoo.com,primediagnosticlab@yahoo.com,5061617,2,5,7,WITHOUT CONCERN,,PASSED,Acceptable,SDTL-PT-22-020600,A
2,02-0742-22-PIBS-R,2,PRIME DIAGNOSTIC LABORATORY -SANTIAGO BRANCH,"NO.40 CAMACAM ST. CENTRO EAST,SANTIAGO,ISABELA",ISABELA,09088800125/(078) 305-0570,"REYES, EMELDITA LANGUIDO",primediagnosticlab@yahoo.com,primediagnosticlab@yahoo.com,5061618,3,0,3,WITHOUT CONCERN,,PASSED,Highly Satisfactory,SDTL-PT-22-020601,HS
2,02-740-22-PIBS-R,2,PRIME DIAGNOSTIC LABORATORY -SOLANO BRANCH,JP RIZAL ST (INFRONT OF KFC) SOLANO NUEVA VIZCAYA,NUEVA VIZCAYA,09676837137/(078) 362-9719,"REYES, EMELDITA LANGUIDO",primediagnosticlab@yahoo.com,primediagnosticlab@yahoo.com,5061623,3,3,6,WITHOUT CONCERN,,PASSED,Acceptable,SDTL-PT-22-020602,A
2,02-1156-21-GIBS-R,2,REGION II TRAUMA AND MEDICAL CENTER,"NATIONAL HIGHWAY, MAGSAYASAY,
BAYOMBONG, NUEVA VIZCAYA",NUEVA VIZCAYA,09173127723; 078805356164,"MICHELLE CLAIRE R. MANIQUIS, MD, FPSP",r2tmc.pathology@gmail.com,r2tmc.pathology@gmail.com,5016037,3,0,3,WITHOUT CONCERN,,PASSED,Highly Satisfactory,SDTL-PT-22-020603,HS
2,02-1500-22-PIBS-R,2,RTSC WELLNESS DIAGNOSTIC LABORATORY,"DON MARIANO MARCOS AVENUE, BANTUG",ISABELA,0999-992-4951/0956-634-1628,"EMMYLOU B. AKLA, MD",rtscwellnessdiagnosticlaboratory@yahoo.com,rtscwellnessdiagnosticlaboratory@yahoo.com,5054831,1,2,3,WITHOUT CONCERN,,PASSED,Highly Satisfactory,SDTL-PT-22-020604,HS
2,02-0661-19-GIBS-R,2,SAGUDAY MUNICIPAL HEALTH OFFICE- LABORATORY,"CORNER LUCAS ST. MAGSAYSAY, SAGUDAY, QUIRINO",QUIRINO,9154929024,"NATHANIEL V. VIDAD,MD",rhusaguday21@yahoo.com,rhusaguday21@yahoo.com,5025920,2,5,7,WITHOUT CONCERN,,PASSED,Acceptable,SDTL-PT-22-020605,A
2,02-0081-21-PIBS-R ,2,"SAINT PAUL HOSPITAL OF TUGUEGARAO, INC ","UGAC HI-WAY, TUGUEGARAO CITY, CAGAYAN,UGAC SUR, TUGUEGARAO",CAGAYAN VALLEY,9778397733,"EDUARDO M. BADUA III, MD",spht_laboratory@yahoo.com,spht_laboratory@yahoo.com,5082245,2,0,2,WITHOUT CONCERN,,PASSED,Excellent,SDTL-PT-22-020606,E
2,02-XXXX-XX-XXXX-X,2,SAN MATEO DIAGNOSTIC LABORATORY,"NATIONAL HIGHWAY, BRGY. 3, SAN MATEO,
ISABELA,",ISABELA,9171465417,"NATHANIEL V. VIDAD,MD",sanmateolaboratory@gmail.com,sanmateolaboratory@gmail.com,5022969,2,5,7,WITHOUT CONCERN,,PASSED,Acceptable,SDTL-PT-22-020607,A
3,03-0335-22-PIBS-R,3,ACCUPROF LABORATORY AND DIAGNOSTIC CENTER,"QUIMSON ST. CORNER MABINI ST. (BESIDE PJG HOSPITAL), CABANATUAN CITY",NUEVA ECIJA,09162668096/(044)9601598/09088800125,EMEDITA LANGUIDO REYES,accuprof@gmail.com,accuprof@gmail.com,5070344,2,3,5,WITHOUT CONCERN,,PASSED,Highly Satisfactory,SDTL-PT-22-030608,HS
3,03-0888-22-PIBS-R,3,ANALYTICON LABORATORY ,"OLD WESLEYAN BLDG. MABINI ST. COR. QUIMSON ST. BRGY. QUEZON DISTRICT, CABANATUAN CITY, NUEVA ECIJA",NUEVA ECIJA,(044) 456 9401/09361913802,JUANITA TUCAY LACUESTA,analyticonlab@yahoo.com,analyticonlab@yahoo.com,5072619,1,2,3,WITHOUT CONCERN,,PASSED,Highly Satisfactory,SDTL-PT-22-030609,HS
3,03-XXXX-XX-XXXX-X  ,3,ANGELES MEDICAL CENTER INC.  ,"641 RIZAL ST., LOURDES SUR, ANGELES CITY, PAMPANGA ",PAMPANGA,09435241532/09177907282,IMELDA MARIE FREMIELLE FLORES,flowerax@gmail.com,flowerax@gmail.com,5135013,4,0,4,WITHOUT CONCERN,,PASSED,Highly Satisfactory,SDTL-PT-22-030610,HS
3,03-XXXX-XX-XXXX-X,3,ARELLES HEALTH CARE LABORATORY,"75 IBAYO ST, OMBOY, ABUCAY, BATAAN",BATAAN,09778215781; 09209458564,"GERALDINE M. AGPES, MD, FPSP",gie2rain@yahoo.com,gie2rain@yahoo.com,5008795,0,0,0,WITHOUT CONCERN,,PASSED,Excellent,SDTL-PT-22-030611,E
3,03-0167-19-PFSS-R,3,ATS DRUG TESTING CENTER,"1ST FLOOR, FELNOR BLDG. QUIRINO ST. BRGY. SAN JOSE, BATAAN",BATAAN,2404100;09568493424;09175961134,"LUISITO D. CELESTINO, MD",atsdrugtestingcenter@gmail.com,atsdrugtestingcenter@gmail.com,5008394,3,0,3,WITHOUT CONCERN,,PASSED,Highly Satisfactory,SDTL-PT-22-030612,HS
3,03-0424-20-GIBS-R,3,BATAAN GENERAL HOSPITAL AND MEDICAL CENTER,"MANAHAN ST., TENEJERO, CITY OF BALANGA,
BATAAN",BATAAN,9218196555,"JEFFERSON B. MENDOZA, MD, FPSP",,,5033576,2,3,5,WITHOUT CONCERN,,PASSED,Highly Satisfactory,SDTL-PT-22-030613,HS
3,03-0351-22-PIBS-R,3,BATAAN HEALTH CARE CENTER,"P/GOMEZ ST. BARANGAY POBLACION (BESIDE CHURCH OF CHRIST), BATAAN",BATAAN,09178224219/09176323303/047-9356153,"GABRIEL J. CURZ, MD",jclngalo@gmail.com,jclngalo@gmail.com,5054822,1,5,6,WITHOUT CONCERN,,PASSED,Acceptable,SDTL-PT-22-030614,A
3,03-0706-18-PIBSS-R,3,BATAAN PENINSULA MEDICAL CENTER DRUG TESTING CENTER,"OLD PROVINCIAL ROAD, SAN RAMON, DINALUPIHAN, BATAAN",BATAAN,90995600806,"JANET L. DY, MD",labteamlead@asianhospital.com,labteamlead@asianhospital.com,5010230,2,0,2,WITHOUT CONCERN,,PASSED,Excellent,SDTL-PT-22-030615,E
3,03-0798-21-PIBS-R,3,BATAAN ST. JOSEPH HOSPITAL & MEDICAL CENTER CORP,"DON MANUEL BANZON AVE., DONA
FRANCISCA, BALANGA CITY, BATAAN",BATAAN,09054356652; (047) 2370226 LOC. 112,"GABRIEL J. CRUZ, MD",bsjhlaboratory@yahoo.com,bsjhlaboratory@yahoo.com,5000041,0,5,5,WITHOUT CONCERN,,PASSED,Highly Satisfactory,SDTL-PT-22-030616,HS
3,03-0265-22-PIBS-R,3,BIOCHEM HEALTHCARE SERVICES INC.,"071 2ND FLOOR, MC ARTHUR HWAY, BRGY DAU, MABALACAT, PAMPANGA",PAMPANGA,09154474642/(045)4025809,FLORENCIO CONCENGCO DIZON,info@biochem.ph,info@biochem.ph,5073187,2,2,4,WITHOUT CONCERN,,PASSED,Highly Satisfactory,SDTL-PT-22-030617,HS
3,03-XXXX-XX-XXXX-X,3,BONGABON MEDICAL SERVICES ,#1 MANTILE BONGABON NUEVA ECIJA ,NUEVA ECIJA,9069424881,AMY ROSE E. DE LABAN MD ,BMSlaboratory@yahoo.com ,BMSlaboratory@yahoo.com ,5063748,1,1,2,WITHOUT CONCERN,,PASSED,Excellent,SDTL-PT-22-030618,E
3,03-1474-22-GIBS-R,3,DOH-TREATMENT AND REHABILITATION CENTER BATAAN,"DOH TREATMENT AND REHABILITATION CENTER BATAAN, PILAR, BATAAN",BATAAN,09196542767/09175961134,"LUISITO DE JESUS CELESTINO, MD",laboratory.trcbataan@gmail.com,laboratory.trcbataan@gmail.com,5059234,3,4,7,WITHOUT CONCERN,,PASSED,Acceptable,SDTL-PT-22-030619,A
3,03-0655-21-GIBS-R,3,DR. PAULINO J. GARCIA MEMORIAL RESEARCH AND MEDICAL CENTER,"MABINI ST., QUEZON DISTRICT(POB),
CABANATUAN CITY, NUEVA ECIJA",NUEVA ECIJA,(044) 463 8888; 09178202831,"JOHN DENNIS G. MACAPAGAL, MD",laboratory@drpjgmrmc.dog.gov.ph,laboratory@drpjgmrmc.dog.gov.ph,5010217,2,3,5,WITHOUT CONCERN,,PASSED,Highly Satisfactory,SDTL-PT-22-030620,HS
3,03-0353-21-PIBS-R,3,DR. PURIFICACION REYES-TADEO MEDICAL CLINIC AND LABORATORY,"DELMOKA ST. CORNER BAYUGA ST. POBLACION EAST, NUEVA ECIJA",NUEVA ECIJA,09359224008; (044) 4565896,"MIRIAN D. VITERBO, MD",prtclaboratorydepartment@gmail.com,prtclaboratorydepartment@gmail.com,5006397,3,2,5,WITHOUT CONCERN,,PASSED,Highly Satisfactory,SDTL-PT-22-030621,HS
3,03-0656-21-PFSS-R,3,DRUGCHECK PHIL. INC - OLONGAPO,"#83 14TH CORNER KESSING ST. BRGY NEW KALALAKE, ZAMBALES",ZAMBALES,(047) 304-5093 / 09153842355,"GABRIEL J. CRUZ, MD",olongapo_drugcheck@yahoo.com,olongapo_drugcheck@yahoo.com,5017941,0,0,0,WITHOUT CONCERN,,PASSED,Excellent,SDTL-PT-22-030622,E
3,03-0305-21-GIBS-R,3,FORT MAGSAYSAY ARMY STATION HOSPITAL,"MAGSAYSAY AVENUE, BO. MILITAR (FORT MAGSAYSAY), PALAYAN CITY, NUEVA ECIJA",NUEVA ECIJA,09972476880; 09068891409,"EMEDITA . REYES, MD",fmash_7id@yahoo.com,fmash_7id@yahoo.com,501974,1,0,1,WITHOUT CONCERN,,PASSED,Excellent,SDTL-PT-22-030623,E
3,03-0568-21-PIBS-R,3,GRACE DIAGNOSTIC LABORATORY ,"26 DEL PILAR SL. MAHARLIKA HIGHWAY, NUEVA ECIJA",NUEVA ECIJA,9088639321,"JOHN DENNIS G. MACAPAGAL, MD",mysterylovelots@yahoo.com / gdbacalzo@up.edu.ph,mysterylovelots@yahoo.com / gdbacalzo@up.edu.ph,5063735,0,1,1,WITHOUT CONCERN,,PASSED,Excellent,SDTL-PT-22-030624,E
3,03-0355-21-PIBS-R,3,"GUIMBA GENERAL HOSPITAL, INC.",BAGAIN ST. STA. VERONICA GUIMBA NUEVA ECIJA,NUEVA ECIJA,09174162161; 09175555614,"MARY ANN V. DELA CRUZ, MD",caribeo60204@yahoo.com,caribeo60204@yahoo.com,5013933,3,0,3,WITHOUT CONCERN,,PASSED,Highly Satisfactory,SDTL-PT-22-030625,HS
3,03-XXXX-XX-XXXX-X,3,GUZORELL MEDICAL AND SURGICAL CLINIC,"NAVARRO BLDG., LAKANDULA ST. POBLACION, BATAAN",BATAAN,9565970996,GABRIEL JOCSON CRUZ,quzorellclinic@yahoo.com,quzorellclinic@yahoo.com,5123024,4,0,4,WITHOUT CONCERN,,PASSED,Highly Satisfactory,SDTL-PT-22-030626,HS
3,03-XXXX-XX-XXXX-X,3,HERTZ CLINICAL LABORATORY AND DIAGNOSTICS,"#34 QUEZON ST., BRGY. I, BALER, AURORA",AURORA,09477611299; 09776284600,"OLGA MUNAR-BAUSA, MD, FPSP",hertzlaboratory@yahoo.com.ph,hertzlaboratory@yahoo.com.ph,5007874,0,4,4,WITHOUT CONCERN,,PASSED,Highly Satisfactory,SDTL-PT-22-030627,HS
3,03-1108-22-PIBS-R,3,HI-PRECISION DIAGNOSTIC,"KM114 THE CRESCENT BLDG. MAHARLIKA HWY. BRGY. ZULUETA, ZULUETA STREET, CABANATUAN CITY, NUEVA ECIJA",NUEVA ECIJA,09178333364/940-9404(044),"IRMA GRACE BAL BAUTISTA-CAPINIG, MD",hpcabanatuan.lab@hi-precision.com.ph,hpcabanatuan.lab@hi-precision.com.ph,5058357,0,0,0,WITHOUT CONCERN,,PASSED,Excellent,SDTL-PT-22-030628,E
3,03-XXXX-XX-XXXX-X,3,HI-PRECISION DIAGNOSTICS ,"CDCP TOWER, MAHARLIKA HIGHWAY, BRGY. MALASIN, SAN JOSE CITY, NUEVA ECIJA",NUEVA ECIJA,09189623952/(044)1005 LOC. 791/09178569010,"IRMA GRACE BAL BAUTISTA-CAPINIG, MD",hpsjne.lab@hi-precision.com.ph,hpsjne.lab@hi-precision.com.ph,5058358,0,0,0,WITHOUT CONCERN,,PASSED,Excellent,SDTL-PT-22-030629,E
3,03-1419-22-PIBS-R,3,HOLY TRINITY GENERAL HOSPITAL ,JASA ST. PLAZANG LUMA ARAYAT PAMPANGA ,PAMPANGA ,9424277487,JOSEPHINE L. CHUA ,labhtgh123@gmail.com,labhtgh123@gmail.com,5070426,0,3,3,WITHOUT CONCERN,,PASSED,Highly Satisfactory,SDTL-PT-22-030630,HS
3,03-1311-22-PIBS-R,3,ICAREWELLNESS CLINIC AND DIAGNOSTIC CENTER,3RD FLOOR ROXAS BUILDING BRGY. BALIBAGO ANGELES CITY PAMPANGA,PAMPANGA,9361402582,PIERE GIVENCHY G. LAYSON,icareph2019@gmail.com,icareph2019@gmail.com,5068719,4,0,4,WITHOUT CONCERN,,PASSED,Highly Satisfactory,SDTL-PT-22-030631,HS
3,03-XXXX-XX-XXXX-X,3,ILAYA MEDICAL CLINIC LABORATORY,"LAUREL ST. SAN JOSE, BALANGA CITY, BATAAN",BATAAN,09300818401/0472375225/09178224219,GABRIEL J. CRUZ,ilayaclinic@yahoo.com,ilayaclinic@yahoo.com,5073190,2,0,2,WITHOUT CONCERN,,PASSED,Excellent,SDTL-PT-22-030632,E
3,03-0356-21-PIBS-R,3,INFINITY CARE DIAGNOSTIC ,"0740 NATIONAL RD. ST. FRANCIS 1, BATAAN",BATAAN,9293119195,"LUISITO D. CELESTINO, MD",infinitycarediagnostic@gmail.com,infinitycarediagnostic@gmail.com,5025902,0,1,1,WITHOUT CONCERN,,PASSED,Excellent,SDTL-PT-22-030633,E
3,03-XXXX-XX-XXXX-X,3,JAMES L. GORDON MEMORIAL HOSPITAL,"#1 PERIMETER ROAD, NEW ASINAN, OLONGAPO, ZAMBALES",ZAMBALES,0947802525/(047)6021229 LOC. 159,"ANGELIE ERISTELA ORPILLA, MD",tomi_timi@yahoo.com,tomi_timi@yahoo.com,5052228,2,0,2,WITHOUT CONCERN,,PASSED,Excellent,SDTL-PT-22-030634,E
3,03-0256-21-PIBS-R,3,JESUS AND MARY CLINICAL LABORATORY AND DRUG TEST CENTER,"UNIT 105 MLW COMMERCIAL COMPLEX, SAMPAGUITA ST. BRGY SAN JOSE, BATAAN",BATAAN,9175761134,DR. LUISITO DJ CELESTINO,jesusmarydiagnostic@gmail.com,jesusmarydiagnostic@gmail.com,5047921,2,3,5,WITHOUT CONCERN,,PASSED,Highly Satisfactory,SDTL-PT-22-030635,HS
3,03-XXXX-XX-XXXX-X,3,JETT-NELLE DRUG TESTING LABORATORY ,"3RD FLOOR LANDBANK BLDG. BAYANIHAN GAPAN CITY, NUEVA ECIJA",NUEVA ECIJA,09173294187 / 044-8061147 ,"EMEDITA . REYES, MD",jett_nelle@yahoo.com,jett_nelle@yahoo.com,5063736,1,0,1,WITHOUT CONCERN,,PASSED,Excellent,SDTL-PT-22-030636,E
3,03-XXXX-XX-XXXX-X,3,LAB1 DIAGNOSTIC CENTER,"UNIT 4 2ND FLOOR RM CENTER POINT MAGSAYSAY EAST, ZAMBALES",ZAMBALES,917504119,"GABRIEL J. CRUZ, MD, FPSP",lab1.laboratorydept@gmail.com,lab1.laboratorydept@gmail.com,5033598,2,3,5,WITHOUT CONCERN,,PASSED,Highly Satisfactory,SDTL-PT-22-030637,HS
3,03-1397-21-PIBS-R,3,LACEDA MEDICAL CLINIC,"BLDG 494 REMYFIELD COMPOUND CBD AREA SUBIC BAY FREEPORT ZONE, ZAMBALES",ZAMBALES,09988503496/047250-2380/09178375355,"JOSEPH BLANCO LACEDA, MD",lacedamedical2012@yahoo.com/lacedamedicalclinic2018@gmail.com,lacedamedical2012@yahoo.com/lacedamedicalclinic2018@gmail.com,5052176,1,0,1,WITHOUT CONCERN,,PASSED,Excellent,SDTL-PT-22-030638,E
3,03-1329-21-PIBS-R,3,LN LABORATORY AND DIAGNOSTIC CENTER ,"MC ARTHUR HIGHWAY, SAN MATIAS, STO. TOMAS, PAMPANGA",PAMPANGA ,9190045421,RHODERICK MANGALUS CRUZ,lnlaboratorypampanga@gmail.com,lnlaboratorypampanga@gmail.com,5070040,0,2,2,WITHOUT CONCERN,"ONLINE CHECKING ONLY, PENDING HARD COPY",PASSED,Excellent,SDTL-PT-22-030639,E
3,03-XXXX-XX-XXXX-X,3,MEDHUB LAB DIAGNOSTIC AND MULTI SPECIALTY CLINIC ,ROMAN HIGHWAY PALIHAN CENTRO HERMOSA BATAAN ,BATAAN ,09190730146 / 047-6136805,"RICARDO E. ECLARIN, MD., FPSC, FACP",medhubhermosa@gmail.com,medhubhermosa@gmail.com,5063730,0,6,6,WITHOUT CONCERN,,PASSED,Acceptable,SDTL-PT-22-030640,A
3,03-0674-21-PFSS-R,3,MIKROLAB DIAGNOSTIC LABORATORY AND HEALTH CLINIC,"MABINI EXTENSION, NUEVA ECIJA",NUEVA ECIJA,444647944; 09171866055,"EMEDITA . REYES, MD",mikrolab2021@gmail.com,mikrolab2021@gmail.com,5009034,2,1,3,WITHOUT CONCERN,,PASSED,Highly Satisfactory,SDTL-PT-22-030641,HS
3,03-0853-21-PIBS-R,3,MONTE ZION DIAGNOSTIC AND MEDICAL CENTER CORP.,"UNIT 1-A LOT 4, GREENWOODS PARK, RIZAL AVE. CBD AREA, SUBIC BAY FREEPORT ZONE",ZAMBALES,(047) 3069029; 639209694044,"RONALD C. CABUDOY, MD, FPSP",sales.monteziondiagnostic@gmail.com,sales.monteziondiagnostic@gmail.com,5007941,0,5,5,WITHOUT CONCERN,,PASSED,Highly Satisfactory,SDTL-PT-22-030642,HS
3,03-1616-21-PIBS-R,3,MPM DIAGNOSTIC LABORATORY,"BRGY IBAYO OMBOY ST., BATAAN",BATAAN,9060964258,"GERALDINE M. AGPES, MD, FPSP",maryannpereymilana2003@gmail.com,maryannpereymilana2003@gmail.com,5025906,2,0,2,WITHOUT CONCERN,,PASSED,Excellent,SDTL-PT-22-030643,E
3,03-0166-21-PIBS-R,3,NUEVA ECIJA DOCTORS HOSPITAL INC,"BRGY. H. CONCEPCION MAHARLIKA HIGHWAY CAB. CITY, NUEVA ECIJA",NUEVA ECIJA,(044)9605504; 09175127031; 09178966818,"ROLAN R. DELA ROSA, MD",rrrtambo@yahoo.com,rrrtambo@yahoo.com,5009028,1,5,6,WITHOUT CONCERN,,PASSED,Acceptable,SDTL-PT-22-030644,A
3,03-1613-22-PFSS-I,3,PARIAN DIAGNOSTIC LABORATORY,"ST. DOMINIC SQUARE, 61, MASAGANA ST. STO. DOMINGO, MEXICO, PAMPANGA",PAMPANGA,9977548344,REMEDIOS OCAMPO ONG,pdlstodomingo@yahoo.com,pdlstodomingo@yahoo.com,5070247,0,0,0,WITHOUT CONCERN,,PASSED,Excellent,SDTL-PT-22-030645,E
3,03-0890-22-PIBS-R,3,PROCHECK DIAGNOSTIC CENTER,"CECILIA BERNARDO BUILDING, AGLIPAY ST., RIZAL, NUEVA ECIJA",NUEVA ECIJA,09350581295/0449510285/09312085453,JUANITA TUCAY LACUESTA,procheckdph@gmail.com,procheckdph@gmail.com,5072617,4,3,7,WITHOUT CONCERN,,PASSED,Acceptable,SDTL-PT-22-030646,A
3,03-XXXX-XX-XXXX-X,3,QUALIMED DIAGNOSTIC LABORATORY ,"2ND FLOOR SUS BUILDING PALANGINAN (INFRONT OF PRMMH), ZAMBALES",ZAMBALES ,9396049335,MARIE MICHELLE YU SO ,joeyescobaljr@yahoo.com ,joeyescobaljr@yahoo.com ,5073225,0,4,4,WITHOUT CONCERN,,PASSED,Highly Satisfactory,SDTL-PT-22-030647,HS
3,03-0625-22-PIBS-R,3,RIDON'S ST. JUDE MEDICAL CENTER CORPORATION,"62 18TH ST. CORNER HARRIS ST., EAST BAJAC BAJAC, ZAMBALES",ZAMBALES,09176263278/09322993442/(047)-222-5833 LOC. 102-103,"EMIL BRYAN M. GARCIA, MD",rsjmcclinlab@yahoo.com,rsjmcclinlab@yahoo.com,5053093,1,2,3,WITHOUT CONCERN,,PASSED,Highly Satisfactory,SDTL-PT-22-030648,HS
3,03-XXXX-XX-XXXX-X,3,RONQUILLO POLYCLINIC AND DIAGNOSTIC,"CMC BUILDING, MARCOS DISTRICT, NUEVA ECIJA",NUEVA ECIJA,9989912864,"JUANITA T. LACUESTA, MD, FPSP, MMA-H",ronquillo.polyclinic@gmail.com,ronquillo.polyclinic@gmail.com,5004963,3,4,7,WITHOUT CONCERN,,PASSED,Acceptable,SDTL-PT-22-030649,A
3,03-XXXX-XX-XXXX-X,3,ROSALES MEDICAL CLINIC & LABORATORY,"39-B DON MANUEL AVENUE, KAPITAN PEPE SUBDIVISION, CABANATUAN CITY, NUEVA ECIJA",NUEVA ECIJA,09157094638/(044)958-9923/09088800125,"EMEDITA L. REYES, MD, FPSP",rosaleslaboratory@gmail.com,rosaleslaboratory@gmail.com,5076328,0,0,0,WITHOUT CONCERN,,PASSED,Excellent,SDTL-PT-22-030650,E
3,03-0257-20-PIBS-R,3,SAN ANDRES DIAGNOSTIC CENTER,"OLONDRIZ ST CORNER ROSARIO ST SOUTH POBLACION, ZAMBALES",ZAMBALES,9985479982,"GABRIEL J. CRUZ, MD",andreana_pd@yahoo.com,andreana_pd@yahoo.com,5019018,0,4,4,WITHOUT CONCERN,,PASSED,Highly Satisfactory,SDTL-PT-22-030651,HS
3,03-0918-21-GIBS-R,3,SAN JOSE CITY HEALTH OFFICE DRUG TESTING LABORATORY,"A.O PASCUAL ST, BRGY R. EUGENIO, NUEVA ECIJA",NUEVA ECIJA,9228730404,"GONZALO B. ROMAN JR, MD",drugtestinglab_sic@yahoo.com,drugtestinglab_sic@yahoo.com,5017904,2,0,2,WITHOUT CONCERN,,PASSED,Excellent,SDTL-PT-22-030652,E
3,03-0099-21-PIBS-R,3,SANTA ELENA DIAGNOSTIC CENTER,"BURGOS AVENUE SANGITAN, NUEVA ECIJA",NUEVA ECIJA,044-4633857/ 09436062565,"EMEDITA . REYES, MD",santaelenadc_cc@yahoo.com.ph,santaelenadc_cc@yahoo.com.ph,5018530,2,0,2,WITHOUT CONCERN,,PASSED,Excellent,SDTL-PT-22-030653,E
3,03-0894-21-PIBS-R,3,SCZ MEDICAL CLINIC LABORATORY,"251 NATIONAL ROAD POBLACION SOUTH, ZAMBALES",ZAMBALES,9283386994,"RICARDO E. ECLARIN, MD., FPSC, FACP",251sczmcl@gmail.com,251sczmcl@gmail.com,5008430,2,1,3,WITHOUT CONCERN,,PASSED,Highly Satisfactory,SDTL-PT-22-030654,HS
3,03-0638-22-GIBS-R,3,SUBIC BAY DISPENSARY LABORATORY,"BUILDING 280 DEWEY AVENUE, SUBIC BAY FREEPORT ZONE, OLONGAPO CITY",ZAMBALES,091038555693/09274931003,RICARDO ECLARINO ECLARIN,edith_novicio@yahoo.com.ph,edith_novicio@yahoo.com.ph,5067643,2,0,2,WITHOUT CONCERN,,PASSED,Excellent,SDTL-PT-22-030655,E
3,03-0691-20-PIBS-R,3,SUBIC FAMILY CARE AND DIAGNOSTIC CENTER,"0229 RIZAL ST., BARACA-CAMACHILE, SUBIC, ZAMBALES",ZAMBALES,(047) 232-3810; 09475242460; 09189047921,"RICARDO E. ECLARIN, MD., FPSC, FACP",rizamd_1007@yahoo.com,rizamd_1007@yahoo.com,5009023,1,2,3,WITHOUT CONCERN,,PASSED,Highly Satisfactory,SDTL-PT-22-030656,HS
3,03-0643-22-GIBS-R,3,TARLAC DRUG RECOVERY CLINIC AND DRUG TESTING LABORATORY,"HOSPITAL DRIVE SAN VICENTE TARLAC PROVINCIAL HOSPITAL COMPOUND, TARLAC ",TARLAC,9209814801,"NICK R. FERNANDEZ, MD",tdrcdtl@gmail.com,tdrcdtl@gmail.com,5123030,1,1,2,WITHOUT CONCERN,,PASSED,Excellent,SDTL-PT-22-030657,E
3,03-1348-22-PIBS-R,3,TESTA HEALTH MEDICAL AND DIAGNOSTIC CENTER,"ALEXANDRA BUILDING, TINIO ST. SAN VICENTE, GAPAN CITY, NUEVA ECIJA",NUEVA ECIJA,09328778636/09175746328/09208914646,MARY ANN  VALENTON DELA CRUZ,sheilamarieaglubat@yahoo.com,sheilamarieaglubat@yahoo.com,5067645,2,1,3,WITHOUT CONCERN,,PASSED,Highly Satisfactory,SDTL-PT-22-030658,HS
3,03-1151-19-PFSS-R,3,TRIBOA MEDTECH INC.,"2ND FLOOR TIMES SQUARE BLDG, STA RITA ROAD, SUBIC BAY, ZAMBALES",ZAMBALES,9157033205,"GABRIEL J. CRUZ, MD",triboa_medtech@yahoo.com,triboa_medtech@yahoo.com,5017490,1,2,3,WITHOUT CONCERN,,PASSED,Highly Satisfactory,SDTL-PT-22-030659,HS
3,03-XXXX-XX-XXXX-X,3,"SEÑOR STO. NIÑO HOSPITAL, INC.","1ST FLOOR BUILDING A, BURGOS STREET, POBLACION B, CAMILING, TARLAC",CAMILING,09510185932/(045) 493-3004/09178163813,"BU CUBE CASTRO, MD, FPSP",ssnhilabdept@gmail.com,ssnhilabdept@gmail.com,5105662,1,3,4,WITHOUT CONCERN,,PASSED,Highly Satisfactory,SDTL-PT-22-030660,HS
3,03-XXXX-XX-XXXX-X,3,MYLES DIAGNOSTIC LABORATORY,"DOH MARIANO MARCOS ( CITIZENS BANK BUILDING), JAEN, NUEVA ECIJA",JAEN,0917-8722689/044-3337047/09275152017,"MARY ANN VALENTON DELA CRUZ, MD, MHA, FPSP",mylesdylab@gmail.com,mylesdylab@gmail.com,5105660,2,0,2,WITHOUT CONCERN,,PASSED,Excellent,SDTL-PT-22-030661,E
3,03-0096-21-PIBS-R,3,MA. TRINITY LABORATORY & X-RAY DIAGNOSTIC CENTER,"NATIONAL ROAD PALTAO (IN FRONT OF BANK OF FLORIDA), PULILAN, BULACAN",PULILAN,(044) 676-1068 / 09332517549,"REYNALDO G. TORRES, MD",ma.trinitydiagnostics@yahoo.com,ma.trinitydiagnostics@yahoo.com,5003962,0,5,5,WITHOUT CONCERN,,PASSED,Highly Satisfactory,SDTL-PT-22-030662,HS
3,03-009721-PIBS-R,3,MA. TRINITY LABORATORY & X-RAY DIAGNOSTIC,UNIT 5 #42 TWINS PLAZA BLDG MC.ARTHUR HIGHWAY BULIHAN,MALOLOS,044-7955792,"REYNALDO G. TORRES, MD",ma.trinitydiagnosticsmalolos@gmail.com,ma.trinitydiagnosticsmalolos@gmail.com,5003961,1,4,5,WITHOUT CONCERN,,PASSED,Highly Satisfactory,SDTL-PT-22-030663,HS
3,03-0249-21-PFSS-R,3,ACE DIAGNOSTIC CENTER,"2ND FLR. CHRACY TOP BLDG EL CAMINO RD.  STO. NINO, MEYCAUAYAN, BULACAN",Meycauayan , 044 - 3234181  / 09255435393 ,"SUSANA P. QUIAOIT, MD, FPSP",acediagnosticcenter@gmail.com,acediagnosticcenter@gmail.com,5029406,2,0,2,WITHOUT CONCERN,,PASSED,Excellent,SDTL-PT-22-030664,E
3,03-XXXX-XX-XXXX-X,3,CAPAS HEALTHCARE DIAGNOSTIC LABORATORY-CAPAS TARLAC,"#79 M.H DEL PILAR ST., BRGY. STO. ROSARIO, CAPAS, TARLAC",CAPAS,9286716355,"NICK R. FERNANDEZ, MD",capashealthcarelaboratory@gmail.com,capashealthcarelaboratory@gmail.com,5137936,1,2,3,WITHOUT CONCERN,,PASSED,Highly Satisfactory,SDTL-PT-22-030665,HS
3,03-0268-22-PIBS-R,3,HEALTHCORE DIAGNOSTIC CENTER,ST. JUDE VILLAGE BRGY. ALFONSO CONCEPCION TARLAC,CONCEPCION,091/87862802,"NICK R. FERNANDEZ, MD",healthcorediagnostic@yahoo.com,healthcorediagnostic@yahoo.com,5137937,1,1,2,WITHOUT CONCERN,,PASSED,Excellent,SDTL-PT-22-030666,E
1,01-112-21-PIBS-R,1,WESLEYAN UNIVERSITY PHILIPPINES- HOSPITAL,TANDANG SORA ST. MABINI EXT. (LABORATORY DEPT. GROUND FLOOR),NUEVA ECIJA,0951-953-9848/ (044) 940-9859 LOC. 110,"GONZALO B. ROMAN MD, FPSP",wesleyanhospital.bb@gmail.com,wesleyanhospital.bb@gmail.com,5138248,0,5,5,WITHOUT CONCERN,,PASSED,Highly Satisfactory,SDTL-PT-22-010667,HS
4,4A-0697-20-PFSS-R,4A,ABM LABORATORY AND DRUG TEST ,"1ST FLOOR ARC PLACE BLDG. 2 SUMULONG DOLORES, RIZAL",RIZAL,9983254083,"JOHANNA RUBY GASCON, MD",donabelmanalo@gmail.com ,donabelmanalo@gmail.com ,5005897,2,0,2,WITHOUT CONCERN,,PASSED,Excellent,SDTL-PT-22-4A0668,E
4,4A-1267-21-PIBS-R,4A,ABR MULTISPECIALTY CLINIC DIAGNOSTIC AND PHARMACY,"TAVERA ST., TAVERA(POB.), PAKIL, LAGUNA",LAGUNA,0495572679; 09228353867; 09435930254,"RAYMUNDO C. SUPEÑA, MD",analizaromeo@yahoo.com,analizaromeo@yahoo.com,5012415,2,5,7,WITHOUT CONCERN,,PASSED,Acceptable,SDTL-PT-22-4A0669,A
4,4A-0548-21-PIBS-R,4A,ACCUCELL DIAGNOSTIC CENTER,"SEN. LORENZO SUMULONG, MEMORIAL CIRCLE, SAN ROQUE, RIZAL",RIZAL,0286976876; 09275329559,"ROMIL M. AGUIRRE, MD",accucell08laboffice@gmail.com,accucell08laboffice@gmail.com,5006742,2,2,4,WITHOUT CONCERN,,PASSED,Highly Satisfactory,SDTL-PT-22-4A0670,HS
4,4A-0547-21-PIBS-R,4A,ACCUCELL DIAGNOSTIC CENTER,"ROOM 219-221 FEMAR BLDG., M.L. QUEZON STREET, SAN ROQUE, RIZAL",RIZAL,0286976876; 09275329559,"ROMIL M. AGUIRRE, MD",accucelldiagnosticcenter@yahoo.com.ph,accucelldiagnosticcenter@yahoo.com.ph,5006740,0,4,4,WITHOUT CONCERN,,PASSED,Highly Satisfactory,SDTL-PT-22-4A0671,HS
4,4A-1052-21-PFSS-R,4A,ACCUPROBE DRUG TESTING CENTER,"UNIT 2D 2/F AGUIRRE BLDG. 19 GARCIA ST., BRGY. NUEVA, LAGUNA",LAGUNA,0286889960/09199131604,"JAIME A. BARRON, MD",accuprobedtc@gmail.com,accuprobedtc@gmail.com,5007549,0,3,3,WITHOUT CONCERN,,PASSED,Highly Satisfactory,SDTL-PT-22-4A0672,HS
4,4A-0897-21-PIBS-R,4A,ACCUREMED DIAGNOSTIC CLINIC AND LABORATORY,"BLOCK 34 LOT 12, NARRA I, SILANG, CAVITE",CAVITE,09424589574; 04643339980; 09228098868,"AZEUS O. SILVA, MD, FPSP",accuremeddiagnostic@gmail.com,accuremeddiagnostic@gmail.com,5017364,2,1,3,WITHOUT CONCERN,,PASSED,Highly Satisfactory,SDTL-PT-22-4A0673,HS
4,4A-0260-21-PIBS-R,4A,ADMC PHARMACY AND DIAGNOSTIC CORPORATION,"J. DE LEON ST., PAGSAWITAN, STA. CRUZ, LAGUNA",LAGUNA,0495011560; 09196295409,"IMELDA MARIE FREMIELLE , PALACOL, MD",admc_97@yahoo.com,admc_97@yahoo.com,5008419,2,3,5,WITHOUT CONCERN,,PASSED,Highly Satisfactory,SDTL-PT-22-4A0674,HS
4,4A-0356-22-PIBS-R,4A,ADRAMEDIX MEDICAL AND DIAGNOSTIC CENTER,"F.T. CATAPUSAN ST. BRGY. PLAZA ALDEA, TANAY, RIZAL",RIZAL,09557324827/09299818358,"ANNA LIZA T. LIM, MD",adramedixclinic@gmail.com,adramedixclinic@gmail.com,5071561,2,0,2,WITHOUT CONCERN,,PASSED,Excellent,SDTL-PT-22-4A0675,E
4,4A-0800-21-PFSS-R,4A,ADSL DRUG SCREENING LABORATORY AND MEDICAL CLINIC,"2ND FLOOR JLL BUILDING BRGY. PAG-ASA, BINANGONAN, RIZAL",RIZAL,09267356956/,"ARNULFO ATANACIO VALLE, MD",adsl2017@yahoo.com,adsl2017@yahoo.com,5071701,4,1,5,WITHOUT CONCERN,,PASSED,Highly Satisfactory,SDTL-PT-22-4A0676,HS
4,4A-0499-19-PIBS-R,4A,ADVENTHEALTH MEDICAL AND DIAGNOSTIC CLINIC,"2ND FLOOR DON ONOFRE BUILDING II SALA NATIONAL HIGHWAY CABUYAO, LAGUNA",LAGUNA,9758809661,"ROGELDA G. BONGAT, MD",adventhealth.mdc@gmail.com,adventhealth.mdc@gmail.com,5027878,0,4,4,WITHOUT CONCERN,,PASSED,Highly Satisfactory,SDTL-PT-22-4A0677,HS
4,4A-0832-19-PFSS-R,4A,AIZA ROSE DRUG SCREENING LABORATORY,"2ND FLOOR MARCA'S BLDG. BRGY VILLA NAVA, QUEZON",QUEZON,9154216928,"MARIA LUISA ROSPI R. CRUZ, MD",aizarose_dsl@yahoo.com,aizarose_dsl@yahoo.com,5025921,1,2,3,WITHOUT CONCERN,"ONLINE CHECKING ONLY, PENDING HARD COPY",PASSED,Highly Satisfactory,SDTL-PT-22-4A0678,HS
4,4A-0695-20-PIBS-R,4A,ALANA'S CARE LABORATORIES AND DIAGNOSTIC CENTER INC.,"2ND FLOOR PABO REAL BLDG., BRGY GOV. FERRER, CAVITE",CAVITE,09333584887; 09228399,"MARICEL R. RIBO, MD, FPSP","maricelregino_ribo74@yahoo.co,","maricelregino_ribo74@yahoo.co,",5015926,2,2,4,WITHOUT CONCERN,,PASSED,Highly Satisfactory,SDTL-PT-22-4A0679,HS
4,4A-1026-21-PIBS-R,4A,AMRAH DIAGNOSTIC CENTER ,382 JP CORONADO ST. POBLACION I NAGCARLAN LAGUNA,LAGUNA,9171576487,"SILVA,AZEUS OBA",amrahdc@yahoo.com,amrahdc@yahoo.com,5051764,2,2,4,WITHOUT CONCERN,,PASSED,Highly Satisfactory,SDTL-PT-22-4A0680,HS
4,4A-0194-21-PIBS-R,4A,AN ARCHY CLINICAL LABORATORY,"NARRA AVENUE BRGY. NARRA, LAGUNA",LAGUNA,8869-8163/09691414231,"VENERACION P. MUNAR, MD",anarchylab05@yahoo.com,anarchylab05@yahoo.com,5010510,2,2,4,WITHOUT CONCERN,,PASSED,Highly Satisfactory,SDTL-PT-22-4A0681,HS
4,4A-XXXX-XX-XXXX-X,4A,AO LINK MEDICAL AND DIAGNOSTIC CENTER,"UNIT #7 ROMANVILLE COMMERCIAL BUILDING, SAN FERNANDO, MALVAR, BATANGAS",BATANGAS,09173234402/(043)403 6786,AZEUS OBA SILVA,aolinkmdc@gmail.com,aolinkmdc@gmail.com,5069783,0,1,1,WITHOUT CONCERN,,PASSED,Excellent,SDTL-PT-22-4A0682,E
4,4A-0290-20-PFSS-R,4A,ARC DRUG SCREENING LABORATORY,"UNIT 20/41A STA. ROSA COMPLEX BRGY. BALIBAGO, LAGUNA",LAGUNA,9088182425,"JENNIFER TORRES, MD",arcdrugscreening@gmail.com,arcdrugscreening@gmail.com,5008976,1,1,2,WITHOUT CONCERN,"ONLINE CHECKING ONLY, PENDING HARD COPY",PASSED,Excellent,SDTL-PT-22-4A0683,E
4,4A-0921-21-GIBS-R,4A,ARESCOM INFIRMARY CAMP RIEGO DE DIOS,"ARESCOM MEDICAL DISPENSARY, CAMP RIEGO DE DIOS, PARADAHAN I, CAVITE",CAVITE,09665374693; 0916187517940,"LINDA E. OROPESA, MD",arescom_medicaldispensary@yahoo.com,arescom_medicaldispensary@yahoo.com,5508082,1,2,3,WITHOUT CONCERN,,PASSED,Highly Satisfactory,SDTL-PT-22-4A0684,HS
4, 4A-1055-21-PFSS-R,4A,ASHER DRUG TESTING LABORATORY,"117 M.L QUEZON ST. SAN ROQUE ANTIPOLO CITY, RIZAL",RIZAL,09205864072; 82512221,"FREDERICK R. LLANERA, MD",asher_drugtest@yahoo.com,asher_drugtest@yahoo.com,5007853,2,2,4,WITHOUT CONCERN,,PASSED,Highly Satisfactory,SDTL-PT-22-4A0685,HS
4,4A-0262-21-PFSS-R,4A,ASJ MEDICAL & DIAGNOSTIC CLINIC,"2/F CENTENNIAL BLDG, BRGY. PULO, LAGUNA",Laguna,(049)5447323; 09325942844,"EXALTACION A. CARINGAL, MD",asjmd_clinic@yahoo.com,asjmd_clinic@yahoo.com,5008099,2,0,2,WITHOUT CONCERN,,PASSED,Excellent,SDTL-PT-22-4A0686,E
4,4A-1577-22-PIBS-R,4A,ASSUMPTION SPECIALTY HOSPITAL AND MEDICAL CENTER INC. ,"SUMULONG HIGHWAY BRGY DELA PAZ (BESIDE SEA OIL GAS STATION), RIZAL",RIZAL,09176252958/8248-5500 LOC 119,"PACIS-MUNAR,VENERACION",dtlab.ashmc@gmail.com,dtlab.ashmc@gmail.com,5054741,1,5,6,WITHOUT CONCERN,,PASSED,Acceptable,SDTL-PT-22-4A0687,A
4,4A-1155-22-PIBS-R,4A,AVALON DIAGNOSTIC CENTER,"B3 L20 CAMIA ST., VENICE HOMES SUBD., BRGY. SAN ANDRES, CAINTA, RIZAL",RIZAL,09293174162/8656-0887/09179406918,ALEXANDER BUGARIN DIAZ,avalondiagnosticcenter12@gmail.com,avalondiagnosticcenter12@gmail.com,5073188,0,0,0,WITHOUT CONCERN,,PASSED,Excellent,SDTL-PT-22-4A0688,E
4,4A-0444-21-PIBS-R,4A,AVENTUS CLINIC MEDICAL CARE INC,2/F CARVAJAL BUILDING 2 NATIONAL HIGHWAY BALIBAGO STA. ROSA LAGUNA,LAGUNA,9267460717,"ARTURO C. LOPEZ, MD",Laboratory.StaRosa@aventusmedical.com.ph,Laboratory.StaRosa@aventusmedical.com.ph,5018980,0,0,0,WITHOUT CONCERN,,PASSED,Excellent,SDTL-PT-22-4A0689,E
4,4A-1684-21-PIBS-R,4A,AVENTUS MEDICAL CARE INC. CALAMBA BRANCH,MARCHI SQ. NATIONAL HIGH WAY PACIANO RIZAL,LAGUNA,09661491110; 0495081806,"ARTURO C. LOPEZ, MD",laboratory.calamba@aventusmedical.com.ph,laboratory.calamba@aventusmedical.com.ph,5020954,0,4,4,WITHOUT CONCERN,,PASSED,Highly Satisfactory,SDTL-PT-22-4A0690,HS
4,4A-0753-21-PFSS-R,4A,BALAYAN MEDICAL CLINIC LABORTORY SERVICES & DRUG TESTING CENTER,"TOLENTINO BLVD., BRGY 10, BATANGAS",BATANGAS,9758505873; 09176204143,"MEMARABEL P. MARTINEZ, MD",balayanlab_dtc@yahoo.com,balayanlab_dtc@yahoo.com,5009026,0,0,0,WITHOUT CONCERN,,PASSED,Excellent,SDTL-PT-22-4A0691,E
4,4A-0596-21-PIBS-R,4A,BALIBAGO POLYCLINIC AND HOSPITAL DRUG TESTING LABORATORY,"PROVINCIAL ROAD, BALIBAGO, LAGUNA",LAGUNA,495341591,"AMELIA CO- FIBRA, MD, FPSP",bphsrl1996@gmail.com,bphsrl1996@gmail.com,5048008,2,1,3,WITHOUT CONCERN,,PASSED,Highly Satisfactory,SDTL-PT-22-4A0692,HS
4,4A-0195-21-PFSS-R,4A,BATANGAS CLINICAL LABORATORY,"32 RAMOS BLDG. D. SILANG ST. BRGY 19, BATANGAS",BATANGAS,09175716785; (043) 7222362; 09189228133,"CELSO S. RAMOS, MD, FPSP",bats_clinical lab@yahoo.com,bats_clinical lab@yahoo.com,5009872,4,0,4,WITHOUT CONCERN,,PASSED,Highly Satisfactory,SDTL-PT-22-4A0693,HS
4,4A-1618-22-PIBS-I,4A,BATANGAS HEALTHCARE SPECIALISTS' MEDICAL CENTER DRUG TESTING LABORATORY,"LABORATORY DEPARTMENT BATANGAS HEALTHCARE SPECIALISTS MEDICAL CENTER DIVERSION ROAD ALANGILAN, BATANGAS CITY",BATANGAS,09167674575/(043) 741-1888,"FRANK GERALD CATANGAY PAGDUNZULAN, MD, DPSP",drugtestlab.bhsmc@gmail.com,drugtestlab.bhsmc@gmail.com,5101855,0,0,0,WITHOUT CONCERN,,PASSED,Excellent,SDTL-PT-22-4A0694,E
4,4A-1315-21-GIBS-R,4A,BATANGAS MEDICAL CENTER DRUG TESTING LABORATORY,ROOM 20 2ND FLOOR OPD BUILDING BIHI ROAD CAPITOL IE KUMINTANG IBABA,BATANGAS,09066348653; 0437408307 LOC. 1048,"FRANK GERALD C. PAGDUNZULAN, MD",batmc_dtl@yahoo.com,batmc_dtl@yahoo.com,5013150,4,4,8,WITHOUT CONCERN,,PASSED,Acceptable,SDTL-PT-22-4A0695,A
4,4A-0169-21-PIBS-R,4A,BCA MEDICAL DISTRIBUTION AND DIAGNOSTIC CENTER,"3525 GENERAL MALVAR AVE, BRGY POB. 2, BATANGAS",BATANGAS,9431392368,"DEXTER A. LEDESMA, MD",bcamedclinic@gmail.com,bcamedclinic@gmail.com,5020035,1,5,6,WITHOUT CONCERN,,PASSED,Acceptable,SDTL-PT-22-4A0696,A
4,4A-0830-20-PIBS-R,4A,BINAKAYAN HOSPITAL AND MEDICAL CENTER INC.,"175 COVELANDRIA RD. BRGY. BALSAHAN-BISITA BINAKAYAN KAWIT, CAVITE",CAVITE,9565232584,"NEILA D. CEJUDO, MD",bhmclaboratory@gamail.com,bhmclaboratory@gamail.com,5030755,1,2,3,WITHOUT CONCERN,,PASSED,Highly Satisfactory,SDTL-PT-22-4A0697,HS
4,4A-0196-21-PIBS-R,4A,BINANGONAN LAKEVIEW HOSPITAL INC.,"KM 31 MANILA EAST ROAD,TAGPOS, RIZAL",Rizal,09175311633; 8570-0791;09190016138,"ANAROSE C. ALVARADO, MD",blhlab.dtl@yahoo.com,blhlab.dtl@yahoo.com,5006670,3,5,8,WITHOUT CONCERN,,PASSED,Acceptable,SDTL-PT-22-4A0698,A
4,4A-0363-21-PIBS-R,4A,BIO-AID DIAGNOSTIC CENTER,"2/F-LABORATORY DEPT., FABELLA-NARCISO MEDICAL AND MATERNITY CLINIC AND INFIRMARY, BLOCK 1 LOT 4, FATIMA 1, DBB, CAVITE",CAVITE,(046)851-0703/09209389775,"CHARLENE G. FABELLA-NARCISO, MD",bioaid.ccnhealthcare@gmail.com,bioaid.ccnhealthcare@gmail.com,5010784,3,1,4,WITHOUT CONCERN,,PASSED,Highly Satisfactory,SDTL-PT-22-4A0699,HS
4,4A-0475-21-PIBS-R,4A,BIOHEALTH MEDICAL CLINIC AND DIAGNOSTIC CORP,"248 GENERAL TRIAS DRIVE, CAVITE",CAVITE,(046)432-3288,"FLORECITA LUDIVINA T. SOLIS, MD, FPSP",biohealth.laboratory@gmail.com,biohealth.laboratory@gmail.com,5006973,2,2,4,WITHOUT CONCERN,,PASSED,Highly Satisfactory,SDTL-PT-22-4A0700,HS
4,4A-1173-22-PFSS-R,4A,BIOSECURE MEDICAL AND DIAGNOSTIC CENTER,"JP LAUREL HIGHWAY BUGTONG NA PULO, BATANGAS",BATANGAS,9228098868,"AZEUS O. SILVA, MD, FPSP",biosecure.center@gmail.com,biosecure.center@gmail.com,5046413,2,1,3,WITHOUT CONCERN,,PASSED,Highly Satisfactory,SDTL-PT-22-4A0701,HS
4,4A-1499-21-PIBS-R,4A,BIOTEKNIQUE DIAGNOSTIC LABORATORY CORP.,"2/F ATDRMAM BLDG., J.P. LAUREL HIGHWAY, MATAAS NA LUPA, LIPA CITY, BATANGAS",BATANGAS,09057603464; (043) 7561622; 09258518193,"JENNY LAUREEN ATUN, MD",05.biotek@gmail.com,05.biotek@gmail.com,5009900,4,2,6,WITHOUT CONCERN,,PASSED,Acceptable,SDTL-PT-22-4A0702,A
4,4A-XXXX-XX-XXXX-X,4A,BLESCES DIAGNOSTIC LABORATORY - CANDELARIA QUEZON,RMM BLDG POBLACION CANDELARIA QUEZON,QUEZON,9270288830,"SILVA,AZEUS OBA",blesceslabcandelaria@yahoo.com,blesceslabcandelaria@yahoo.com,5051761,1,5,6,WITHOUT CONCERN,,PASSED,Acceptable,SDTL-PT-22-4A0703,A
4,4A-XXXX-XX-XXXX-X,4A,BLESCES DIAGNOSTIC LABORATORY - SAN PABLO LAGUNA,"A. MABINI ST. BRGY V-B, LAGUNA",LAGUNA,9270288830,"SILVA,AZEUS OBA",blescesdiagnosticlab@yahoo.com.ph,blescesdiagnosticlab@yahoo.com.ph,5051762,2,2,4,WITHOUT CONCERN,,PASSED,Highly Satisfactory,SDTL-PT-22-4A0704,HS
4,4A-1722-21-PIBS-I,4A,BLESSED DIAGNOSTIC LABORATORY,"#20 L. MALABANAN ST. POBLACION 3, LAUREL, BATANGAS",BATANGAS,09495026300/09778152378,HERBERT Z. MANAOIS,blesseddiagnosticlaboratory@gmail.com,blesseddiagnosticlaboratory@gmail.com,5069152,0,2,2,WITHOUT CONCERN,,PASSED,Excellent,SDTL-PT-22-4A0705,E
4,4A-0301-22-PFSS-R,4A,BLOODCARE MEDICAL LABORATORY,"2ND FLOOR CONISTRA BLDG. CORNER MONTANIA VILLAGE A. MABINI ST. BURGOS, RODRIGUEZ, RIZAL",RIZAL,0920-5584387/02-8997-2265/09218196555,"JEFFERSON B. MENDOZA, MD, FPSP",bloodcare_lab@yahoo.com,bloodcare_lab@yahoo.com,5054970,2,0,2,WITHOUT CONCERN,,PASSED,Excellent,SDTL-PT-22-4A0706,E
4,4A-XXXX-XX-XXXX-X,4A,C.P REYES SATELLITE CLINIC,"BARANGAY SANTIAGO, MALVAR BATANGAS",BATANGAS,9224198820,"CELSO S. RAMOS, MD, FPSP",tmcidti@yahoo.com,tmcidti@yahoo.com,5008038,2,4,6,WITHOUT CONCERN,,PASSED,Acceptable,SDTL-PT-22-4A0707,A
4,4A-0928-21-PIBS-R,4A,CABUYAO MEDICAL CLINIC & PHARMACY,"#83 LIMCAOCO SUBD. BRGY. TRES, LAGUNA",LAGUNA,(049) 531-0192 / 09325640648,"ROGEDA G. BONGAT, MD",cabuyao_medicallab@yahoo.com,cabuyao_medicallab@yahoo.com,5015566,1,4,5,WITHOUT CONCERN,,PASSED,Highly Satisfactory,SDTL-PT-22-4A0708,HS
4,4A-1198-21-PIBS-R,4A,CALAMBA DOCTORS HOSPITAL,"KM. 48, NATIONAL HIGHWAY, PARIAN, CALAMBA CITY, LAGUNA",LAGUNA,09159240992; (049) 5457371,"MARY ANN O. CABRERA, MD",amsi.cdhlaboratory@gmail.com,amsi.cdhlaboratory@gmail.com,5011688,1,5,6,WITHOUT CONCERN,,PASSED,Acceptable,SDTL-PT-22-4A0709,A
4,4A-1113-21-PIBS-R,4A,CALAMBA MEDICAL CENTER,"LABORATORY DEPARTMENT, TOWER 2 CALAMBA MEDICAL CENTER, CROSSING BRGY. REAL",LAGUNA,09950258645; 09163035406,"JENNIFER B. TORRES, MD, DFSP",laboratory@anc.ph,laboratory@anc.ph,5012470,2,3,5,WITHOUT CONCERN,,PASSED,Highly Satisfactory,SDTL-PT-22-4A0710,HS
4,4A-1163-19-GIBS-R,4A,CAVITE NAVAL HOSPITAL DRUG TESTING LABORATORY,"PASCUAL LEDESMA NAVAL STATION FORT SAN FELIPE, CAVITE",CAVITE,09194974420; 0464321921; 09178482980,"WILFREDO F. SEVILLA, MD",cnhlab.dt@yahoo.com,cnhlab.dt@yahoo.com,5015392,2,3,5,WITHOUT CONCERN,,PASSED,Highly Satisfactory,SDTL-PT-22-4A0711,HS
4,4A-0549-21-PIBS-R,4A,CENTER FOR HEALTH SERVICES (CHSI). INC.,"BLOCK 31A LOT 4C BROOKESIDE LANE BRGY SAN FRANCISCO, CAVITE",CAVITE,0917-701-4427; 0464122767,"CARL CHERSTER FLOYD L. GO, MD",chsiclinic.cavite@gmail.com,chsiclinic.cavite@gmail.com,5017419,2,2,4,WITHOUT CONCERN,,PASSED,Highly Satisfactory,SDTL-PT-22-4A0712,HS
4,4A-1615-22-PFSS-I,4A,CENTRALMED MULTI SPECIALTY AND HEALTH SERVICES,"IBC BLDG. GROUND FLR., KDON P. CAMPOS AVENUE, BRGY. ZONE 4, DASMARINAS CITY",CAVITE,0912-9100-739/(046)416-6844/0933-819-0128,"FLORECITA LUDIVINA T. SOLIS, MD",centralmeddasma@gmail.com,centralmeddasma@gmail.com,5078088,2,0,2,WITHOUT CONCERN,,PASSED,Excellent,SDTL-PT-22-4A0713,E
4,4A-0476-21-PIBS-R,4A,CHEDRICK LABORATORY AND DIAGNOSTIC CENTER,"F. MANGOBOS ST., BRGY. I (POB.), BAUAN, BATANGAS",BATANGAS,043-4035686; 09177739240; 09171090942,"MARITES TERESITA M. TORIO, MD",chedricklaboratory@yahoo.com,chedricklaboratory@yahoo.com,5008975,2,0,2,WITHOUT CONCERN,,PASSED,Excellent,SDTL-PT-22-4A0714,E
4,4A-0898-21-PIBS-R,4A,"CHERONZELLE DIAGNOSTIC LABORATORY, X-RAY AND MEDICAL CLINIC","290 (2ND FLOOR) SAN VICENTE STREET, BRGY NUEVA, LAGUNA",LAGUNA,8-808-6970 / 09176022073,"GODOFREDO B. MAREA, MD",cheronzelle_medicalclinic@yahoo.com,cheronzelle_medicalclinic@yahoo.com,5033599,4,0,4,WITHOUT CONCERN,,PASSED,Highly Satisfactory,SDTL-PT-22-4A0715,HS
4,4A-1059-21-PFSS-R,4A,CITI_CARE ULTRASOUND SERVICES AND DIAGNOSTIC CENTER,"DR J.SALUD ST.MAGDIWANG NOVELETA, CAVITE",CAVITE,09155342031; (046) 4762516; 09155342031,"LUDIVINA T. SOLIS, MD, FPSP",tinrmt@yahoo.com.ph,tinrmt@yahoo.com.ph,5010228,2,0,2,WITHOUT CONCERN,,PASSED,Excellent,SDTL-PT-22-4A0716,E
4,4A-1058-21-PIBS-R,4A,CITI_CARE ULTRASOUND SERVICES AND DIAGNOSTIC CENTER,"1012 NATIONAL ROAD, BANTAYAN-TRAMO, BINAKAYAN, KAWIT CAVITE",CAVITE,(46) 481-7112,"FLORECITA LUDIVINA T. SOLIS, MD, FPSP",,,5010226,2,1,3,WITHOUT CONCERN,,PASSED,Highly Satisfactory,SDTL-PT-22-4A0717,HS
4,4A-1525-22-PIBS-R,4A,CLINICA ANTIPOLO HOSPITAL AND WELLNESS CENTER INC,"NINOY AQUINO, BRGY DELA PAZ ANTIPOLO CITY, RIZAL",RIZAL,9269849422,"NOEL C. SANTOS,MD",cahwci.laboratory@gmail.com,cahwci.laboratory@gmail.com,5041291,2,1,3,WITHOUT CONCERN,,PASSED,Highly Satisfactory,SDTL-PT-22-4A0718,HS
4,4A-1702-20-PFSS-I,4A,COSTA MEDICA HEALTHCARE AND DIAGNOSTIC CENTER,"LOT 1 BLK 2 REMIGIO BUILDING COSTA VERD,",CAVITE,046-454-3467; 09175914511,"DEXTER A. LEDESMA, MD",costamedica@yahoo.com,costamedica@yahoo.com,5008429,2,5,7,WITHOUT CONCERN,,PASSED,Acceptable,SDTL-PT-22-4A0719,A
4,4A-0198-21-PIBS-R,4A,CROSS DRUG TESTING CENTER,"2ND FLOOR CRDM BLDG. CONGRESSIONAL RD. BRGY. GAVINO MADERAN, CAVITE",Cavite,(046) 840-2061; 09667002802;09178866591,"ANNA LIZA L. LEGACION, MD",crossdrugtesting@yahoo.com,crossdrugtesting@yahoo.com,5009025,2,5,7,WITHOUT CONCERN,,PASSED,Acceptable,SDTL-PT-22-4A0720,A
4,4A-0466-22-PIBS-R,4A,CURIS LABORATORY AND DIAGNOSTIC CENTER,"HINCIA BLDG. P. CANLAPAN ST. COR APACUBLE ST. BATANGAS CITY, BATANGAS",BATANGAS,0967770-9932/09503623822/(043)4034386,MARITESS TERESITA MENDOZA TORIO,curisldc@gmail.com,curisldc@gmail.com,5067642,0,3,3,WITHOUT CONCERN,,PASSED,Highly Satisfactory,SDTL-PT-22-4A0721,HS
4,4A-1398-20-PIBS-R,4A,CYGNETMED HEALTH SYSTEM,"HS BERON TRI-CENTER ,NATIONAL HIGHWAY TAGAPO, LAGUNA",LAGUNA,(049)3023017/09328512134,"FREDERICK R. LLANERA, MD",dtl_chs@cygnetmed.com/admin_chs@cygnetmed.com,dtl_chs@cygnetmed.com/admin_chs@cygnetmed.com,5008155,2,0,2,WITHOUT CONCERN,,PASSED,Excellent,SDTL-PT-22-4A0722,E
4,4A-0171-21-PIBS-R,4A,DANIEL O. MERCADO MEDICAL CENTER,"NO.1 PRES. LAUREL HIGHWAY, CITY OF TANAUAN, BATANGAS",BATANGAS,9668369338,"ROZANI O. NAVARRO, MD",dmmcdtl.2021@gmailcom,dmmcdtl.2021@gmailcom,5031194,0,0,0,WITHOUT CONCERN,,PASSED,Excellent,SDTL-PT-22-4A0723,E
4,4A-1228-21-PFSS-N,4A,DASMAMEDICA DRUG TESTING,"#50 DON PLACIDO CAMPOS AVE. COR . J. RAMIREZ ZONE 1, CAVITE",CAVITE,9338130522,"LUIS P. CRUZ, MD",dasmamedica2019@gmail.com,dasmamedica2019@gmail.com,5007935,2,2,4,WITHOUT CONCERN,,PASSED,Highly Satisfactory,SDTL-PT-22-4A0724,HS
4,4A-1030-21-PIBS-R,4A,DASMARIÑAS CITY MEDICAL CENTER,2ND FLR LABORATORY DEPT DASMARIÑAS CITY MEDICAL CENTER BRGY SALAWAG,CAVITE,483-9000 LOC 9046; 09158897190,"JOANNE R. PASCUAL, MD",dcmcsgd@yahoo.com,dcmcsgd@yahoo.com,5008969,1,5,6,WITHOUT CONCERN,,PASSED,Acceptable,SDTL-PT-22-4A0725,A
4,4A-1304-21-PIBS-R,4A,DCEPS MEDICAL SERVICES CO.,"A. SORIANO HI-WAY, AMAYA I, TANZA, CAVITE",CAVITE,09951596849/(046)5307635,DOREEN LABAYANDOY,dceps.medical.services@gmail.com,dceps.medical.services@gmail.com,5071684,2,4,6,WITHOUT CONCERN,,PASSED,Acceptable,SDTL-PT-22-4A0726,A
4,4A-0930-21-PFSS-R,4A,"DCLC HEALTHCARE DIAGNOSTICS, INC.","TRC PLACE, SUMULONG HI WAY, RIZAL",RIZAL,09395422675; 09228444819; 88717557,"FREDERICK R. LLANERA, MD",lab@dclc.wsc.ph.,lab@dclc.wsc.ph.,5012917,0,2,2,WITHOUT CONCERN,,PASSED,Excellent,SDTL-PT-22-4A0727,E
4,4A-0931-21-PIBS-R,4A,DE LA SALLE-HSC DRUG TESTING LAB ,"3RD FLOOR, ANGELO KING BLDG, MEDICAL RESEARCH CTR, GOV. D. MANGUBAT AVE",CAVITE,9152938067; (046) 4300131 LOCAL 118,"LUIS P. CRUZ, MD",delasallehsc_drugtestinglab@yahoo.com,delasallehsc_drugtestinglab@yahoo.com,5010630,2,2,4,WITHOUT CONCERN,,PASSED,Highly Satisfactory,SDTL-PT-22-4A0728,HS
4,4A-0200-21-PIBS-R,4A,DOC JITZ FAMILY CLINIC AND LABORATORY FACILITY ,"157 M.L. QUEZON AVENUE BARANGAY SAN ROQUE , RIZAL",RIZAL ,09237027340 / 8570-3765,"BERNADETTE R. ESPIRITU, MD",docjitzlaboratory@yahoo.com,docjitzlaboratory@yahoo.com,5066647,2,2,4,WITHOUT CONCERN,,PASSED,Highly Satisfactory,SDTL-PT-22-4A0729,HS
4,4A-0600-21-PFSS-R,4A,DRUGCHECK PHILIPPINES INC. - BINAN,"AREZATOWN CENTER, NATIONAL HIGH WAY, CANLALAY, LAGUNA",LAGUNA,(049) 511-5601,"MARLENE S. ONTOG, MD",dcpi_binan2014@yahoo.com,dcpi_binan2014@yahoo.com,5017942,2,0,2,WITHOUT CONCERN,,PASSED,Excellent,SDTL-PT-22-4A0730,E
4,4A-1266-21 PIBS-R,4A,E.R. SAN JUAN CLINICAL LABORATORY,"#64 RIZAL AVE., SAN ISIDRO, TAYTAY, RIZAL",RIZAL,02-8 658-61-17,"PAULO ANTONIO E. CLEMENTE, MD, FPSP",sjlab87@yahoo.com,sjlab87@yahoo.com,5006301,1,0,1,WITHOUT CONCERN,,PASSED,Excellent,SDTL-PT-22-4A0731,E
4,4A-0019-20-PIBS-R,4A,EMILIO AGUINALDO COLLEGE MEDICAL CENTER-CAVITE,"SALITRAN II, DASMARIÑAS, CAVITE",CAVITE,(046) 416-3010; 09177030263,"FLORECITA LUDIVINA T. SOLIS, MD, FPSP",lab@eacmed.org.ph,lab@eacmed.org.ph,5005856,1,0,1,WITHOUT CONCERN,,PASSED,Excellent,SDTL-PT-22-4A0732,E
4,4A-0201-21-PIBS-R,4A,FAMMED DIAGNOSTIC CENTER,"SITIO 1 NATIONAL ROAD BRGY. CABANBANAN, LAGUNA",LAGUNA,09171166206; 09776007424,"JENNIFER B. TORRES, MD, DFSP",fammeddiagnostic@yahoo.com,fammeddiagnostic@yahoo.com,5007754,1,2,3,WITHOUT CONCERN,,PASSED,Highly Satisfactory,SDTL-PT-22-4A0733,HS
4,4A-0767-21-PFSS-R,4A,FAMOUS CARE MEDICAL CLINIC LABORATORY & DIAGNOSTIC CENTER,"9027 A. SORIANO HIGHWAY, BRGY IV, CAVITE",Cavite,09605586652; 09190053069; (046) 9936,"RONALD CABUDOY, MD",famouscare_mcldc@yahoo.com,famouscare_mcldc@yahoo.com,5006801,3,0,3,WITHOUT CONCERN,,PASSED,Highly Satisfactory,SDTL-PT-22-4A0734,HS
4,4A-XXXX-XX-XXXX-X,4A,FAR DIAGNOSTIC CENTER,"2ND FLR OSCELM BLD.A SORIANO HIGHWAY TIMALAN,CONCEPCION NAIC CAVITE",CAVITE,09167450574/443 6359,"DOTOLLO,DOREEN ",fardiagnostic_2019@gmail.com,fardiagnostic_2019@gmail.com,5060458,1,3,4,WITHOUT CONCERN,,PASSED,Highly Satisfactory,SDTL-PT-22-4A0735,HS
4,4A-0264-21-PIBS-R,4A,FATIMA UNIVERSITY MEDICAL CENTER ANTIPOLO CORP,KM23 SUMULONG HIGHWAY BRGY STA CRUZ,RIZAL,87278845 loc 3005/3006; 09156994285,"HERBERT G. PASCUAL, MD",laboratoryant@fumc.fatima.edu.ph,laboratoryant@fumc.fatima.edu.ph,5008514,1,5,6,WITHOUT CONCERN,,PASSED,Acceptable,SDTL-PT-22-4A0736,A
4,4A-0202-21-PIBS-R,4A,FIRST CABUYAO HOSPITAL AND MEDICAL CENTER INC.,"12 NATIONAL ROAD BRGY. SALA, LAGUNA",LAGUNA,09311730978; 049-5598090 LOC 129,"AZEUS O. SILVA, MD, FPSP",laboratory@fchmci.com,laboratory@fchmci.com,5007869,0,0,0,WITHOUT CONCERN,,PASSED,Excellent,SDTL-PT-22-4A0737,E
4,4A-1325-18-PIBS-I,4A,FIRST FILIPINO SAINT HOSPITAL,"GOVERNOR'S DRIVE, BRGY. SAN ROQUE, NAIC, CAVITE",Cavite,09773647861; 0466863066,"DOREEN DOTOLLO, MD",slrhlaboratory@gmail.com,slrhlaboratory@gmail.com,5007769,1,2,3,WITHOUT CONCERN,,PASSED,Highly Satisfactory,SDTL-PT-22-4A0738,HS
4,4A-0204-21-PIBS-R,4A,"FIRSTCARE MEDICAL SERVICES, INC.","UNITS 1&2 IJF BLDG. STA. LUCIA DRIVE COSTA VERDE, CAVITE",CAVITE,046-440-0949; 09309476153,"MARY ANN O. CABRERA, MD",first_care2@yahoo.com,first_care2@yahoo.com,5008239,2,2,4,WITHOUT CONCERN,,PASSED,Highly Satisfactory,SDTL-PT-22-4A0739,HS
4,4A-0203-21-PIBS-R,4A,"FIRSTCARE MEDICAL SERVICES, INC.",130 CM DELOS REYES ST. MANGGAHAN,Cavite,046-4162847; 09166944945,"MARY ANN O. CABRERA, MD",fcmed_services@yahoo.com.ph,fcmed_services@yahoo.com.ph,5008238,2,1,3,WITHOUT CONCERN,,PASSED,Highly Satisfactory,SDTL-PT-22-4A0740,HS
4,4A-1501-21-PIBS-R,4A,FORTMED MEDICAL CLINICS INC. - STA. ROSA,"FORTMED BLDG, UNITED BOULEVARD  STA. ROSA BUSINESS PARK , GREENFIELD CITY , BRGY. DON JOSE",LAGUNA,(02) 5844381; 09991350955; 0495844381,"AMYROSE EISMA-DE ALBAN, MD",starosafortmed@yahoo.com,starosafortmed@yahoo.com,5008154,2,0,2,WITHOUT CONCERN,,PASSED,Excellent,SDTL-PT-22-4A0741,E
4,4A-0601-21-PIBS-R,4A,FRIENDLYCARE FOUNDATION INC - MASINAG ,"GROUND FLOOR SILICONE BUILDING SUMULONG HIGHWAY, RIZAL",RIZAL ,09176386824 / 86823015,"REYNALDO TORRES, MD",femasinag@gmail.com,femasinag@gmail.com,5064890,4,0,4,WITHOUT CONCERN,,PASSED,Highly Satisfactory,SDTL-PT-22-4A0742,HS
4,4A-1199-21-PFSS-R,4A,FRNJ DRUG TEST LABORATORY,UNIT B. 3/F IDI BLDG. KAPT. VICTOR ST. BRGY III,CAVITE,09171267840; (046) 4872800,"EMILIANO U. MALUTO, JR, MD",laboratory.drugtest@gmail.com,laboratory.drugtest@gmail.com,5009020,2,3,5,WITHOUT CONCERN,,PASSED,Highly Satisfactory,SDTL-PT-22-4A0743,HS
4,4A-0550-21-PIBS-R,4A,GENERAL TRIAS MATERNITY AND PEDIATRIC HOSPITAL,"TEJERO, GEN. TRIAS, CAVITE",CAVITE,046-4370124; 09633390946; 09465674110,"FLORECITA LUDIVINA T. SOLIS, MD, FPSP",gtmphdtl_gt@yahoo.com,gtmphdtl_gt@yahoo.com,5009061,3,0,3,WITHOUT CONCERN,,PASSED,Highly Satisfactory,SDTL-PT-22-4A0744,HS
4,4A-1368-21-PIBS-R,4A,"GENTRI MEDICAL CENTER AND HOSPITAL, INC.","SANTUSAN STREET, BRGY. MANGGAHAN",CAVITE,(046)424-0888; 09178572154; 09178966818,"ROLAN R. DELA ROSA, MD",gmch_lab@yahoo.com,gmch_lab@yahoo.com,5008973,1,5,6,WITHOUT CONCERN,,PASSED,Acceptable,SDTL-PT-22-4A0745,A
4,4A-0400-22-PIBS-R,4A,GLOBAL CARE MEDICAL CENTER OF BAY INC.,"NATIONAL HI-WAY,BRGY MAITIM BAY LAGUNA",LAGUNA,09190717015/(049)559-6145,"FLORENTINO,ALEXANDER",gcmcbaylaboratory@gmail.com,gcmcbaylaboratory@gmail.com,5062941,1,5,6,WITHOUT CONCERN,,PASSED,Acceptable,SDTL-PT-22-4A0746,A
4,4A-XXXX-XX-XXXX-X,4A,GLOBAL CARE MEDICAL CENTER OF CANLUBANG,"J. YULO AVENUE,CANLUBANG,CALAMBA",LAGUNA,09173268710/(049) 520-5626,"FLORENTINO,ALEXANDER",laboratory.gcmcc@gmail.com,laboratory.gcmcc@gmail.com,5061219,2,5,7,WITHOUT CONCERN,,PASSED,Acceptable,SDTL-PT-22-4A0747,A
4,4A-1630-22-PIBS-I,4A,"GLOBAL CARE MEDICAL CENTER OF TALISAY, INC.","MABINI HIGHWAY BRGY. AYA (NEAR ANGEL'S BURGER ALONG THE HIGHWAY), TALISAY",BATANGAS,09985767318/,ALEXANDER CANETE FLORENTINO,laboratory.talisay@gmail.com,laboratory.talisay@gmail.com,5067858,3,5,8,WITHOUT CONCERN,,PASSED,Acceptable,SDTL-PT-22-4A0748,A
4,4A-0705-21-PIBS-R,4A,"GLOBAL MEDICAL CENTER OF LAGUNA, INC.","NATIONAL HIGHWAY, BRGY. BANLIC, LAGUNA",LAGUNA,09157906078; (049) 5544625,"LUIS P. CRUZ, MD",gmcl.laboratorydt@gmail.com,gmcl.laboratorydt@gmail.com,5005774,0,5,5,WITHOUT CONCERN,,PASSED,Highly Satisfactory,SDTL-PT-22-4A0749,HS
4,4A-0707-21-PIBS-R,4A,GLOBALIFE MEDICAL LABORATORY AND POLYCLINIC,9012 OLD LABELLA BLDG. TANZA TRECE ROAD COR. JASMIN ST. DEDL ROMAN SUBD.,CAVITE,09471068333; (046) 4891607,"FLORECITA LUDIVINA T. SOLIS, MD",globalifebbw_medlab@yahoo.com,globalifebbw_medlab@yahoo.com,5009866,2,1,3,WITHOUT CONCERN,,PASSED,Highly Satisfactory,SDTL-PT-22-4A0750,HS
4,4A-0603-21-PIBS-I,4A,GREEN PASTURE SPECIALISTS CLINIC & PHARMACY,"BLK 5 LOT 31 PH 4 GOLDEN CITY SUBDIVISION/BRGY. DILA, LAGUNA",LAGUNA,0942479784; (049) 3045920,"RAYMUNDO C. SUPEÑA, MD",greenpasturespecialistsclinic@gmail.com,greenpasturespecialistsclinic@gmail.com,5007773,2,1,3,WITHOUT CONCERN,,PASSED,Highly Satisfactory,SDTL-PT-22-4A0751,HS
4,4A-0551-21-PIBS-R,4A,GRT DIAGNOSTIC CENTER,"2F REYES BLDG. RIZAL AVE. BRGY. SAN ISIDRO, RIZAL",RIZAL ,09152619578; 09086550912; 82345940;09396467984,"FREDERICK R. LLANERA, MD",grttaytay30@gmail.com,grttaytay30@gmail.com,5007774,4,2,6,WITHOUT CONCERN,,PASSED,Acceptable,SDTL-PT-22-4A0752,A
4,4A-0979-19-PIBS-R,4A,"HEALTH ACCESS MEDICAL AND LABORATORY SERVICES, INC","9023 ROQUE C. LAZAGA SR. ST BALIBAGO, LAGUNA",LAGUNA,049-302-4579; 09564282147,"DARIO D. DEFENSOR, MD",healthaccess2017@gmail.com,healthaccess2017@gmail.com,5008269,2,2,4,WITHOUT CONCERN,,PASSED,Highly Satisfactory,SDTL-PT-22-4A0753,HS
4,4A-XXXX-XX-XXXX-X,4A,HEALTH CIERGE DIAGNOSTIC CLINIC,"2F LT BUILDING, EMILIO AGUINALDO HIGHWAY, SAN AGUSTIN, CAVITE",CAVITE,09165263205; (045) 4192630,"ERIC MIRANDILLA, MD",healthciergediagnostic@gmail.com,healthciergediagnostic@gmail.com,5009049,2,5,7,WITHOUT CONCERN,,PASSED,Acceptable,SDTL-PT-22-4A0754,A
4,4A-0265-21-PIBS-R,4A,HEALTH EXPERT CLINICAL LABORATORY,"30 E. RODRIGUEZ HI-WAY, SAN JOSE, RIZAL",RIZAL,89972239;,"ROMIL M. AGUIRRE, MD",healthexpertcl@yahoo.com,healthexpertcl@yahoo.com,5007942,2,0,2,WITHOUT CONCERN,,PASSED,Excellent,SDTL-PT-22-4A0755,E
4,4A-XXXX-XX-XXXX-X,4A,HEALTHMED SPECIALISTS MULTI-SPECIALTY CLINIC AND DIAGNOSTIC CENTER CORP,"G/F MPH BUILDING BRGY. LUCIANO TRECE INDANG ROAD, CAVITE",CAVITE ,9493261055,"RONALD C. CABUDOY, MD ",healthmedspecialists@gmail.com,healthmedspecialists@gmail.com,5082241,1,5,6,WITHOUT CONCERN,,PASSED,Acceptable,SDTL-PT-22-4A0756,A
4,4A-XXXX-XX-XXXX-X,4A,HEALTHPRO DIAGNOSTIC CENTER,"9008 PURELIFE BLDG. CATTLEYA COR. ROSAL ST., LM SUBD. BRGY MARKET AREA, STA. ROSA CITY",LAGUNA,09329137680/09234408580,VOLTAIRE C. YABUT,healthprodiagnosticcenter@gmail.com,healthprodiagnosticcenter@gmail.com,5073195,0,1,1,WITHOUT CONCERN,,PASSED,Excellent,SDTL-PT-22-4A0757,E
4,4A-0606-21-PIBS-R,4A,HEALTHPROBE MEDICAL DIAGNOSTIC CLINIC,"336B ML BUILDING MOLINO ROAD MOLINO III, CAVITE",CAVITE,(046) 512-49-26; 09178148643,"ARNEL H. AMATA, MD",hpdiagnostic2008@gmail.com,hpdiagnostic2008@gmail.com,5016042,2,2,4,WITHOUT CONCERN,,PASSED,Highly Satisfactory,SDTL-PT-22-4A0758,HS
4,4A-1145-21-PIBS-R,4A,HEALTHSERV LOS BAÑOS MEDICAL CENTER,"8817 NATIONAL ROAD BATONG MALAKE, LAGUNA",LAGUNA,(049) 536-4858; 09178442867,"EDNA MAY L. GO, MD",labhealthserv@gmail.com,labhealthserv@gmail.com,5007761,0,0,0,WITHOUT CONCERN,,PASSED,Excellent,SDTL-PT-22-4A0759,E
4,4A-0836-19-PIBS-R,4A,HEALTHWEALTH MEDICAL SPECIALIST CO.,"GROUNDFLOOR UNIT 106 RETAIL 3 BUILDING THE SQUARE LANCASTER, CAVITE",CAVITE,9.17E+11,"DOREEN DOTOLLO, MD",healthwealthmedicalspecialist@yahoo.com,healthwealthmedicalspecialist@yahoo.com,5040409,3,2,5,WITHOUT CONCERN,,PASSED,Highly Satisfactory,SDTL-PT-22-4A0760,HS
4,4A-XXXX-XX-XXXX-X,4A,HI CARE DIAGNOSTIC CENTER,"UNIT 207 JC LEONIE BLDG. BARANGAY. MAGUYAM, CAVITE",CAVITE,96171040295,"DEXTER A. LEDESMA, MD",hicarediagnosticceenter@gmail.com,hicarediagnosticceenter@gmail.com,5009050,1,4,5,WITHOUT CONCERN,,PASSED,Highly Satisfactory,SDTL-PT-22-4A0761,HS
4,4A-XXXX-XX-XXXX-X,4A,HI-PRECISION DIAGNOSTIC PLUS,"NATIONAL ROAD, SAN ROQUE, ROSARIO, BATANGAS",BATANGAS,09338259509/(043)740 8824/09189235098,"MARICAR C. HERNANDEZ-CUETO, MD, DPSP",hprosario.lab@hi-precision.com.ph,hprosario.lab@hi-precision.com.ph,5058772,1,4,5,WITHOUT CONCERN,,PASSED,Highly Satisfactory,SDTL-PT-22-4A0762,HS
4,4A-1188-22-PIBS-R,4A,HI-PRECISION DIAGNOSTICS - ANTIPOLO,"B1L1 CIRCUMFERENTIAL ROAD BRGY. SAN ROQUE, ANTIPOLO CITY, RIZAL",RIZAL,09176343213/09338182037/87279100/09175771197/87279100,"MARIA LOURDES P. SANTOS, MD",hpantipolo.lab@hi-precision.com.ph,hpantipolo.lab@hi-precision.com.ph,5058448,0,3,3,WITHOUT CONCERN,,PASSED,Highly Satisfactory,SDTL-PT-22-4A0763,HS
4,4A-1189-22-PIBS-R,4A,HI-PRECISION DIAGNOSTICS - BACOOR BRANCH,"UNIT A, GROUND FLOOR, E.V.Y COMMERCIAL BUILDING, GENERAL EMILIO AGUINALDO HIGHWAY, PANAPAAN IV, BACOOR CITY",CAVITE,09088165716/(046)4400657/09178227109,"MONINA C. MONTENEGRO, MD",hpbacoor.lab@hi-precision.com.ph,hpbacoor.lab@hi-precision.com.ph,5058769,1,3,4,WITHOUT CONCERN,"ONLINE CHECKING ONLY, PENDING HARD COPY: HARD COPY SENT TO NRL ALREADY",PASSED,Highly Satisfactory,SDTL-PT-22-4A0763,HS
4,4A-1190-22-PIBS-R,4A,HI-PRECISION DIAGNOSTICS - CAINTA,"UNIT 1G, 1H, 1I & 1J, THE GARDENWALK, 0105 FELIX AVE. BRGY. STO. DOMINGO, CAINTA",RIZAL,09088165716/(046)4400657/09178227109,"MONINA C. MONTENEGRO, MD",hpbacoor.lab@hi-precision.com.ph,hpbacoor.lab@hi-precision.com.ph,5058769,1,3,4,WITHOUT CONCERN,"ONLINE CHECKING ONLY, PENDING HARD COPY: HARD COPY SENT TO NRL ALREADY",PASSED,Highly Satisfactory,SDTL-PT-22-4A0765,HS
4,4A-XXXX-XX-XXXX-X,4A,HI-PRECISION DIAGNOSTICS - KAWIT BRANCH,"UNIT 101 VICTORY CENTRAL MALL, CENTENNIAL ROAD, MAGDALO-PUTOL, KAWIT",CAVITE,09176343152/09338150541/(02)83957012/09209222722,"SIERRA ROMA S. HERNANDEZ, MD",hpcainta.lab@hi-precision.com.ph,hpcainta.lab@hi-precision.com.ph,5058375,0,5,5,WITHOUT CONCERN,,PASSED,Highly Satisfactory,SDTL-PT-22-4A0766,HS
4,4A-XXXX-XX-XXXX-X,4A,HI-PRECISION DIAGNOSTICS PLUS,"LOT 4A AGUINALDO HIGHWAY PASONG TALA ZONE 4, DASMARINAS, CAVITE",,09176343240/(046)4371066/09178399766,"RONALD DE CADIZ. CABUDOY, MD",hpkawit@hi-precision.com.ph,hpkawit@hi-precision.com.ph,50587670,0,3,3,WITHOUT CONCERN,,PASSED,Highly Satisfactory,SDTL-PT-22-4A0767,HS
4,4A-1194-22-PIBS-R,4A,HI-PRECISION DIAGNOSTICS PLUS - CALAMBA BRANCH,"G/F ANDENSON BLDG. III, NATIONAL HIGHWAY, BRGY. PARIAN, CITY OF CALAMBA",LAGUNA,09338193882/09178399766,"RONALD DE CADIZ. CABUDOY, MD",hppasongtala.lab@hi-precision.com.ph,hppasongtala.lab@hi-precision.com.ph,5058427,2,1,3,WITHOUT CONCERN,,PASSED,Highly Satisfactory,SDTL-PT-22-4A0768,HS
4,4A-1197-22-PIBS-R,4A,HI-PRECISION DIAGNOSTICS PLUS - STA. ROSA,"UNIT G01&G02 SAN JOSE BLDG. STA. ROSA ESTATES COMMERCIAL STRIP - TAGAYTAY ROAD, STA. ROSA",LAGUNA,09285595334/(049)5089872,"MONINA C. MONTENEGRO, MD",hpcalamba.lab@hi-precision.com.ph,hpcalamba.lab@hi-precision.com.ph,5058771,0,3,3,WITHOUT CONCERN,,PASSED,Highly Satisfactory,SDTL-PT-22-4A0769,HS
4,4A-XXXX-XX-XXXX-X,4A,HI-PRECISION DIAGNOSTICS PLUS LIPA BRANCH,"G/F ANFA BUILDING J.M. KATIGBAK ST. MATAAS NA LUPA, LIPA CITY, BATANGAS",BATANGAS,09338259509/(049) 5436661/09178399766,"RONALD DE CADIZ. CABUDOY, MD",hpstarosa.lab@hi-precision.com.ph,hpstarosa.lab@hi-precision.com.ph,5058428,2,3,5,WITHOUT CONCERN,,PASSED,Highly Satisfactory,SDTL-PT-22-4A0770,HS
4,4A-0267-21-PIBS-R,4A,"HMICARE, INC","9179 EMILIO AGUINALDO HIGHWAY SAMPALOC, CAVITE",CAVITE,09178787509/09230232813/7024037/09189235098,"MARICAR H. CUETO, MD",hplipa.lab@hi-precision.com.ph,hplipa.lab@hi-precision.com.ph,5058245,2,5,7,WITHOUT CONCERN,,PASSED,Acceptable,SDTL-PT-22-4A0771,A
4,4A-1509-22-PIBS-R,4A,IMMACULATE CLINICAL DIAGNOSTIC LABORATORY,"BRGY. GUMAMELA (BESIDE GASOLINE STATION), BALAYAN, BATANGAS",BATANGAS,09172777941; 0464234038,"FELIPE JR. S. TEMPLO, MD",emy.borja@hmi.com.ph,emy.borja@hmi.com.ph,5012498,2,4,6,WITHOUT CONCERN,,PASSED,Acceptable,SDTL-PT-22-4A0772,A
4,4A-1273-21-PIBS,4A,IMMANUEL DIAGNOSTIC AND DRUG TESTING LABORATORY,"JP LAUREL ST. DAANGKANAD, BRGY XI, BATANGAS",BATANGAS,9189235098,"MARICAR C. HERNANDEZ-CUETO, MD, DPSP",immaculatediagnostic@gmail.com,immaculatediagnostic@gmail.com,5047925,2,3,5,WITHOUT CONCERN,,PASSED,Highly Satisfactory,SDTL-PT-22-4A0773,HS
4,4A-0609-21-PFSS-R,4A,J.A MANALO MEDICAL LABORATORY AND POLYCLINIC,"SAN MIGUEL 1B, GOVERNOR'S DRIVE, MARAGONDON, CAVITE",CAVITE ,09231934695; 043-4160483,"MARITES TERESITA M. TORIO, MD",immanueldiagnostic@gmail.com,immanueldiagnostic@gmail.com,5012183,0,2,2,WITHOUT CONCERN,,PASSED,Excellent,SDTL-PT-22-4A0774,E
4,4A-1211-20-PFSS-R,4A,JAZ FAMILY CLINIC AND DIAGNOSTIC CENTER,24 M. SANTOS ST. BARANGAY SAN ROQUE,Rizal,9178509626,ROSSANA S. TUNGOL ,jazmin0706@yahoo.com,jazmin0706@yahoo.com,5005506,2,0,2,WITHOUT CONCERN,,PASSED,Excellent,SDTL-PT-22-4A0775,E
4,4A-0433-22-PFSS-R,4A,JDJ DRUG TESTING CENTER,"B-8 L-29 AMAPOLA ST. ANTIPOLO HILLS SUBD. BRGY. SAN LUIS, ANTIPOLO CITY, RIZAL",RIZAL,70053202/ 09178401449,"ROMIL M. AGUIRRE, MD",jasmin_magnotesoro@yahoo.com,jasmin_magnotesoro@yahoo.com,5032763,2,0,2,WITHOUT CONCERN,,PASSED,Excellent,SDTL-PT-22-4A0776,E
4,4A-0436-22-PIBS-R,4A,JOSE TORRES MEDICAL LABORATORY SERVICES AND DIAGNOSTIC CENTER,"KM 16 AGUINALDO HI--WAY PANAPAAN 1, CAVITE",CAVITE ,09232700618/02-86637392/09178400261,"MAXIMO JR. B. AXIBAL, MD",jdjdrugtestingcenter@yahoo.com.ph,jdjdrugtestingcenter@yahoo.com.ph,5079393,2,3,5,WITHOUT CONCERN,,PASSED,Highly Satisfactory,SDTL-PT-22-4A0777,HS
4,4A-0935-21-PIBS-R,4A,K MATTERS TAGUIG DIALYSIS AND DIAGNOSTIC CENTER COMPANY,"UNIT 33-35 CENTURY COMMERCIAL COMPLEX III MOLINO PALIPARAN ROAD, CAVITE",CAVITE,9328470689,JOCELYN MYRA R. CAJA ,leonardojose99@yahoo.com,leonardojose99@yahoo.com,5073199,2,1,3,WITHOUT CONCERN,,PASSED,Highly Satisfactory,SDTL-PT-22-4A0778,HS
4,4A-1025-20-PIBS-R,4A,KAIROSMED DIAGNOSTIC CENTER,"121 DON PLACID CAMPOS, 2/F  UNIT I AGRICULTURAL BANK BLDG., CAVITE",CAVITE,09260382171; (045)6860450,"MONINA C. MONTENEGRO, MD",kmattersdasma.laboratory@gmail,kmattersdasma.laboratory@gmail,5008244,2,3,5,WITHOUT CONCERN,,PASSED,Highly Satisfactory,SDTL-PT-22-4A0779,HS
4,4A-XXXX-XX-XXXX-X,4A,KAISER MEDICAL CENTER INC,"GATE 2 PHASE 1 CAVITE ECONOMIC ZONE,BACAO II, CAVITE",CAVITE,09778418256; 09760481126,"CYRIL KIM NEE EVANGELISTA, MD",kairosmeddiagnostic@yahoo.com,kairosmeddiagnostic@yahoo.com,5015921,0,3,3,WITHOUT CONCERN,,PASSED,Highly Satisfactory,SDTL-PT-22-4A0780,HS
4,4A-0438-22-PIBS-R,4A,LABCON DIAGNOSTIC CENTER,"KAPITAN ISKO STREET (DND HERRERA HOSPITAL BLDG), BATANGAS",BATANGAS,09171835288/(046)851-4916,"RODRIGO,RODRIGO",cavite.lab@kaisermedcenter.com,cavite.lab@kaisermedcenter.com,5061606,0,2,2,WITHOUT CONCERN,,PASSED,Excellent,SDTL-PT-22-4A0781,E
4,4A-1439-22-PIBS-R,4A,LABSERVE DIAGNOSTIC CENTER,"G/F SCBC BLDG. RIZAL AVENUE BRGY. SAN JUAN, TAYTAY, RIZAL",RIZAL,0917-159-37-06,"MARITESS TERESITA M. TORIO, M.D., FPSP",dvjess20@gmail.com,dvjess20@gmail.com,5110736,4,1,5,WITHOUT CONCERN,,PASSED,Highly Satisfactory,SDTL-PT-22-4A0782,HS
4,4A-1370-21-PFSS-I,4A,LACOSTA SMC MEDICAL AND DIAGNOSTIC CLINIC,"KM 25 ORTIGAS AVE EXT  SAN ISIDRO, RIZAL",RIZAL,09175585248/0288758013,"BERNADETTE R. ESPIRITU, MD, FPSP",labservedc@gmail.com,labservedc@gmail.com,5071486,1,2,3,WITHOUT CONCERN,,PASSED,Highly Satisfactory,SDTL-PT-22-4A0783,HS
4,4A-0219-21-PIBS-R,4A,LAGUNA DIAGNOSTIC CENTER,"3999 QUEZON AVE. BRGY STO ANGEL SUR, LAGUNA",LAGUNA,02 82341411,"DARIO D. DEFENSOR, MD",LACOSTAFAMILYCLINIC@YAHOO.COM,LACOSTAFAMILYCLINIC@YAHOO.COM,5024605,2,5,7,WITHOUT CONCERN,,PASSED,Acceptable,SDTL-PT-22-4A0784,A
4,4A-0218-21-PIBS-R,4A,LAGUNA DIAGNOSTIC CENTER & MULTISPECIALTY CLINIC - STA. ROSA,"NATIONAL HIGHWAY, TAGAPO, LAGUNA CITY",LAGUNA,(049)501-0675,"ARISTOTLE P. LEE, MD",ldcstacruz@yahoo.com,ldcstacruz@yahoo.com,5008120,1,5,6,WITHOUT CONCERN,,PASSED,Acceptable,SDTL-PT-22-4A0785,A
4,4A-0216-21-PIBS-R,4A,LAGUNA DIAGNOSTIC CENTER & MULTISPECIALTY CLINIC- CALAMBA,"NATIONAL HIGHWAY BRGY.1 CROSSING, LAGUNA",LAGUNA,(049) 827-4753,"HERBERT Z. MANAOIS, MD",ldcstarosa@yahoo.com,ldcstarosa@yahoo.com,5008119,2,5,7,WITHOUT CONCERN,,PASSED,Acceptable,SDTL-PT-22-4A0786,A
4,4A-0215-21-PIBS-R,4A,LAGUNA HOLY FAMILY HOSPITAL INC.,"1824 J. DE LEON ST., BRGY. PAGSAWITAN, LAGUNA",LAGUNA,545-7206,"ANGELIE ERISTELA ORPILLA, MD",ldc_diagnostic@yahoo.com,ldc_diagnostic@yahoo.com,5008121,1,3,4,WITHOUT CONCERN,,PASSED,Highly Satisfactory,SDTL-PT-22-4A0787,HS
4,4A-0269-21-PFSS-R,4A,LAGUNA INDUSTRIAL HEALTH CLINIC INC. - PACIANO RIZAL BRANCH,LIHCI BLDG NATIONAL ROAD BRGY PACIANO RIZAL,LAGUNA,(049)501-1219/1278 OR 09159421755,"CELSO S. RAMOS, MD, FPSP",lhfhlaboratory@gmail.com,lhfhlaboratory@gmail.com,5008971,2,4,6,WITHOUT CONCERN,,PASSED,Acceptable,SDTL-PT-22-4A0788,A
4,4A-0268-21-PFSS-R,4A,LAGUNA INDUSTRIAL HEALTH CLINIC INC. - PULONG STA. CRUZ BRANCH,"MERCADO VILLAGE, BRGY. PULONG STA CRUZ, LAGUNA",LAGUNA,9756826153,"LEOVIC C. DALMACIO, MD",lagind900@yahoo.com,lagind900@yahoo.com,5009831,1,1,2,WITHOUT CONCERN,,PASSED,Excellent,SDTL-PT-22-4A0789,E
4,4A-0309-21-PIBS-R,4A,LANDERS INTERNATIONAL DIAGNOSTIC CENTER,"2ND FLOOR MJCR BLDG., GOMEZ ST. BRGY 4, QUEZON",QUEZON,09171741227/5024671,"LEOVIC C. DALMACIO, MD",leslieannvonia2728@gmail.com,leslieannvonia2728@gmail.com,5009832,1,1,2,WITHOUT CONCERN,,PASSED,Excellent,SDTL-PT-22-4A0790,E
4,4A-0220-21-PIBS-R,4A,"LDC DIAGNOSTIC AND MULTISPECIALTY CLINIC, INC","B&G BLDG S. CASTILLO ST., BATANGAS",BATANGAS,9178649899,MARCOS M. GENEBANO,landersintldiagnosticcenter@gmail.com,landersintldiagnosticcenter@gmail.com,5033857,2,5,7,WITHOUT CONCERN,,PASSED,Acceptable,SDTL-PT-22-4A0791,A
4,4A-0217-21-PIBS-R,4A,"LDC DIAGNOSTIC AND MULTISPECIALTY CLINIC, INC","#607 TM PLACE BUILDING, BRGY SAN ANTONIO, LAGUNA",LAGUNA,09171463111; (043) 7844620,"EMAR C. CUSTODIO, MD",ldc.lbdiagnostic@yahoo.com,ldc.lbdiagnostic@yahoo.com,5008118,1,4,5,WITHOUT CONCERN,,PASSED,Highly Satisfactory,SDTL-PT-22-4A0792,HS
4,4A-1503-22-PIBS-R,4A,LIPA MEDIX MEDICAL CENTER,"J.P. LAUREL HIGHWAY, BALINTAWAK (BESIDE KENNY ROGERS), LIPA CITY, BATANGAS",BATANGAS,09760313251; (049) 5577347,"HERBERT Z. MANAOIS, MD",ldc.lbdiagnostic@yahoo.com,ldc.lbdiagnostic@yahoo.com,500812,2,5,7,WITHOUT CONCERN,,PASSED,Acceptable,SDTL-PT-22-4A0793,A
4,4A-XXXX-XX-XXXX-X,4A,LIVING MYTH INDUSTRIAL CLINIC,"2ND FLOOR SERAFIN BUSINESS CENTER, CABUYAO CITY, LAGUNA",LAGUNA,09338526522/(043)7562372,CELSO S. RAMOS,lab.dept_lmmc@yahoo.com,lab.dept_lmmc@yahoo.com,5070245,2,0,2,WITHOUT CONCERN,,PASSED,Excellent,SDTL-PT-22-4A0794,E
4,4A-0861-20-PIBS-R,4A,LUCBAN MMG HOSPITAL,"NATIONAL HIGHWAY BRGY TINAMNAN, LUCBAN QUEZON",QUEZON,9206311130,"DEXTER A. LEDESMA, MD ",mar_reso2003@yahoo.com,mar_reso2003@yahoo.com,5071691,6,0,6,WITHOUT CONCERN,,PASSED,Acceptable,SDTL-PT-22-4A0795,A
4,4A-1122-21-PFSS-R,4A,MACRO ACCESS DRUG TESTING CENTER,"DAYO APARTMENT, DAYO COMPOUND MAHARLIKA HIGHWAY (NEAR LTO SAN PABLO) SAN NICOLAS",LAGUNA,09175102240; (042) 5408312,"RAYMUNDO C. SUPEÑA, MD",lucbanmmgdtl@gmail.com,lucbanmmgdtl@gmail.com,5010020,2,5,7,WITHOUT CONCERN,,PASSED,Acceptable,SDTL-PT-22-4A0796,A
4,4A-0053-20-PIBS-R,4A,MAKILING MEDICAL CLINIC AND DIAGNOSTIC CENTER INC,"LOT 5 BLOCK 3 PAN PHILIPPINE HIGHWAY MILAGROSA, LAGUNA",LAGUNA,09202961873; 09495237389,"IMELDA MARIE FREMIELLE , PALACOL, MD",macro_a11@yahoo.com,macro_a11@yahoo.com,5008380,2,2,4,WITHOUT CONCERN,,PASSED,Highly Satisfactory,SDTL-PT-22-4A0797,HS
4,4A-0489-21-PIBS-R,4A,MARY IMMACULATE LABORATORY,"2F EXODUS BLDG., NUENO AVE., POBLACION IV-D, CAVITE",CAVITE,02-359-1990/09065406705,"FLORECITA LUDIVINA T. SOLIS, MD",makilingmed. laboratory@gmail.com,makilingmed. laboratory@gmail.com,5006972,0,5,5,WITHOUT CONCERN,,PASSED,Highly Satisfactory,SDTL-PT-22-4A0798,HS
4,4A-0490-21-PIBS-R,4A,MARY IMMACULATE LABORATORY- GEN TRIAS,"329 CM DELOS REYES AVE. , CAVITE",CAVITE,(046) 471-4022; 09060667644,"DEXTER A. LEDESMA, MD",rcma_lab@yahoo.com,rcma_lab@yahoo.com,5012846,2,0,2,WITHOUT CONCERN,,PASSED,Excellent,SDTL-PT-22-4A0799,E
4,4A-6491-21-PIBS-R,4A,MARY MEDIATRIX MEDICAL CENTER,"J.P. LAUREL HIGHWAY,, MATAAS NA LUPA, LIPA CITY, BATANGAS",BATANGAS,(046) 471-4022; 09060667644,"DEXTER A. LEDESMA, MD",rcma_lab@yahoo.com,rcma_lab@yahoo.com,5012845,2,1,3,WITHOUT CONCERN,,PASSED,Highly Satisfactory,SDTL-PT-22-4A0800,HS
4,4A-1675-21-PIBS-I,4A,MBLAB MEDICAL AND DIAGNOSTIC CLINIC,"#078 SANTIAGO , STO. TOMAS CITY, BATANGAS",BATANGAS,09194623011/043-726-2879,"AZEUS OBA SILVA, MD",mblab2021@yahoo.com,mblab2021@yahoo.com,5071668,1,3,4,WITHOUT CONCERN,,PASSED,Highly Satisfactory,SDTL-PT-22-4A0801,HS
4,4A-1153-22-PIBS-R,4A,MD LINK HEALTHCARE INC.,G/F ROBINSONS PLACE LIPA JP LAUREL HIGHWAY LIPA BATANGAS,BATANGAS,09228280357/(043) 784-8484,"ATUN,JENNY MAUREEN",mdlinklaboratory2017@gmail.com,mdlinklaboratory2017@gmail.com,5049259,3,0,3,WITHOUT CONCERN,,PASSED,Highly Satisfactory,SDTL-PT-22-4A0802,HS
4,4A-1504-22-PIBS-R,4A,"MEDIC 8 MEDICAL AND DIAGNOSTIC CENTER, INC. ""CALACA MEDICAL AND LABORATORY CENTER""","CALACA HEALTHCARE, CALACA NATIONAL HIGHWAY, POB.4 , CALACA, BATANGAS",BATANGAS,0917-5285757,GABRIEL JOCSON CRUZ,medic8.info@gmail.com,medic8.info@gmail.com,5073193,2,2,4,WITHOUT CONCERN,,PASSED,Highly Satisfactory,SDTL-PT-22-4A0803,HS
4,4A-0717-19-PIBS-R,4A,MEDICAL CENTER WESTERN BATANGAS,"NATIONAL HIGHWAY, BRGY. LANATAN, BALAYAN, BATANGAS",BATANGAS,9175516796,"HAIDE C. DALAWAMPU-LAYOLA, MD",,,5008501,0,5,5,WITHOUT CONCERN,,PASSED,Highly Satisfactory,SDTL-PT-22-4A0804,HS
4,4A-0493-20-PIBS-R,4A,MEDICARD PHILIPPINES INC.- CALAMBA,"UNNIT 1 G/F ANDENSON BLDG. II BRGY PARIAN, LAGUNA",LAGUNA,09209227612; 09175241459; (02) 5844288,"ARTURO C. LOPEZ, MD",mlprofugo@medicardphils.com,mlprofugo@medicardphils.com,5010024,0,2,2,WITHOUT CONCERN,,PASSED,Excellent,SDTL-PT-22-4A0805,E
4,4A-0270-21-PIBS-R,4A,MEDICARD PHILS. INC.-STA. ROSA,"2ND FLOOR HUMANA WELLNESS CENTER, DON JOSE, LAGUNA",LAGUNA,049-5440635; 09450962099,"ARTURO C. LOPEZ, MD",bgm@medicardphils.com,bgm@medicardphils.com,5009567,2,2,4,WITHOUT CONCERN,,PASSED,Highly Satisfactory,SDTL-PT-22-4A0806,HS
4,4A-0314-22-PFSS-R,4A,MEDICROSS HEALTHCARE AND DIAGNOSTIC CENTER,225 SALUD BLDG SAN RAFAEL I NOVELETA CAVITE,CAVITE,09053573621/(046)438-5987,"DOTOLLO,DOREEN ",medicross.healthcare2020@gmail.com,medicross.healthcare2020@gmail.com,5060460,0,1,1,WITHOUT CONCERN,,PASSED,Excellent,SDTL-PT-22-4A0807,E
4,4A-0611-21-PFSS-R,4A,MEDIKA HEALTHCARE SERVICES INC.,"G/F CDG BLDG. 6740 ME SITIO ARATAN PULONG STA. CRUZ, LAGUNA",LAGUNA,9392613777,"AZEUS O. SILVA, MD, FPSP",medikahealthcare2015@gmail.com,medikahealthcare2015@gmail.com,5007771,2,1,3,WITHOUT CONCERN,,PASSED,Highly Satisfactory,SDTL-PT-22-4A0808,HS
4,4A-1310-21-PIBS-R,4A,"MEDIKO KAPITOLYO MULTISPECIALTY AND DIAGNOSTIC, INC.","L1-3, B2 MARVILLE CIRCUMFERENTIAL ROAD, RIZAL",RIZAL,8356-0149; 09260786038,"VENERACION P. MUNAR, MD",laboratorymedikokapitolyo@gmail.com,laboratorymedikokapitolyo@gmail.com,5005780,1,5,6,WITHOUT CONCERN,,PASSED,Acceptable,SDTL-PT-22-4A0809,A
4,4A-0711-21-PIBS-R,4A,MEDITROOPS LABORATORY AND DIAGNOSTIC,LOT 1 BLK 1 MAYON DRIVE MONTANA SUBD. BURGOS RODRIGUEZ RIZAL,RIZAL,09953019698; 0286333276,"FRANCIS F. DEMATERA, MD",meditroops@yahoo.com,meditroops@yahoo.com,5006788,2,5,7,WITHOUT CONCERN,,PASSED,Acceptable,SDTL-PT-22-4A0810,A
4,4A-0465-22-PIBS-R,4A,METRO ANTIPOLO HOSPITAL AND MEDICAL CENTER INC. ,"1348 MARCOS HIGHWAY BRGY MAYAMOT ANTIPOLO CITY, RIZAL",RIZAL ,09566944527 / 8-722-3208 loc. 1022,"JANETTE S. TOLENTINO, MD","mahmci_labcmt@yahoo,com","mahmci_labcmt@yahoo,com",5064611,1,1,2,WITHOUT CONCERN,,PASSED,Excellent,SDTL-PT-22-4A0811,E
4,4A-1442-22-PIBS-R,4A,METRO BALAYAN MEDICAL CENTER,"NATIONAL HIGHWAY, BRGY CALOOCAN BALAYAN BATANGAS",BATANGAS,09272717042/(043)740-1350,"LIM,THOMAS JEFF",mbmclaboratory@gmail.com,mbmclaboratory@gmail.com,5056686,1,3,4,WITHOUT CONCERN,,PASSED,Highly Satisfactory,SDTL-PT-22-4A0812,HS
4,4A-0712-21-PIBS-R ,4A,METROLIPA MEDICAL CENTER,"JP LAUREL HIGHWAY BRGY MARAWOY, BATANGAS",BATANGAS,09392214065; 0437560549,"MARITESS TERESITA M. TORIO, MD",mlmc.laboratory@gmail.com,mlmc.laboratory@gmail.com,5021842,1,3,4,WITHOUT CONCERN,,PASSED,Highly Satisfactory,SDTL-PT-22-4A0813,HS
4,4A-1573-21-PIBS-I,4A,MQ DIAGNOSTIC CENTER,"Q PLAZA COMMERCIAL CENTER, FELIX AVE. COR. MARCOS HIWAY, SAN ISIDRO, RIZAL",RIZAL,09266261085; 85247570; 09172593333,"ANGELIE ERISTELA ORPILLA, MD",drugtesting@mq diagnosticcenter.com,drugtesting@mq diagnosticcenter.com,5011041,2,5,7,WITHOUT CONCERN,,PASSED,Acceptable,SDTL-PT-22-4A0814,A
4,4A-0894-22-PIBS-R,4A,MTLAB MEDICAL AND INDUSTRIAL CLINIC,"2ND. FLOOR FCR BLDG. 328 AGUINALDO HIGHWAY, SALITRAN 1, CAVITE",CAVITE,0933-390-7278,"LUDIVINA T. SOLIS, M.D., FPSP",mtlabedical@yahoo.com,mtlabedical@yahoo.com,5110735,3,0,3,WITHOUT CONCERN,,PASSED,Highly Satisfactory,SDTL-PT-22-4A0815,HS
4,4A-0272-21-PIBS-R,4A,MULTILAB DIAGNOSTIC AND HEALTH SERVICES,"52 LUCIANO ST., LUCIANO (BITANGAN), TRECE MARTIRES CITY, CAVITE",CAVITE,046-864-0766; 09175050084,"RAYMUNDO F. FELICIANO, MD",multilab2013diagnostic@yahoo.com.ph,multilab2013diagnostic@yahoo.com.ph,5005914,2,0,2,WITHOUT CONCERN,,PASSED,Excellent,SDTL-PT-22-4A0816,E
4,4A-1161-21-PIBS-R,4A,MV MASANGKAY X-RAY & LABORATORY CLINIC,GEN. MALVAR ST. POB III SANTO TOMAS BATANGAS,BATANGAS,09338134891; 0437238669; 09175516858,"AZEUS O. SILVA, MD, FPSP",m_mhel_37@yahoo.com,m_mhel_37@yahoo.com,5006624,2,1,3,WITHOUT CONCERN,,PASSED,Highly Satisfactory,SDTL-PT-22-4A0817,HS
4,4A-1321-21-PIBS-R,4A,MV SANTIAGO MEDICAL CENTER - FCIE BRANCH,"GOVERNORS DRIVE FCIE LANGKAAN II, CAVITE",CAVITE,9179044323,"DRA. MA. CARMEN L. CAGAMPAN, M.D.",mvsantiagodtl@yahoo.com,mvsantiagodtl@yahoo.com,5110739,1,0,1,WITHOUT CONCERN,,PASSED,Excellent,SDTL-PT-22-4A0818,E
4,4A-0863-22-PIBS-R,4A,MVD MEDICAL CLINIC AND LABORATORY,"363 BRGY, GUMAMELA, BALAYAN, BATANGAS",BATANGAS,09369542198/(043)4037382/09455601893,AZEUS O. SILVA,mvddtl21@gmail.com,mvddtl21@gmail.com,5073191,2,0,2,WITHOUT CONCERN,,PASSED,Excellent,SDTL-PT-22-4A0819,E
4,4A-0515-19-PIBS-R,4A,MY LAB CLINICAL LABORATORY,"KAPITAN DAYO BLDG, GENERAL LUNA ST, BATANGAS",BATANGAS,9992262399,"MARIA MYSTICA FLODALYN BAUTISTA, MD",mylabclinical@gmail.cim,mylabclinical@gmail.cim,5015899,0,4,4,WITHOUT CONCERN,,PASSED,Highly Satisfactory,SDTL-PT-22-4A0820,HS
4,4A-0480-21-PFSS-R,4A,NBZ LABORATORY AND DIAGNOSTIC CENTER ,"#75 EMILIA BLDG. QUEZON AVE.BRGY. SAN ISIDRO, RIZAL",RIZAL,(8)4030602; 09326203727; 09262846034,"MA. MYSTICA FLODALYN T. BAUTISTA, MD. PSP",nbzlab@gmail.com,nbzlab@gmail.com,5007772,2,0,2,WITHOUT CONCERN,,PASSED,Excellent,SDTL-PT-22-4A0821,E
4,4A-1608-21-PIBS-R,4A,NCLABS DIAGNOSTIC LABORATORY AND MEDICAL CLINIC,"3RD FLOOR F. ILANO BLDG. 117 NUENO AVENUE POBLACION IV-D, CAVITE",CAVITE,09279242941 /09177020241,"DEXTER A. LEDESMA, MD",nclabsnuenoclinicallaboratory@gmail.com,nclabsnuenoclinicallaboratory@gmail.com,5006782,2,0,2,WITHOUT CONCERN,,PASSED,Excellent,SDTL-PT-22-4A0822,E
4,4A-0367-21-PIBS-R,4A,NEW SINAI MDI HOSPITAL,"NATIONAL HIGHWAY, TAGAPO, SANTA ROSA, LAGUNA",LAGUNA,9171743513,"ARTURO C. LOPEZ, MD",mdilab818eqas@gmail.com,mdilab818eqas@gmail.com,5008375,2,0,2,WITHOUT CONCERN,,PASSED,Excellent,SDTL-PT-22-4A0823,E
4,4A-1226-21-PIBS-R,4A,NICOLAS-BANAL HEALTH SERVICES,"40 E. RODRIGUEZ HIGHWAY ST. SAN JOSE, RIZAL",RIZAL,(02) 89978384 / 09477863124,"ROMIL M. AGUIRRE, MD",joybanal25@yahoo.com,joybanal25@yahoo.com,5008172,2,0,2,WITHOUT CONCERN,,PASSED,Excellent,SDTL-PT-22-4A0824,E
4,4A-0493-20-PIBS-R,4A,NL VILLA MEMORIAL MEDICAL CENTER,"FELIX MANALO ST. BRGY 8, BATANGAS",BATANGAS,09457401485; (043) 7561217,"MAY M. MANGUIAT, MD",rheizer_clay08@yahoo.com,rheizer_clay08@yahoo.com,5008953,1,2,3,WITHOUT CONCERN,,PASSED,Highly Satisfactory,SDTL-PT-22-4A0825,HS
4,4A-0804-21-PIBS-R,4A,OCCUMEDICA HEALTH CARE SYSTEM CORP.,"1045 GOVERNOR'S DRIVE, OREGANO ST., CAVITE",Cavite,(046)4303456 / 09778547577,"MICHAELSAM E. ECON, MD",occumedica.clinic@yahoo.com,occumedica.clinic@yahoo.com,500661,3,5,8,WITHOUT CONCERN,,PASSED,Acceptable,SDTL-PT-22-4A0826,A
4,4A-0315-22-PIBS-R ,4A,OKIDOC MEDICAL AND DIAGNOSTIC CENTER ,"173 SAN PIOQUINTO (INFRONT OF MALVAR MUNICIPAL HALL), BATANGAS",BATANGAS,9619516985,"FRANK GERALD C. PAGDUNZULAN, MD ",okidocmdc@gmail.com,okidocmdc@gmail.com,5081849,2,0,2,WITHOUT CONCERN,,PASSED,Excellent,SDTL-PT-22-4A0827,E
4,4A-0859-21-PIBS-R,4A,ON TOP MEDICAL SERVICES X-RAY AND LABORATORY DIAGNOSTIC CLINIC,"BLOCK 1 LOT 6A GOVERNOR'S DRIVE BARANGAY SAN GABRIEL AREA K, CAVITE",CAVITE,0905-440-6382; 0465451181,"JOANNE MARIE C. RODRIGUEZ, MD",ontopmedicalservices@gmail.com,ontopmedicalservices@gmail.com,5007806,1,5,6,WITHOUT CONCERN,,PASSED,Acceptable,SDTL-PT-22-4A0828,A
4,4A-0492-21-PIBS-R,4A,OPTIMUM HEALTH DIAGNOSTIC AND MEDICAL SERVICES,"147 ESTEBAN MAYO ST. BRGY 6, BATANGAS",BATANGAS,09126234300; 7844035; 09279298071,"SPENCER S. WATANABE, MD, DPSP",ohdiagnostic@gmail.com,ohdiagnostic@gmail.com,5013811,2,3,5,WITHOUT CONCERN,,PASSED,Highly Satisfactory,SDTL-PT-22-4A0829,HS
4,4A-1600-22-PIBS-I ,4A,"ORTIGAS HOSPITAL AND HEALTHCARE CENTER, INC ","KM 21, ORTIGAS AVE EXT. BROOKSIDE HILLS SUBD. BRGY SAN ISIDRO,RIZAL",RIZAL ,9099777055,"JEANNIE I ANDRADE, MD ",ramdtl.ohhc@gmail.com,ramdtl.ohhc@gmail.com,5081847,2,0,2,WITHOUT CONCERN,,PASSED,Excellent,SDTL-PT-22-4A0830,E
4,4A-0222-21-PIBS-R,4A,OUR LADY OF CAYSASAY MEDICAL CENTER,V. ILLUSTRE AVENUE LEMERY BATANGAS,BATANGAS,09067690313; (043) 4062911;09255626268,"ARISTOTLE P. LEE, MD",aldrin_relevo@yahoo.com,aldrin_relevo@yahoo.com,5008434,2,1,3,WITHOUT CONCERN,,PASSED,Highly Satisfactory,SDTL-PT-22-4A0831,HS
4,4A-XXXX-XX-XXXX-X,4A,OUR LADY OF PROMPT SUCCOR MEDICAL CLINIC ,"MOLINO BLDG. SITIO ILOG PUGAD NATIONAL ROAD SAN JUAN, RIZAL",RIZAL ,9226802127,ALMA N. AQUILIZAN ,zaferrer72@yahoo.com,zaferrer72@yahoo.com,5035987,2,0,2,WITHOUT CONCERN,,PASSED,Excellent,SDTL-PT-22-4A0832,E
4,4A-0223-21-PFSS-R,4A,"OXFORD LABORATORY AND DIAGNOSTIC CENTER, INC","ROOM 105 ENTREPRENEUR CENTER, ORTIGAS AVENUE EXTENSION, RIZAL",RIZAL,09178825556; 85842675,"MARILYN A. CABAL-BARZA, MD",oxford_lab@yahoo.com,oxford_lab@yahoo.com,5008241,2,1,3,WITHOUT CONCERN,,PASSED,Highly Satisfactory,SDTL-PT-22-4A0833,HS
4,4A-0926-20-GIBS-R,4A,PAGAMUTAN NG DASMARIÑAS- DRUG TESTING LAB.,"CONGRESSIONAL AVENUE BUROL II, CAVITE",CAVITE,09208014836; LOC 783 4814420,"IRMA VERONICA M. GNILO, MD, FPSP",pagamutandtl@gmail.com,pagamutandtl@gmail.com,5008109,2,1,3,WITHOUT CONCERN,,PASSED,Highly Satisfactory,SDTL-PT-22-4A0834,HS
4,4A-1518-21-PIBS-R,4A,"PAGSANJAN MEDICAL CLINIC, INC","NATIONAL HI-WAY, SAMPALOC, PAGSANJAN, LAGUNA 4008",LAGUNA,9178120242,"PAULO ENRICO BELEN, MD",pmclaboratory01@gmail.com,pmclaboratory01@gmail.com,5030678,1,1,2,WITHOUT CONCERN,,PASSED,Excellent,SDTL-PT-22-4A0835,E
4,4A-0539-20-PFSS-R,4A,PANAPAN LABORATORY & DIAGNOSTIC CENTER,"UNIT B. MCG BLDG, PANAPAAN 4 BACOOR CITY CAVITE",CAVITE,9265795581,"JOHN ARNEL H. AMATA, MD,FPSP",panapan.lab@gmail.com,panapan.lab@gmail.com,5008105,2,5,7,WITHOUT CONCERN,,PASSED,Acceptable,SDTL-PT-22-4A0836,A
4,4A-0769-21-PFSS-R,4A,PARAÑAQUE ULTRASOUND DIAGNOSTIC CENTER INC.,"379 EMILIO AGUINALDO HIGHWAY TALABA IV, CAVITE",CAVITE,046-416-1965/09491619087,"MINNIE JANE A. PINEDA, MD",pudc_bacoor@yahoo.com,pudc_bacoor@yahoo.com,5007226,2,0,2,WITHOUT CONCERN,,PASSED,Excellent,SDTL-PT-22-4A0837,E
4,4A-0553-21-PFSS-R,4A,"PARAÑAQUE ULTRASOUND DIAGNOSTIC CENTER, INC.-ANIBAN BRANCH","RM 8, 2/F, OCAMPO COMMERCIAL CENTER, ANIBAN 1, CAVITE",CAVITE,09238765089; 046 4163956,"MINNIE JANE A. PINEDA, MD",pudci_aniban@yahoo.com,pudci_aniban@yahoo.com,5007224,0,0,0,WITHOUT CONCERN,,PASSED,Excellent,SDTL-PT-22-4A0838,E
4,4A-0552-21-PFSS-R,4A,"PARAÑAQUE ULTRASOUND DIAGNOSTIC CENTER, INC.-MOLINO","321 MOLINO 3, MOLINO ROAD, CAVITE",CAVITE,477-10-38; 09770864772; 09989124572,"MINNIE JANE A. PINEDA, MD",pudc.molino@yahoo.com.ph,pudc.molino@yahoo.com.ph,5007225,2,0,2,WITHOUT CONCERN,,PASSED,Excellent,SDTL-PT-22-4A0839,E
4,4A-0865-22-PFSS-R,4A,PAREDES MEDICAL CENTER,"PAREDES BUILDING., AGUINALDO HIGHWAY BAYAN LUMA IV, CAVITE",CAVITE,9179807434,"FLORECITA LUDIVINA T. SOLIS, MD",ppc_lab@yahoo.com,ppc_lab@yahoo.com,5045663,1,2,3,WITHOUT CONCERN,,PASSED,Highly Satisfactory,SDTL-PT-22-4A0840,HS
4,4A-0518-21-PFSS-R,4A,PDP DRUGTECH DRUG TESTING LABORATORY,"2/FLOOR # 15 A. BONIFACIO AVENUE, BRGY. SAN ROQUE, RIZAL",RIZAL,09390808113; 77391472,"MARIA LEAL M. REYES, MD",pdpdrugtech@gmail.com,pdpdrugtech@gmail.com,5007775,2,2,4,WITHOUT CONCERN,,PASSED,Highly Satisfactory,SDTL-PT-22-4A0841,HS
4,4A-0497-22-PFSS-R,4A,PEAKCREST DRUG TESTING AND CLINICAL LABORATORY,"LAGUERTA BLDG., P. TORRES ST. POBLACION II, BATANGAS",BATANGAS,9279156769,"AZEUS O. SILVA, MD, FPSP",peakcrest.drugtesting@gmail.com,peakcrest.drugtesting@gmail.com,5039412,1,1,2,WITHOUT CONCERN,,PASSED,Excellent,SDTL-PT-22-4A0842,E
4,4A-1124-21-PIBS-R,4A,PERFECT STAR MEDICAL CLINIC,"UNIT 101 J&F BUILDING, V.V. SOLIVEN, SAN ISIDRO, RIZAL",Rizal,9171421183,"AMY P. ESTRELLA, MD",perfectstarclinic@yahoo.com,perfectstarclinic@yahoo.com,5007073,1,5,6,WITHOUT CONCERN,,PASSED,Acceptable,SDTL-PT-22-4A0843,A
4,4A-1363-20-PIBS-R,4A,PHILIPPINE GEOTHERMAL PRODUCTION COMPANY INC- MAKBAN CLINIC,"RIZAL AVENUE BRGY.BITIN BAY LAGUNA, LAGUNA",LAGUNA,09178810173/7976-6360,"SUNAGAWA, FRANCIS TERUKAZO",philippinegeothermalcompany@yahoo.com,philippinegeothermalcompany@yahoo.com,5048995,2,3,5,WITHOUT CONCERN,,PASSED,Highly Satisfactory,SDTL-PT-22-4A0844,HS
4,04-043-2022-MF-S,4A,PIONEER CLINICAL LABORATORY AND MEDICAL CLINIC INC.,"PCLI BLDG NO. 1 P. NOBLE ST. BARANGAY 10, BATANGAS",BATANGAS,09425683329/09635264675/(043)723-0089,"FELICIANO,RAYMUNDO FRANCISCO",pclmci.laboratory@gmail.com,pclmci.laboratory@gmail.com,5060465,1,1,2,WITHOUT CONCERN,,PASSED,Excellent,SDTL-PT-22-4A0845,E
4,4A-0717-21-PIBS-R,4A,PMP DIAGNOSTIC CENTER,"1241-A-1 NATIONAL HIGHWAY, BRGY DILA, STA. ROSA, LAGUNA",LAGUNA,09759155091; (049) 5447812,"RONALD C. CABUDOY, MD",labdeptstarosa@yahoo.com,labdeptstarosa@yahoo.com,5007054,2,0,2,WITHOUT CONCERN,,PASSED,Excellent,SDTL-PT-22-4A0846,E
4,4A-0175-21-PIBS-R,4A,POLICARPIO-MANESE DRUG TESTING LABORATORY,"137 2ND FLOOR MAHOGANY AVE. CORP. AMADED-TAGAYTAY RD., CAVITE",CAVITE,09464236413; 09235133130,"EMILIANO U. MALUTO, JR, MD",policarpiodtl@gmail.com,policarpiodtl@gmail.com,5008432,2,4,6,WITHOUT CONCERN,,PASSED,Acceptable,SDTL-PT-22-4A0847,A
4,4A-0930-19-PIBS-R,4A,PRIMACARE MEDICAL LABORATORY AND CLINIC,"GROUND FLOOR ROSARIO COMM'S CENTER GEN. TRIAS DRIVE, CAVITE",CAVITE,9228305483; 4376628; 4378860,"EDNA MAY L. GO, MD",primacaremedicalclinic@yahoo.com,primacaremedicalclinic@yahoo.com,5009129,2,0,2,WITHOUT CONCERN,,PASSED,Excellent,SDTL-PT-22-4A0848,E
4,4A-0176-21-PIBS-R,4A,PRITZ CLINICAL LABORATORY AND DRUG TESTING CENTER,"#301 SAN RAFAEL ST. BRGY. POB. 2, BATANGAS",BATANGAS,09175749743; 0437414143,"MARITESS TERESITA M. TORIO, MD",pritzcalaca@gmail.com,pritzcalaca@gmail.com,5009810,0,5,5,WITHOUT CONCERN,,PASSED,Highly Satisfactory,SDTL-PT-22-4A0849,HS
4,4A-1681-21-PIBS-I,4A,PROMEDICA MEDICAL CLINIC AND LABORATORY,"B4 L12, MD CONSUELO BLDG., G/F UNIT 2 PNOC DRIVE COSTA VERDE SUBD., BRGY. TEJEROS CONVENTION, ROSARIO",CAVITE,09064083529/(046) 840-3863,"ERNESTO V. DATU, MD",promedicamedicalclinic@gmail.com,promedicamedicalclinic@gmail.com,5105656,1,5,6,WITHOUT CONCERN,,PASSED,Acceptable,SDTL-PT-22-4A0850,A
4,4A-0481-21-PIBS-R,4A,PROVEN CARE DIAGNOSTIC LABORATORY AND MEDICAL CLINIC,"3RD FLOOR FAUSTINO BLDG., 149 DON BOSCO ST., MAYAPA, LAGUNA",LAGUNA,(049) 544 4862; 09429823045,"MARY ANN CABRERA, MD",provencare_diagnostic@yahoo.com.ph,provencare_diagnostic@yahoo.com.ph,5006976,2,4,6,WITHOUT CONCERN,,PASSED,Acceptable,SDTL-PT-22-4A0851,A
4,4A-1066-21-PFSS-R,4A,PUREHEALTH DIAGNOSTIC CENTER INC.,"GLOS BLDG. B4 L4 VILLA MARIA SUBD. GSIS ROAD..MOLINO 3, CAVITE",Cavite,09995113470; 09950281611; 046-489-7667,"MINNIE JANE A. PINEDA, MD",purehealthdiagnostic48@yahoo.com,purehealthdiagnostic48@yahoo.com,5005923,2,0,2,WITHOUT CONCERN,,PASSED,Excellent,SDTL-PT-22-4A0852,E
4,4A-0716-20-PFSS-R,4A,"PUREHEALTH DIAGNOSTIC CENTER INC.,-SALAWAG","BLOCK1 LOT 17 2ND FLOOR STERLING MILES, BRGY.SALAWAG, CAVITE",CAVITE,416-50-43; 09061589421,"MINNIE JANE A. PINEDA, MD",purehealthsalawag@yahoo.com,purehealthsalawag@yahoo.com,5007221,1,2,3,WITHOUT CONCERN,,PASSED,Highly Satisfactory,SDTL-PT-22-4A0853,HS
4,4A-0482-21-PFSS-R,4A,"PUREHEALTH DIAGNOSTIC CENTER, INC.","MDSW BLG. 4936 EMILIO AGUINALDO HI-WAY TALABA 4, CAVITE",CAVITE,0464162215; 09167117697,"MINNIE JANE A. PINEDA, MD",purehealthtalaba@yahoo.com,purehealthtalaba@yahoo.com,5005926,3,1,4,WITHOUT CONCERN,,PASSED,Highly Satisfactory,SDTL-PT-22-4A0854,HS
4,4A-0177-21-PIBS-R,4A,QMMG DIAGNOSTIC CENTER CLINICAL LABORATORY,"MEDICAL PLAZA I B QUEZON AVE. BRGY 1, QUEZON PROVINCE",QUEZON PROVINCE,042-7102288; 09082934763; 09233763772,"RAYMUNDO C. SUPEÑA, MD",mmgdiagnosticlaboratory@yahoo.com,mmgdiagnosticlaboratory@yahoo.com,5010506,1,5,6,WITHOUT CONCERN,,PASSED,Acceptable,SDTL-PT-22-4A0855,A
4,4A-1354-21-PIBS-R,4A,QUALIMED HEALTH NETWORK STA. ROSA,"WEST NATURE NUVALI NORTH BRGY STO DOMINGO, LAGUNA",LAGUNA,3030000; 09152257846; 09209128057,"ANDREW D. DIMACALI, MD",laboratory.str@gmail.com,laboratory.str@gmail.com,5009604,2,5,7,WITHOUT CONCERN,,PASSED,Acceptable,SDTL-PT-22-4A0856,A
4,4A-0750-18-GIBS-R,4A,QUEZON MEDICAL CENTER,"BELEN DRIVE BRGY GULANG GULANG, BARANGAY 11, QUEZON",QUEZON,9189482492,"RAYMUNDO C. SUPEÑA, MD",quezonmedicalcenterlab@gmail.com,quezonmedicalcenterlab@gmail.com,5024289,1,4,5,WITHOUT CONCERN,,PASSED,Highly Satisfactory,SDTL-PT-22-4A0857,HS
4,4A-0866-22-PIBS-R ,4A,R.B. LIRIO MEDICAL AND DIAGNOSTIC CLINIC ,"NATIONAL ROAD MAYAPA, LAGUNA",LAGUNA ,9156701429,"ROGELDA G. BONGAT, MD ",rogeldabongat_md@yahoo.com / rblmedical@yahoo.com ,rogeldabongat_md@yahoo.com / rblmedical@yahoo.com ,5073228,1,1,2,WITHOUT CONCERN,,PASSED,Excellent,SDTL-PT-22-4A0858,E
4,4A-1637-22-PIBS-R,4A,R.S PUNZALAN MULTISPECIALTY AND DIAGNOSTIC CLINIC ,"TRECE-TANZA ROAD, BRGY. SAN AGUSTIN (NEAR IGLESIA NI CRISTO/ DIVIMART) TRECE MARTIRES CITY",CAVITE ,09175972936 / (046) 423-4508 ,DOREEN L. DOTOLLO ,rspunzalan081015@gmail.com ,rspunzalan081015@gmail.com ,5069848,2,1,3,WITHOUT CONCERN,,PASSED,Highly Satisfactory,SDTL-PT-22-4A0859,HS
4,4A-1569-21-PIBS-I,4A,REALAB MEDICAL AND DIAGNOSTIC CENTER,"213 NATIONAL HIGHWAY BRGY REAL, LAGUNA",LAGUNA,09084301916; 09995215222; 0495034684; 09176264651,"RAYMUNDO C. SUPEÑA, MD",realabmedicalanddiagnostic@gmail.com,realabmedicalanddiagnostic@gmail.com,5013635,2,2,4,WITHOUT CONCERN,,PASSED,Highly Satisfactory,SDTL-PT-22-4A0860,HS
4,4A-0483-21-PIBS-R,4A,RGO LABORATORY AND INDUSTRIAL DIAGNOSTIC CENTER INC. (CAVITE),"UNIT 103/104/205 H-SQUARE COMMERCIAL COMPLEX CENTENNIAL RD. BACO, CAVITE",CAVITE,09175491517; (046) 4847332,"HERBERT Z. MANAOIS, MD",rgo.gtcavite@gmail.com,rgo.gtcavite@gmail.com,5005891,0,2,2,WITHOUT CONCERN,,PASSED,Excellent,SDTL-PT-22-4A0861,E
4,4A-1668-20-PIBS-R,4A,RNR MEDICAL CLINIC AND LABORATORY FACILITY,"L2 B21 NHA AVE. BRGY DELA PAZ, RIZAL",RIZAL,9668934537,"PAULO ANTONIO E. CLEMENTE, MD, FPSP",rnrdiagnosticclinic@yahoo.com,rnrdiagnosticclinic@yahoo.com,5021197,2,0,2,WITHOUT CONCERN,,PASSED,Excellent,SDTL-PT-22-4A0862,E
4,4A-1707-21-PIBS-R,4A,ROSARIO SHALOM MEDICAL DIAGNOSTIC CENTER,"BRGY. C ROSARIO, BATANGAS",BATANGAS,09750222676; 0437844098,"ALPHA GRACE B. CABIC, MD",ros.care@shalomlab.ph,ros.care@shalomlab.ph,5016009,1,0,1,WITHOUT CONCERN,,PASSED,Excellent,SDTL-PT-22-4A0863,E
4,4A-0179-21-PIBS-R,4A,SAINT PATRICK'S HOSPITAL MEDICAL CENTER,"LOPEZ JAENA STREET, BRGY. 2 (POB.), BATANGAS CITY",BATANGAS,09177393011; 0437238196,"ABEGAYLE MACHELLE P. CHUA, MD",sphdtl@yahoo.com,sphdtl@yahoo.com,5009356,0,1,1,WITHOUT CONCERN,,PASSED,Excellent,SDTL-PT-22-4A0864,E
4,4A-0472-22-PIBS-R,4A,SAINT THOMAS AQUINAS HOSPITAL CORPORATION (METRO LEMERY MEDICAL CENTER),"PALANAS, LEMERY, BATANGAS/NEAR SM CENTER LEMERY, BATANGAS",BATANGAS,09498287119/(043)4090480/09175516858,AZEUS OBA SILVA,laboratory.mlmc@gmail.com,laboratory.mlmc@gmail.com,5072898,2,2,4,WITHOUT CONCERN,,PASSED,Highly Satisfactory,SDTL-PT-22-4A0865,HS
4,4A-0515-22-PIBS-R,4A,SAINTS BRIGIT AND ROCH MEDICAL LAB AND BIRTHING CENTER ,"UNIT 2B-5 ONE SANTA ROSA PRIME NATIONAL HIGHWAY, BARANGAY DILA (LANDMARK; CALTEX GAS STATION)",LAGUNA ,9686796425,"GABRIEL JOCSON CRUZ, MD",sbrmedicallab@gmail.com ,sbrmedicallab@gmail.com ,5073317,1,3,4,WITHOUT CONCERN,,PASSED,Highly Satisfactory,SDTL-PT-22-4A0866,HS
4,4A-0311-21-PIBS-R,4A,"SAN ANTONIO MEDICAL CENTER OF LIPA, INC","#2 CM RECTO AVENUE, BRGY 9A LANDMARK: NEAR SAN SEBASTIAN CATHEDRAL (LIPA CATHEDRAL)",BATANGAS,09272792353; (043) 7562555,"NINA NATALIA L. BAUTISTA, MD, DPSP",schistosomajaponicum31@yahoo.com,schistosomajaponicum31@yahoo.com,5008957,0,1,1,WITHOUT CONCERN,,PASSED,Excellent,SDTL-PT-22-4A0867,E
4,4A-1151-21-PIBS-R,4A,SAN PABLO COLLEGES MEDICAL CENTER,"SAN PABLO COLLEGES MEDICAL CENTER, GROUND FLOOR CENTRAL BUILDING, MAHARLIKA HIGHWAY, BRGY. SAN RAFAEL",LAGUNA,09516461741 / 09991635696,"ROSELLA L. MONTANO, MD",spcmc.laboratory@gmail.com,spcmc.laboratory@gmail.com,5006510,0,1,1,WITHOUT CONCERN,,PASSED,Excellent,SDTL-PT-22-4A0868,E
4,4A-1746-20-PIBS-1,4A,SARMAC MEDICAL CLINIC,"BLK 11 SAMAGTA RIVERSIDE SAN JUAN, RIZAL",RIZAL,9773948460,"DARIO D. DEFENSOR, MD",sarmacmedclinic@yahoo.com,sarmacmedclinic@yahoo.com,5024606,0,0,0,WITHOUT CONCERN,,PASSED,Excellent,SDTL-PT-22-4A0869,E
4,4A-0484-21-PFSS-R,4A,SARREAL DRUG TESTING CENTER,"188 TOCLONG 2B, IMUS, CAVITE",CAVITE,09292800408; 09178227109,"MONINA C. MONTENEGRO, MD",sarreal_dtc@yahoo.com,sarreal_dtc@yahoo.com,5005665,2,0,2,WITHOUT CONCERN,,PASSED,Excellent,SDTL-PT-22-4A0870,E
4,4A-0485-21-PIBS-R,4A,SHALOM MEDICAL DIAGNOSTIC LABORATORY,"ZENAIDA ARCDE MH DEL PILAR ST. BRGY 2, BATANGAS",BATANGAS,09178806208; 9805714; ,"ALPHA GRACE B. CABIC, MD",shalom@shalomlab.ph,shalom@shalomlab.ph,5013985,0,5,5,WITHOUT CONCERN,,PASSED,Highly Satisfactory,SDTL-PT-22-4A0871,HS
4,4A-1406-22-PIBS-R,4A,SHECHEM LABORATORY AND POLYMEDICAL CENTER INC.,2F ISA.INA.IRA BLDG. J.P. LAUREL ST. COR. C. ALVAREZ ST. NASUGBU BATANGAS,BATANGAS,09677058942/(043)416-0286,"MARTINEZ,MEMARIBEL",shechemlab.2016@yahoo.com,shechemlab.2016@yahoo.com,5060457,2,0,2,WITHOUT CONCERN,,PASSED,Excellent,SDTL-PT-22-4A0872,E
4,4A-1307-22-PIBS-R,4A,SIERRA MAKILING HEALTH CORPORATION,"SIERRA MAKILING BLDG., KM 61 MAHARLIKA HIGHWAY, BATANGAS",BATANGAS,9491430722,"FERDINAND B. GALNG, MD, DPSP",sierrahealthdiagnosticcenter@gmail.com,sierrahealthdiagnosticcenter@gmail.com,5047706,2,5,7,WITHOUT CONCERN,,PASSED,Acceptable,SDTL-PT-22-4A0873,A
4,4A-1200-21-PFSS-R,4A,SILANG MEDICAL LABORATORY,"152 J. P. RIZAL STREET, SILANG CITY, CAVITE",Cavite ,(046) 430113  / 09178625781; 09615399667,"FELICIDA R. BANTOLINAO, MD",felirose2003@yahoo.com,felirose2003@yahoo.com,5007520,1,0,1,WITHOUT CONCERN,,PASSED,Excellent,SDTL-PT-22-4A0874,E
4,4A-XXXX-XX-XXXX-X,4A,"SILANG SPECIALISTS MEDICAL CENTER, INC.","SAN VICENTE 2, SILANG, CAVITE",CAVITE,09289744072/(046)4091325/09175500051,"EUGENE GUERRERO ODOÑO I, MD",ssmc.lab2016@gmail.com,ssmc.lab2016@gmail.com,5087933,2,2,4,WITHOUT CONCERN,,PASSED,Highly Satisfactory,SDTL-PT-22-4A0875,HS
4,4A-1693-21-PIBS-R,4A,SOUTHEAST ASIAN MEDICAL CENTER INC. ,"MOLINO ROAD, MOLINO III, CAVITE",CAVITE,9171300036; (046) 4355300 LOC. 1045,"MONINA C. MONTENEGRO, MD",samcimedtech@gmail.com,samcimedtech@gmail.com,5008439,1,1,2,WITHOUT CONCERN,,PASSED,Excellent,SDTL-PT-22-4A0876,E
4,4A-0428-21-PIBS-R,4A,SSMC HEALTH INC ,"2F ANDICO BLDG., GEN. TRIAS DRIVE, ROSARIO, CAVITE",CAVITE ,09352981574; (02) 8-7757272,"IFTIZAR NAKAN HARON, MD",ssmcepza@gmail.com,ssmcepza@gmail.com,5008979,1,4,5,WITHOUT CONCERN,,PASSED,Highly Satisfactory,SDTL-PT-22-4A0877,HS
4,4A-0327-22-PFSS-R,4A,SSMC HEALTH INC ,"OLD NATIONAL HIGHWAY, BALIBAGO, SANTA ROSA, LAGUNA",LAGUNA,9399730813,"IFTIZAR NAKAN HARON, MD",ssmc.starosa@yahoo.com,ssmc.starosa@yahoo.com,5039047,0,1,1,WITHOUT CONCERN,,PASSED,Excellent,SDTL-PT-22-4A0878,E
4,4A-0432-21-PFSS-R,4A,SSMC HEALTH INC.,"2ND FLOOR ALCASID BUSINESS CENTER, ALCASID BUILDING CROSSING, LAGUNA",Laguna,049-3068566; 09178860063,"IFTIZAR NAKAN HARON, MD",ssmc_calamba@yahoo.com,ssmc_calamba@yahoo.com,5004747,0,5,5,WITHOUT CONCERN,,PASSED,Highly Satisfactory,SDTL-PT-22-4A0879,HS
4,4A-0615-21-PIBS-R,4A,ST. DOMINIC MEDICAL CENTER,"EMILIO AGUINALDO HIGHWAY, TALABA IV, BACOOR, CAVITE",CAVITE,09190007995; 09985994213; 09190007995; 4172525 LOC 223,"ROLAN R. DELA ROSA, MD",anasoltes@yahoo.com,anasoltes@yahoo.com,5008641,2,0,2,WITHOUT CONCERN,,PASSED,Excellent,SDTL-PT-22-4A0880,E
4,4A-XXXX-XX-XXXX-X,4A,ST. DOMINIC MEDICAL LABORATORY AND DRUG TESTING CENTER,"373 NATIONAL HI-WAY KRISTINE BLDG. BRGY. BUCAL CALAMBA CITY, LAGUNA",LAGUNA ,9189353547,IMELDA MARIE FREMIELLE F. PALACAOL ,sdmldtc@gmail.com ,sdmldtc@gmail.com ,5073226,2,0,2,WITHOUT CONCERN,,PASSED,Excellent,SDTL-PT-22-4A0881,E
4,4A-0524-19-PIBS-R,4A,ST. FRANCES CABRINI MEDICAL CENTER INC.,"MAHARLIKA HI-WAY, BARANGAY II (POB.), SANTO TOMAS, BATANGAS 4234",BATANGAS,09954598470; (043) 7784811,"AIRA LIZA F. DE CHAVEZ, MD, FPSP",dtcabrini@gmail.com,dtcabrini@gmail.com,5009557,1,4,5,WITHOUT CONCERN,,PASSED,Highly Satisfactory,SDTL-PT-22-4A0882,HS
4,4A-0274-21-PIBS-R,4A,ST. IGNATIUS DE LOYOLA HEALTH CARE SERVICES,"81 JOAQUINA BLDG., A. BONIFACIO ST. STO. DOMINGO, RIZAL",RIZAL,0908-5067706 / 72132124,"MARIA LOURDES A. TILBE, MD",stignatiuscainta@yahoo.com,stignatiuscainta@yahoo.com,5005512,0,1,1,WITHOUT CONCERN,,PASSED,Excellent,SDTL-PT-22-4A0883,E
4,4A-0521-21-PIBS-R,4A,ST. JOHN OF THE CROSS LABORATORY,"252 GEN. LUNA ST. GUITNANG BAYAN 2, RIZAL",RIZAL,09991043873; 89415611/84639754,"ANNA LIZA T. LIM, MD",sjc.labclinic@gmail.com,sjc.labclinic@gmail.com,5006514,2,3,5,WITHOUT CONCERN,,PASSED,Highly Satisfactory,SDTL-PT-22-4A0884,HS
4,4A-0616-21-PFSS-R,4A,ST. MAGDALENE POLYCLINIC,"NATIONAL ROAD, BANLIC, CABUYAO, LAGUNA",LAGUNA,09224818567; 09495390745,"MARLENE S. ONTOG, MD",st.magdalenepolyclinic@yahoo.con,st.magdalenepolyclinic@yahoo.con,5013560,2,3,5,WITHOUT CONCERN,,PASSED,Highly Satisfactory,SDTL-PT-22-4A0885,HS
4,4A-0938-21-PFSS-R,4A,ST. MICHAEL'S MEDICAL CLINIC & DIAGNOSTIC CENTER,"2ND FLOOR ATDRMAM BLDG. BARANGAY UNO CROSSING, LAGUNA",LAGUNA,(049) 545-0871 / 0905-3726-829; 0917436164,"BU C. CASTRO, MD",smmc_calamba@yahoo.com,smmc_calamba@yahoo.com,5004994,2,5,7,WITHOUT CONCERN,,PASSED,Acceptable,SDTL-PT-22-4A0886,A
4,4A-0192-18-PIBS-R,4A,ST. PEREGRINE HEALTHCARE CORP,GF 5 HUMARANG BLDG. PALANAS LEMERY BATANGAS,BATANGAS,434090001,"ROSALINA M. BIIG, MD",qrsalazarhr@yahoo.com,qrsalazarhr@yahoo.com,5032362,0,1,1,WITHOUT CONCERN,,PASSED,Excellent,SDTL-PT-22-4A0887,E
4,4A-0719-21-PIBS-R,4A,ST. VERONICA CLINICAL LABORATORY AND NEURO PSYCHIATRY TESTING AND EVALUATION CENTER,"#43 QUEZON AVENUE, LUCENA CITY, QUEZON",QUEZON,09516488274; 09171090942; (042) 3736324,"MARITES TERESITA M. TORIO, MD",mtmtpathmd@gmail.com,mtmtpathmd@gmail.com,5007445,0,0,0,WITHOUT CONCERN,,PASSED,Excellent,SDTL-PT-22-4A0888,E
4,4A-0368-21-PIBS-R,4A,ST. ANNE GENERAL HOSPITAL INC.,"P. GOMEZ EXT. RED V IBABANG DUPAY, QUEZON",QUEZON,09958421508; 0427102218 LOC. 105,"MARIA LUISA ROSPI R. CRUZ, MD","saghilabdept@gmail,cim","saghilabdept@gmail,cim",5015563,1,4,5,WITHOUT CONCERN,,PASSED,Highly Satisfactory,SDTL-PT-22-4A0889,HS
4,4A-1125-21-PIBS-R,4A,STO DOMINGO DIAGNOSTIC AND MEDICAL CENTER CORP.,"2F RTA BLDG GENERAL TRIAS DRIVE TEJERO CONVENTION, CAVITE",CAVITE,09286682525; 09175660306; 0464379463,"MELANIE H. SIONZON, MD",sddmcc.cavite@yahoo.com,sddmcc.cavite@yahoo.com,5012518,1,5,6,WITHOUT CONCERN,,PASSED,Acceptable,SDTL-PT-22-4A0890,A
4,4A-1466-20-PIBS-R,4A,TAGAYTAY MEDICAL CENTER INC.,"EMILIO AGUINALDO HIGHWAY, SILANG CROSSING EAST, CAVITE",CAVITE,09319665110; 483013410-38,"IRMA VERONICA M. GNILO, MD, FPSP",uthmc.lab@gmail,uthmc.lab@gmail,5008157,2,2,4,WITHOUT CONCERN,,PASSED,Highly Satisfactory,SDTL-PT-22-4A0891,HS
4,4A-0181-21-PFSS-R,4A,TANAUAN CENTRAL DRUG DRUG TESTING AND DIAGNOSTIC CENTER,"RM 210 LAST BUSINESS CETER A. MABINI AVE. BRGY 6, BATANGAS",BATANGAS,09195673277; 09434065065; 09985997442,"MAY M. MANGUIAT, MD",tanauancentral@gmail.com,tanauancentral@gmail.com,5008848,1,3,4,WITHOUT CONCERN,,PASSED,Highly Satisfactory,SDTL-PT-22-4A0892,HS
4,4A-0275-21-GIBS-R,4A,TANAUAN CITY DRUG TESTING CENTER AND LABORATORY,"CITY HEALTH OFFICE, ST. B3, BATANGAS",BATANGAS,09217568466; (043) 778-5790,"ADEL S. BAUTISTA, MD",tancitydrugtesting@yahoo.com,tancitydrugtesting@yahoo.com,5011209,1,1,2,WITHOUT CONCERN,,PASSED,Excellent,SDTL-PT-22-4A0893,E
4,4A-0199-18-PFSS-R,4A,TANAUAN MEDICAL CENTER INC.,"A. MABINI AVE. POBLACION BRGY. 4, BATANGAS",BATANGAS,9224198820; 09338294193,"CELSO S. RAMOS, MD, FPSP",tmcidtl@yahoo.com,tmcidtl@yahoo.com,5008039,3,4,7,WITHOUT CONCERN,,PASSED,Acceptable,SDTL-PT-22-4A0894,A
4,4A-1505-22-PIBS-R,4A,"TANZA SPECIALISTS MEDICAL CENTER, INC.","TANZA SPECIALISTS MEDICAL CENTER, BRGY. DAANG AMAYA III, TANZA, CAVITE",CAVITE,09088127782/(046)4847777/09432937679,"SERVILLANO B. RITUALO III, MD",tsmclaboratory@gmail.com,tsmclaboratory@gmail.com,5071682,2,4,6,WITHOUT CONCERN,,PASSED,Acceptable,SDTL-PT-22-4A0895,A
4,4A-0229-21-PIBS-R,4A,TAYTAY DOCTORS MULTISPECIALTY HOSPITAL,"6 RIZAL AVE., SAN ISIDRO, TAYTAY, RIZAL 1920",RIZAL,9688798992,"SIRRA IRMA S. HERNANDEZ, MD",tdmhlaboratory2012@gmail.com,tdmhlaboratory2012@gmail.com,5033725,1,4,5,WITHOUT CONCERN,,PASSED,Highly Satisfactory,SDTL-PT-22-4A0896,HS
4,4A-1573-22-PIBS-R,4A,THE MEDICAL CITY -CAINTA CLINIC,2/F ROBINSONS BIG R STO DOMINGO JUNCTION ORTIGAS AVENUE CAINTA RIZAL,RIZAL,09166582369/86560957,"SIONZO,MELANI HERNANDEZ",tmccainta@themedicalcity.com,tmccainta@themedicalcity.com,5057933,3,2,5,WITHOUT CONCERN,,PASSED,Highly Satisfactory,SDTL-PT-22-4A0897,HS
4,4A-0928-20-PIBS-R,4A,THERAMEDICA HEALTH SYSTEMS INC.,"3RD FLOOR BLK. 2 LOT 5, CAVITE",CAVITE,9392483820,"ROMIL M. AGUIRRE, MD",tulona99@yahoo.com,tulona99@yahoo.com,5011044,2,2,4,WITHOUT CONCERN,,PASSED,Highly Satisfactory,SDTL-PT-22-4A0898,HS
4,4A-0939-21-PIBS-R ,4A,TIMBAO MEDICAL AND DIAGNOSTIC LABORATORY SERVICES,"UNIT 3 AYAG ARCADE BRGY TIMBAO, LAGUNA",LAGUNA,09274545765; 09335494562; 09465702000,"AZEUS O. SILVA, MD, FPSP",tgimedical@yahoo.com,tgimedical@yahoo.com,5008549,3,3,6,WITHOUT CONCERN,,PASSED,Acceptable,SDTL-PT-22-4A0899,A
4,4A-0618-21-PFSS-R,4A,TRIPTORS DIAGNOSTIC CENTER,"B3 LUCENA GRAND CENTRAL TERMINAL, ILYANG DUPAY, QUEZON",QUEZON,9395320910,"JAIMAR R. SAPUNGAN, MD",tdc.lto@yahoo.com,tdc.lto@yahoo.com,5022474,2,1,3,WITHOUT CONCERN,,PASSED,Highly Satisfactory,SDTL-PT-22-4A0900,HS
4,4A-1698-21-PIBS-I,4A,ULINK MEDICAL AND DIAGNOSTIC CENTER - CALAMBA BRANCH,"PUROK 4 JULITA BLDG, NATIONAL HIWAY BRGY 1 (IN FRONT OF ST. ROSE TRANSIT), CALAMBA CITY",LAGUNA,09171081714/0495369686/09175516858,"AZEUS O. SILVA, MD, FPSP",ulink.mdccalamba@gmail.com,ulink.mdccalamba@gmail.com,5013984,1,0,1,WITHOUT CONCERN,,PASSED,Excellent,SDTL-PT-22-4A0901,E
4,4A-1008-21-PIBS-R,4A,ULINK MEDICAL AND DIAGNOSTIC CLINIC. INC,"G/F LAUREK HILL CENTER, NATATAS, BATANGAS",BATANGAS,09065814898; 09059990760; 0437237802,"AZEUS O. SILVA, MD, FPSP",ulink.mdc@gmail.com,ulink.mdc@gmail.com,5015076,2,5,7,WITHOUT CONCERN,,PASSED,Acceptable,SDTL-PT-22-4A0902,A
4,4A-1182-22-PIBS-R ,4A,UNIMED DIAGNOSTIC CENTER CORP. ,BLOCK 2 LOT 2 METROPOLIS GREENS SUBDIVISION MANGGAHAN GENERAL TRIAS ,CAVITE ,09188078248 / 09512249133 ,THOMAS JEFF LIM ,unimedca.lab@gmail.com ,unimedca.lab@gmail.com ,5066495,3,5,8,WITHOUT CONCERN,,PASSED,Acceptable,SDTL-PT-22-4A0903,A
4,4A-0494-21-PFSS-R,4A,"VALUE CARE LABORATORY & DIAGNOSTIC CENTER, CO.","2/F LIBERT BLDG. GSIS ROAD, VILLA MARIA SUBD., MOLINO III, CAVITE",CAVITE,(046)683-2047; 09493132228,"DEXTER A. LEDESMA, MD",valuecaremolino@gmail.com,valuecaremolino@gmail.com,5008942,1,2,3,WITHOUT CONCERN,,PASSED,Highly Satisfactory,SDTL-PT-22-4A0904,HS
4,4A-0277-21-PFSS-R,4A,VALUE CARE LABORATORY AND DIAGNOSTIC CENTER CO.,"2ND FLR. AGUSTIN BLDG. AGUINALDO HIWAY. BRGY PANAPAAN 1, CAVITE",CAVITE,046-683-2047 / 09493132228/ 09432890334,"DEXTER A. LEDESMA, MD",valuecarepanapaan@gmail.com,valuecarepanapaan@gmail.com,5009038,2,5,7,WITHOUT CONCERN,,PASSED,Acceptable,SDTL-PT-22-4A0905,A
4,4A-0541-21-CLS-2,4A,VCARE DIAGNOSTICS,"LOWER GROUND FLOOR, SOMO A VISTA MALL, DAANG HARI COR. MOLINO-PALIPARAN RD. VISTA ALABANG",CAVITE,9700444800,"OLGA MUNAR-BAUSA, MD, FPSP",inquiryDH@vcarediagnostcs.ph,inquiryDH@vcarediagnostcs.ph,5031468,4,1,5,WITHOUT CONCERN,,PASSED,Highly Satisfactory,SDTL-PT-22-4A0906,HS
4,4A-0369-21-PIBS-R,4A,VICENTE-ISABEL MULTISPECIALTY CLINIC AND DIAGNOSTIC AND DIAGNOSTIC CENTER INC - IMUS BRANCH ,"493 BUCANDALA V, IMUS, CAVITE",CAVITE,09615386335 / 09393935646 ,"HERBERT Z. MANAOIS, MD",vimcdci.lab@gmail.com,vimcdci.lab@gmail.com,5067359,1,5,6,WITHOUT CONCERN,,PASSED,Acceptable,SDTL-PT-22-4A0907,A
4,4A-1001-21-PFSS-R,4A,VICKY'S PHARMACY AND MEDICAL SERVICES,"QUEZON AVENUE, BARANGAY 11 (POB.), LUCENA CITY (CAPITAL), QUEZON 4301",QUEZON PROVINCE,99855721570,"ARNEL G. BAYOTAS, MD","vickysdiagnosticclinic@yahoo.com,","vickysdiagnosticclinic@yahoo.com,",5019779,0,4,4,WITHOUT CONCERN,,PASSED,Highly Satisfactory,SDTL-PT-22-4A0908,HS
4,4A-XXXX-XX-XXXX-X,4A,WELLCARE CLINIC & LAB INC. - WALTERMART DASMARIÑAS,2ND FLOOR WALTERMART COMPOUND DASMARIÑAS EMILIO AGUINALDO HIGHWAY,CAVITE,09158427332; 0464163277; 09209203439,"LUIS P. CRUZ, MD",wellcare_dasma@yahoo.com,wellcare_dasma@yahoo.com,5014529,1,3,4,WITHOUT CONCERN,,PASSED,Highly Satisfactory,SDTL-PT-22-4A0909,HS
4,4A-0420-19-PIBS-R,4A,"WELLCARE CLINIC AND LAB., INC BUROL","GOV. D. MANGUBAT AVE. BUROL MAIN, CAVITE",CAVITE,09338204078/09209063302/09255505788,"JANETTE S. TOLENTINO, MD",,,5011347,2,0,2,WITHOUT CONCERN,,PASSED,Excellent,SDTL-PT-22-4A0910,E
4,4A-1202-21-PFSS-R,4A,WELLCARE CLINICS & LAB INC,"MAINSTREET PLAZA 1 BRGY MANGGAHAN, CAVITE",CAVITE,046-4164072; 09989709530,"LUIS P. CRUZ, MD",manggahan_wdtc@yahoo.com,manggahan_wdtc@yahoo.com,5014527,1,1,2,WITHOUT CONCERN,,PASSED,Excellent,SDTL-PT-22-4A0911,E
4,4A-1204-21-PIBS-R,4A,WELLCARE CLINICS & LABORATORY INC. SILANG,"J.P. RIZAL STREET SAN VICENTE 1, CAVITE",CAVITE,(046) 413 0219; ,"JANETTE S. TOLENTINO, MD",wellcaresilangbranch2020@gmai.com,wellcaresilangbranch2020@gmai.com,5014528,2,2,4,WITHOUT CONCERN,,PASSED,Highly Satisfactory,SDTL-PT-22-4A0912,HS
4,4A-1205-21-PIBS-R,4A,"WELLCARE CLINICS & LABORATORY, INC.","2ND FLR. WALTERMART MALL , RSBS BLVD., BARGY. BALIBAGO, LAGUNA",LAGUNA,09474923814; 09495760010; 09088751748,"LUIS P. CRUZ, MD",Wclab_starosa@yahoo.com,Wclab_starosa@yahoo.com,50011346,2,3,5,WITHOUT CONCERN,,PASSED,Highly Satisfactory,SDTL-PT-22-4A0913,HS
4,4A-0870-22-PIBS-R,4A,WELLPOINT MEDICAL CLINIC & DIAGNOSTIC  INC.,"UNIT 31-32 LGF SM CITY BACOOR COR. AGUINALDO HIGHWAY BACOOR CITY, CAVITE",CAVITE,09298841429/(046)850-1850,"CAJA, JOCELYN MYRA",laboratory.wellpoint@yahoo.com,laboratory.wellpoint@yahoo.com,5057467,1,4,5,WITHOUT CONCERN,,PASSED,Highly Satisfactory,SDTL-PT-22-4A0914,HS
4,4A-0495-21-PIBS-R,4A,WELLPOINT MEDICAL CLINIC AND DIAGNOSTIC CENTER INC.,"31-32 LGF SM CITY BACOOR , AGUINALDO COR TIRONA HIWAY, CAVITE",Cavite,09568170052;,"JOCELYN MYRA R. CAJA, MD",Laboratory.wellpoint@yahoo.com,Laboratory.wellpoint@yahoo.com,5008547,2,3,5,WITHOUT CONCERN,,PASSED,Highly Satisfactory,SDTL-PT-22-4A0915,HS
4,4A-1341-19-PIBS-R,4A,WELLPOINT MEDICAL CLINIC AND DIAGNOSTIC CENTER INC.,"LGF CARPARK BLDG., GOVERNOR'S DRIVE BRGY. SAMPALOC, CAVITE",CAVITE,09605170612; 0464351906; 0285194591,"JOCELYN MYRA R. CAJA, MD","wellpointdasmarinas@yahoo.com,","wellpointdasmarinas@yahoo.com,",5012184,2,5,7,WITHOUT CONCERN,,PASSED,Acceptable,SDTL-PT-22-4A0916,A
4,4A-1069-21-PFSS-R,4A,WILBUR DRUG TESTING CENTER,"#16 STO NIÑO ST., BRGY STO NIÑO, LAGUNA",LAGUNA,09291924339; (02) 5160937,"DEXTER A. LEDESMA, MD",wilburlab.com@gmail.com,wilburlab.com@gmail.com,5006984,1,5,6,WITHOUT CONCERN,,PASSED,Acceptable,SDTL-PT-22-4A0917,A
5,4B-1251-21-PFSS-R,4B,CABLE TOW DRUG TESTING CENTER ,"ESM BUILDING VALENCIA ST. BGT. MASIKAP, PALAWAN",PALAWAN,09065593099; 09189475868,"PERLA C. PALOA, MD",flogats@yahoo.com,flogats@yahoo.com,5011546,3,2,5,WITHOUT CONCERN,,PASSED,Highly Satisfactory,SDTL-PT-22-4B0918,HS
5,4B-1378-21-PFSS-R,4B,CLINICA PALAO,"29CC JIG BLDG-MALVAR STREET, BRGY MANDARAGAT PPC, PALAWAN",PALAWAN,09154262362; 09666381133,"FREDERICK F. DALINGDING, MD",ela0929@gmail.com,ela0929@gmail.com,5009591,2,4,6,WITHOUT CONCERN,,PASSED,Acceptable,SDTL-PT-22-4B0919,A
5,4B-0183-21-PIBS-R,4B,DR CONRADO G MEDINA MEMORIAL MEDICAL CLINIC AND LABORATORY,"J.P. RIZAL ST., SAN VICENTE EAST, ORIENTAL MINDORO",ORIENTAL MINDORO,043 -288-97-87 / 0917-663-7048,"ENID M. ASUNCION, MD",dcgm_mmc@yahoo.com,dcgm_mmc@yahoo.com,5006952,2,1,3,WITHOUT CONCERN,,PASSED,Highly Satisfactory,SDTL-PT-22-4B0920,HS
5,4B-1356-19-PFSS-R,4B,E. ASUNCION MEDICAL CLINIC AND DIAGNOSTIC LABORATORY,"0742 ABIQUE ST., PAG-ASA, SAN JOSE, OCCIDENTAL MINDORO 5100",OCCIDENTAL MINDORO,09088845535; 09209818469,"EDGARDO J. MARQUEZ, MD",easuncionmcdl@yahoo.com,easuncionmcdl@yahoo.com,5012339,2,3,5,WITHOUT CONCERN,,PASSED,Highly Satisfactory,SDTL-PT-22-4B0921,HS
5,4B-0522-21-PIBS-R,4B,HOLY INFANT JESUS MEDICAL AND DIAGNOSTIC CLINIC ,"D. REYES ST., SAN MIGUEL, BOAC, MARINDUQUE",MARINDUQUE,423321741,JACQUELYN P. DIMAALA MD ,hijmdc_beac@yahoo.com,hijmdc_beac@yahoo.com,5021489,1,2,3,WITHOUT CONCERN,,PASSED,Highly Satisfactory,SDTL-PT-22-4B0922,HS
5,4B-1303-22-PFSS-R,4B,ISIAH MULTI-SPECIALTY CLINIC AND DIAGNOSTIC LABORATORY ,R. MAGSAYSAY ST. BRGY LIWAYWAY ODIONGAN ROMBLON 5505,ROMBLON,9399082729,"JONATHAN P. LEVISTE, MD",isiah.lab2000@yahoo.com ,isiah.lab2000@yahoo.com ,5063738,4,4,8,WITHOUT CONCERN,,PASSED,Acceptable,SDTL-PT-22-4B0923,A
5,4B-1094-21-PIBS-R,4B,LBR CLINICAL LABORATORY AND MEDICAL SERVICES,"J.P. RIZAL ST., CAMILMIL, CALAPAN CITY, ORIENTAL MINDORO",Oriental Mindoro,09175281894; (043) 2887994; 09176561734,"PERLA E. PALAO, MD",lbr_clinicalab@yahoo.com,lbr_clinicalab@yahoo.com,5008416,2,2,4,WITHOUT CONCERN,,PASSED,Highly Satisfactory,SDTL-PT-22-4B0924,HS
5,4B-1168-21-PFSS-R,4B,LIFESAVER'S DRUG TESTING CENTER,"#9 ANNEX CIRCOM COMPOUND VALENCIA ST. BRGY MASIKAP, PUERTO PRINCESA CITY",PALAWAN,9752685916,"MARIA LOURDES L. GOO, MD",Lifesavers.drugtest@yahoo.com,Lifesavers.drugtest@yahoo.com,5071709,2,0,2,WITHOUT CONCERN,,PASSED,Excellent,SDTL-PT-22-4B0925,E
5,4B-1245-21-PIBS-R,4B,LUNA GOCO MEDICAL CENTER,"PATHOLOGY DEPARTMENT, JP.RIZAL ST.,BRGY. LALUD.",Oriental Mindoro,9190979152,"MARIA LOURDES L. GOO, MD",lgmcpathology@gmail.com,lgmcpathology@gmail.com,5008512,0,2,2,WITHOUT CONCERN,,PASSED,Excellent,SDTL-PT-22-4B0926,E
5,4B-1518-21-PIBS-R,4B,MARIA ESTRELLA GENERAL HOSPITAL INC.,J.P. RIZAL ST. TAWIRAN CALAPAN CITY ORIENTAL MINDORO,Oriental Mindoro,09089926508/(043) 286 7386/(043) 286 7388,"JONATHAN P. LEVISTE, MD",dianahdelmundo@yahoo.com,dianahdelmundo@yahoo.com,5059894,3,1,4,WITHOUT CONCERN,,PASSED,Highly Satisfactory,SDTL-PT-22-4B0927,HS
5,4B-1345-19-PIBS-R,4B,MEDICAL MISSION GROUP HOSPITAL MULTIPURPOSE COOPERATIVE OF ORIENTAL MINDORO,"JP RIZAL ST., BRGY TAWIRAN, CALAPAN CITY, ORIENTAL MINDORO",ORIENTAL MINDORO,09331790922; 0432882275,MARICEL REGINO RIBO,labdept@yahoo.com,labdept@yahoo.com,5012341,2,5,7,WITHOUT CONCERN,,PASSED,Acceptable,SDTL-PT-22-4B0928,A
5,4B-0547-22-PIBS-R,4B,MINDORO OCCIDENTAL MEDICAL MISSION GROUP HEALTH SERVICE COOPERATIVE,"G/F BALMES BUILDING, DIEGO SILANG STREET, BRGY. 5, SAN JOSE",OCCIDENTAL MINDORO,09668997882/(043)342-1031/09209739859,"OLGA MUNAR-BAUSA, MD, FPSP",mommghsc@yahoo.com,mommghsc@yahoo.com,5065418,2,0,2,WITHOUT CONCERN,,PASSED,Excellent,SDTL-PT-22-4B0929,E
5,4B-0809-18-PIBS-R,4B,ODIONGAN DIAGNOSTIC CENTER,"MARAVILLA BLDG., M. FROMILLEZA ST., ROMBLON",ROMBLON,9087189475; (042) 5675150,"MIRIAN N. DE LEON, MD",odclab98@gmail.com,odclab98@gmail.com,5008980,2,5,7,WITHOUT CONCERN,,PASSED,Acceptable,SDTL-PT-22-4B0930,A
5,4B-0944-21-PIBS-R,4B,PALAWAN MEDICAL CITY SDTL,"EASTVILLE CITYWALK, BRGY SAN PEDRO, PALAWAN",PALAWAN,9171440417,MA. VICTORIA V. LONTOC MD,nieljadeborro@gmail.com,nieljadeborro@gmail.com,5017491,0,3,3,WITHOUT CONCERN,,PASSED,Highly Satisfactory,SDTL-PT-22-4B0931,HS
5,4B-0956-22-PIBS-R,4B,PUERTO GALERA URGENT CARE CLINIC AND DIAGNOSTIC CENTER ,LA BRISA COMPOUND HONDURA POBLACION PUERTO GALERA ORIENTAL MINDORO,ORIENTAL MINDORO,9953175404,PERLA ESPEJO PALAO,pgurgentcare@gmail.com,pgurgentcare@gmail.com,5063742,2,1,3,WITHOUT CONCERN,,PASSED,Highly Satisfactory,SDTL-PT-22-4B0932,HS
5,4B-1409-22-PIBS-R,4B,"RTN FOUNDATION, INC. HOSPITAL","RIO TUBA, BATARAZA, PALAWAN",PALAWAN,9176681594,"MELVIN JUDE G. KATAPANG MD, ",rtnfihospital@yahoo.com,rtnfihospital@yahoo.com,5073196,0,0,0,WITHOUT CONCERN,,PASSED,Excellent,SDTL-PT-22-4B0933,E
5,4B-1135-18-PIBS-R,4B,SALCEDO MEDICAL- SURGICAL CLINIC AND LABORATORY,"P BURGOS ST., BRGY PAG-ASA, OCCIDENTAL MINDORO",OCCIDENTAL MINDORO,9957262641,DR. MIIRIAN DE LEON  VITERBO,eyaazuelarmt@gmail.com,eyaazuelarmt@gmail.com,5015005,3,0,3,WITHOUT CONCERN,,PASSED,Highly Satisfactory,SDTL-PT-22-4B0934,HS
5,4B-1070-21-PFSS-,4B,LAGRISOLA DRUG TESTING CENTER,"CARCON BLDG., VALENCIA ST. BGY. MASIKAP, PALAWAN",PALAWAN,9177902976,"MIRIAN DE LEON VITERBO, MD",sethofkhan@gmail.com,sethofkhan@gmail.com,5073184,2,0,2,WITHOUT CONCERN,,PASSED,Excellent,SDTL-PT-22-4B0935,E
6,05-1668-19-PIBS-I,5,ABONAL DIAGNOSTIC LABORATORY,"ARCANGEL BLDG. UNIT 2 BAGASBAS RD. BRGY VI, CAMARINES  NORTE",CAMARINES NORTE,09669865666; 09285019440,"HERBERTO B. FORNOLES, MD",abonaldxlab@gmail.com,abonaldxlab@gmail.com,5013810,1,5,6,WITHOUT CONCERN,,PASSED,Acceptable,SDTL-PT-22-050936,A
6,05-XXXX-XX-XXXX-X,5,BICOL REGION GENERAL HOSPITAL AND GERIATRIC MEDICAL CENTER,"CABUSAO, CAMARINES SUR",CAMARINES SUR,09120471985/(054) 473-2244,"RAYMUNDO B. IBARRIENTOS, MD",brghgmc@gmail.com,brghgmc@gmail.com,5076287,1,1,2,WITHOUT CONCERN,,PASSED,Excellent,SDTL-PT-22-050937,E
6,05-1531-22-GIBS-R,5,BMC POISON CONTROL UNIT & DRUG TESTING LABORATORY,"PANGANIBAN DRIVE, CONCEPCION PEQUENA, NAGA CITY, CAMARINES SUR",CAMARINES SUR,09617226429/4720557 LOC. 5128,JANETA BORDONADA FROYALDE,bmcdtl2003@yahoo.com,bmcdtl2003@yahoo.com,5067638,0,1,1,WITHOUT CONCERN,,PASSED,Excellent,SDTL-PT-22-050938,E
6,05-1009-21-GIBS-R,5,CAMP ELIAS ANGELES STATION HOSP. DRUG TESTING CENTER,"GATE 1 CAMP ELIAS ANGELES, SAN JOSE PILI, CAMARINES SUR",Camarines Sur,9499901087,"HERBERTO B. FORNOLES, MD",dodin99@gmail.com ,dodin99@gmail.com ,50217105,4,4,8,WITHOUT CONCERN,,PASSED,Acceptable,SDTL-PT-22-050939,A
6,05-1687-20-PFSS-I,5,CARE + DIAGNOSTIC & LABORATORY,"DOOR 5, 2ND FLOOR, BALCE BLDG., BAGASBAS RD. BRGY 6, CAMARINES NORTE",CAMARINES NORTE,09381855588; 09301493343; 09083255998,"TERESITA S. PLAZA, MD",careplusdiagnostic.215@gmail.com,careplusdiagnostic.215@gmail.com,5015916,3,5,8,WITHOUT CONCERN,,PASSED,Acceptable,SDTL-PT-22-050940,A
6,05-0618-20-PIBS-R,5,"D.A BALMADRID MEDICAL, SURGICAL & DIAGNOSTIC SERVICES","# 169 MARINO STREET SAN PABLO ST., SAN PABLO (POB.), VIRAC (CAPITAL)",CATANDUANES,9612682700,"DONDIE A. BALMADRID, MD",anniebalmadrid@yahoo.com,anniebalmadrid@yahoo.com,5009040,2,3,5,WITHOUT CONCERN,,PASSED,Highly Satisfactory,SDTL-PT-22-050941,HS
6,05-0627-21-GFSS-R,5,DOH-MALINAO TREATMENT AND REHABILITATION CENTER,"BRGY. COMUN, MALINAO, ALBAY",ALBAY,09399206911; 5287360688; 09394120740,"MARCELINA A. MESTIOLA, MD",trc.malinao@gmail.com,trc.malinao@gmail.com,5015931,2,1,3,WITHOUT CONCERN,,PASSED,Highly Satisfactory,SDTL-PT-22-050942,HS
6,05-0948-21-PFSS-R,5,GIMAIR DRUG TESTING LABORATORY,"197 BAGASBAS RD., BRGY 6 DAET CAMARINES NORTE ",CAMARINES NORTE,9179457035,"ANDY V. GIMAPAYA, MD",giancarlotarroyo5@gmail.com,giancarlotarroyo5@gmail.com,5022965,0,2,2,WITHOUT CONCERN,,PASSED,Excellent,SDTL-PT-22-050943,E
6,05-XXXX-XX-XXXX-X,5,"HEALTHQUARTERS MEDICAL AND DIAGNOSTICS, INC.","P2 TUBURAN LIGAO CITY (NEAR EMERGENCY/JBDAPH HOSPITAL), LIGAO CITY",ALBAY,09068800028/09176285224,ANDY V. GIMPAYA,healthquartersphilippines@gmail.com,healthquartersphilippines@gmail.com,5070347,0,1,1,WITHOUT CONCERN,,PASSED,Excellent,SDTL-PT-22-050944,E
6,05-XXXX-XX-XXXX-X,5,JDB DRUG TESTING AND LABORATORY,"DE LARA, POBLACION, TALISAY, CAMARINES NORTE",CAMARINES SUR,9488885445,"HERBERTO B. FORNOLES, MD",heriberto_fornoles@yahoo.com,heriberto_fornoles@yahoo.com,5025911,4,3,7,WITHOUT CONCERN,,PASSED,Acceptable,SDTL-PT-22-050945,A
6,05-XXXX-XX-XXXX-X,5,JFT DRUG TESTING CENTER,"MA. CRISTINA ST. CITY HEIGHTS SUBD CONCEPCION PEQUEÑA, CAMARINES SUR",CAMARINES SUR,09207826186; (054) 2050757; 09285019440,"HERBERTO B. FORNOLES, MD",jftdrugtestingcenter@gmail.com,jftdrugtestingcenter@gmail.com,5006962,2,0,2,WITHOUT CONCERN,,PASSED,Excellent,SDTL-PT-22-050946,E
6,05-0556-21-PFSS-R,5,JHUNROSE DRUG TESTING CENTER,"14 BALINTAWAK STREET, ALBAY DISTRICT, LEGAZPI, ALBAY",ALBAY,09258971012/0527420291,EMMANUEL ROS ABAN,jhun_rosedtc@yahoo.com,jhun_rosedtc@yahoo.com,5071680,2,1,3,WITHOUT CONCERN,,PASSED,Highly Satisfactory,SDTL-PT-22-050947,HS
6,05-0750-22-PIBS-R,5,MASBATE CITY POLYCLINIC & DIAGNOSTIC LABORATORY,"MEDINA ST. CORNER ROSERO ST., BRGY. KALIPAY, MASBATE",MASBATE,0999-55-74-000/056-588-2405,PANTALEON KWONG JR. AMADORA,daisydarylle@yahoo.com,daisydarylle@yahoo.com,5067631,3,0,3,WITHOUT CONCERN,,PASSED,Highly Satisfactory,SDTL-PT-22-050948,HS
6,05-1355-22-PFSS-R,5,MEDICAL MISSION GROUP- ALBAY,"#216 ZIGA AVENUE CORNER RUIVIVAR ST., TAYHI, TABACO CITY, ALBAY",ALBAY,9063527954,"ELMO D. ISIP, MD","docelmo1966@yahoo.co,","docelmo1966@yahoo.co,",5035922,1,4,5,WITHOUT CONCERN,,PASSED,Highly Satisfactory,SDTL-PT-22-050949,HS
6,05-1327-22-PFSS-I,5,METRO HEALTH SPECIALIST HOSPITAL DRUG TESTING LABORATORY,"DIVERSION RD. CABID-AN, SORSOGON CITY",SORSOGON,9691162679,"HAROLD C. RONAN, MD, DPSP",hcronan@yahoo.com,hcronan@yahoo.com,5045392,2,2,4,WITHOUT CONCERN,,PASSED,Highly Satisfactory,SDTL-PT-22-050950,HS
6,05-XXXX-XXX-XXXX-X,5,MRR SUPREME BIO-LAB,"#14 BALINTAWAK ST., ALBAY DISTRICT, ALBAY",ALBAY,9276552174,"ANDY V. GIMAPAYA, MD",mrr_supreme@yahoo.com,mrr_supreme@yahoo.com,5048010,2,0,2,WITHOUT CONCERN,,PASSED,Excellent,SDTL-PT-22-050951,E
6,05-0753-22-GIBS-R,5,NAGA CITY HOSPITAL DRUG TESTING,"PENAFRANCIA AVENUE, NAGA CITY, CAMARINES SUR",CAMARINES SUR,9178512567,TERESITA SARE PLAZA,tin2_citydrug@yahoo.com,tin2_citydrug@yahoo.com,5065401,2,1,3,WITHOUT CONCERN,,PASSED,Highly Satisfactory,SDTL-PT-22-050952,HS
6,05-1240-21-PIBS-R,5,NAGA HEALTH CARE DIAGNOSTIC CENTER,"12 J. MIRANDA AVENUE, CONCEPCION PEQUENA, CAMARINES SUR",CAMARINES SUR,09328581072; 09297444997; 0548715203,"RAUL C. GONZALES, MD",nagahealthcare.naga88@gmail.com,nagahealthcare.naga88@gmail.com,5015738,1,3,4,WITHOUT CONCERN,,PASSED,Highly Satisfactory,SDTL-PT-22-050953,HS
6,05-0756-22-PIBS-R,5,"PARTIDO MEDICAL AND DIAGNOSTIC CENTRE, INC. ","FEDERICA'S BLDG, PANDAY ST., GOA, CAMARINES SUR",CAMARINES SUR,09178670596/(054)8813384,ANDY VALDEZ GIMPAYA,partidomedical@gmail.com,partidomedical@gmail.com,5072899,2,0,2,WITHOUT CONCERN,,PASSED,Excellent,SDTL-PT-22-050954,E
6,05-1334-22-PIBS-R,5,PHILIPPINE GEOTHERMAL PRODUCTION COMPANY INC-TIWI CLINIC,"BRGY LIBJO,TIWI,ALBAY",BICOL,09175077894/(02) 797-66161,"ROMANO,EDWIN LINO",njrbachiller@pgpc.com.ph,njrbachiller@pgpc.com.ph,5048994,2,5,7,WITHOUT CONCERN,,PASSED,Acceptable,SDTL-PT-22-050955,A
6,05-XXXX-XX-XXXX-X,5,PONAYO MEDICAL CLINIC AND DIAGNOSTIC LABORATORY,"J. LUKBAN CORNER TAFT STREET BRGY III, CAMARINES SUR",CAMARINES SUR,91778535699,"EVELYN S. PONAYO, MD",ponayoevelyn@yahoo.com,ponayoevelyn@yahoo.com,5009032,1,1,2,WITHOUT CONCERN,,PASSED,Excellent,SDTL-PT-22-050956,E
6,05-1463-21-PFSS-R,5,QUEUE LYNX DRUG TESTING CENTER,"APO DRIVE, MAYON AVENUE, CONCEPCION PEQUEÑA, CAMARINES SUR",CAMARINES SUR,9064121476,"ANDY V. GIMAPAYA, MD",qlynx07@yahoo.com,qlynx07@yahoo.com,5027875,1,0,1,WITHOUT CONCERN,,PASSED,Excellent,SDTL-PT-22-050957,E
6,05-1425-21-PFSS-R,5,QUEUE LYNX DRUG TESTING LABORATORY,"HIWAY 1, ZONE 2, SAN ISIDRO, CAMARINES SUR",CAMARINES SUR,9064121476,"ANDY V. GIMAPAYA, MD",qlynx07@yahoo.com,qlynx07@yahoo.com,5027874,1,2,3,WITHOUT CONCERN,,PASSED,Highly Satisfactory,SDTL-PT-22-050958,HS
6,05-0524-21-PIBS-R,5,RAPID GLOBAL MEDICAL DIAGNOSTIC INC.,"2ND FLOOR LONG SE BLDG. RIZAL ST. BRGY 24, ALBAY",ALBAY,9988626985,"TERESITA S. PLAZA, MD",rgmdi.laboratory@gmail.com,rgmdi.laboratory@gmail.com,5036202,2,2,4,WITHOUT CONCERN,,PASSED,Highly Satisfactory,SDTL-PT-22-050959,HS
6,05-0622-20-PIBS-R,5,SACRED HEART CLINIC LEGAZPI CITY INC.,"114 PEÑARADA ST. BRGY ORO SITE, ALBAY",ALBAY,09506547800/2018153; 09506547800; ,"TERESITA S. PLAZA, MD",sacredheartcliniclegazpi@yahoo.com,sacredheartcliniclegazpi@yahoo.com,5008946,3,5,8,WITHOUT CONCERN,,PASSED,Acceptable,SDTL-PT-22-050960,A
6,05-XXXX-XX-XXXX-X,5,SORMED DIAGNOSTIC CLINIC,"1/F FERNANDO'S MALL. RIZAL ST., P10T, SORSOGON CITY, SORSOGON",SORSOGON,9273711545,KARLO EMIR M. TAYZON,sormeddc@yahoo.com,sormeddc@yahoo.com,5073250,4,1,5,WITHOUT CONCERN,,PASSED,Highly Satisfactory,SDTL-PT-22-050961,HS
6,05-0323-21-PIBS-R,5,SORSOGON MEDICAL MISSION GROUP HOSPITAL AND HEALTH SERVICES,"MAHARLIKA HIGHWA, PANGPANG SORSOGON CITY 4700",SORSOGON,9354720574,"AUDIE G. SILVA, MD",adriannatermt@gmail.com,adriannatermt@gmail.com,5019020,1,2,3,WITHOUT CONCERN,,PASSED,Highly Satisfactory,SDTL-PT-22-050962,HS
6,05-1512-22-PIBS-R,5,SOUTHEAST OCCUPATIONAL HEALTH AND ENVIRONMENTAL SAFETY SERVICES INC. ,"2ND FLR TOWER MALL BLDG. 4 LANOCO BUSINESS PARK LEGAZPI, ALBAY",ALBAY,9276152400,"TAYZON,KARLO EMIR",sohessi.lab@gmail.com,sohessi.lab@gmail.com,5060468,2,0,2,WITHOUT CONCERN,,PASSED,Excellent,SDTL-PT-22-050963,E
6,05-1317-22-PIBS-R,5,ST. LOUISE COOPERATIVE DIAGNOSTIC CENTER - DRUG TESTING,"#10 MAYON AVE., CONCEPCION PEQUENA, CAMARINES SUR",Camarines Sur,054-881-1370/09176373079,"CARLO EMIL M. TAYZON, MD",slcdclab@gmail.com,slcdclab@gmail.com,5054587,2,2,4,WITHOUT CONCERN,,PASSED,Highly Satisfactory,SDTL-PT-22-050964,HS
6,05-0637-21-PFSS-R,5,ST. PIO DIAGNOSTIC LABORATORY,"GUEVARRA ST., SAN VICENTE PILI, CAMARINES SUR",CAMARINES SUR,09338654788; 09175033142,"RAYMUNDO B. IBBARIENTOS, MD",st.piolab@gmail.com,st.piolab@gmail.com,5007547,1,2,3,WITHOUT CONCERN,,PASSED,Highly Satisfactory,SDTL-PT-22-050965,HS
6,05-XXXX-XX-XXXX-X,5,VIRAC MEDICAL DIAGNOSTIC CENTER INC. ,"100 JCB BUILDING CONSTANTINO, CATANDUANES",CATANDUANES,9190778982,"RAYMUNDO B. IBBARIENTOS, MD",viracmedicalclinic@gmail.com,viracmedicalclinic@gmail.com,5009805,0,5,5,WITHOUT CONCERN,,PASSED,Highly Satisfactory,SDTL-PT-22-050966,HS
7,06-0816-21- PIBS-R,6,ABELITA DIAGNOSTIC CENTER,"2F RODCON BLDG. COR DEL ROSARIO PEDRENA ST, ILOILO",ILOILO,9302982002,"ANNA VICTORIA J. SOMBONG, MD",medicusbalasan@yahoo.com,medicusbalasan@yahoo.com,5022964,2,3,5,WITHOUT CONCERN,,PASSED,Highly Satisfactory,SDTL-PT-22-060967,HS
7,06-0952-21-PIBS-R,6,ADVENTIST MEDICAL CENTER- BACOLOD,"C.V. RAMOS AVE., TACULING, BACOLOD CITY, NEGROS OCCIDENTAL",NEGROS OCCIDENTAL,9177018179,"EMILIA GAMBOA, MD",laboratory@adventisthealth-bcd.com,laboratory@adventisthealth-bcd.com,5031292,2,5,7,WITHOUT CONCERN,,PASSED,Acceptable,SDTL-PT-22-060968,A
7,06-1249-211-PIBS-R,6,ALRIJG MEDICAL CLINICAL AND LABORATORY,"DOOR 15 EL COURT BLDG. 1ST LACSON ST. BRGY 17, NEGROS OCCIDENTAL",NEGROS OCCIDENTAL,09495801766; 0344355395,"LENI G. MONTES, MD",alrj9@yahoo.com,alrj9@yahoo.com,5015924,1,3,4,WITHOUT CONCERN,,PASSED,Highly Satisfactory,SDTL-PT-22-060969,HS
7,06-0623-22-GIBS-R,6,ANGEL SALAZAR MEMORIAL GENERAL HOSPITAL DRUG TESTING LABORATORY,"ATABAY, SAN JOSE, ANTIQUE, ANTIQUE",ANTIQUE,09395550570/09062272579,"CHARMAINE S. TEMPLONUEVO, MD",asmghlaboratory@yahoo.com,asmghlaboratory@yahoo.com,5052178,2,1,3,WITHOUT CONCERN,,PASSED,Highly Satisfactory,SDTL-PT-22-060970,HS
7,06-0250-20-PIBS-R,6,ANVIL ILOILO DIAGNOSTIC AND MEDICAL CENTER INC. ,"NORALYN BLDG. ROOSEVELT ST. ZONE III POBLACION, ILOILO",ILOILO,09338625387; 0335238459; 09228342553,"MARGIE S. GAYAPA, MD",margegayapa@yahoo.com,margegayapa@yahoo.com,5014028,1,2,3,WITHOUT CONCERN,,PASSED,Highly Satisfactory,SDTL-PT-22-060971,HS
7,06-XXXX-XX-XXXX-X,6,BACOLOD CITY GOVERNMENT UNIT/ BACOLOD CITY DRUG TESTING CENTER,BRGY. 20 A.B. PARREÑO ST. GALO,NEGROS OCCIDENTAL,7080634,ROSA MARIA M. PALMA,shandy25dark@yahoo.com,shandy25dark@yahoo.com,5114510,1,2,3,WITHOUT CONCERN,,PASSED,Highly Satisfactory,SDTL-PT-22-060972,HS
7,06-1297-21-PIBS-R,6,BACOLOD DIAGNOSTIC CENTER,"DOOR 5, INSULAR LIFE TOWNHOUSE BLDG., 21ST ST MEDICAL LANE BS AQUINO DRIVE",NEGROS OCCIDENTAL,9302654068; 09189306221; 0344349002,"HANS FRANCIS D. FERRARIS, MD",bdc_laboratory@yahoo.com,bdc_laboratory@yahoo.com,5013486,1,5,6,WITHOUT CONCERN,,PASSED,Acceptable,SDTL-PT-22-060973,A
7,06-1610-21-PIBS-I,6,BLOOD CHECK CLINICAL LABORATORY AND SERVICES,"ESPINO BLDG. GONZAGA ST. CORNER KABALAWAN ROAD, POBLACION II, SAGAY CITY",NEGROS OCCIDENTAL,09610701966/(034) 434 9927/09173106862,"LENI GALO MONTES, MD",blood.check2@gmail.com,blood.check2@gmail.com,5071669,3,5,8,WITHOUT CONCERN,,PASSED,Acceptable,SDTL-PT-22-060974,A
7,06-1476-21-PIBS-R,6,BORACAY ALERT MEDICAL CLINIC AND DIAGNOSTIC. INC.,"ZONE VII MANGGAYAD BALABAG BORACAY ISLAND, AKLAN",AKLAN,9175400012,"ELLEN JOY F. DURAN, MD",alertmedclinic@gmail.com,alertmedclinic@gmail.com,5041892,2,5,7,WITHOUT CONCERN,,PASSED,Acceptable,SDTL-PT-22-060975,A
7,06-1368-20-PFSS-R,6,CADIZ CLINICAL LABORATORY,"MAGSAYSAY ST. BRGY ZONE 3, NEGROS OCCIDENTAL",NEGROS OCCIDENTAL,09704666140; 7208709,"LENI G. MONTES, MD",cadizclinical01@yahoo.com,cadizclinical01@yahoo.com,5016013,3,3,6,WITHOUT CONCERN,,PASSED,Acceptable,SDTL-PT-22-060976,A
7,06-1119-22-GIBS-R,6,CAMP PERALTA STATION HOSPITAL,"CAMP GEN MARIANO B PERALTA JR. 3ID, PHIL ARMY JAENA NORTE, CAPIZ",CAPIZ ,09157321410 / 09175175133,"ELLEN JOY F DURAN, MD",cpsh3idpalab@gmail.com,cpsh3idpalab@gmail.com,5073302,4,1,5,WITHOUT CONCERN,,PASSED,Highly Satisfactory,SDTL-PT-22-060977,HS
7,06-1470-22-PIBS-R,6,CAPIZ DOCTOR'S HOSPITAL ,"BRGY. LAWA-AN, ROXAS CITY, CAPIZ",CAPIZ ,9778049486,"JULIA P. SY-TA, MD ",christinejoren_08@yahoo.com ,christinejoren_08@yahoo.com ,5073321,3,5,8,WITHOUT CONCERN,,PASSED,Acceptable,SDTL-PT-22-060978,A
7,06-0534-19-PIBS-R,6,CLINICA DE ILOILO,2ND FLOOR UNION BANK BLDG. IZNART ST. ILOILO CITY,ILOILO,09106814174; 0333302522; 09177794401,"LYSSA LYNN U. LIBANAN, MD",clinicadeiloilo@yahoo.com,clinicadeiloilo@yahoo.com,5013814,3,0,3,WITHOUT CONCERN,,PASSED,Highly Satisfactory,SDTL-PT-22-060979,HS
7,06-0191-21-GIBS-R,6,CORAZON LOCSIN MONTELIBANO MEMORIAL REGIONAL HOSPITAL,BURGOS LACSON ST. BRGY 9,NEGROS OCCIDENTAL,09212053007; 09189306221; (034) 4355600,"HANS FRANCIS D. FERRARIS, MD","chrisannedublin@gmail,com","chrisannedublin@gmail,com",5009039,2,4,6,WITHOUT CONCERN,,PASSED,Acceptable,SDTL-PT-22-060980,A
7,06-XXXX-XX-XXXX-X,6,CTG NCR DRUG TESTING CENTER,2/F RM 203 CAPERNAUM BLDG. #18 LACSON ST.,NEGROS OCCIDENTAL,9303540877,LENI MONTES,lenimontes@yahoo.com,lenimontes@yahoo.com,5075930,0,0,0,WITHOUT CONCERN,,PASSED,Excellent,SDTL-PT-22-060981,E
7,06-0814-21-PIBS-R,6,DR. BORJA'S DIAGNOSTIC LABORATORY,"MC. ARTHUR DRIVE, BRGY. CUBAY, ILOILO",ILOILO,09998004360; 0333333585; 09209387309,"MA. VICTORIA TIONGSON, MD",medicusphilippinestabucsuba@gmail.com,medicusphilippinestabucsuba@gmail.com,5016430,0,4,4,WITHOUT CONCERN,,PASSED,Highly Satisfactory,SDTL-PT-22-060982,HS
7,06-0655-22-PIBS-R,6,DR. PABLO O. TORRE MEMORIAL HOSPITAL - DTL,"B.S. AQUINO DRIVE, BRGY.5, BACOLOD CITY",NEGROS OCCIDENTAL,0998-846-0621/0999-306-8945/0347050000 LOC. 3116,"MELANIE ROSE B. ZERRUDO, MD",laboratory@rivermedcenter.net,laboratory@rivermedcenter.net,5054830,2,3,5,WITHOUT CONCERN,,PASSED,Highly Satisfactory,SDTL-PT-22-060983,HS
7,06-0656-22-PIBS-R,6,"DR. V. T. TALEON MEDICAL CLINIC, XRAY & DIAGNOSTIC LABORATORY","GROUND FLOOR, YMCA BUILDING, IZNART ST, ILOILO CITY",ILOILO,9914889920,"MA. BEMERLY J. SIRA, MD",taleonmedical@yahoo.com,taleonmedical@yahoo.com,5048009,1,1,2,WITHOUT CONCERN,,PASSED,Excellent,SDTL-PT-22-060984,E
7,06-1305-21-PFSS-R,6,DRUG POINT DRUG TESTING LABORATORY,"2ND FLOOR, BOYSCOUT COMPOUND 3RD LACSON ST, NEGROS OCCIDENTAL",NEGROS OCCIDENTAL,9228355026,"CHARLES MICHAEL A. BUYCO, MD",drugpoint25@yahoo.com,drugpoint25@yahoo.com,5026242,2,1,3,WITHOUT CONCERN,,PASSED,Highly Satisfactory,SDTL-PT-22-060985,HS
7,06-0727-21-PIBS-R,6,DUMANGAS MEDICAL DIAGNOSTIC AND CLINICAL LABORATORY,"J. M. BASA ST., BASA-MABINI-BONIFACIO, DUMANGAS",ILOILO,9380109789,"MARGIE S. GAYAPA, MD",medicusdumagas_dtl@yahoo.com,medicusdumagas_dtl@yahoo.com,5041888,0,2,2,WITHOUT CONCERN,,PASSED,Excellent,SDTL-PT-22-060986,E
7,06-XXXX-XX-XXXX-X,6,DUMANGAS MEDICAL DIAGNOSTIC AND CLINICAL LABORATORY,"EAST AVENUE, BRGY. BALINTAWAK, ESCALANTE CITY, NEGROS OCCIDENTAL (WITHIN ESCALANTE CITY OFFICE)",NEGROS OCCIDENTAL,9050241830,"ERIBERTO R. LAYDA, MD",sheila.negrido@yahoo.com,sheila.negrido@yahoo.com,5027877,2,2,4,WITHOUT CONCERN,"ONLINE CHECKING ONLY, PENDING HARD COPY",PASSED,Highly Satisfactory,SDTL-PT-22-060987,HS
7,06-0641-21-PIBS-R,6,FRONTHUB MEDILAB AND CLINICS,"2F R&T BLDG COR. SIMEON AGUILAR AND COMMONWEALTH SR, ILOILO",ILOILO,09063353994; 03313116344,"STEPHANIE A. ABELLO, MD",fronthublaboratory@gmail.com,fronthublaboratory@gmail.com,5015922,0,4,4,WITHOUT CONCERN,,PASSED,Highly Satisfactory,SDTL-PT-22-060988,HS
7,06-0991-19-PFSB-R,6,GAN CLINICAL LABORATORY,"G/F KAHIRUP BLDG., GUANCO ST, ILOILO",ILOILO,9166841903,"IROS JAN D. BERNADAS MD, FPSP",irosjan_md@yahoo.com,irosjan_md@yahoo.com,5025700,0,1,1,WITHOUT CONCERN,,PASSED,Excellent,SDTL-PT-22-060989,E
7,06-0659-22-PFSS-R,6,GENETIC DRUG TESTING LABORATORY ,"(BESIDE LTO OFFICE) BRGY TIZA, ROXAS CITY, CAPIZ",CAPIZ ,09106295698 / 036-5224684,WINFRED RIVERA MD ,genely20@yahoo.com,genely20@yahoo.com,5063744,1,0,1,WITHOUT CONCERN,,PASSED,Excellent,SDTL-PT-22-060990,E
7,06-XXXX-XX-XXXX-X,6,HEALTH METRICS INC. ILOILO,"AMK BLDG, 68 GEN LUNA ST. BRGY INDAY",ILOILO,9672601852,"CHARLES MICHAEL A. BUYCO, MD",lab_iloilo@helathmetrics.com.ph,lab_iloilo@helathmetrics.com.ph,5027689,2,1,3,WITHOUT CONCERN,,PASSED,Highly Satisfactory,SDTL-PT-22-060991,HS
7,06-1740-20-PIBS-I,6,HEALTHLINK (ILOILO) INC. GUIMBAL,"AARON GELVEZON BUILDING RIZAL ST,",ILOILO,09093782245; 0333155738,"STEPHANIE A. ABELLO, MD",hlguimbal@yahoo.com,hlguimbal@yahoo.com,5016012,3,5,8,WITHOUT CONCERN,,PASSED,Acceptable,SDTL-PT-22-060992,A
7,06-1616-20-PIBS-R,6,HEALTHLINK (ILOILO) INC.- BALASAN BRANCH,"BONIFACIO ST. POBLACION NORTE, BALASAN, ILOILO",ILOILO,0912198156; 3279569,"MA. IRIS V. SALAZAR, MD",healthlinkbalasan@gmail.com,healthlinkbalasan@gmail.com,5016011,2,4,6,WITHOUT CONCERN,,PASSED,Acceptable,SDTL-PT-22-060993,A
7,06-0645-21-PIBS-R,6,HEALTHLINK (ILOILO) INC.- CABATUAN BRANCH,"ZONE 5 CONFESSOR DRIVE, ILOILO",ILOILO,09501588216; 033-332-34-99,"MA. IRIS V. SALAZAR, MD",healthlinkcabatuan@yahoo.com,healthlinkcabatuan@yahoo.com,5016062,1,5,6,WITHOUT CONCERN,,PASSED,Acceptable,SDTL-PT-22-060994,A
7,06-1012-21-PIBS-R,6,HEALTHSCREEN CLINICAL LABORATORY,"LUNA ST. BRGY. BANTUD LAPAZ, ILOILO CITY, ILOILO",ILOILO,09171455271/(033)3207528/09177794401,LYSA LYNN UY LIBANAN,healthscreenclin.lab@yahoo.com,healthscreenclin.lab@yahoo.com,5070290,2,3,5,WITHOUT CONCERN,,PASSED,Highly Satisfactory,SDTL-PT-22-060995,HS
7,06-0192-21-PIBS-R,6,"ILOILO POS AND LABORATORY CENTER, INC","#7 MABINI STREET, BRGY. RAILWAY, LAPAZ, ILOILO",ILOILO,09171430962/ 09285934828/ (033) 3207976,"JAMES S. RAVENA, MD",iloilopdslab_doh@yahoo.com,iloilopdslab_doh@yahoo.com,5137935,2,3,5,WITHOUT CONCERN,,PASSED,Highly Satisfactory,SDTL-PT-22-060996,HS
7,06-0819-21-PIBS-R,6,JEAMAC DIAGNOSTIC CENTER,"G/F JC BLDG, 2014 MOHON, BRGY BINICUIL, NEGROS OCCIDENTAL",NEGROS OCCIDENTAL,9179092342,"CHARLES MICHAEL A. BUYCO, MD",laboratory.drugtesting2019@gmail.com,laboratory.drugtesting2019@gmail.com,5047924,3,2,5,WITHOUT CONCERN,,PASSED,Highly Satisfactory,SDTL-PT-22-060997,HS
7,06-1122-22-PIBS-R,6,JGN CLINIC AND LABORATORY,"DOOR 1 ONLAGADA BLDG. AGUILAR ST, BRGY III, HINIGARAN, NEGROS OCCIDENTAL",NEGROS OCCIDENTAL,09171565715/(034)7408-132/09228354626,"LENI GALO MONTES, MD",jgnclinlab@yahoo.com,jgnclinlab@yahoo.com,5105657,1,2,3,WITHOUT CONCERN,,PASSED,Highly Satisfactory,SDTL-PT-22-060998,HS
7,06-666-22-PIBS-R,6,MEDICAL MISSION GROUP HOSPITAL AND HEALTH SERVICES COOPERATIVE OF AKLAN,"3RD FLOOR, MMG-AKLAN SPECIALTY CLINICS, SAN LORENZO RUIZ DRIVE, TOTINO REYES ST. KALIBO",AKLAN,09486927062/2687511/09395550570,CHARMAINE TEMPLONUEVO FLORES,rennierrelojas43@gmail.com,rennierrelojas43@gmail.com,5067639,1,5,6,WITHOUT CONCERN,,PASSED,Acceptable,SDTL-PT-22-060999,A
7,06-XXXX-XX-XXXX-X,6,MEDICAL PLAZA ANALYSIS AND LABORATORY INC. ,"VLI MEDICAL PLAZA, CAPITOL BUSINESS CENTER, NEGROS OCCIDENTAL",NEGROS OCCIDENTAL,09178475160; 7098029; 4353766; 09173106862,"LENI G. MONTES, MD",medicalplaza@live.om,medicalplaza@live.om,5013815,2,5,7,WITHOUT CONCERN,,PASSED,Acceptable,SDTL-PT-22-061000,A
7,06-1261-21-PFSS-R,6,MEDICUS DIAGNOSTIC CENTER - ROXAS CITY BRANCH ,"RIZAL STREET POBLACION VI, CAPIZ",CAPIZ ,09184513250 / (036) 621-2655,"ANNA VICTORIA J. SOMBONG, MD",medicusroxas_dtl@yahoo.com,medicusroxas_dtl@yahoo.com,5035924,0,4,4,WITHOUT CONCERN,,PASSED,Highly Satisfactory,SDTL-PT-22-061001,HS
7,06-1232-21-PFSS-R,6,MEDICUS DIAGNOSTIC CENTER AND MEDICAL CLINICS - JARO BRANCH,"JARO COMMERCIAL COMPLEX, LOPEZ JAENA STREET JARO ILOILO CITY, ILOILO CITY",ILOILO,09507666706/(033)5034348,"ANNA VICTORIA J. SOMBONG, MD",medicusjaro_dtl@yahoo.com,medicusjaro_dtl@yahoo.com,5035924,2,3,5,WITHOUT CONCERN,,PASSED,Highly Satisfactory,SDTL-PT-22-061002,HS
7,06-0955-21-PIBS-R,6,MEDICUS DIAGNOSTIC CENTER AND MEDICAL CLINICS - LA PAZ BRANCH,"G/F ROMEO GO BLDG., HUERVANA ST., BRGY. LAGUDA, LAPAZ, ILOILO CITY, ILOILO",ILOILO,508-2200/330-9004,"ANNA VICTORIA JAVATO SOMBONG, MD ",medicuslapaz_dtl@yahoo.com,medicuslapaz_dtl@yahoo.com,5035924,2,4,6,WITHOUT CONCERN,,PASSED,Acceptable,SDTL-PT-22-061003,A
7,06-1218-21-PIBS-R,6,MEDICUS DIAGNOSTIC CENTER AND MEDICAL CLINICS - MAIN ,G/F LOURDES BLDG. QUEZON STREET ILOILO CITY 5000,ILOILO,09324743355/(033)508-1858,"ANNA VICTORIA J. SOMBONG, MD",Medicusmain_dtl@yahoo.com,Medicusmain_dtl@yahoo.com,5035924,0,3,3,WITHOUT CONCERN,,PASSED,Highly Satisfactory,SDTL-PT-22-061004,HS
7,06-0646-21-PIBS-R,6,MEDICUS DIAGNOSTIC CENTER AND MEDICAL CLINICS- ANTIQUE BRANCH,"TOBIAS FORNIER ST. ATABAY, ANTIQUE",ANTIQUE,9951639927,"ANNA VICTORIA J. SOMBONG, MD",medicusantique_dtl@yahoo.com,medicusantique_dtl@yahoo.com,5035924,1,3,4,WITHOUT CONCERN,,PASSED,Highly Satisfactory,SDTL-PT-22-061005,HS
7,06-0372-21-PIBS-R,6,MEDICUS DIAGNOSTIC CENTER-SIGMA BRANCH,"POBLACION SUR, SIGMA, CAPIZ",CAPIZ,9237261746,"MA. IRIS V. SALAZAR, MD",medicussigma.pemsi@gmail.com ,medicussigma.pemsi@gmail.com ,5013991,0,3,3,WITHOUT CONCERN,,PASSED,Highly Satisfactory,SDTL-PT-22-061006,HS
7,06-0258-20-PIBS-R,6,MEDICUS MEDICAL CENTER CORPORATION,"RV BERNARDO AVENUE, BRGY SAN RAFAEL MUNDURRIAO, ILOILO",ILOILO,09317167013; 0335085377,"ANNA VICTORIA J. SOMBONG, MD",medicuscondo_dtl@yahoo.com,medicuscondo_dtl@yahoo.com,5019780,2,1,3,WITHOUT CONCERN,,PASSED,Highly Satisfactory,SDTL-PT-22-061007,HS
7,06-1058-20-PIBS-R,6,MEDISENSE LABORATORY CENTER INC,"DELGADO ST. BRGY MALIPAYON, ILOILO",ILOILO,9178765170,"LYSA LYNN U. LIBANAN, MD",msllab_ilalo@yahoo.com,msllab_ilalo@yahoo.com,5027876,1,3,4,WITHOUT CONCERN,,PASSED,Highly Satisfactory,SDTL-PT-22-061008,HS
7,06-1118-22-PIBS-I,6,METRO BACOLOD HOSPITAL AND MEDICAL CENTER,"BURGOS EXTENSION CAMINGAWAN, BRGY. ESTEFANIA, BACOLOD CITY",NEGROS OCCIDENTAL,09380891258/(034)488-7288/09189012302,WALTER DE LEON VILLANUEVA,mbhmclaboratory@gmail.com,mbhmclaboratory@gmail.com,5065412,0,4,4,WITHOUT CONCERN,,PASSED,Highly Satisfactory,SDTL-PT-22-061009,HS
7,06-1477-21-GIBS-R,6,MINA DRUG TESTING LABORATORY,"PATARATA ST., MINA WEST, ILOILO",ILOILO,9886241603,"ANNA VICTORIA J. SOMBONG, MD",minalab5032@yahoo.com,minalab5032@yahoo.com,5025912,4,0,4,WITHOUT CONCERN,,PASSED,Highly Satisfactory,SDTL-PT-22-061010,HS
7,06-0267-21-PIBS-R,6,MRG CLINICAL LABORATORY AND SERVICES,"DY GUASO BLDG. OSMEÑA., BRGY III, NEGROS OCCIDENTAL",NEGROS OCCIDENTAL,09054601562 (034) 7178412; 09173106862,"LENI G. MONTES, MD",mrgclinlabandservices@gmail.com,mrgclinlabandservices@gmail.com,5008944,1,2,3,WITHOUT CONCERN,,PASSED,Highly Satisfactory,SDTL-PT-22-061011,HS
7,06-0674-21-PIBS-R,6,PANAY HEALTH CARE MEDICAL DIAGNOSTICS AND PHARMACY DTL,"A, ESTANCIA, KALIBO (CAPITAL), AKLAN",AKLAN,9062189945,MARIANETTE NOELLE M.BIEREN,phcmpc@yahoo.com,phcmpc@yahoo.com,5048012,3,5,8,WITHOUT CONCERN,,PASSED,Acceptable,SDTL-PT-22-061012,A
7,06-0107-21-PIBS-R,6,"PLAZA LIBERTAD MEDICAL SPECIALISTS' CENTER, INC.","PLMSC BLDG. DELA RAMA ST. ZAMORA CITY PROPER, ILOILO",ILOILO,09086026077; 3368604; 3368603; 09173029136,"MA. VICTORIA S. TIONGSON, MD, FPSP",drugtestplmsc@gmail.com,drugtestplmsc@gmail.com,5014031,3,5,8,WITHOUT CONCERN,,PASSED,Acceptable,SDTL-PT-22-061013,A
7,06-0958-21-PIBS-R,6,PRIMEVIEW MEDICAL SPECIALIST AND IMAGING CENTER,"SIMEON AGUILAR ST., PASSI CITY, ILOILO",ILOILO,9479574329; 0335361014,"MA. BEMERLY J. SIRA, MD",primeviewpassi@yahoo.com,primeviewpassi@yahoo.com,5015953,2,5,7,WITHOUT CONCERN,,PASSED,Acceptable,SDTL-PT-22-061014,A
7,06-0959-21-PIBS-R,6,PRIMEVIEW MEDICAL SPECIALIST AND IMAGING CENTER,"Q. ABETO STREET, MANDURRIAO, ILOILO CITY, ILOILO",ILOILO,09175050560; 0333211266; 09173028468,"MA. BEMERLY J. SIRA, MD",primeview_iloilo@yahoo.com,primeview_iloilo@yahoo.com,5015952,2,5,7,WITHOUT CONCERN,,PASSED,Acceptable,SDTL-PT-22-061015,A
7,06-1346-22-PIBS-R,6,QPL DIAGNOSTICS AND  CLINIC,"BC.BLDG,OSMENA AVE,BRGY IV,VICTORIAS CITY, NEGROS OCCIDENTAL",NEGROS OCCIDENTAL,09184498222/09996832954/(034)717-0076,"BUYCO,CHARLES MICHAEL",qplvictorias@outlook.com,qplvictorias@outlook.com,5061619,2,0,2,WITHOUT CONCERN,,PASSED,Excellent,SDTL-PT-22-061016,E
7,06-XXXX-XX-XXXX-X,6,QUALIMED HEALTH NETWORK ILOILO CITY,"AYALA PARK DON DONATO PISON AVE, BRGY. SAN RAFAEL MANDURRIAO, ILOILO CITY, ILOILO",ILOILO,09127193959/(033) 500-4000 loc. 5312,"ANNA VICTORIA J. SOMBONG, MD, FPSP",qualimeddrugtest@gmail.com,qualimeddrugtest@gmail.com,5094540,1,4,5,WITHOUT CONCERN,,PASSED,Highly Satisfactory,SDTL-PT-22-061017,HS
7,06-1124-22-PIBS-R ,6,QUBE DIAGNOSTIC LABORATORY ,"124 LOCSIN BROCE STREET BARANGAY 2, NEGROS OCCIDENTAL",NEGROS OCCIDENTAL,9178925281,"DONALDSON M. GADINGAN,. MD ",qubediagnosticlab@gmail.com ,qubediagnosticlab@gmail.com ,5081840,1,4,5,WITHOUT CONCERN,,PASSED,Highly Satisfactory,SDTL-PT-22-061018,HS
7,06-1061-20-PIBS-R,6,QUIKLAB DIAGNOSTICS INC. ,"J.C. ZULUETA STREET POB SOUTH, ILOILO",ILOILO ,9173032856,MA. IRIS SALAZAR MD,quiklabdiagnostics@gmail.com,quiklabdiagnostics@gmail.com,5073197,0,5,5,WITHOUT CONCERN,,PASSED,Highly Satisfactory,SDTL-PT-22-061019,HS
7,06-0269-20-PIBS-R,6,RED SHIELD CLINICAL LABORATORY,"3F ROOM F, EL SORIANO BLDG., LACSON ST, BRGY 18, NEGROS OCCIDENTAL",NEGROS OCCIDENTAL,09224612863; 0347080754; 09183012302,"WALTER D.L VILLANEUVA, MD",redshieldcl@yahoo.com,redshieldcl@yahoo.com,5012422,1,1,2,WITHOUT CONCERN,,PASSED,Excellent,SDTL-PT-22-061020,E
7,06-XXXX-XX-XXXX-X,6,ROXAS MEMORIAL PROVINCIAL HOSPITAL,"NEAR GAISANO GRAND CITY, ARNALDO BOULEVARD, ROXAS CITY, CAPIZ",CAPIZ,09478007953/036-6210-823 local 116,"IROS JAN M. DEMEGILLO-BERNADAS, MD., DPSP",labrmph2018@gmail.com,labrmph2018@gmail.com,5076320,1,4,5,WITHOUT CONCERN,,PASSED,Highly Satisfactory,SDTL-PT-22-061021,HS
3,03-XXXX-XX-XXXX-X,3,LIFE SCREEN DIAGNOSTIC LABORATORY,"4 AC BUILDING, GUMAMELA ST, SAN VICENTE, TARLAC CITY",TARLAC,9193189650,"FLORENCIO C. DIZON, MD",life_screendl@yahoo.com,life_screendl@yahoo.com,5141796,2,1,3,WITHOUT CONCERN,,PASSED,Highly Satisfactory,SDTL-PT-22-031022,HS
4,4A-XXXX-XX-XXXX-X,4A,"CITY OF GENERAL TRIAS DOCTORS MEDICAL CENTER, INC.","GOVERNOR'S DRIVE, BRGY. MANGGAHAN, GENERAL TRIAS CITY, CAVITE",CAVITE,09563026843/09687313181,"DOREEN DOTOLLO, MD",gentriasdocslaboratory@yahoo.com,gentriasdocslaboratory@yahoo.com,5141787,0,2,2,WITHOUT CONCERN,,PASSED,Excellent,SDTL-PT-22-4A1023,E
4,4A-1104-21-PIBS-R,4A,WE CARE MEDICAL AND DIAGNOSTIC CLINIC,"NATIONAL HI-WAY, HALANG (IN FRONT OF GOVERNOR'S OFFICE), CALAMBA CITY, LAGUNA",LAGUNA,91548145688,"JENNIFER B. TORRES, MD",wecare.mdc@yahoo.com,wecare.mdc@yahoo.com,5141786,2,0,2,WITHOUT CONCERN,,PASSED,Excellent,SDTL-PT-22-4A1024,E
17,13-0756-21-PFSS-R,13,BICUTAN DIAGNOSTIC LABORATORY,"BLK 1847 LOT 9 A. BONIFACIO AVENUE ZONE 1 CENTRAL BICUTAN, TAGUIG CITY",TAGUIG CITY,09472409481/0285526404,"MELVIN JUDE G. KATAPANG, MD",bicutanlab@gmail.com,bicutanlab@gmail.com,5142612,2,1,3,WITHOUT CONCERN,,PASSED,Highly Satisfactory,SDTL-PT-22-131025,HS
3,03-0920-21-PIBS-R,3,ST. ANASTACIA DIAGNOSTIC LABORATORY,"#234 MCARTHUR HIGHWAY, STO. DOMINGO, CAPAS, TARLAC CITY",TARLAC CITY,09067437891/03921984223,"NICK R. FERNANDEZ, MD",anastacialaboratory16@gmail.com,anastacialaboratory16@gmail.com,5142611,0,3,3,WITHOUT CONCERN,,PASSED,Highly Satisfactory,SDTL-PT-22-031026,HS
4,4A-XXXX-XX-XXXX-X,4A,HRD SPECIALTY CLINIC & DIAGNOSTIC SERVICES INC.,"GF ANNIES PLAZA BUILDING SAN AGUSTIN 1, DASMARINAS CITY, CAVITE ",CAVITE CITY,9951583626,"AZEUS O. SILVA, MD",hrdclinicdasmaii@gmail.com,hrdclinicdasmaii@gmail.com,5141792,1,1,2,WITHOUT CONCERN,,PASSED,Excellent,SDTL-PT-22-4A1027,E
4,4A-1662-21-PIBS-I,4A,ST. ANGELO'S MULTI SPECIALIST AND DIAGNOSTIC CENTER,"#74 M. MALVAR ST., SAN VICENTE, BIÑAN CITY, LAGUNA",LAGUNA CITY,09157316644/09561423152,"AZEUS O. SILVA, MD",st.angelosclinic@yahoo.com,st.angelosclinic@yahoo.com,5141793,0,5,5,WITHOUT CONCERN,,PASSED,Highly Satisfactory,SDTL-PT-22-4A1029,HS
4,4A-0440-22-PIBS-R,4A,CLINICA LAGUNA MULTISPECIALTY CENTER AND DIAGNOSTIC INC,"LF UNIT 108 PARIAN COMMERCE CENTER, BRGY. PARIAN, CALAMBA CITY, LAGUNA",LAGUNA CITY,09178934178/09178136647,"GODOFREDO RAINIER B. MANERA, MD",clinicalagunaparian2021@gmail.com,clinicalagunaparian2021@gmail.com,5141791,2,4,6,WITHOUT CONCERN,,PASSED,Acceptable,SDTL-PT-22-4A1030,A
4,4A-1091-21-PFSS-R,4A,LABXPERT MEDICAL AND DIAGNOSTIC CENTER,"J&A BLDG., (NEAR TGP BULIHAN), MALVAR CITY BATANGAS",BATANGAS CITY,09915478080/ 043-236-7173,"MARIA ANGELICA B. VALDEZ, MD",labxpertmedical.main@gmail.com,labxpertmedical.main@gmail.com,5141789,0,5,5,WITHOUT CONCERN,,PASSED,Highly Satisfactory,SDTL-PT-22-4A1031,HS
7,06-1564-21-PIBS-R,6,HRD SPECIALTY CLINIC AND DIAGNOSTIC SERVICES,"250 COR MAMATID BANLIC, CABUYAO CITY, LAGUNA",LAGUNA CITY,9172593333,"ANGELIE ERISTELA L. OROPILLA, MD",hrd_clinic@yahoo.com,hrd_clinic@yahoo.com,5141790,2,0,2,WITHOUT CONCERN,,PASSED,Excellent,SDTL-PT-22-4A1032,E
7,06-1125-22-PIBS-R,6,SAINT JUDE MEDICAL AND CLINICAL LABORATORY,"COR. OSMEÑA AVENUE GONZAGA ST., BRGY.1, VICTORIAS CITY, NEGROS OCCIDENTAL ",NEGROS OCCIDENTAL,9176235344,"LENI G. MONTES, MD",stjudevictorias@yahoo.com,stjudevictorias@yahoo.com,5026240,2,1,3,WITHOUT CONCERN,,PASSED,Highly Satisfactory,SDTL-PT-22-061033,HS
7,06-0688-22-PFSS-R,6,"SAN CARLOS DOCTORS' HOSPITAL, INC.","C.L LEDESMA AVENUE BARANGAY 1, SAN CARLOS CITY, NEGROS OCCIDENTAL",NEGROS OCCIDENTAL,09985819619/0343125136,GRACE JOY CULPA AVILA,scdh.screeningdrugtestlab@gmail.com,scdh.screeningdrugtestlab@gmail.com,5067630,0,3,3,WITHOUT CONCERN,,PASSED,Highly Satisfactory,SDTL-PT-22-061034,HS
7,06-XXXX-XX-XXXX-X,6,SNX-B DRUG TESTING LABORATORY ,"150 CARMENT STREET, BRGY. SAN PEDRO (BESIDE GYMNASIUM), BINALBAGAN CITY, NEGROS OCCIDENTAL",NEGROS OCCIDENTAL,9338273496,"CHARLES MICHAEL A. BUYCO, MD ",snxbdtl2019@gmail.com,snxbdtl2019@gmail.com,5073310,1,2,3,WITHOUT CONCERN,,PASSED,Highly Satisfactory,SDTL-PT-22-061035,HS
3,03-0264-22-PIBS-R,3,"SOUTH BACOLOD GENERAL HOSPITAL AND MEDICAL CENTER, INC.","ARANETA HIGHWAY, PAHANOCOY, BACOLOD CITY, NEGROS OCCIDENTAL",NEGROS OCCIDENTAL,09176523933/(034)7042911,HANS FRANCIS DORONILA FERRARIS,laboratory.sbgh@gmail.com,laboratory.sbgh@gmail.com,5073305,2,4,6,WITHOUT CONCERN,,PASSED,Acceptable,SDTL-PT-22-061036,A
7,06-0650-21-PIBS-R,6,BIOCARE LABORATORY,"BL BLDG. ARELLANO (ACROSS 7/11) ORION, BATAAN",BATAAN ,,,,,5013982,0,5,5,WITHOUT CONCERN,PREVIOUS H TEST,PASSED,Highly Satisfactory,SDTL-PT-22-031037,HS
7,06-1207-21-PIBS-R,6,STAT LAB INC. ,"GROUND FLOOR, GT TOWN CENTER, LINGKA II, PAVIA CITY, ILOILO CITY",PAVIA CITY,09177900784; 09984599720; 0333281351; 09173029136,"MA, VICTORIA S. TIONGSON MD, FPSP",statlabgt@gmail.com,statlabgt@gmail.com,5014021,0,5,5,WITHOUT CONCERN,,PASSED,Highly Satisfactory,SDTL-PT-22-061038,HS
7,06-0829-21-PIBS-R,6,"SUPERCARE MEDICAL SERVICES, INC. ILOILO BRANCH","3/F 22 MANFRED'S PLACE, GEN. LUNA ST., ILOILO CITY, ILOILO",ILOILO CITY,09183441391/(033)335-3051/09488822075,MA. IRIS VERGARA SALAZAR,smsiiloilolab@gmail.com/lab.iloilo@supercare.com.ph,smsiiloilolab@gmail.com/lab.iloilo@supercare.com.ph,5069141,1,5,6,WITHOUT CONCERN,,PASSED,Acceptable,SDTL-PT-22-061039,A
7,06-XXXX-XX-XXXX-X,6,THE DOCTOR'S HOSPITAL INC. ,"BS AQUINO DRIVE, BRGY VILLAMONTE, BACOLOD CITY, NEGROS OCCIDENTAL",NEGROS OCCIDENTAL,09176241048; 4682100 LOC. 1138-1139,"LENI G. MONTES, MD",laboratory@thedoctorshospital.com,laboratory@thedoctorshospital.com,5016432,3,5,8,WITHOUT CONCERN,,PASSED,Acceptable,SDTL-PT-22-061040,A
7,06-0831-21-PIBS-R,6,THE RIVERSIDE MEDICAL CENTER INC. ,"SM CITY SOUTH WING LUZURIAGA STREET, BACOLOD CITY, NEGROS OCCIDENTAL",NEGROS OCCIDENTAL,09915092209; (034) 4354052,"MELANIE ROSE B. ZERRUDO, MD",jasonaldrintan@gmail.com,jasonaldrintan@gmail.com,5009059,0,2,2,WITHOUT CONCERN,,PASSED,Excellent,SDTL-PT-22-061041,E
7,06-0963-21-PFSS-R,6,TRANSNATIONAL MEDICAL AND DIAGNOSTIC CENTER INC.,E. LOPEZ ST. JARO ILOILO CITY,ILOILO CITY,09175681814; 5037406,"JENNIFER Z. MURGA, MD",jennifer.murga@tmdc.ph,jennifer.murga@tmdc.ph,5012509,2,5,7,WITHOUT CONCERN,,PASSED,Acceptable,SDTL-PT-22-061042,A
7,06-XXXX-XX-XXXX-X,6,VILLANUEVA CLINICAL LABORATORY,"#8 16TH ST., LACSON, BACOLOD CITY, NEGROS OCCIDENTAL",NEGROS OCCIDENTAL,09189012302; 03443339355; 034433-5277,"WALTER D.L VILLANEUVA, MD",labvcbcld@gmail.com,labvcbcld@gmail.com,5013802,2,4,6,WITHOUT CONCERN,,PASSED,Acceptable,SDTL-PT-22-061043,A
7,06-0832-21-GIBS-R,6,WEST VISAYAS STATE UNIVERSITY MEDICAL CENTER,E. LOPEZ ST. JARO ILOILO CITY,ILOILO CITY,333202431,ANNA VICTORIA J. SOMBONG,,,5017886,1,5,6,WITHOUT CONCERN,,PASSED,Acceptable,SDTL-PT-22-061044,A
7,06-0108-21-PIBS-R,6,WESTERN VISAYAS MEDICAL CENTER DRUG TESTING LABORATORY,"Q. ABETO ST. MANDURRIAO , ILOILO CITY",ILOILO CITY,9173159367,"STEPHANIE A. ABELLO, MD",wvmed112@yahoo.com,wvmed112@yahoo.com,5016007,1,4,5,WITHOUT CONCERN,,PASSED,Highly Satisfactory,SDTL-PT-22-061045,HS
7,06-XXXX-XX-XXXX-X,6,YGEIA MEDICAL CENTER INC,"2F PASEO VERDE BLDG. LACON AVE. BRGY MANDALAGAN, BACOLOD CITY",NEGROS OCCIDENTAL,09319790326; (034) 4583969; 09228355026,"CHARLES MICHAEL A. BUYCO, MD",charlesbuyco@yahoo.com,charlesbuyco@yahoo.com,5008049,2,1,3,WITHOUT CONCERN,,PASSED,Highly Satisfactory,SDTL-PT-22-061046,HS
8,07-0759-22-PIBS-R,7,ZSO DIAGNOSTIC  INC. ,"E. LOPEZ ST., SAN VICENTE JARO ILOILO CITY",ILOILO CITY,09079965928/(033) 396-0068,"LIBANAN, LYSA LYNN UY",zsodiagnostics@yahoo.com,zsodiagnostics@yahoo.com,5050621,2,5,7,WITHOUT CONCERN,,PASSED,Acceptable,SDTL-PT-22-061047,A
8,07-0762-22-PIBS-R,7,ACCUMED DIAGNOSTIC AND HEALTH SERVICES,"2F NGA BLDG. PUEBLO VERDE, BASAK, LAPU LAPU CITY, CEBU",CEBU,09214268097/(032)4941030/09499978979,RUBY OHAYAS RUSIA-UY,accumedopon@gmail.com,accumedopon@gmail.com,5070248,1,2,3,WITHOUT CONCERN,,PASSED,Highly Satisfactory,SDTL-PT-22-071048,HS
8,07-1571-21-PIBS-I,7,"ACTIVE ONE HEALTH, INC. ","G/F IZ BLDG. JOSE MARIA DEL MAR ST., IT PARK, CEBU CITY",CEBU,09178680142/09958738754,MARIA KARISSA GUANTERO LIM,gift.quintanilla@activeonehealth.com,gift.quintanilla@activeonehealth.com,5070810,0,5,5,WITHOUT CONCERN,,PASSED,Highly Satisfactory,SDTL-PT-22-071049,HS
8,07-1504-19-PFSS-I,7,ADVANCE HEALTH SERVICES COOPERATIVE,"PCF BUILDING, # 20 GOV. M. ZOSA STR, CAPITOL SITE, CEBU CITY",CEBU,9173296617,"ALMA E. MALILONG, MD",lab.ahscoop@gmail.com,lab.ahscoop@gmail.com,5054824,0,5,5,WITHOUT CONCERN,,PASSED,Highly Satisfactory,SDTL-PT-22-071050,HS
8,07-0766-22-PIBS-R,7,ALBTEC DRUG TESTING CENTER,SAN VICENTE ST. BOGO CITY CEBU CITY,CEBU,9638623796,"JUDITO G. CABALLERO, MD",kate.tecson01@gmail.com,kate.tecson01@gmail.com,5015927,0,5,5,WITHOUT CONCERN,,PASSED,Highly Satisfactory,SDTL-PT-22-071051,HS
8,07-1255-20-PFSS-R,7,ALLEGIANT REGIONAL CARE HOSPITALS INC.,"SITIO MALINAO, BARANGAY AGUS, LAPU-LAPU CITY, CEBU CITY",CEBU,09286338128/(032)4934248/09338287998,MARK ANTHONY FAJARDO SON,archospitals.laboratory@outlook.com,archospitals.laboratory@outlook.com,5065402,2,5,7,WITHOUT CONCERN,,PASSED,Acceptable,SDTL-PT-22-071052,A
3,03-0696-21-PIBS-R,3,ALPHA DIAGNOSTIC CENTER,"F. RAMOS ST. COR., GENERAL ECHAVEZ EXT, CEBU CITY",CEBU,9177732193; 0322547305; 0322547305,"LYDIA BIGORNIA, MD",alphalaboratory@yahoo.com,alphalaboratory@yahoo.com,5012418,2,5,7,WITHOUT CONCERN,,PASSED,Acceptable,SDTL-PT-22-071053,A
8,07-1302-21-PIBS-R,7,MEDHUB LAB MULTISPECIALTY AND DIAGNOSTIC CLINIC,"AT THE BACK OF LTO TAYTAY, DAVAO CITY, CEBU",CEBU,09171196198; 09228398809,"SEBASTIAN MARTINEZ, MD",adctaytay@gmail.com,adctaytay@gmail.com,5045386,2,2,4,WITHOUT CONCERN,PREVIOUS H TEST,PASSED,Highly Satisfactory,SDTL-PT-22-031054,HS
8,07-XXXX-XX-XXXX-X,7,AMOSUP SEAMEN'S HOSPITAL- CEBU,"CAMINO VICINAL ST. BRGY UMAPAD, MANDAUE CITY, CEBU",CEBU,9369048990; (032) 236-6871; 09173245814,"ANETTE L. SALILLAS, MD",amosupseamenslab@yahoo.com,amosupseamenslab@yahoo.com,5009598,2,5,7,WITHOUT CONCERN,,PASSED,Acceptable,SDTL-PT-22-071055,A
8,07-0445-21-PIBS-R,7,AQUILES MEDICAL CLINIC AND LABORATORY,"299 R. BOYLES ST. POBLACION, UBAY CITY, BOHOL",BOHOL,09083144660/038-5012652,SEBASTIAN GAISKA LARRAZABAL MARTINEZ,aquilesclinicallaboratory@gmail.com,aquilesclinicallaboratory@gmail.com,5065407,2,3,5,WITHOUT CONCERN,,PASSED,Highly Satisfactory,SDTL-PT-22-071056,HS
8,07-XXXX-XX-XXXX-X,7,AVENTUS MEDICAL CARE INC.,"LEVEL 3 UNIT 309 AND 302, ROBINSONS CYBERGATE, DON GIL GARCIA AND J. LLORENTE ST., CEBU CITY",CEBU,09283556177; (032)236-9028,"MARJORIE L. CANG, MD",laboratory.cybergate@aventusmedical.com.ph,laboratory.cybergate@aventusmedical.com.ph,5011597,1,5,6,WITHOUT CONCERN,,PASSED,Acceptable,SDTL-PT-22-071057,A
8,07-1074-21-PIBS-R,7,AVENTUS MEDICAL CARE INC. ,"UNIT 203 2/F TGU TOWER, IT PARK, APAS, CEBU CITY",CEBU,09954612560; 0322688072 LOC 2004; 09685453081,"MARJORIE L. CANG, MD",laboratory.cebu@aventusmedical.com.ph,laboratory.cebu@aventusmedical.com.ph,5013062,4,2,6,WITHOUT CONCERN,,PASSED,Acceptable,SDTL-PT-22-071058,A
8,07-XXXX-XX-XXXX-X,7,BEST DIAGNOSTIC CORPORATION- BOHOL BRANCH,"#0029 M. PARRAS ST. POBLACION, TAGBILARAN CITY, BOHOL",BOHOL,09088921435; 09178010162; (038) 5009287,"JANE ELANOR L. PERMITES , MD",bestbohol13@gmail.com,bestbohol13@gmail.com,5010868,2,1,3,WITHOUT CONCERN,,PASSED,Highly Satisfactory,SDTL-PT-22-071059,HS
8,07-1165-21-GFSS-R,7,BN GOTHONG HEALTHCARE SOLUTIONS. CORP,"UNIT 1&2 ALPHA CENTRUM, LOPEZ JAENA ST. SUBANGDAKU, MANDAUE CITY, CEBU",CEBU,09190673954; 09190673953; (032) 2392684,"RUBY O. RUSIA-UY, MD",ubings@yahoo.com,ubings@yahoo.com,4971124,2,4,6,WITHOUT CONCERN,,PASSED,Acceptable,SDTL-PT-22-071060,A
8,07-0782-22-PIBS-R,7,BOHOL PROVINCIAL DRUG TESTING CENTER LABORATORY,"C. FORMER PROVINCIAL HEALTH OFFICE BUILDING, TAGBILARAN CITY, BOHOL",BOHOL,09988867701; 0384120950,"GREG JULIUS D. SODUSTA, MD",phodtl_bohol@yahoo.ccom,phodtl_bohol@yahoo.ccom,5016429,2,3,5,WITHOUT CONCERN,,PASSED,Highly Satisfactory,SDTL-PT-22-071061,HS
8,07-1599-20-PIBS-R,7,CARCAR WOMEN & CHILDREN LYING-IN POLYCLINIC & LABORATORY,"BARACCA ST., POBLACION II (INFRONT OF CEBU PROVINCIAL HOSPITAL-CARCAR), CARCAR CITY, CEBU",CEBU,(032)487-8458/09179146471,EVEYLEN ANG CHI,wclpldrugtest@gmail.com,wclpldrugtest@gmail.com,5067623,2,5,7,WITHOUT CONCERN,,PASSED,Acceptable,SDTL-PT-22-071062,A
8,07-1141-22-PFSS-R,7,CARMEN COPPER CORP DTL,"CARMEN COPPER HOSPITAL LABORATORY, TOLEDO CITY, CEBU",CEBU,09227369400; 0328881201 LOC. 3814,"ALMA E. MALILONG, MD",Tdsuico@carmencopper.com,Tdsuico@carmencopper.com,5012326,1,4,5,WITHOUT CONCERN,,PASSED,Highly Satisfactory,SDTL-PT-22-071063,HS
8,07-1279-22-PIBS-R ,7,CEBU EXCELLEMED DIAGNOSTIC CENTER,"71 N. BACALSO AVENUE, CEBU CITY ",CEBU,9065389520,CHELA MARIE T. ROMERO,cebex_cebu@yahoo.com,cebex_cebu@yahoo.com,5137934,3,5,8,WITHOUT CONCERN,,PASSED,Acceptable,SDTL-PT-22-071064,A
8,07-0783-22-PIBS-R ,7,CEBU HEALTHSPEC MEDICAL DIAGNOSTIC AND DENTAL CLINIC INC ,"2F ALFRESCO 1, 201-202 PARK MAIL QUANO AVE. BRGY CITY SOUTH SPECIAL ECONOMIC ADMINISTRATIVE ZONE MANDAUE CITY, CEBU CITY",CEBU,09065383500 / 09178806411,"THEODORE M. ZAMORA, MD",healthspec2021@gmail.com,healthspec2021@gmail.com,5063687,4,3,7,WITHOUT CONCERN,,PASSED,Acceptable,SDTL-PT-22-071065,A
17,13-XXXX-XX-XXXX-X,13,CEBU NORTH GENERAL HOSPITAL ,"CEBU NORTH GENERAL HOSPITAL- LABORATORY, KAUSWAGAN ROAD BRGY. TALAMBAN, CEBU CITY",CEBU ,9686507718,"MARIE EMMELINE B. YU, MD ",cebunorthgenhospitallaboratory@gmail.com,cebunorthgenhospitallaboratory@gmail.com,5081885,2,4,6,WITHOUT CONCERN,,PASSED,Acceptable,SDTL-PT-22-071066,A
8,07-0996-19-PFSS-R,7,ASSOCIATED MEDICAL AND CLINICAL SERVICES INC.,"3/F, KALAYAAN BUILDING, COR. SALCEDO & DELA ROSA STS, LEGAZPI VILLAGE, MAKATI, 1229 METRO MANILA",,,,,,,0,0,0,WITHOUT CONCERN,,PASSED,Excellent,SDTL-PT-22-131067,E
8,07-1604-22-PIBS-R,7,CEBU SAGRADA CORAZON HEALTH SERVICES INC,"G/F GMC PLAZA BLDG., CORNER LEGASPI EXIT AND MJ CUENCO AVE., CEBU CITY", CEBU,9190674261,"THEODORE M. ZAMORA, MD",cebusagradalab@yahoo.com,cebusagradalab@yahoo.com,5019024,0,5,5,WITHOUT CONCERN,,PASSED,Highly Satisfactory,SDTL-PT-22-071068,HS
8,07-0497-21-PIBS-R,7,"CEBU SOUTH GENERAL HOSPITAL, INC.","NATIONAL HIGHWAY, TUYAN, CITY OF NAGA, CEBU",CEBU,09985819647/272-2222 LOC. 223/224/09177702619,"GRACE JOY C. AVILA, MD",sgh_lab@yahoo.com,sgh_lab@yahoo.com,5087928,1,5,6,WITHOUT CONCERN,,PASSED,Acceptable,SDTL-PT-22-071069,A
8,07-0999-19-PIBS-R,7,CENTER FOR HEALTH SERVICES (CHSI). INC.,"GF UNIT 12, THE NORTG ATRIUM BLDG; MC BRIONES ST. COR AS FORTUNA ST, MANDAUE CITY, CEBU CITY",CEBU,9298057988,"MARK ANTHONY SON, MD",chsicebulab@gmail.com,chsicebulab@gmail.com,5012325,2,3,5,WITHOUT CONCERN,,PASSED,Highly Satisfactory,SDTL-PT-22-071070,HS
8,07-0732-21-PIBS-R ,7,CHONG HUA HOSPITAL ,"DON MARIANO 001 FUERTE OSMEÑA, CEBU CITY",CEBU,9453494849,"MARJORIE L. CANG, MD",chhc_laboratory@chonghua.com.ph,chhc_laboratory@chonghua.com.ph,5021708,2,4,6,WITHOUT CONCERN,,PASSED,Acceptable,SDTL-PT-22-071071,A
8,7-XXXX-XX-XXXX-X,7,CHONG HUA HOSPITAL MANDAUE,"UGF-DEPT OF LAB SERVICE, CHONG HUA HOSPITAL MANDAUE, BRGY SUBANGDAKU, MANDAUE CITY, CEBU CITY",CEBU,09175265423; 2338000 LOC. 8252; 09176277722,"ERIC PO LASALA, MD, FPSP, MBA",limar_joy_tongco@chonghua.com.ph,limar_joy_tongco@chonghua.com.ph,5014025,0,5,5,WITHOUT CONCERN,,PASSED,Highly Satisfactory,SDTL-PT-22-071072,HS
8,07-1563-21-PIBS-I,7,CONSOLACION COMMUNITY DOCTOR'S INC,"NATIONAL HIGHWAY CANSAGA, CONSOLACION CITY, CEBU CITY",CEBU,9565923857,"JUDE MARTIN F. AMAFRANCA, MD",ccdi06-DTL@yahoo.com,ccdi06-DTL@yahoo.com,5022959,0,5,5,WITHOUT CONCERN,,PASSED,Highly Satisfactory,SDTL-PT-22-071073,HS
8,07-0967-21-PFSS-R,7,"COR IESU MEDICAL CLINIC LABORATORY, XRAY AND PHARMA","NATIONAL HIGHWAY, PONDOL, BALAMBAN CITY, CEBU CITY",CEBU,9101029733,"THEODORE M. ZAMORA, MD",chapuen88@gmail.com,chapuen88@gmail.com,5015919,3,2,5,WITHOUT CONCERN,,PASSED,Highly Satisfactory,SDTL-PT-22-071074,HS
8,07-0790-22-PIBS-R,7,CYBER MEDICAL AND DIAGNOSTIC LABORATORY,"2F LA NORA BLDG. N. BACALSO AVE., SAMBAG 2 CEBU CITY",CEBU,09514858167; 2562957,"SEBASTIAN MARTINEZ, MD",cybermedical.dl@gmail.com,cybermedical.dl@gmail.com,5013626,0,1,1,WITHOUT CONCERN,,PASSED,Excellent,SDTL-PT-22-071075,E
8,07-1579-21-GIBS-R,7,DIAGNOSTIC CARE AND LABORATORY SERVICES (DIAGCARE),"MAXIMA LIMQUIACO BLDG. DR V. LOCSIN ST. POBLACION 3, DUMAGUETE CITY, NEGROS ORIENTAL",NEGROS ORIENTAL,4210259,ROGELIO SINO-AG MCINTIRE,daffodilramirez@yahoo.com,daffodilramirez@yahoo.com,5073304,0,2,2,WITHOUT CONCERN,,PASSED,Excellent,SDTL-PT-22-071076,E
8,07-XXXX-XX-XXXX-X,7,DOH- TREATMENT AND REHABILITATION CENTER ARGAO,"CANDABONG, BINLOD, ARGAO CITY, CEBU CITY",CEBU,9299652026,"RUBY O. RUSIA-UY, MD",jaime.tallo@yahoo.com,jaime.tallo@yahoo.com,5021704,3,5,8,WITHOUT CONCERN,,PASSED,Acceptable,SDTL-PT-22-071077,A
8,07-XXXX-XX-XXXX-X,7,DRUGCHECK PHILS INC,"N. 87 RIZAL AVENUE, SAMBAG I, CEBU CITY, CEBU",CEBU,9225451523,"SEBASTIAN MARTINEZ, MD",dcpicebucity.6000@gmail.com,dcpicebucity.6000@gmail.com,5017943,3,3,6,WITHOUT CONCERN,,PASSED,Acceptable,SDTL-PT-22-071078,A
8,07-0530-21-PIBS-R,7,GARCIA MEMORIAL PROVINCIAL HOSPITAL DRUG TESTING LABORATORY,"BOHOL CIRCUMFERENCIAL ROAD, SAN JOSE, TALIBON, BOHOL",BOHOL,09957545535/038-5155081/09988867701,GREG JULIUS DERIKITO SODUSTA V,gmphdrugtesting11@gmail.com,gmphdrugtesting11@gmail.com,5065415,0,5,5,WITHOUT CONCERN,,PASSED,Highly Satisfactory,SDTL-PT-22-071079,HS
8,07-1188-21-GIBS-R,7,GILLAMAC DIAGNOSCTIC AND MEDICAL LABORATORIES,"169 SANCIANGKO ST., PAHINA CENTRAL (POB.), CEBU CITY (CAPITAL), CEBU 6000",CEBU,9176237002,"CECILIA P. LEPON-CAPANTAY, MD, FPSP",gillamac.lab@gmail.com,gillamac.lab@gmail.com,5025697,2,2,4,WITHOUT CONCERN,,PASSED,Highly Satisfactory,SDTL-PT-22-071080,HS
8,07-0793-22-PIBS-R,7,GOV. CELESTINO GALLARES MEMORIAL HOSPITAL,"103 MIGUEL PARRAS ST. POBLACION II, TAGBILARAN CITY, BOHOL",BOHOL,09279556818; 0384113185,"ANETTE L. SALILLAS, MD",annette_salillas@yahoo.com,annette_salillas@yahoo.com,5013496,2,4,6,WITHOUT CONCERN,,PASSED,Acceptable,SDTL-PT-22-071081,A
8,07-0920-19-PIBS-R,7,HEALTH SO GOOD CLINICS AND DIAGNOSTICS,"UNITS 24-25 2ND FLOOR, CITY TIME SQUARE MACTAN BASAK-MARIGONDON ROAD , LAPU-LAPU CITY, CEBU CITY",CEBU,09177900474/(032)4074462/09498858189,MARK ANTHONY FAJARDO SON,hsgdiagnostics@gmail.com,hsgdiagnostics@gmail.com,5070380,1,5,6,WITHOUT CONCERN,,PASSED,Acceptable,SDTL-PT-22-071082,A
8,07-0666-21-PIBS-R,7,HEALTHCARE DIAGNOSTIC AND DRUG TESTING LABORATORY,"2ND FLOOR NLE BUILDING, CENTRAL POBLACION CITY OF NAGA CEBU CITY",CEBU,9054076469,"DONALDSON M. GADINGAN, MD",hcdcnaga20m@gmail.com,hcdcnaga20m@gmail.com,5019441,2,2,4,WITHOUT CONCERN,,PASSED,Highly Satisfactory,SDTL-PT-22-071083,HS
8,07-0667-21-PIBS-R,7,HI PRECISION DIAGNOSTIC MANDAUE,"DIAMOND PLAZA BUILDING, MC BRIONES ST. MAGUIKAY, MANDAUE CITY, CEBU CITY",CEBU,9177126551,"GRACE JOY C. AVILLA,MD",hpd_cebu@hi_precision.com.ph,hpd_cebu@hi_precision.com.ph,5041887,0,3,3,WITHOUT CONCERN,,PASSED,Highly Satisfactory,SDTL-PT-22-071084,HS
8,07-0665-21-PIBS-R,7,HI-PRECISION DIAGNOSTIC- TABUNOK,"BULACAO TABUNOK, SOUTH NATIONAL RD., TALISAY CITY, CEBU",CEBU,9177126562,"GRACE JOY C. AVILLA,MD",hpd_cebu@hi-precision.com,hpd_cebu@hi-precision.com,5041887,2,5,7,WITHOUT CONCERN,,PASSED,Acceptable,SDTL-PT-22-071085,A
8,07-0668-21-PIBS-R,7,HI-PRECISION DIAGNOSTIC-MACTAN,"M.V PATALINJUG JR. AVENUE, LAPU-LAPU CITY, CEBU CITY",CEBU,9985707162,"GRACE JOY C. AVILLA,MD",hpd-cebu@hi-precision.com.ph,hpd-cebu@hi-precision.com.ph,5041887,2,1,3,WITHOUT CONCERN,,PASSED,Highly Satisfactory,SDTL-PT-22-071086,HS
8,07-0625-19-PPFS-R,7,HI-PRECISION DIAGNOSTIC/ LABCORE,"#28 WES BLDG., J. LLORENTE ST. CAPITOL SITE, CEBU",CEBU,9177728005,"GRACE JOY C. AVILLA,MD",drugtest@hpd_cebu.com,drugtest@hpd_cebu.com,5041887,2,5,7,WITHOUT CONCERN,,PASSED,Acceptable,SDTL-PT-22-071087,A
8,07-1421-22-PIBS-R,7,IMMACULATE CONCEPCION DRUG TESTING LABORATORY,"PAMUGAS BLDG., J.A CLARIN ST, BOHOL CITY",BOHOL,09988600972; 5019939; 09228547507,"JUANITA A. ARCAY, MD","immaculate282010@yahoo.co,","immaculate282010@yahoo.co,",4948785,2,0,2,WITHOUT CONCERN,,PASSED,Excellent,SDTL-PT-22-071088,E
8,07-XXXX-XX-XXXX-X,7,KAISER MEDICAL CENTER CLINIC AND DIAGNOSTICS,"2ND ST. MEZ-1 IBO, LAPU-LAPU CITY, CEBU CITY",CEBU,9171926888,"RIAN JOHN B. PABLEO, MD DPSP",rianjohn.pableo@yahoo.com,rianjohn.pableo@yahoo.com,5075933,2,3,5,WITHOUT CONCERN,,PASSED,Highly Satisfactory,SDTL-PT-22-071089,HS
8,07-1054-21-PIBS-R,7,LIFE & HEALTH HMP INC ,"GKLC BLDG PEÑALOSA STREET BRGY POBLACION, TOLEDO CITY, CEBU CITY",CEBU,09171406998 / 09171224055,"RUBY O. RUSIA-UY, MD",lifeandhealthtoledolab@gmail.com,lifeandhealthtoledolab@gmail.com,5063750,1,5,6,WITHOUT CONCERN,,PASSED,Acceptable,SDTL-PT-22-071090,A
8,07-097-21-PIBS- R,7,LIFE AND HEALTH HMP. INC,"BF MACTAN STRIP, PAJO UNIT 2L, LAPU-LAPU CITY, CEBU CITY",CEBU,09224095051; 4121094,"RUBY O. RUSIA-UY, MD",mactanlab@gmail.com,mactanlab@gmail.com,5012329,2,3,5,WITHOUT CONCERN,,PASSED,Highly Satisfactory,SDTL-PT-22-071091,HS
8,07-XXXX-XX-XXXX-X,7,LIFELAB DIAGNOSTIC INC.,"2F TSI BLDG OUANO AVENUE NORTH RECLAMATION AREA, SUBANGDAKU, MANDAUE CITY, CEBU CITY",CEBU,09228072732; 0324209066,"ALMA E. MALILONG, MD",lifelabdiagnostic@gmail.com,lifelabdiagnostic@gmail.com,5012417,1,3,4,WITHOUT CONCERN,,PASSED,Highly Satisfactory,SDTL-PT-22-071092,HS
8,07-0983-20-PFSS-R,7,MAAYO MEDICAL CLINIC CORPORATION,"NORTHPARK, UN AVENUE, CORNER PLARIDEL ST., ALANG ALANG, MANDAUE CITY, CEBU CITY",CEBU,9686957251,"CECILIA P. LEPON-CAPANTAY, MD, FPSP",drugtesting@maayomedical.com,drugtesting@maayomedical.com,5042552,2,0,2,WITHOUT CONCERN,,PASSED,Excellent,SDTL-PT-22-071093,E
8,07-0117-21-PFSS-R,7,MACTAN MEDICAL AND DENTAL CENTER,"2F BLK C., MACTAN MARINA MALL, IBO, LAPU-LAPU CITY, CEBU CITY",CEBU,09338684050; 0323407683; 0323407693,"ANETTE L. SALILLAS, MD",mactanmedical@yahoo.com,mactanmedical@yahoo.com,5012419,2,3,5,WITHOUT CONCERN,,PASSED,Highly Satisfactory,SDTL-PT-22-071094,HS
8,07-XXXX-XX-XXXX-X,7,MEDGRUPPE POLYCLINICS AND DIAGNOSTIC CENTER INC.,"2ND LEVEL, APM CENTRALE MALL, SORIANO AVEE. MABOLO CEBU CITY",CEBU,09664993587; (0932) 2322273; 09176317481,"PETER S. AZNAR, MD",labdept.primecarecebu@gmail.com,labdept.primecarecebu@gmail.com,4948609,2,5,7,WITHOUT CONCERN,,PASSED,Acceptable,SDTL-PT-22-071095,A
8,07-1156-22-PIBS-R,7,MEDICAL CITY MANDAUE INCORPORATED,"S.B CABAHUG LEPON MANDAUE CITY, CEBU CITY",CEBU,09324222056/(032)422-4201,"CAPATOY,CECILIA LEPON",medicalcitymandaueinc@gmail.com,medicalcitymandaueinc@gmail.com,5056760,2,5,7,WITHOUT CONCERN,,PASSED,Acceptable,SDTL-PT-22-071096,A
8,07-1645-21-PIBS-R,7,"MEDICARD PHILIPPINES, INC.","UNIT 704 FLB CORPORATE CENTER, ARCH. REYES AVE., (TUPAD SA AYALA PUV TERMINAL), LUZ, CEBU CITY, CEBU",CEBU,09190828781/(032)2385742/09334553410,THEODORE MASLOG ZAMORA,CEBU.LABORATORY@MEDICARDPHILS.COM,CEBU.LABORATORY@MEDICARDPHILS.COM,5067641,3,4,7,WITHOUT CONCERN,,PASSED,Acceptable,SDTL-PT-22-071097,A
8,07-XXXX-XX-XXXX-X,7,MEDICUS DIAGNOSTIC CENTER- CEBU BRANCH,"ZR&DC BLDG., OSMEÑA BLDG. COR. J. LLORENTE ST. CAPITOL SITE, CEBU CITY",CEBU,322548949,"CHAMBERLAIN I. AGTUCA, MD",medicuscebu@yahoo.com,medicuscebu@yahoo.com,5012334,3,4,7,WITHOUT CONCERN,,PASSED,Acceptable,SDTL-PT-22-071098,A
8,07-1642-19-PIBS-I,7,MEDISENSE LABORATORY CENTER INC. CEBU BRANCH,"G/F BAI CENTER CEBU SOUTH ROAD BASAK SAN NICOLAS, CEBU CITY",CEBU,9177942885,"CECILIA P. LEPON-CAPANTAY, MD, FPSP",mslcebulab@gmail.com,mslcebulab@gmail.com,5031289,1,1,2,WITHOUT CONCERN,,PASSED,Excellent,SDTL-PT-22-071099,E
8,07-0974-21-PIBS-R,7,MRH SAINT MICHAEL CLINICAL LABORATORY,"NATALIO BACALSO HIGHWAY-POBLACION, ARGAO CITY, CEBU CITY",CEBU,9422842709,"CECILIA P. LEPON-CAPANTAY, MD, FPSP",mrhargao@yahoo.com,mrhargao@yahoo.com,5036203,0,5,5,WITHOUT CONCERN,,PASSED,Highly Satisfactory,SDTL-PT-22-071100,HS
8,07-1600-21-PFSS-R,7,MY HEALTH CLINIC- CEBU,"3RD FLOOR ROBINSONS CYBERGATE MALL, CEBU CITY",CEBU,9178040949,"MATTHEW A. MORENO, MD",mhcebulab@gmail.com,mhcebulab@gmail.com,5015367,0,5,5,WITHOUT CONCERN,,PASSED,Highly Satisfactory,SDTL-PT-22-071101,HS
8,07-XXXX-XX-XXXX-X,7,"NEGROS FAMILY HEALTH SERVICES, INC","#6 GOBORSENG BLDG. NORTH ROAD DARO, DUMAGUETE CITY, NEGROS ORIENTAL",NEGROS ORIENTAL,9756216373; (035) 225-3544; 09171443961; 09182299450,"ROGELIO S. MCINTIRE, MD",limbagalalaine@gmail.com,limbagalalaine@gmail.com,4964599,1,5,6,WITHOUT CONCERN,,PASSED,Acceptable,SDTL-PT-22-071102,A
8,07-XXXX-XX-XXXX-X,7,NEGROS ORIENTAL HOSPITAL AND HEALTH SERVICES COOPERATIVE,"UYMATIAO BUILDING, STA ROSA ST., DUMAGUETE CITY, NEGROS ORIENTAL",NEGROS ORIENTAL,9550888653,"ROGELIO S. MCINTIRE, MD",medical97coop@gmail.com,medical97coop@gmail.com,5019442,2,3,5,WITHOUT CONCERN,,PASSED,Highly Satisfactory,SDTL-PT-22-071103,HS
8,07-0023-2224-MF-2,7,NEGROS ORIENTAL PROVINCIAL HOSPITAL DRUG TESTING LABORATORY ,REAL ST. PIAPI DUMAGUETE CITY NEGROS ORIENTAL ,NEGROS ORIENTAL,09388152894 / 035-225-4921,LEOPOLDO HORTALEZA MD ,nophlaboratory@gmail.com,nophlaboratory@gmail.com,5063743,2,1,3,WITHOUT CONCERN,,PASSED,Highly Satisfactory,SDTL-PT-22-071104,HS
8,07-0687-21-PIBS-R,7,"NORDIC MEDICAL CLINIC, INC.","GROUND FLOOR, DON ALFREDO D. GOTHONG CENTRE, SERGIO OSMENA BLVD. COR. ROAD EAST NORTH RECLAMATION AREA, BRGY. CARRETA, CEBU CITY, CEBU",CEBU,09178128589/(032)253-0211,IRVEN PONIO CHIONG,gemcrz023@gmail.com,gemcrz023@gmail.com,5073194,3,5,8,WITHOUT CONCERN,,PASSED,Acceptable,SDTL-PT-22-071105,A
8,07-0531-21-PFSS-R,7,OASIS DIAGNOSTIC AND LABORATORY CENTER,"FE BLDG, SIM BOGO BUSINESS PARK LA PURISIMA, CEBU CITY",CEBU,09664111201; 324345159; 09228811396,"THEODORE M. ZAMORA, MD",oasismedicalbogo@gmail.com,oasismedicalbogo@gmail.com,5014022,3,5,8,WITHOUT CONCERN,,PASSED,Acceptable,SDTL-PT-22-071106,A
8,07-0561-21-PFSS-R,7,OPON MEDICAL DIAGNOSTIC CORPORATION,"EE BLDG OSMEÑA ST., LAPU-LAPU CITY, CEBU CITY",CEBU,09435873857; (032) 4953552,"THEODORE M. ZAMORA, MD",oponmedical2014@gmail. Com,oponmedical2014@gmail. Com,4955597,2,4,6,WITHOUT CONCERN,,PASSED,Acceptable,SDTL-PT-22-071107,A
8,07-0679-21-PIBS-R,7,PATIENT HEALTHCARE DIAGNOSTIC AND DRUGTESTING CENTER-SIQUIJOR,"UNIT 4, FLORANTE LAGUDAS BLDG., NEAR SIQUIJOR PUBLIC MARKET, SIQUIJOR CITY",SIQUIJOR,9057438808,"DONALDSON M. GADINGAN, MD",patienthealthcared@yahoo.com,patienthealthcared@yahoo.com,5025903,2,4,6,WITHOUT CONCERN,,PASSED,Acceptable,SDTL-PT-22-071108,A
8,07-0118-21-PIBS-R ,7,"PERPETUAL SUCCOUR HOSPITAL OF CEBU, INC","PERPETUAL SUCCOUR HOSPITAL OF CEBU INC, GARORDO AVENUE, CAMPUTHAW, CEBU CITY",CEBU,09061801170; 2338620,"IBARRA T. PANOPIO, MD",pshclinlab@gmail.com,pshclinlab@gmail.com,5012178,2,5,7,WITHOUT CONCERN,,PASSED,Acceptable,SDTL-PT-22-071109,A
8,07-0734-21-PIBS-R,7,"PHYSICIANS' DIAGNOSTIC SERVICES CENTER, INC - CEBU ",#104 F. RAMOS ST. COR JUNQUERA ST. CEBU CITY ,CEBU ,9328764622,"LYDIA A. BIGORNIA, MD ",pdsc_lab7@yahoo.com,pdsc_lab7@yahoo.com,5081897,0,5,5,WITHOUT CONCERN,,PASSED,Highly Satisfactory,SDTL-PT-22-071110,HS
8,07-XXXX-XX-XXXX-X,7,RADIOPATH MEDICAL IMAGING AND DIAGNOSTIC SERVICES,"G/F V AND U BLDG. POLYAPOY EXT. BRGY POBLACION, TOLEDO CITY, CEBU CITY",CEBU,9155670275; 0324675098,"JUDITO G. CABALLERO, MD",manager.radiopathtoledo@gmail.com,manager.radiopathtoledo@gmail.com,5016044,1,5,6,WITHOUT CONCERN,,PASSED,Acceptable,SDTL-PT-22-071111,A
8,07-0122-21-PFSS-R,7,RALS MEDICAL LABORATORY,"DOOR 4 VILLARITA APARTMENT PJ BURGOS CORNER ORKCSAN ST., MANDAUE CITY, CEBU CITY",CEBU,9662863738,"MARK ANTHONY F. SON, MD DPSP",ralsmedicallaboratory@gmail.com,ralsmedicallaboratory@gmail.com,5075927,1,4,5,WITHOUT CONCERN,,PASSED,Highly Satisfactory,SDTL-PT-22-071112,HS
8,07-XXXX-XX-XXXX-X,7,RC MEDICAL & DRUG TEST CENTER,"MASLOG BLDG. ENERIO ST. POBLACION III, TAGBILARAN CITY, BOHOL",BOHOL,09212075668; (038) 5017250,"JUANITA A. ARCAY, MD",san_roque_tagbilaran@yahoo.com,san_roque_tagbilaran@yahoo.com,5009597,1,3,4,WITHOUT CONCERN,,PASSED,Highly Satisfactory,SDTL-PT-22-071113,HS
8,07-1525-21-PFSS-R,7,REACTIVE MEDICAL LABORATORY & XRAY,"GROUND FLOOR, MONDESAR BLDG, CITY HALL ROAD, PUSOK, LAPU-LAPU CITY, CEBU CITY",CEBU,09271764920; 3411163; 09173268966,"JUDITO G. CABALLERO, MD",reactive_med@yahoo.com,reactive_med@yahoo.com,5012420,2,0,2,WITHOUT CONCERN,,PASSED,Excellent,SDTL-PT-22-071114,E
8,07-0681-21-PIBS-R,7,SHANDRIE DRUG TESTING CENTER AND MEDICAL CLINIC,"G/F CARCAR TRAVELLERS INN, TANGASAN VALLADOLID, CARCAR CITY, CEBU CITY",CEBU,09361285515; 09228811396,"THEODORE M. ZAMORA, MD",shandreidtlcarcar.jggc@gmail.com,shandreidtlcarcar.jggc@gmail.com,5015910,3,5,8,WITHOUT CONCERN,,PASSED,Acceptable,SDTL-PT-22-071115,A
8,07-XXXX-XX-XXXX-X,7,"SINGAPORE MEDICAL LABORATORIES, INC.","2F MAXICARE PCC BLDG,., LOT 5 BLK 6 MINDANAO AVE CEBU BUSINESS PARK CEBU CITY",CEBU,09176358929; 09176357580; 09178579565,"MATTHEW A. MORENO, MD",corelabcebu@singaporediagnostic.com,corelabcebu@singaporediagnostic.com,5015060,2,4,6,WITHOUT CONCERN,,PASSED,Acceptable,SDTL-PT-22-071116,A
8,07-0687-21-PIBS-R,7,"ST. PETER-PAUL MEDICAL CLINIC, INC.","458-B COLON ST., CEBU CITY",CEBU,09178142328/(032)4121104,ALMA ESTELLA MALILONG,sppmcicebu@yahoo.com.ph,sppmcicebu@yahoo.com.ph,5065410,2,2,4,WITHOUT CONCERN,,PASSED,Highly Satisfactory,SDTL-PT-22-071117,HS
8,07-0689-21-PIBS-R,7,STANFORD MEDICAL & DIAGNOSTIC CLINIC. INC. ,"GF AVON PLAZA, OSMEÑA BLVD., CAPITOL SITE, CEBU CITY",CEBU,322547851,"MARVI G. DULNUAL-NIOG, MD",stanford_lab@yahoo.com.ph,stanford_lab@yahoo.com.ph,5013813,2,3,5,WITHOUT CONCERN,,PASSED,Highly Satisfactory,SDTL-PT-22-071118,HS
8,07-0841-22-PFSS-R,7,STO. NIÑO DIAGNOSTIC CLINIC,"A&D BUILDING, B RODRIGUEZ ST. CAPITOL SITE, CEBU CITY",CEBU,09334869469; 0322549485; 0322396892,"JUDITO G. CABALLERO, MD",sndc_dtl@yahoo.com,sndc_dtl@yahoo.com,5013804,2,1,3,WITHOUT CONCERN,,PASSED,Highly Satisfactory,SDTL-PT-22-071119,HS
8,07-1042-18 PIBS-R ,7,TALIBON DRUG TESTING CENTER,"LTO BUILDING, C.P.G. AVENUE, POBLACION, TALIBON CITY, BOHOL, ",BOHOL,9298070544,"JESSICA SOCORRO G. YU, MD",auzajun@gmail.com,auzajun@gmail.com,5097546,0,4,4,WITHOUT CONCERN,,PASSED,Highly Satisfactory,SDTL-PT-22-071120,HS
8,07-0265-19-PFSS-R,7,TOTAL HEALTH CHECK DIAGNOSTIC CORP,J. LLORENTE ST. CAPITOL SITE CEBU CITY ,CEBU,09173641089; 0688728,"THEODORE M. ZAMORA, MD",melchcas2016@gmail.com,melchcas2016@gmail.com,4944901,0,5,5,WITHOUT CONCERN,,PASSED,Highly Satisfactory,SDTL-PT-22-071121,HS
8,07-0690-21-PFSS-R,7,TRISH DIAGNOSTICS,"3RD - 5TH FLOOR NDI BLDG. A DEL ROSARIO ST. CENTRO MANADAUE, CEBU CITY",CEBU,09177961388; 0322384049; 09173268966,"JUDITO G. CABALLERO, MD",trishdiagnostics@yahoo.com,trishdiagnostics@yahoo.com,5013500,0,5,5,WITHOUT CONCERN,,PASSED,Highly Satisfactory,SDTL-PT-22-071122,HS
8,07-1160-22-PIBS-R,7,UNG'S DRUG TESTING CENTER,"NONO LIMBAGA DRIVE, BRGY 9 (UNG'S SUPERSTORE INC), TANJAY CITY, NEGROS ORIENTAL",NEGROS ORIENTAL,09175523974; 0354159807,"DONALDSON M. GADINGAN, MD",ungsdtl@gmail.com,ungsdtl@gmail.com,5016055,1,4,5,WITHOUT CONCERN,,PASSED,Highly Satisfactory,SDTL-PT-22-071123,HS
8,07-692-21-PIBS-R,7,UNIVERSITY OF CEBU MEDICAL CENTER,"OUANO AVE., CITY SOUTH SPECIAL ADMINISTRATIVE ZONE, MANDAUE CITY, CEBU",CEBU,09683641901/0325170888 LOC. 2400/09177214505,MARIA KARISSA LIM,ucmedlaboratory@gmail.com,ucmedlaboratory@gmail.com,5070297,2,4,6,WITHOUT CONCERN,,PASSED,Acceptable,SDTL-PT-22-071124,A
9,08-0980-21-PFSS-R,8,ZAFF JAY MEDILINES INC. ,"ANNEX I CENTURY PLAZA COMMERCIAL COMPLEX, JUANA OSMEÑA ST. CEBU CITY",CEBU,09228324104; 0543186; 5116707,"ALMA E. MALILONG, MD",zaffjaycebu@gmail.com,zaffjaycebu@gmail.com,5008232,1,3,4,WITHOUT CONCERN,,PASSED,Highly Satisfactory,SDTL-PT-22-071125,HS
9,08-0817-21-PIBS-R,8,CDU DRUG TESTING LABORATORY,298 R. MAGSAYSAY AVE. POB. ZONE 22 BAYBAY CITY LEYTE,LEYTE,9753339397,"REYNALDO P. ESQUIVEL, MD",crizel_iy03@yahoo.com,crizel_iy03@yahoo.com,4972536,0,1,1,WITHOUT CONCERN,,PASSED,Excellent,SDTL-PT-22-081126,E
9,08-0811-21-PIBS-R,8,DIVINE RAYS DIAGNOSTIC & MEDICAL,"R KANGLEON ST BRGY MANTAHAN, MAASIN CITY, SOUTHERN LEYTE",SOUTHERN LEYTE,9065150513,"JOSE T. SANTIAGO, MD",drmaasin@yahoo.com,drmaasin@yahoo.com,5022956,2,4,6,WITHOUT CONCERN,,PASSED,Acceptable,SDTL-PT-22-081127,A
9,08-0813-21-PFSS-R,8,DIVINE RAYS DIAGNOSTIC AND MEDICAL CENTER,"OSMEÑA ST. ZONE II SOGOF, SAGOD CITY, SOUTHERN LEYTE",SOUTHERN LEYTE,9273054846,"JOSE T. SANTIAGO, MD",divinerayssogod@gmail.com,divinerayssogod@gmail.com,5022958,3,0,3,WITHOUT CONCERN,,PASSED,Highly Satisfactory,SDTL-PT-22-081128,HS
9,08-0808-21-PFSS-R,8,DIVINE RAYS DIAGNOSTIC AND MEDICAL SUPPLIES,"170 DR. BUILDING, AVENIDA VETERANS ST., TACLOBAN CITY, LEYTE",LEYTE,9269798042,"JOSE T. SANTIAGO, MD",divineraysdiagnostic@gmail.com,divineraysdiagnostic@gmail.com,5022952,1,3,4,WITHOUT CONCERN,,PASSED,Highly Satisfactory,SDTL-PT-22-081129,HS
9,08-0810-21-PIBS-R,8,DIVINE RAYS DIAGNOSTIC AND MEDICAL SUPPLIES-CATARMAN,"ROXAS ST., BRGY. J.P. RIZAL, CATARMAN, NORTHERN SAMAR",NORTHERN SAMAR,9153550914,"JOSE T. SANTIAGO, MD",divinerays.catarman@gmail.com,divinerays.catarman@gmail.com,5022954,1,4,5,WITHOUT CONCERN,,PASSED,Highly Satisfactory,SDTL-PT-22-081130,HS
9,08-0378-21-PIBS-R,8,DIVINE RAYS DIAGNOSTIC AND MEDICAL SUPPLIES-ORMOC ,"LILIA AVENUE, BRGY COGON, ORMOC CITY, LEYTE",LEYTE,9502457131,"JOSE T. SANTIAGO, MD",divineraysormoc@gmail.com,divineraysormoc@gmail.com,5022955,2,1,3,WITHOUT CONCERN,,PASSED,Highly Satisfactory,SDTL-PT-22-081131,HS
9,08-0278-21-PFSS-R,8,DIVINE WORD HOSPITAL DRUGTESTING LABORATORY,"BRGY44A AVENIDA VETERANOS ST., TACLOBAN CITY, LEYTE",LEYTE,3214228,"LORENZO M. ABANILLA, MD",dwhdrugtesting@gmail.com,dwhdrugtesting@gmail.com,5008422,1,4,5,WITHOUT CONCERN,,PASSED,Highly Satisfactory,SDTL-PT-22-081132,HS
9,08-0630-20-GIBS-R,8,DON BOSCO DRUG TESTING LABORATORY,"471 MEJIA BLDG. REAL ST. BRGY 22, ORMOC CITY, LEYTE",LEYTE,09420254893; 0535618038,"NILO T. CAMPILAN, MD",clin_2005@yahoo.com,clin_2005@yahoo.com,501607,1,0,1,WITHOUT CONCERN,,PASSED,Excellent,SDTL-PT-22-081133,E
9,08-1479-21-PFSS-R,8,EASTERN VISAYAS MEDICAL CENTER,"R. MAGSAYSAY BLVD., BRGYS 1&4 LIBERTAD, TACLOBAN CITY, LEYTE",LEYTE,9175054330,"ERNESTO N. MIRALLES, MD",ernexusmir@yahoo.com,ernexusmir@yahoo.com,5036205,1,3,4,WITHOUT CONCERN,,PASSED,Highly Satisfactory,SDTL-PT-22-081134,HS
9,08-1290-22-PFSS-R,8,MEJIA CLINICAL LABORATORY DRUG TESTING CENTER,"AUNUBING ST., BRGY. COGON, LEYTE",LEYTE,053-8393344 / 0908 418 3941,"REYNALDO P. ESQUIVEL, MD",romeopapellero@gmail.com,romeopapellero@gmail.com,5008423,0,5,5,WITHOUT CONCERN,,PASSED,Highly Satisfactory,SDTL-PT-22-081135,HS
9,08-1556-22-PIBS-I,8,OSPA-FARMERS MEDICAL CENTER ,"BRGY. CAN-ADIENG (CARLOTA HILLS) ORMOC CITY, LEYTE",LEYTE,09774592414 / 053-561-1701,MARIA TERESITA PERILLA MD ,ormocdrugtestingcenter@gmail.com,ormocdrugtestingcenter@gmail.com,5063746,0,0,0,WITHOUT CONCERN,,PASSED,Excellent,SDTL-PT-22-081136,E
9,08-0569-19-PIBS-R,8,QUEST AND RELIANCE DIAGNOSTICS,"UNIT-A M,BLOCK BRGY 77 MARASBARAS TACLOBAN CITY, LEYTE",LEYTE,09998886694/(053)888-4403,"ABIERAS,JENNIFER, MD",questdiagnostics.mgt@gmail.com,questdiagnostics.mgt@gmail.com,5060456,2,5,7,WITHOUT CONCERN,,PASSED,Acceptable,SDTL-PT-22-081137,A
9,08-0820-21-PIBS-R,8,REGION 8 HEALERS' INITIATIVE INCORPORATED,"YPL BLDG. 203 AVENIDA VETERANOS CORNER STO. NIÑO STREETS, TACLOBAN CITY, LEYTE",LEYTE,888-3318; 09985734891; 09266613653,"JENNIFER D. ABIERAS, MD, DPSP",r8hidiagnosticlaboratory@gmail.com,r8hidiagnosticlaboratory@gmail.com,5008421,2,5,7,WITHOUT CONCERN,,PASSED,Acceptable,SDTL-PT-22-081138,A
9,08-0279-21-PIBS-R,8,RVC DIAGNOSTIC,"CORNER ZAMORA SALVADOR ST., PALO CITY, LEYTE",LEYTE,9171168536,"JOSE T. SANTIAGO, MD",rvcdiagnosticpawing@gmail.com,rvcdiagnosticpawing@gmail.com,5022951,1,2,3,WITHOUT CONCERN,,PASSED,Highly Satisfactory,SDTL-PT-22-081139,HS
9,08-XXXX-XX-XXXX-X,8,"St. Benedict Laboratory, Drug Testing & Medical Clinic","REAL STREET, BRGY. SONGCO, EASTERN SAMAR",Eastern Samar,0917 116  4346,"JOAN T. AYUSON, MD",stbenedict62419@gmail.com,stbenedict62419@gmail.com,5016061,0,0,0,WITHOUT CONCERN,,PASSED,Excellent,SDTL-PT-22-081140,E
10,09-0535-21-PFSS-R,9,TNB DRUG TESTING DIAGNOSTIC LABORATORY,"AUNUBING ST. COGON, ORMOC CITY, LEYTE",LEYTE,09175437770/832-3123,"JOAN T. AYUSON, MD",tnbdtlab@yahoo.com,tnbdtlab@yahoo.com,5071689,4,3,7,WITHOUT CONCERN,,PASSED,Acceptable,SDTL-PT-22-081141,A
10,09-0913-22-PIBS-R,9,YR. ST. MICHAEL MEDICAL HOSPITAL,220 MOLINO 2 BACOOR ,CAVITE,9274484771,"RONALD C. CABUDOY, MD",smmhlab@yahoo.com,smmhlab@yahoo.com,,2,2,4,WITHOUT CONCERN,PREVIOUS H TEST / PREVIOUSLY RECORDED WITH A WRONG ADDRESS,PASSED,Highly Satisfactory,SDTL-PT-22-4A1142,HS
10,09-XXXX-XX-XXXX-X,9,ACCU- DRUGLINES DRUG TESTING CENTER,"#301 BESIDES EDWINS ANDREWS AIR BASE, 1ST GATE, STA MARIA, ZAMBOANG DEL SUR",ZAMBOANGA DEL SUR,09228518555; (062) 9754086,"MARY ANN R. TORREGOSA, MD",gllim_05@yahho.com,gllim_05@yahho.com,5012411,2,3,5,WITHOUT CONCERN,,PASSED,Highly Satisfactory,SDTL-PT-22-091143,HS
10,09-0403-22-PIBS-I,9,ABAD MEDICAL CLINIC AND CLINICAL LABORATORY,"ECHAVEZ STREET (ACROSS M LHUILLIER), DIPOLOG CITY, ZAMBOANGA DEL NORTE",ZAMBOANGA DEL NORTE,9501869027,HAROLD LEONG TEE,elgenoabad@yahoo.com,elgenoabad@yahoo.com,5067634,1,2,3,WITHOUT CONCERN,,PASSED,Highly Satisfactory,SDTL-PT-22-091144,HS
10,09-0316-20-PFSS-R,9,AIMCOOP DIAGNOSTIC LABORATORY,"NATIONAL HIGHWAY, SAN JOSE, AURORA, ZAMBOANGA DEL SUR",ZAMBOANGA DEL SUR,9190027831,"HAROLD L. TEE, MD, FPSP",mhsdaimcoop@yahoo.com,mhsdaimcoop@yahoo.com,5033596,0,3,3,WITHOUT CONCERN,,PASSED,Highly Satisfactory,SDTL-PT-22-091145,HS
10,09-0915-22-PIBS-R,9,AJ DIAGNOSTIC LABORATORY,"2F PASALUBONG CENTER- POBLACION, IPIL CITY, ZAMBOANGA",ZAMBOANGA,9173086776,"MARY ANN R. TORREGOSA, MD",ajmt1021@gmail.com,ajmt1021@gmail.com,5038053,2,4,6,WITHOUT CONCERN,,PASSED,Acceptable,SDTL-PT-22-091146,A
10,09-1522-21-GIBS-R,9,AR DRUGTESTING LABORATORY,"PUROK HILLSIDE UPPER PULACAN, LABANGAN CITY, ZAMBOANGA DEL SUR",ZAMBOANGA DEL SUR,9175257663,"AMY ROSE E. DE ALBAN, MD",marian_pa97@yahoo.com,marian_pa97@yahoo.com,5019438,3,4,7,WITHOUT CONCERN,,PASSED,Acceptable,SDTL-PT-22-091147,A
10,09-XXXX-XX-XXXX-X,9,DIA-METH DRUG TESTING CENTER AND CLINICAL LABORATORY,"NUNEZ EXT. MAYOR VITALIANO AGAN AVEN, ZAMBOANGA, ZAMBOANGA DEL SUR",ZAMBOANGA DEL SUR,09550815808/(062)9559671,ORLANDO PANSI PABER,newdiameth@yahoo.com,newdiameth@yahoo.com,5070288,2,5,7,WITHOUT CONCERN,,PASSED,Acceptable,SDTL-PT-22-091148,A
10,09-XXXX-XX-XXXX-X,9,KUTA MAJOR CESAR L. SANG-AN STATION HOSPITAL DRUG TESTING LABORATORY,"KUTA MAJOR CESAR L. SANG-AN STATION HOSPITAL , DRUG TESTING LABORATORY, LABANGAN CITY, ZAMBOANGA DEL SUR",ZAMBOANGA DEL SUR,9177289819,"AMY ROSE E. DE ALBAN, MD",kmclsdtclid@gmail.com,kmclsdtclid@gmail.com,5019439,1,5,6,WITHOUT CONCERN,,PASSED,Acceptable,SDTL-PT-22-091149,A
10,09-0704-21-PIBS-R,9,ODJ MEDICAL DIAGNOSTIC CLINIC AND PHARMACY,"CHIONG BLDG. PRK. ORCHID, POB., IPIL CITY, ZAMBOANGA SIBUGAY PROVINCE",ZAMBOANGA SIBUGAY,,"MARY ANN R. TORREGOSA, MD",,,5054828,2,4,6,WITHOUT CONCERN,,PASSED,Acceptable,SDTL-PT-22-091150,A
10,09-0381-21-PFSS-R,9,PDC DIAGNOSTIC CENTER,"GOV. CERILLES ST. SAN FRANCISCO DISTRICT, PAGADIAN CITY, ZAMBOANGA DEL SUR",ZAMBOANGA DEL SUR,9989713599,"MARIA CYNTHIA R. HERRERA, MD",pdcdiagnostic7@gmail.com,pdcdiagnostic7@gmail.com,5033851,4,3,7,WITHOUT CONCERN,,PASSED,Acceptable,SDTL-PT-22-091151,A
10,09-0841-21-PFSS-R,9,PUERICULTURE MATERNITY LYING IN HOSPITAL CLINIC AND LABORATORY,"P. BRILLANTES ST., ZAMBOANGA CITY, BARANGAY ZONE III (POB.), ZAMBOANGA DEL SUR",ZAMBOANGA DEL SUR,09264212916; 0629914415,"MYRNA P. ANGELES, MD, FPSP",janebombio@yahoo.com,janebombio@yahoo.com,5016442,3,0,3,WITHOUT CONCERN,,PASSED,Highly Satisfactory,SDTL-PT-22-091152,HS
10,09-1326-21-PIBS-R,9,SCGB DRUG TESTING CENTER,"HIGHWAY TURNO, DIPOLOG CITY, ZAMBOANGA DEL NORTE",ZAMBOANGA DEL NORTE,9338640513; 9185108; 09189206493,"HAROLD L. TEE, MD, FPSP",htt50@yahoo.com,htt50@yahoo.com,5009808,4,3,7,WITHOUT CONCERN,,PASSED,Acceptable,SDTL-PT-22-091153,A
10,09-1495-21-PIBS-R,9,SPEED MEDICHECK DRUG TESTING CENTER,"2ND FLOOR ROOM 203 EJS CENTER BLDG., VETERANS AVE BRGY ZONE IV, ZAMBAOANGA CITY, ZAMBOANGA DEL SUR",ZAMBOANGA DEL SUR,9177079564,"MARY ANN R. TORREGOSA, MD",rosastacruz@yahoo.com,rosastacruz@yahoo.com,5016439,2,2,4,WITHOUT CONCERN,,PASSED,Highly Satisfactory,SDTL-PT-22-091154,HS
10,09-1079-21-PIBS-R,9,ST. ANNE CLINICAL LABORATORY,"3F BMD BUILDING, FS PAJARES AVE, CORNER SANSON ST. SAN FRANCISCO DISTRICT, PAGADIAN CITY, ZAMBOANGA DEL SUR",ZAMBOANGA DEL SUR,09089068333; 0622158190; 09195751977,"MARY ANN R. TORREGOSA, MD",st.anne_clinicallaboratory@yahoo.com,st.anne_clinicallaboratory@yahoo.com,5012413,4,1,5,WITHOUT CONCERN,,PASSED,Highly Satisfactory,SDTL-PT-22-091155,HS
10,09-0486-20-PFSS-R,9,ST. ISABEL CLINIC DAGNOSTIC LABORATORY AND DRUG TESTING CENTER,"RD-BLDG, TOMAS CLAUSIO ST, ZONE III, ZAMBOANGA CITY 7000",ZAMBOANGA,09068625944; 09777468951,"MARY ANN R. TORREGOSA, MD",lita_medtech@yahoo.com,lita_medtech@yahoo.com,5013801,4,3,7,WITHOUT CONCERN,,PASSED,Acceptable,SDTL-PT-22-091156,A
10,09-0926-22-PIBS-R,9,SWEET FAITH DIAGNOSTIC LABORATORY,"A. MABINI ST., POBLACION, SINDANGAN, ZAMBOANGA DEL NORTE",ZAMBOANGA DEL NORTE,9367513780,"JAY S. RATERA, MD",clyties2torremolate@yahoo.om,clyties2torremolate@yahoo.om,5016435,3,4,7,WITHOUT CONCERN,,PASSED,Acceptable,SDTL-PT-22-091157,A
10,09-1180-20-PIBS-R,9,THE AGAPE HEALTH CARE CENTER,"35 FELICISIMO HERRERA CORNER TOMAS CLAUDIO ST. DIPOLOG, ZAMBOANGA DEL NORTE",ZAMBOANGA DEL NORTE,09989758091/(065) 212-7055,"RUIZ,CHONILO",agapehealth@yahoo.com/ joram692003@yahoo.com,agapehealth@yahoo.com/ joram692003@yahoo.com,5060469,1,1,2,WITHOUT CONCERN,,PASSED,Excellent,SDTL-PT-22-091158,E
10,09-1495-22-PIBS-R ,9,TRUELAB DIAGNOSTIC LABORATORY,"UZ BLDG. POBLACION, IPIL CITY, ZAMBOANGA SIBUGAY",ZAMBOANGA SIBUGAY,09972913469/09195751977,MARYANN ROLEDA TORREGOSA,bettyorly2004@yahoo.com,bettyorly2004@yahoo.com,5065405,1,0,1,WITHOUT CONCERN,,PASSED,Excellent,SDTL-PT-22-091159,E
10,09-1204-19-PFSS-R,9,UNIVERSIDAD DE ZAMBOANGA ,"247 SAN JOSE ROAD, ZAMBOANGA CITY, ZAMBOANGA DEL SUR",ZAMBOANGA DEL SUR,9667101247,"OSCAR M. OCAMPO, MD",uzmc@uz.edu.ph,uzmc@uz.edu.ph,5021490,2,2,4,WITHOUT CONCERN,,PASSED,Highly Satisfactory,SDTL-PT-22-091160,HS
10,09-0983-21-GIBS-R,9,WEST METRO MEDICAL CENTER,"VETERANS AVENUE EXTENSION ZAMBOANGA CITY, ZAMBOANGA DEL SUR",ZAMBOANGA DEL SUR ,09367905165 / 09399069506,"MYRNA P. ANGELES, MD ",MPEspiritu@westmetro.com.ph ,MPEspiritu@westmetro.com.ph ,5073316,2,2,4,WITHOUT CONCERN,,PASSED,Highly Satisfactory,SDTL-PT-22-091161,HS
10,09-0927-22-GIBS-R,9,YHANG DRUG TESTING CENTER ,"NO. 11 JOSE CO BLDG., VETERANS AVE., BRGY. ZONE IV, ZAMBOANGA CITY, ZAMBOANGA DEL SUR",ZAMBOANGA DEL SUR,9658646368; 9753037,"JOHN HERNANI V. ANACAN, MD",amisali_thelma@yahoo.com,amisali_thelma@yahoo.com,5013628,2,1,3,WITHOUT CONCERN,,PASSED,Highly Satisfactory,SDTL-PT-22-091162,HS
10,09-XXXX-XX-XXXX-X,9,ZAMBOANGA CITY HEALTH OFFICE DRUG TESTING CENTER,"RIZAL ST. PETTIT BARRACKS, ZONE IV, ZAMBOANGA CITY, ZAMBOANGA DEL SUR",ZAMBOANGA DEL SUR,09053001808; 9913780; 09177976284,"MYRNA P. ANGELES, MD, FPSP",shirley.sonido@ymail.com,shirley.sonido@ymail.com,5013495,3,3,6,WITHOUT CONCERN,,PASSED,Acceptable,SDTL-PT-22-091163,A
11,10-1535-21-GFSS-R,10,ZAMBOANGA CITY MEDICAL CENTER DRUG TESTING LABORATORY,DR. EVANGELISTA ST. CORNER VETERANS AVENUE SANTA CATALINA,ZAMBOANGA DEL SUR,9156996004,"AL-AZAMZAM ABUBAKAR, MD",weweng_6814@yahoo.com,weweng_6814@yahoo.com,5036210,1,2,3,WITHOUT CONCERN,,PASSED,Highly Satisfactory,SDTL-PT-22-091164,HS
11,10-0931-22-PFSS-R,10,ZAMBOANGA SIBUGAY DIAGNOSTIC CLINICAL LABORATORY AND DRUG TESTING CENTER ,"PUROK GOLDEN SHOWER, POBLACION IPIL ZAMBOANGA SIBUGAY ",ZAMBOANGA SIBUGAY ,09331961882 / 09666778177,"MARY ANN R. TORREGOSA, MD",amalia_1955@yahoo.com,amalia_1955@yahoo.com,5063749,2,1,3,WITHOUT CONCERN,,PASSED,Highly Satisfactory,SDTL-PT-22-091165,HS
11,10-0934-22-PIBS-R,10,52ND ENGINEER BRIGADE DRUGTEST LABORATORY ,"CAMP NATIVIDAD BRGY TANKULAN, MANOLO FORTICH, BUKIDNON",BUKIDNON,09171873425; 09209600365,"JERRY C. ABROGUEÑA, MD",wendebailo@gmail.com,wendebailo@gmail.com,5012327,3,5,8,WITHOUT CONCERN,,PASSED,Acceptable,SDTL-PT-22-101166,A
11,10-XXXX-XX-XXXX-X,10,A&K MALAYBALAY CLINICAL LABORATORY AND DRUG TESTING CENTER,"ORLEANS BLDG. SAN VICTORES ST. BRGY. 9, MALAYBALAY CITY, BUKIDNON",BUKIDNON,09068502429/09209600365,"JERRY C. ABROQUENA, MD",kda_29abella@yahoo.com,kda_29abella@yahoo.com,5105658,3,1,4,WITHOUT CONCERN,,PASSED,Highly Satisfactory,SDTL-PT-22-101167,HS
11,10-1508-21-PIBS-R,10,"CAGAYAN DE ORO POLYMEDIC GENERAL HOSPITAL , INC DTL","DON APOLINAR VELEZ ST. CAGAYAN DE ORO CITY, MISAMIS ORIENTAL",MISAMIS ORIENTAL,9650559587,"SAAVEDRA,MAXIMO JR. ACENAS",lab.cpgh@gmail.com,lab.cpgh@gmail.com,5056756,2,4,6,WITHOUT CONCERN,,PASSED,Acceptable,SDTL-PT-22-101168,A
11,10-1161-22-PIBS-R,10,CAMP EVANGELISTA STATION HOSPITAL - DRUG TESTING LAB,"CAMP EDILBERTO EVANGELISTA, PATAG, CAGAYAN DE ORO CITY, MISAMIS ORIENTAL",MISAMIS ORIENTAL,9162548698,"RAMON G. NERY, MD",ceshlab@gmail.com,ceshlab@gmail.com,5045390,0,5,5,WITHOUT CONCERN,,PASSED,Highly Satisfactory,SDTL-PT-22-101169,HS
11,10-0938-22-PIBS-R,10,CAPITOL UNIVERSITY MEDICAL CENTER,"SAN PEDRO, GUSA, CAPITOL UNIVERSITY MEDICAL CENTER, CAGAYAN DE ORO CITY, MISAMIS ORIENTAL",MISAMIS ORIENTAL,09177292994; 088723215 LOC. 137,"MAXIMO A. SAAVEDRA, MD",cvmclab.cdo@gmail.com,cvmclab.cdo@gmail.com,5016058,2,1,3,WITHOUT CONCERN,,PASSED,Highly Satisfactory,SDTL-PT-22-101170,HS
11,10-XXXX-XX-XXXX-X,10,CDO POLYMEDIC LIMKETKAI MEDICAL CLINIC INC. DTL,"2ND FLR SKYPARK BLDG LIMKETKAI MALL LAPASAN HIGHWAY CAGAYAN DE ORO, MISAMIS ORIENTAL",MISAMIS ORIENTAL,9177707089,"SAAVEDRA,MAXIMO JR. ACENAS",polymedic.lkk@gmail.com,polymedic.lkk@gmail.com,5056753,0,5,5,WITHOUT CONCERN,,PASSED,Highly Satisfactory,SDTL-PT-22-101171,HS
11,10-0382-21-PIBS-R,10,"CDO POLYMEDIC MEDICAL PLAZA, INC. DTL","KAUSWAGAN NATIONAL HIGHWAY CAGAYAN DE ORO CITY, MISAMIS ORIENTAL",MISAMIS ORIENTAL,09173051163/(088)858-5241 LOC 183,"SAAVEDRA,MAXIMO JR. ACENAS",cdopolymedicmedicalplaza@gmail.com,cdopolymedicmedicalplaza@gmail.com,5056755,2,3,5,WITHOUT CONCERN,,PASSED,Highly Satisfactory,SDTL-PT-22-101172,HS
11,10-0127-21-PFSS-R,10,CHO LYING-IN AND FAMILY PLANNING CLINIC DRUG TESTING CENTER,"GROUND FLR CITY HEALTH BLDG, ROOM 10 MORTOLA HAYES ST. CAGAYAN DE ORO CITY, MISAMIS ORIENTAL",MISAMIS ORIENTAL,9171372881,"ABROGUENA, JERRY CENIZA",chocdodaignosticlab@gmail.com,chocdodaignosticlab@gmail.com,5050625,1,3,4,WITHOUT CONCERN,,PASSED,Highly Satisfactory,SDTL-PT-22-101173,HS
11,10-XXXX-XX-XXXX-X,10,CMDC MULTISPECIALISTS DIAGNOSTIC CENER,"OLANGO ST. CORNER LAPASAN HIGH WAY, CAGAYAN DE ORO CITY, MISAMIS ORIENTAL",MISAMIS ORIENTAL,09173211221; 092009600365,"JERRY C. ABROGUEÑA, MD",graciascasino2121@yahoo.com,graciascasino2121@yahoo.com,5006966,2,1,3,WITHOUT CONCERN,,PASSED,Highly Satisfactory,SDTL-PT-22-101174,HS
11,10-XXXX-XX-XXXX-X,10,DON CARLOS DOCTORS HOSPITAL DRUGTESTING LABORATORY,"E. AGUINALDO, DON CARLOS SUR, DON CARLOS BUKIDNON",BUKIDNON,935345672,"MAXIMO A. SAAVEDRA, MD","rechelle_grace@yahoo.co,","rechelle_grace@yahoo.co,",5015928,4,4,8,WITHOUT CONCERN,,PASSED,Acceptable,SDTL-PT-22-101175,A
11,10-0282-21-PFSS-R,10,DON CARLOS HEALTH CHECK DIAGNOSTIC,"P1A TENORIO ARCADE, DON CARLOS HEALTH CHECK , DON CARLOS BUKIDNON",BUKIDNON,09177193727; 0888280578,"RACHEL P. ALEGATA, MD",renalynpadayogdayog@yahoo.com,renalynpadayogdayog@yahoo.com,5013624,4,2,6,WITHOUT CONCERN,,PASSED,Acceptable,SDTL-PT-22-101176,A
11,10-XXXX-XX-XXXX-X,10,DPCY HEALTHCARE DIAGNOSTIC AND DRUG TESTING CENTER,"3RD REYES ST. MULTIPURPOSE BUILDING BRGY., 40, CAGAYAN DE ORO CITY, MISAMIS ORIENTAL",MISAMIS ORIENTAL,09173040672; (088) 8812306,"JERRY C. ABROGUEÑA, MD",dpcyhealthcare@gmail.com,dpcyhealthcare@gmail.com,4976637,2,6,8,WITHOUT CONCERN,,PASSED,Acceptable,SDTL-PT-22-101177,A
11,10-1625-20-PIBS-R,10,FAITH HOSPITAL,"LAS AGUADAS ST., AGUADA, OZAMIS CITY, MISAMIS OCCIDENTAL",MISAMIS OCCIDENTAL,09190796760; 0883199262,"ANGEL T. FELICIANO, MD",faith_laboratory2013@yahoo.com,faith_laboratory2013@yahoo.com,5016441,3,3,6,WITHOUT CONCERN,,PASSED,Acceptable,SDTL-PT-22-101178,A
11,10-XXXX-XX-XXXX-X,10,GINGOOG SANITARIUM AND HOSPITAL,"C. BAGAIPO ST., BRGY 22, MISAMIS ORIENTAL",MISAMIS ORIENTAL,9260667924,"RAMON G. NERY, MD",gingoogsanitariumlab@gmail.com,gingoogsanitariumlab@gmail.com,5025901,3,2,5,WITHOUT CONCERN,,PASSED,Highly Satisfactory,SDTL-PT-22-101179,HS
11,10-0128-21-PIBS-R,10,GT DIAGNOSTIC LABORATORY AND DRUG TESTING CENTER,"INITAO, MISAMIS ORIENTAL",MISAMIS ORIENTAL,9178493773,"JERRY CENIZA ABROGUENA, MD",wynliancog@gmail.com,wynliancog@gmail.com,5071705,0,5,5,WITHOUT CONCERN,,PASSED,Highly Satisfactory,SDTL-PT-22-101180,HS
11,10-1179-21-PIBS-R,10,HEALTHCHECK CLINIC AND DIAGNOSTIC CENTER ,"UNO BUILDING A. VELEZ STREET CAGAYAN DE ORO CITY, MISAMIS ORIENTAL ",MISAMIS ORIENTAL ,9173187661,MAXIMO A. SAAVEDRA ,laboratory.healthcheckcdo@gmail.com,laboratory.healthcheckcdo@gmail.com,5007535,0,3,3,WITHOUT CONCERN,,PASSED,Highly Satisfactory,SDTL-PT-22-101181,HS
11,10-0100-22-PIBS-R,10,HI-PRECISION DIAGNOSTICS,"JR. BORJA ST. COR., AGUINALDO ST. COGON (NEAR MAXANDREA HOTEL), CAGAYAN DE ORO CITY, MISAMIS ORIENTAL",MISAMIS ORIENTAL,09177088986/(088)8592004/09177773749,MAXIMO A. SAAVEDRA,hpcdo.lab@hi-precision.com.ph,hpcdo.lab@hi-precision.com.ph,5058356,0,4,4,WITHOUT CONCERN,,PASSED,Highly Satisfactory,SDTL-PT-22-101182,HS
11,10-0321-21-PIBS-R,10,ILIGAN DIAGNOSTIC CENTER AND MULTIPURPOSE COOPERATIVE,"QUEZON AVENUE EXTENSION, PALA-O(INFRONT OF CITY HOSPITAL-GTLMH), ILIGAN CITY, LANAO DEL NORTE",LANAO DEL NORTE,09177797571/(063)225-4207,"CHONILO O. RUIZ, MD, FPSP",jingletriplets@gmail.com,jingletriplets@gmail.com,5071708,2,5,7,WITHOUT CONCERN,,PASSED,Acceptable,SDTL-PT-22-101183,A
11,10-0537-21-PFSS-R,10,JEM DIAGNOSTIC CENTER,"JEM BUILDING., MEDINA AVENUE, CARMEN ANNEX, MISAMIS OCCIDENTAL",MISAMIS OCCIDENTAL,9052165806,"HAROLD L. TEE, MD, FPSP",jemdiagnosticcenter@gmail.com,jemdiagnosticcenter@gmail.com,5041893,0,5,5,WITHOUT CONCERN,,PASSED,Highly Satisfactory,SDTL-PT-22-101184,HS
11,10-1320-21-GIBS-R,10,LIFELINK DRUG TESTING,"#204 PADERO BUILDING A. LUNA- VELEZ ST, CAGAYAN DE ORO CITY, MISAMIS ORIENTAL",MISAMIS ORIENTAL,09171468872; (088) 8804268,"JERRY C. ABROGUEÑA, MD",lifelink11@yahoo.com,lifelink11@yahoo.com,4964595,2,4,6,WITHOUT CONCERN,,PASSED,Acceptable,SDTL-PT-22-101185,A
11,10-0141-21-PIBS-R,10,LMA DRUG TESTIN CENTER ,"3RD FLOOR , LAWANSA BUILDING, CAMAGUE HIGHWAY, ILIGAN CITY, LANAO DEL NORTE",LANAO DEL NORTE,9666211354,"CHONILO O. RUIZ, MD",lmadrugtest@yahoo.com,lmadrugtest@yahoo.com,5019820,1,2,3,WITHOUT CONCERN,,PASSED,Highly Satisfactory,SDTL-PT-22-101186,HS
11,10-0385-21-PFSS-R,10,MAYOR HILARION A. RAMIRO SR. MEDICAL CENTER,"MINDOG, MANINGCOL, OZAMIS CITY, MISAMIS OCCIDENTAL",MISAMIS OCCIDENTAL,09071060438; 0885210440,"HAROLD L. TEE, MD, FPSP",mharsmc.lab@gmail.com,mharsmc.lab@gmail.com,5012421,2,3,5,WITHOUT CONCERN,,PASSED,Highly Satisfactory,SDTL-PT-22-101187,HS
11,10-1742-20-PIBS-R,10,MEDINA GENERAL HOSPITAL,"GOVERNOR ANGEL MEDINA SR. AVEUE, CARMEN ANNEX (LABORATORY), MISAMIS OCCIDENTAL",MISAMIS OCCIDENTAL,094835353819; (088) 5210125 loc. 139; 09189206496,"HAROLD L. TEE, MD, FPSP",hlt50@yahoo.com,hlt50@yahoo.com,5009809,1,5,6,WITHOUT CONCERN,,PASSED,Acceptable,SDTL-PT-22-101188,A
11,10-XXXX-XX-XXXX-X,10,MEGA DRUGS SCREENING LABORATORY,"0062 DON PEDRDP CELDRAN AV., TUBOD, LANAO DEL NORTE",LANAO DEL NORTE,09778025100/ 09672837556,"CHONILO O. RUIZ, MD",magsclem0722@gmail.com,magsclem0722@gmail.com,5016045,2,1,3,WITHOUT CONCERN,,PASSED,Highly Satisfactory,SDTL-PT-22-101189,HS
11,10-XXXX-XX-XXXX-X,10,NINE MEDICAL LABORATORY,"NINE MEDICAL LABORATORY, NATIONAL HIGHWAY, BRGY 23, MISAMIS ORIENTAL",MISAMIS ORIENTAL,09561687158; 0888586408; 09209453229,"GERARD L. LAMAYRA,MD, FPSP",9medlab@gmail.com,9medlab@gmail.com,5012275,2,4,6,WITHOUT CONCERN,,PASSED,Acceptable,SDTL-PT-22-101190,A
11,10-0702-21-PFSS-R,10,NORTHERN MINDANAO MEDICAL CENTER-DRUG TESTING LAB,"CAPITOL COMPOUND, BRGY. 27, CAGAYAN DE ORO CITY, MISAMIS ORIENTAL",MISAMIS ORIENTAL,0917-702-6322; 726362; 09209600395,"JERRY C. ABROGUEÑA, MD",nmmc_patho@yahoo.com,nmmc_patho@yahoo.com,5009029,0,3,3,WITHOUT CONCERN,,PASSED,Highly Satisfactory,SDTL-PT-22-101191,HS
11,10-0145-21-PIBS-R,10,ONE LAB DIAGNOSTIC LAB AND DRUG TESTING CENTER,"FERNANDEZ EXT. BRGY 40, CAGAYAN DE ORO, MISAMIS ORIENTAL",MISAMIS ORIENTAL,09156878843; 0888822406,"JERRY C. ABROGUEÑA, MD",onelab2019@yahoo.com,onelab2019@yahoo.com,5013499,4,3,7,WITHOUT CONCERN,,PASSED,Acceptable,SDTL-PT-22-101192,A
11,10-0953-20-PFSS-R,10,OZAMIZ CITY ST. JOSEPH GENERAL HOOSPITAL,"WASHINGTON ST. 50TH BARANGAY, MISAMIS OCCIDENTAL",MISAMIS OCCIDENTAL,09383454771; 0885211726,"JOSEPHINE C. MARAVE, MD",tagactacjustine@gmail.com,tagactacjustine@gmail.com,5015915,2,1,3,WITHOUT CONCERN,,PASSED,Highly Satisfactory,SDTL-PT-22-101193,HS
11,10-0149-21-PIBS-R,10,PDS PEME SYSTEM INTERNATIONAL CORPORATION,"BURGOS ST. CORNER T. CHAVES ST. BARANGAY G, OZAMIS CITY, MISAMIS ORIENTAL",MISAMIS ORIENTAL,"09176331011/ (088) 851-1500, 851-1501",RAY TOMAS S. BANGCAONG II,cdo@pdsclimcs.com,cdo@pdsclimcs.com,5138246,2,5,7,WITHOUT CONCERN,,PASSED,Acceptable,SDTL-PT-22-101194,A
11,10-0979-22-PIBS-R,10,QUICKSCAN DRUG TESTING LABORATORY,"SAN VICTORES ST., MALAYBALAY CITY, BUKIDNON BRGY 9",BUKIDNON,9166927071,"JERRY C. ABROGUEÑA, MD",xylette_vine@yahoo.com,xylette_vine@yahoo.com,50166020,3,0,3,WITHOUT CONCERN,,PASSED,Highly Satisfactory,SDTL-PT-22-101195,HS
11,10-1659-21-PIBS-I,10,SACRED HEART MEDICAL LABORATORY,"67 TORIBIO CHAVEZ ST. BRGY 4, CAGAYAN DE ORO, MISAMIS ORIENTAL",MISAMIS ORIENTAL,09364821016/09209600365,"JERRY C. ABROGUENA, MD",sacredheartdxlabcdo@gmail.com,sacredheartdxlabcdo@gmail.com,5141788,2,1,3,WITHOUT CONCERN,,PASSED,Highly Satisfactory,SDTL-PT-22-101196,HS
11,10-0982-22-PFSS-R,10,TAGOLOAN POLYMEDIC GENERAL HOSPITAL INC. DTL,PHIVIDEC COMPOUND STA CRUZ TAGOLOAN MISAMIS ORIENTAL,MISAMIS ORIENTAL,9258986944,"SAAVEDRA,MAXIMO JR. ACENAS",lab.tpgh@gmail.com,lab.tpgh@gmail.com,5056754,0,2,2,WITHOUT CONCERN,,PASSED,Excellent,SDTL-PT-22-101197,E
12,11-0567-21-PFSS-R,11,VILLAGE CLINICAL LABORATORY AND DRUG TESTING,"ABAMONGA BLDG., STO NIÑO VILLAGE, BAROY CITY LANAO DEL NORTE",LANAO DEL NORTE,9178627278,"SULPICIA D. ABAMONGA, MD",villagecliniclab@gmail.com,villagecliniclab@gmail.com,5012323,1,5,6,WITHOUT CONCERN,,PASSED,Acceptable,SDTL-PT-22-101198,A
12,11-0322-20-PIBS-R,11,VITALAB HEALTHCARE INC,"DOOR 3 ATC BLDG. LUNA-VELEZ ST., CAGAYAN DE ORO CITY, MISAMIS ORIENTAL",MISAMIS ORIENTAL,9178371542,"GERARD L. LAMAYRA,MD, FPSP",vitalabcfo@gmail.com,vitalabcfo@gmail.com,5048423,2,3,5,WITHOUT CONCERN,,PASSED,Highly Satisfactory,SDTL-PT-22-101199,HS
12,11-0596-20-PIBS-R,11,AC-RED DRUG TESTING CENTER,"PUROK 5 TRADING BOULEVARD BRGY 38 D, DAVAO CITY, DAVAO DEL SUR",DAVAO DEL SUR,9166449429,"MARLON M. MARAMION, MD",ac_reddrugtestmedicalcenter@yahoo.com,ac_reddrugtestmedicalcenter@yahoo.com,5047922,1,4,5,WITHOUT CONCERN,,PASSED,Highly Satisfactory,SDTL-PT-22-111200,HS
12,11-0988-PIBS-R,11,ADVENTIST HOSPITAL- DAVAO INC.,"KM7 MCASRTHUR HIGHWAY, BANGKAL, DAVAO CITY",DAVAO,09385438298; 0822983805,"LEONCIO UY ONG, MD, FPSP, CP",ahdlaboratory@gmail.com,ahdlaboratory@gmail.com,5013988,0,5,5,WITHOUT CONCERN,,PASSED,Highly Satisfactory,SDTL-PT-22-111201,HS
12,11-1402-21-PFSS-R,11,ALTERADO GENERAL HOSPITAL INC,"P. VILLANUEVA ST. CORNER R. CASTILLO ST. AGDAO DAVAO CITY, DAVAO DEL SUR",DAVAO DEL SUR,9776134788,"OSCAR P. GRAGEDA, MD",alterado_generalhospital@yahoo.com,alterado_generalhospital@yahoo.com,5025907,2,1,3,WITHOUT CONCERN,,PASSED,Highly Satisfactory,SDTL-PT-22-111202,HS
12,11-XXXX-XX-XXX-X,11,ANDA RIVERVIEW MEDICAL CENTER INC.,"BRGY., 2 A, MAGALLANES ST. ANDA RIVER SIDE, DAVAO CITY, DAVAO DEL SUR",DAVAO DEL SUR,09398589559; 0822210808 LOC 203; 09177018515,"OSCAR P. GRAGEDA, MD",armci.hospital@gmail.com,armci.hospital@gmail.com,5012176,1,5,6,WITHOUT CONCERN,,PASSED,Acceptable,SDTL-PT-22-111203,A
12,11-0348-20-PIBS-R,11,BERNARDO-LACANILAO CLINICAL LABORATORY AND DRUG TESTING CENTER,"DR. S. BERNARDO BLDG., A. PICHON ST. BRGY 2A, DAVAO CITY, DAVAO DEL SUR",DAVAO DEL SUR,9559464741/ 082-2210877,"OSCAR P. GRAGEDA, MD",blcl8000@gmail.com,blcl8000@gmail.com,5138245,1,4,5,WITHOUT CONCERN,,PASSED,Highly Satisfactory,SDTL-PT-22-111204,HS
12,11-XXXX-XX-XXX-X,11,BMCDC CENTRAL CO.,"LUCIO ONG BLDG. KM 2 MC ARTHUR HIGHWAY, DAVAO CITY, DAVAO DEL SUR",DAVAO DEL SUR,9707007442,"OSCAR P. GRAGEDA, MD",bmcdc.central@gmail.com,bmcdc.central@gmail.com,5031384,2,3,5,WITHOUT CONCERN,,PASSED,Highly Satisfactory,SDTL-PT-22-111205,HS
12,11-0954-20-PFSS-R,11,BMCDC HEALTHCARE INC.-MATINA,"JJL BDG., 1 STO NIÑO VILLAGE, MCARTHUR HIGWAY MATINA, DAVAO CITY, DAVAO DEL SUR",DAVAO DEL SUR,9422750700,"OSCAR P. GRAGEDA, MD",bhimatina.lab@gmail.com,bhimatina.lab@gmail.com,5031382,0,4,4,WITHOUT CONCERN,,PASSED,Highly Satisfactory,SDTL-PT-22-111206,HS
12,11-0806-22-PIBS-R,11,"BMCDC MEDICAL STATION CO., INC. - CALINAN","DOOR 3, TNE BUILDING, DAVAO-BUKIDNON, CALINAN, DAVAO CITY, DAVAO DEL SUR",DAVAO DEL SUR,09425626374/(082)284-5093/082-2332044,"OSCAR PANUNCIALMAN GRAGEDAT, MD",BMCDC.CALINAN@gmail.com,BMCDC.CALINAN@gmail.com,5105591,1,5,6,WITHOUT CONCERN,,PASSED,Acceptable,SDTL-PT-22-111207,A
12,11-0153-21-PIBS-R,11,BOSHWIN MEDICAL AND DRUG TEST CENTER,"ENTRANCE VILLA PATRICIA, PUROK GALINGAN MANKILAM, TAGUM CITY, DAVAO DEL NORTE",DAVAO DEL NORTE,09353243084; 0842181966,"EUGENIA S. HINGPIT, MD, MCH",boshwin2005@gmail.com,boshwin2005@gmail.com,5013808,2,2,4,WITHOUT CONCERN,,PASSED,Highly Satisfactory,SDTL-PT-22-111208,HS
12,11-0590-21-PIBS-R,11,BROKENSHIRE INTEGRATED HEALTH MINISTRIES INC.,"BROKENSHIRE HEIGHTS MADAPO HILLS,BRGY 8-A POBLACION DISTRICT DAVAO CITY, DAVAO DEL SUR",DAVAO DEL SUR,9325798434/(082) 282-1908 LOC 4117,"VISITACION, EDMUNDO JARABELO JR. ",laboratory@brokenshire.org,laboratory@brokenshire.org,5056752,1,5,6,WITHOUT CONCERN,,PASSED,Acceptable,SDTL-PT-22-111209,A
12,11-0991-21-PFSS-R,11,BUHANGIN MEDICAL CLINIC AND DIAGNOSTIC CENTER,"DOOR 2 GIMENES BLDG., KM 5 BUHANGIN, DAVAO CITY, DAVAO DEL SUR",DAVAO DEL SUR,09428074597; 285-4324,"OSCAR P. GRAGEDA, MD",buhanginclinic@yahoo.com,buhanginclinic@yahoo.com,5016433,1,5,6,WITHOUT CONCERN,,PASSED,Acceptable,SDTL-PT-22-111210,A
12,11-1605-22-GIBS-R,11,CARELIFE MEDICAL LABORATORY AND DIAGNOSTIC CENTER INC. ,"DOOR #18, JIN LONG BUILDIN. UBALDE R. CASTILLO, DAVAO CITY  DAVAO DEL SUR ",DAVAO DEL SUR ,9953830197,"OSCAR P. GRAGEDA, MD ",carelife.laboratory@gmail.com,carelife.laboratory@gmail.com,876194,1,2,3,WITHOUT CONCERN,,PASSED,Highly Satisfactory,SDTL-PT-22-111211,HS
12,11-0285-21-PIBS-R,11,CUBERO DRUG TEST CENTER,"BLK 1-LOT 1 NHA, DAHICAN, MATI CITY, DAVAO ORIENTAL",DAVAO ORIENTAL,09171502733; 09310940888,"LUNINGNING P. CUBERO, MD",gningmd@yahoo.com,gningmd@yahoo.com,5013990,2,3,5,WITHOUT CONCERN,,PASSED,Highly Satisfactory,SDTL-PT-22-111212,HS
12,11-1549-21-PIBS-R,11,DAVAO REGIONAL MEDICAL CENTER,"DAVAO REGIONAL MEDICAL CENTER BRGY. APOKON, TAGUM CITY, DAVAO DEL NORTE",DAVAO DEL NORTE,09228356464/09126417327,"ALEJANDRO DOMINGO, MD",laboratory@drmc.doh.gov.ph,laboratory@drmc.doh.gov.ph,5054829,0,5,5,WITHOUT CONCERN,,PASSED,Highly Satisfactory,SDTL-PT-22-111213,HS
12,11-0813-22-PIBS-R,11,DAVAO DOCTOR'S HOSPITAL,"118 E. QUIRINO AVENUE,, DAVAO DOCTORS HOSPITAL, DAVAO CITY, DAVAO DEL SUR",DAVAO DEL SUR,09257000725; 09176780816,"OSCAR P. GRAGEDA, MD",gpdelacruz@ddh.com.ph,gpdelacruz@ddh.com.ph,5016431,2,3,5,WITHOUT CONCERN,,PASSED,Highly Satisfactory,SDTL-PT-22-111214,HS
12,11-1380-22-PIBS-I,11,DAVAO MEDICAL SCHOOL FOUNDATION,"DR A. GAHOL AVENUE, BRGY 19-B, DAVAO CITY, DAVAO DEL SUR",DAVAO DEL SUR,9266887834,"OSCAR P. GRAGEDA, MD",oscargrageda@yahoo.com,oscargrageda@yahoo.com,5019434,2,1,3,WITHOUT CONCERN,,PASSED,Highly Satisfactory,SDTL-PT-22-111215,HS
12,11-0814-22-PFSS-R,11,"DAVAO SPECIALISTS CLINIC AND DIAGNOSTIC LABORATORY, INC.","GROUND FLOOR BEECHNUT SQUARE BLDG. (BESIDE PAPER TREE), STA. ANA AVENUE, DAVAO CITY, DAVAO DEL SUR ",DAVAO DEL SUR,09433974104/(082)295-6894,"ALEJANDRO JR. L. DOMINGO, MD, FPSP",med_laboratory@yahoo.com,med_laboratory@yahoo.com,5076330,0,4,4,WITHOUT CONCERN,,PASSED,Highly Satisfactory,SDTL-PT-22-111216,HS
12,11-0971-22-PIBS-I ,11,"DAVAO SPECIALISTS CLINIC AND DIAGNOSTIC LABORATORY, INC.","G/F SOMBILON - SABUGA BLDG. (BESIDE EDU HOME), PUROK SIBUYAS, GREDU (POB.), PANABO CITY, DAVAO DEL NORTE 8105",DAVAO DEL NORTE,09059010185/(084)3084993/09228564649,ALEJANDRO JR LOPEZ DOMINGO,scdlpanabo@gmail.com,scdlpanabo@gmail.com,5073315,3,5,8,WITHOUT CONCERN,,PASSED,Acceptable,SDTL-PT-22-111217,A
12,11-0284-21-PFSS-R,11,DURIAN DRUG TESTING CENTER,"DOOR 1 MAGNO BLDG., QUIMPO BOULEVARD, DAVAO CITY, DAVAO DEL SUR",DAVAO DEL SUR,0923-3104-250/(082)-2860920,MARLON MARCOS MARAMION,ddtc_2014@yahoo.com,ddtc_2014@yahoo.com,5070378,1,1,2,WITHOUT CONCERN,,PASSED,Excellent,SDTL-PT-22-111218,E
12,11-0816-22-PIBS-R,11,ECOLAND MEDICAL AND WELLNESS CENTER INC ,AMYA BLDG. CORNER TULIP DRIVE QUIMPO BLVRD. ECOLAND DAVAO CITY DAVAO DEL SUR ,DAVAO DEL SUR ,9924873203,"JOHN PATRICK PADILLA, MD ",ecomed.laboratory@gmail.com,ecomed.laboratory@gmail.com,5081848,0,5,5,WITHOUT CONCERN,,PASSED,Highly Satisfactory,SDTL-PT-22-111219,HS
12,11-1520-21-PIBS-R,11,FREB DRUG TESTING CENTER,"DOOR 3 ADOLFO BLDG., CORNER PALM DRIVE J.P LAUREL AVE, DAVAO CITY",DAVAO DEL SUR,9107317118,"MARLON M. MARAMION, MD",adelinaramirez@yahoo.com,adelinaramirez@yahoo.com,5038051,2,0,2,WITHOUT CONCERN,,PASSED,Excellent,SDTL-PT-22-111220,E
12,11-XXXX-XX-XXX-X,11,FRIENDLY CARE FOUNDATION INC ,G/F SPCRD. BLDG. MAGALLANES ST. CORNER ILUSTRE EXT DAVAO CITY ,DAVAO DEL SUR ,09471874656 / 082-2227970,"OSCAR P. GRAGEDA, MD",fcfi.laboratory@gmail.com ,fcfi.laboratory@gmail.com ,5064888,2,5,7,WITHOUT CONCERN,,PASSED,Acceptable,SDTL-PT-22-111221,A
12,11-0710-21-PIBS-R,11,GOOD SAMARITAN DIAGNOSTIC HUB,"PANABO DOCTORS BLDG, QUEZON ST., NEW PANDAN, PANABO CITY, DAVAO DEL NORTE",DAVAO DEL NORTE,9280306759,"JOHARI M. ANCHETA, MD",frrancullodiagnosticlab@gmail.com,frrancullodiagnosticlab@gmail.com,5006965,1,1,2,WITHOUT CONCERN,,PASSED,Excellent,SDTL-PT-22-111222,E
12,11-XXXX-XX-XXX-X,11,"HEALTHPLUS DIAGNOSTIC SPECIALIST, INC. ",272 BONIFACIOST. BRGY 33-D POBLACION DISTRICT DAVAO,DAVAO DEL SUR,09228951192; 0822271192,"JOHN PATRICK C. PADILLA, MD",healthplusdavao@yahoo.com,healthplusdavao@yahoo.com,5013493,2,3,5,WITHOUT CONCERN,,PASSED,Highly Satisfactory,SDTL-PT-22-111223,HS
12,11-XXXX-XX-XXXX-X,11,HYATT DIAGNOSTIC SYSTEM INC.,"2ND FLOOR JALTAN BUILDING CM RECTO, DAVAO CITY, DAVAO DEL SUR",DAVAO DEL SUR,09228931002; 0822867569,"JOHN PATRICK C. PADILLA, MD",hyattdiagnostic@gmail.com,hyattdiagnostic@gmail.com,5013987,1,5,6,WITHOUT CONCERN,,PASSED,Acceptable,SDTL-PT-22-111224,A
12,11-XXXX-XX-XXXX-X,11,JJB MEIDCAL DIAGNOSTIC,"G/F FICCO BLDG., PINUYAK ROAD MARANDING, LALA CITY, LANAO DEL NORTE",LANAO DEL NORTE,9478444876,"RASHIDAH A. GURO, MD",jjbdiagnostics@gmail.com,jjbdiagnostics@gmail.com,5045388,4,0,4,WITHOUT CONCERN,,PASSED,Highly Satisfactory,SDTL-PT-22-111225,HS
12,11-XXXX-XX-XXXX-X,11,LYCON DIAGNOSTIC CENTER,"G/F ESPINO BLDG. J.P. LAUREL AVE. BAJADA DAVAO CITY, DAVAO DEL SUR",DAVAO DEL SUR,(082)-299-1880/09206353932,"ALEJANDRO L. DOMINGO, MD",lycondx@gmail.com,lycondx@gmail.com,5053099,4,2,6,WITHOUT CONCERN,,PASSED,Acceptable,SDTL-PT-22-111226,A
12,11-XXXX-XX-XXXX-X,11,LYCON DIAGNOSTIC CENTER,DOOR NO. 2 18 AGUIRRE BLDG. RAMON MAGSAYSAY ST. CALINAN DAVAO CITY,DAVAO DEL SUR,(082)272-4286/09206353932,"ALEJANDRO L. DOMINGO, MD",lycondx2@gmail.com,lycondx2@gmail.com,5053101,2,2,4,WITHOUT CONCERN,,PASSED,Highly Satisfactory,SDTL-PT-22-111227,HS
12,11-1097-20-PIBS-R,11,MAHOGANY MEDICAL & PHARMACEUTICAL SUPPLIES INC ,"DOOR I DABON BLDG. AURORA ST. SAN JOSE BESIDE LTO OFFICE DIGOS CITY, DAVAO DEL SUR",DAVAO DEL SUR ,9493761905,"ONG, LEONCIO UY ",rosaliepilapil2@gmail.com ,rosaliepilapil2@gmail.com ,5073230,1,3,4,WITHOUT CONCERN,,PASSED,Highly Satisfactory,SDTL-PT-22-111228,HS
12,11-0713-21-PFSS-R,11,MATI MEDICAL CLINIC AND DIAGNOSTIC CENTER,"NONA YU BLDG. PUROK PARAMIN, BRGY MATIAO, MATY CITY, DAVAO ORIENTAL",DAVAO ORIENTAL,09566912258; 3883302; 09258892121,"OSCAR P. GRAGEDA, MD",mmsdcmatic@gmailcom,mmsdcmatic@gmailcom,5008418,2,3,5,WITHOUT CONCERN,,PASSED,Highly Satisfactory,SDTL-PT-22-111229,HS
12,11-1277-22-PIBS-R,11,MEDISENSE LABORATORY CENTER INC,"2ND AND 3RD FLOOR DAKUDAO AND SONS BLDG. SAN PEDRO ST COR ANDA EXT, DAVAO CITY, DAVAO DEL SUR",DAVAO DEL SUR,9274130329,"JOHN PATRICK C. PADILLA, MD",msldavao.oic@gmail.com,msldavao.oic@gmail.com,5025909,2,4,6,WITHOUT CONCERN,,PASSED,Acceptable,SDTL-PT-22-111230,A
12,11-0568-21-PFSS-R,11,MKC DRUG TEST LABORATORY,"PUROK MAGSANOC, CAPITOL AVE., MANKILAM, TAGUM CITY, DAVAO DEL NORTE",DAVAO DEL NORTE,09187593150; 2160021,"ALEJANDRO L. DOMINGO, MD",pearl_mkc@yahoo.com,pearl_mkc@yahoo.com,5006968,1,2,3,WITHOUT CONCERN,,PASSED,Highly Satisfactory,SDTL-PT-22-111231,HS
12,11-XXXX-XX-XXXX-X,11,"NEW WORLD DIAGNOSTICS, INC. ","584 E. QUIRINO AVENUE, POBLACION 6-A, INFRONT OF FELCRIS CENTRALE, DAVAO CITY, DAVAO DEL SUR",DAVAO DEL SUR,09177991818/221-6916/ 09984751419,"MA. THERESA FEDOL, MD, DPSP",davao@nwdi.com.ph,davao@nwdi.com.ph,5072168,2,5,7,WITHOUT CONCERN,,PASSED,Acceptable,SDTL-PT-22-111232,A
12,11-0388-21-PFSS-R,11,NOEL SJ. LARANTA MAHOGANY DRUG TESTING CENTER,"A PICHON ST., BRGY.39-D, POBLACION, DAVAO CITY, DAVAO DEL SUR",DAVAO DEL SUR,9331481413,"JOUVENAL C.  DELGADO, MD",mahoganydavao3852@gmail.com,mahoganydavao3852@gmail.com,4964598,2,0,2,WITHOUT CONCERN,,PASSED,Excellent,SDTL-PT-22-111233,E
12,11-0993-21-PIBS-R,11,ONPOINT8 LABORATORIES INC.,"DOOR 2 J. LIM BUILDING KM. 6 DIVERSION RD. BUHANGIN DAVAO CITY, DAVAO DEL SUR",DAVAO DEL SUR,9190734487,"OSCAR P. GRAGEDA, MD","onpoint8laboratories.inc@gmail,com","onpoint8laboratories.inc@gmail,com",5022961,2,3,5,WITHOUT CONCERN,,PASSED,Highly Satisfactory,SDTL-PT-22-111234,HS
12,11-0292-19-PIBS-R,11,PBA PHARMACY MEDICAL CLINIC & DRUG TEST LABORATORY,"G/F PBA BLDG., RIZAL ST. MAGUGPO POBLACION, TAGUM CITY, DAVAO DEL NORTE",DAVAO DEL NORTE,09169996334; (084)3083748,"BERNARDO S. ANG MD, FPCS, MAHA",pbpharmacy2013@yahoo.com,pbpharmacy2013@yahoo.com,5009600,2,3,5,WITHOUT CONCERN,,PASSED,Highly Satisfactory,SDTL-PT-22-111235,HS
12,11-0358-20-PIBS-R,11,PHILIPPINE NIKKEI JIN KAI POLYCLINIC & DIAGNOSTIC CENTER INC,"ANGLIONTO AVE,LANANG, DAVAO CITY",DAVAO DEL SUR,09322386072; 0823338074,"MARLON M. MARAMION, MD",pnjkpolyclinic2009@gmail.com,pnjkpolyclinic2009@gmail.com,5012179,2,5,7,WITHOUT CONCERN,,PASSED,Acceptable,SDTL-PT-22-111236,A
12,11-0592-19-PIBS-R,11,POLYCLINIC DAVAO INCORPORATED,"SANTIAGO ARTIAGA CORNER AURORA QUEZON ST. BARANGAY 36-D, DAVAO CITY, DAVAO DEL SUR",DAVAO DEL SUR,822227622,"OSCAR P. GRAGEDA, MD",polyclinicdvoinc_08@yahoo.com,polyclinicdvoinc_08@yahoo.com,5013806,0,5,5,WITHOUT CONCERN,,PASSED,Highly Satisfactory,SDTL-PT-22-111237,HS
12,11-0995-21-PFSS-R,11,RIVERA MEDICAL CENTER INC,"7302 SAN FRANCISCO, PANABO, DAVAO DEL NORTE",DAVAO DEL NORTE,9177107032,"OSCAR P. GRAGEDA, MD",rmci_lab@yahoo.com,rmci_lab@yahoo.com,5026243,2,4,6,WITHOUT CONCERN,,PASSED,Acceptable,SDTL-PT-22-111238,A
12,11-0718-21-PIBS-R,11,SAN PEDRO HOSPITAL OF DAVAO CITY INC. DRUG TESTING LABORATORY,"SAN PEDRO HOSPITAL OF DAVAO CITY C. GUZMAN ST., BRGY 14-B, DAVAO DEL SUR",DAVAO DEL SUR,822226100,"OSCAR P. GRAGEDA, MD",sanpedrohispital@yahoo.com,sanpedrohispital@yahoo.com,5016056,2,5,7,WITHOUT CONCERN,,PASSED,Acceptable,SDTL-PT-22-111239,A
12,11-1311-19-PFSS-I,11,SAN ROQUE RETROUVAILLE CENTER,"DOOR 8, ARAFOL BUILDING, MARGARITA VILL., CAPITOL ROAD, TAGUM CITY, DAVAO DEL NORTE",DAVAO DEL NORTE,09262039565; 0842164796,"EUGENIA S. HINGPIT, MD, MCH",srdtc_mankilam@yahoo.com,srdtc_mankilam@yahoo.com,5013994,0,5,5,WITHOUT CONCERN,,PASSED,Highly Satisfactory,SDTL-PT-22-111240,HS
12,11-0969-22-PFSS-R,11,"SINGAPORE MEDICAL LABORATORIES, INC.","2F ML2 BLDG., 26 SOBRECAREY ST, BO OBRERO, DAVAO CITY, DAVAO DEL SUR",DAVAO DEL SUR,09177101170; 0822334291,"JOHN PATRICK C. PADILLA, MD",corelabdavao@singaporediagnostic.com,corelabdavao@singaporediagnostic.com,5015061,3,5,8,WITHOUT CONCERN,,PASSED,Acceptable,SDTL-PT-22-111241,A
12,11-0593-19-GIBS-R,11,SOLID FOUR DRUG TESTING CENTER,"DOOR 4 PIATOS BLDG. PICHON ST., BRGY. 1-A (POB.), DAVAO CITY, DAVAO DEL SUR",DAVAO DEL SUR,823276232,"JOUVENAL C. DELGADO, MD",solidfour@yahoo.com,solidfour@yahoo.com,5016436,1,2,3,WITHOUT CONCERN,,PASSED,Highly Satisfactory,SDTL-PT-22-111242,HS
12,11-0508-21-PIBS-R,11,SOUTH MINDANAO DRUG TEST CENTER,"DOOR 9, 2ND FLOOR TOURISM BLDG., MAGSAYSAY PARK, BRGY 27, DAVAO CITY, DAVAO DEL SUR",DAVAO DEL SUR,09917062963/082-225-1835,FLORANNE MARGARET LAM VERGARA,,,5070350,2,4,6,WITHOUT CONCERN,,PASSED,Acceptable,SDTL-PT-22-111243,A
12,11-1513-22-PIBS-R,11,SOUTHERN PHILIPPINES MEDICAL CENTER,"HSSC BLG., DRUG TESTING SECTUM SPMC COMPOUND JP LAUREL, DAVAO CITY, DAVAO DEL SUR",DAVAO DEL SUR,9156723305,"MARLON M. MARAMION, MD",spmcdrugtesting@gmail.com,spmcdrugtesting@gmail.com,5027870,3,5,8,WITHOUT CONCERN,,PASSED,Acceptable,SDTL-PT-22-111244,A
12,11-0634-20-PIBS-R,11,ST. HYACINTH DIAGNOSTIC LABORATORY,"582-B LIM BLDG., QUIRINO AVE., DAVAO CITY, DAVAO DEL SUR",DAVAO DEL SUR,09228867281; 3050090; 09209458011,"FLORANNE MARGARET L. VERGARA, MD",sthyacinthdiagnosticlab@gmail.com,sthyacinthdiagnosticlab@gmail.com,5013489,0,5,5,WITHOUT CONCERN,,PASSED,Highly Satisfactory,SDTL-PT-22-111245,HS
12,11-1016-22-PIBS-R,11,SUREHEALTH MANAGEMENT DIAGNOSTIC CENTER CO,DOOR I DIOKNO BLDG. GEMPESACO ST. DAVAO CITY ,DAVAO ,9336126787,ALEJANDRO L. DOMINGO JR,surehealthdavao@gmail.com,surehealthdavao@gmail.com,5073246,3,3,6,WITHOUT CONCERN,,PASSED,Acceptable,SDTL-PT-22-111246,A
12,11-1485-22-PIBS-R,11,TADECO HOSPITAL,"PUROK 18 BRGY AO FLORENDO, PANABO CITY, DAVAO DEL NORTE",DAVAO DEL NORTE,9201193955,"OSCAR P. GRAGEDA, MD",tdchlab21@gmail.com,tdchlab21@gmail.com,5031291,2,4,6,WITHOUT CONCERN,,PASSED,Acceptable,SDTL-PT-22-111247,A
12,11-1312-21-PIBS-R,11,TORIL DIAGNOSTIC LABORATORY,"DOOR 4 SAAVEDRA BUILDING, AGTON STREET, TORIL, DAVAO CITY, DAVAO DEL SUR",DAVAO DEL SUR,09177183662/(082)291-0090/09177183662/09209458011,"FLORANNE MARGARET LAM VERGARA, MD",michelledonayre2@gmail.com,michelledonayre2@gmail.com,5071674,4,1,5,WITHOUT CONCERN,,PASSED,Highly Satisfactory,SDTL-PT-22-111248,HS
12,11-1032-22-PIBS-R,11,UIC CLINICAL LABORATORY,"BONIFACIO ST. BARANGAY 35-D POBLACION DISTRICT, DAVAO CITY, DAVAO DEL SUR",DAVAO DEL SUR,09209510796/09255001953/082-2271573 LOC. 225/227,"LEONCIO UY ONG, MD, FPSP, CP",ulcclinicallaboratory@gmail.com,ulcclinicallaboratory@gmail.com,5054586,0,5,5,WITHOUT CONCERN,,PASSED,Highly Satisfactory,SDTL-PT-22-111249,HS
12,11-1031-22-PIBS-R,11,UM MEDICAL AND MULTITEST DIAGNOSTIC CENTER INC,"CAYETANO BANGOY STREET, DAVAO CITY, DAVAO DEL SUR",DAVAO DEL SUR,222-8066,"JOHN PATRICK C. PADILLA, MD",ummultitestlab@yahoo.com,ummultitestlab@yahoo.com,5019022,1,5,6,WITHOUT CONCERN,,PASSED,Acceptable,SDTL-PT-22-111250,A
12,11-0161-21-PIBS-R,11,VITALAB REDMARK CORPORATION (BRANCH 1) ,"DOOR 1 ALBAY BLDG. MCARTHUR HIGHWAY, DAVAO CITY, DAVAO DEL SUR",DAVAO DEL SUR,9985445932,"EDMUNDO VISITACION, MD","vitalabmatina@gmail,com","vitalabmatina@gmail,com",5048424,1,4,5,WITHOUT CONCERN,,PASSED,Highly Satisfactory,SDTL-PT-22-111251,HS
12,11-0744-21-PFSS-R,11,VITALAB REDMARK CORPORATION (MAIN) ,"DOOR 2 AND 3 MAGRICOM BLDG. KM 5 BAJADA, DAVAO CITY, DAVAO DEL SUR",DAVAO DEL SUR,9985445932,"EDMUNDO VISITACION, MD",edpatho@yahoo.com,edpatho@yahoo.com,5048425,0,5,5,WITHOUT CONCERN,,PASSED,Highly Satisfactory,SDTL-PT-22-111252,HS
13,12-0983-22-PIBS-R,12,VITAMER MEDICAL LABORATORY,"SAMPAGUITA ST. MINTAL, DAVAO CITY, DAVAO DEL SUR",DAVAO DEL SUR,09171360317; 0822995756,"ALEJANDRO L. DOMINGO, MD",mld0328@yahoo.com,mld0328@yahoo.com,5012331,3,5,8,WITHOUT CONCERN,,PASSED,Acceptable,SDTL-PT-22-111253,A
13,12-0720-21-PFSS-R,12,WATCH DRUG TESTING AND DIAGNOSTIC CENTER,"2ND FLOOR CHUA BLDG., OSMEÑA ST. MAGUGPO POBLACION, TAGUTU CITY, DAVAO DEL NORTE",DAVAO DEL NORTE,09269491235; 09209529948,"ALEJANDRO L. DOMINGO, MD",junet_reloj@yahoo.com,junet_reloj@yahoo.com,5012423,1,4,5,WITHOUT CONCERN,,PASSED,Highly Satisfactory,SDTL-PT-22-111254,HS
13,12-1130-21-GIBS-R,12,ALLAH VALLEY MEDICAL SPECIALISTS CENTER INC. HOSPITAL,"ZONE 3, PUROK VILLEGAS, GENSAN DRIVE, CITY OF KORONADAL, SOUTH COTABATO",SOUTH COTABATO,09202873406/09209137727/(083)2283550 LOC. 1046,NENA SALCEDO LINGAYON,m_hannyz@yahoo.com,m_hannyz@yahoo.com,5073247,0,4,4,WITHOUT CONCERN,,PASSED,Highly Satisfactory,SDTL-PT-22-121255,HS
13,12-0985-22-PIBS-R,12,BIOTECH DRUG TEST AND NEURO CENTER,"42 BONIFACIO TACURONG CITY, SULTAN KUDARAT ",SULTAN KUDARAT,9174490218,"VITA B. GASATAYA, MD",vitz_gasataya@yahoo.com,vitz_gasataya@yahoo.com,5019021,2,1,3,WITHOUT CONCERN,,PASSED,Highly Satisfactory,SDTL-PT-22-121256,HS
13,12-1177-21-PIBS-R,12,COTABATO REGIONAL AND MEDICAL CENTER,"COTABATO REGIONAL AND MEDICAL CENTER, SINSUAT AVENUE ROSARIO HEIGHTS 10, COTABATO CITY",COTABATO,09770231966; (064) 4212341 LOC. 142,"NENA S. LINGAYON, MD, FPSP, MD",patholabcrmc@gmail.com,patholabcrmc@gmail.com,5008991,1,4,5,WITHOUT CONCERN,,PASSED,Highly Satisfactory,SDTL-PT-22-121257,HS
13,12-1472-21-PFSS-R,12,"DAVAO SPECIALISTS CLINIC AND DIAGNOSTIC LABORATORY, INC.","2/F MARQUEZ BLDG. DON RUFINO ALONZO STREET COR. DON ROMAN VILO ST (AT THE BACK OF OLD CITY HALL), COTABATO CITY",COTABATO,0955-794-5040/(064)5572204/,ALEJANDRO JR. L. DOMINGO,scdlcotabatolab@gmail.com,scdlcotabatolab@gmail.com,5073306,2,4,6,WITHOUT CONCERN,,PASSED,Acceptable,SDTL-PT-22-121258,A
13,12-0391-21-PIBS-R,12,DR. ARTURO P. PINGOY MEDICAL CENTER,"GENERAL SANTOS DRIVE, ZONE 4, KORONADAL CITY, SOUTH COTABATO",SOUTH COTABATO,09992261393; 0832282202 LOC. 133; 09228796951,"EDWIN ALCONEL, MD",dchi_dti@yahoo.com,dchi_dti@yahoo.com,5013630,2,3,5,WITHOUT CONCERN,,PASSED,Highly Satisfactory,SDTL-PT-22-121259,HS
13,12-1524-21-PIBS-R,12,ER DIAGNOSTIC CENTER,"2F JMP 1 BLDG., SOUTH OSMEÑA CORNER CHAMAGA ST, GENERAL SANTOS CITY, SOUTH COTABATO",SOUTH COTABATO,0920979-4912,"EDWIN ALCONEL, MD",erdiagnosticcenter@gmail.com,erdiagnosticcenter@gmail.com,5042226,2,2,4,WITHOUT CONCERN,,PASSED,Highly Satisfactory,SDTL-PT-22-121260,HS
13,12-0721-21-PIBS-R,12,GENERAL SANTOS DOCTORS HOSPITAL,"NATIONAL HIGHWAY, BRGY. LAGAO, GENERAL SANTOS CITY, SOUTH COTABATO",SOUTH COTABATO,9338162793,"OSCAR GRAGEDA, MD",gsdhoffice@gmail.com,gsdhoffice@gmail.com,5025908,2,4,6,WITHOUT CONCERN,,PASSED,Acceptable,SDTL-PT-22-121261,A
13,12-0746-21-PIBS-R,12,HEALTH HUB LABORATORY AND MEDICAL CLINIC,"GF MATINONG BLDG. ALLAH VALLEY DRIVE POBLACION LIBERTAD SURALLAH CITY, SOUTH COTABATO",SOUTH COTABATO,09666928078; 083553792,"VITA B. GASATAYA, MD",chalaboratory198@gmail.com,chalaboratory198@gmail.com,5013629,3,3,6,WITHOUT CONCERN,,PASSED,Acceptable,SDTL-PT-22-121262,A
13,12-522-20-PIBS-R,12,"HEALTHCARE DIAGNOSTIC LAB., INC.","DON ROMAN VILO ST. COTABATO CITY POB., 6, COTABATO CITY, MAGUINDANAO",MAGUINDANAO,09177708343; 0644218322; 09209137727,"NENA S. LINGAYON, MD, FPSP",healthcarediagnsticlab@yahoo.com,healthcarediagnsticlab@yahoo.com,5012198,2,0,2,WITHOUT CONCERN,,PASSED,Excellent,SDTL-PT-22-121263,E
13,12-1733-21-PIBS-R,12,HOWARD HUBBARD MEMORIAL HOSPITAL,"BRGY. CANNERY, POLOMOLOK CITY, SOUTH COTABATO",SOUTH COTABATO,09475300988/(083) 500-2183/09912012821,EDWIN CACATIAN ALCONCEL,chealminaza@ymail.com,chealminaza@ymail.com,5067627,2,5,7,WITHOUT CONCERN,,PASSED,Acceptable,SDTL-PT-22-121264,A
13,12-XXXX-XX-XXXX-X,12,HUMAN INDEX DIAGNOSTIC AND WELLNESS SOLUTIONS,"RGH BUILDING, JOSE CATOLICO AVENUE, BRGY LAGAO, GENERAL SANTOS CITY, SOUTH COTABATO",SOUTH COTABATO,09177018515; 0822211088,"OSCAR GRAGEDA, MD",oscargrageda@yahoo.com,oscargrageda@yahoo.com,5013492,2,3,5,WITHOUT CONCERN,,PASSED,Highly Satisfactory,SDTL-PT-22-121265,HS
13,12-0602-19-PFSS-R,12,HYATT DIAGNOSTIC SYSTEM INC.,"GROUND FOOR HYATT BUILDING, CAMIAS J. CRISOLOGO ST. BRGY DADIANGAS EAST, GENERAL SANTOS CITY, SOUTH COTABATO",SOUTH COTABATO,9228931002,"NENA S. LINGAYON, MD, FPSP",hyattdiagnostic@gmail.com,hyattdiagnostic@gmail.com,5025904,2,5,7,WITHOUT CONCERN,,PASSED,Acceptable,SDTL-PT-22-121266,A
13,12-0538-21-PFSS-R,12,IMMACULATE DRUG TESTING,"TAN'S BLDG KAYAGA KABAGAN CITY, COTABATO",COTABATO,9631030242,"ARTURO N. ANULAO, MD",artanulao@gmail.com,artanulao@gmail.com,5013196,2,2,4,WITHOUT CONCERN,,PASSED,Highly Satisfactory,SDTL-PT-22-121267,HS
13,12-0836-21-PFSS-R,12,JCD HI PRECISION BIO-LAB GENERAL SANTOS,"#049 RITZ TOWNHOUSE SOUTH OSMEÑA ST., GENERAL SANTOS CITY, SOUTH COTABATO",SOUTH COTABATO,09228518555; 0835535388,"KENNETH C. CRISOSTOMO, MD",gllim_05@yahho.com,gllim_05@yahho.com,5013986,2,3,5,WITHOUT CONCERN,,PASSED,Highly Satisfactory,SDTL-PT-22-121268,HS
13,12-0604-19-PFSS-R,12,JCD HI-PRECISION BIO LAB,"GIRL SCOUT BUILDING, JAYCEE ATENUA ZONE 1, KORONADAL CITY, SOUTH COTABATO",SOUTH COTABATO,09228518555; 0835200054,"KENNETH C. CRISOSTOMO, MD",gllim_05@yahho.com,gllim_05@yahho.com,5014032,2,2,4,WITHOUT CONCERN,,PASSED,Highly Satisfactory,SDTL-PT-22-121269,HS
13,12-0611-20-PFSS-R,12,JGR DRUG TESTING CENTER AND MEDICAL CLINIC,"ROBINSONS PLACE J. CATOLICO SR. AVE., GENERAL SANTOS CITY, SOUTH COTABATO",SOUTH COTABATO,09205666786; 0838784667; 09209137727,"NENA S. LINGAYON, MD, FPSP",jgrrobinsonjggc@yahoo.com,jgrrobinsonjggc@yahoo.com,5016047,3,2,5,WITHOUT CONCERN,,PASSED,Highly Satisfactory,SDTL-PT-22-121270,HS
13,12-0747-21-GFSS-R,12,JM DRUG TESTING CENTER,"JP LAUREL ST. LIBERTAD SURALLAH CITY, SOUTH COTABATO",SOUTH COTABATO,9513149805,"NENA S. LINGAYON, MD, FPSP",jelancebriy@yahoo.com,jelancebriy@yahoo.com,5036201,1,4,5,WITHOUT CONCERN,,PASSED,Highly Satisfactory,SDTL-PT-22-121271,HS
13,12-1413-21-PFSS-R,12,JRG DRUG TESTING CENTER AND MEDICAL CLINIC,"2F/ GAISANO GRAND KORONADAL, GENSAN DRIVE KORONADAL CITY, SOUTH COTABATO",SOUTH COTABATO,9499929365,"NENA S. LINGAYON, MD ",jrggaisano.jggc@gmail.com,jrggaisano.jggc@gmail.com,5071677,2,0,2,WITHOUT CONCERN,,PASSED,Excellent,SDTL-PT-22-121272,E
13,12-1176-21-PIBS-R,12,KIDAPAWAN CITY DRUG TESTING LABORATORY,"KIDAPAWAN CITY HEALTH OFFICE, QUEZON BLVD., POBLACION, KIDAPAWAN CITY, COTABATO",COTABATO,09153523020; 09706971146; 0645771377; 09209137727,"NENA S. LINGAYON, MD, FPSP",sg93rmt@gmail.com,sg93rmt@gmail.com,5013194,2,2,4,WITHOUT CONCERN,,PASSED,Highly Satisfactory,SDTL-PT-22-121273,HS
13,12-1710-21-PIBS-I,12,M/S DRUG TESTING CENTER,"ASPILLA BLDG., QUIRINO DRIVE KIDAPAWAN CITY, NORTH COTABATO",NORTH COTABATO,9162937307,"ABRAHAM LEDESMA, MD",brahmii7@yahoo.com,brahmii7@yahoo.com,5036204,2,4,6,WITHOUT CONCERN,,PASSED,Acceptable,SDTL-PT-22-121274,A
13,12-0997-21-PFSS-R,12,"NOTRE DAME OF MARBEL UNIVERSITY, INC","NOMU COMPLEX, ALUNAN AVENUE, BRGY ZONE III, KORONADAL CITY, SOUTH COTABATO",SOUTH COTABATO,228-2218 LOC. 129,"EDWIN ALCONEL, MD",ndmuctdl@gmail.com,ndmuctdl@gmail.com,5027880,2,2,4,WITHOUT CONCERN,,PASSED,Highly Satisfactory,SDTL-PT-22-121275,HS
13,12-0957-20-PIBS-R,12,ONPOINT 8 LABORATORIES INC,"DOOR 7 & 8 GROUND FLOOR SG BUILDING, NARANGITA ST. BARANGAY DADIANGAS, GENERAL SANTOS CITY, SOUTH COTABATO",SOUTH COTABATO,9216043324,"OSCAR GRAGEDA, MD",sdtlgensan.onpoint8lab@gmail.com,sdtlgensan.onpoint8lab@gmail.com,5022963,1,5,6,WITHOUT CONCERN,,PASSED,Acceptable,SDTL-PT-22-121276,A
13,12-1602-20-GIBS-R,12,SAN ROQUE RETROUVAILLE CENTER,"GSP BLDG. BONIFACIO ST. ZONE IV, KORONADAL CITY, SOUTH COTABATO",SOUTH COTABATO,09989563144; 0838251707; 09177269214,"VITA B. GASATAYA, MD",jnatamayo14@yahoo.com,jnatamayo14@yahoo.com,5013488,2,1,3,WITHOUT CONCERN,,PASSED,Highly Satisfactory,SDTL-PT-22-121277,HS
13,12-XXXX-XX-XXXX-X,12,SOCSARGEN COUNTY HOSPITAL DRUG TESTING LABORATORY,"BULA-LAGAO RD. COR L. ARRADAZA ST., GENERAL SANTOS CITY, SOUTH COTABATO",SOUTH COTABATO,09514817393; 08255338906,"KENNETH C. CRISOSTOMO, MD",sch_laboratory@yahoo.com,sch_laboratory@yahoo.com,5016024,1,5,6,WITHOUT CONCERN,,PASSED,Acceptable,SDTL-PT-22-121278,A
13,12-1158-21-PIBS-R,12,SOUTH COTABATO PROVINCIAL HOSPITAL,"AGUINALDO ST., ZONE III, KORONADAL CITY, SOUTH COTABATO",SOUTH COTABATO,09177269214; 0832283206,"VITA B. GASATAYA, MD",vitz_md@yahoo.com,vitz_md@yahoo.com,5012177,4,0,4,WITHOUT CONCERN,,PASSED,Highly Satisfactory,SDTL-PT-22-121279,HS
13,12-0366-20-PIBS-R,12,SPECIALISTS CLINIC & DIAGNOSTIC LABORATORY,"MARTIN BUILDING, SANTO NIÑO STREET, BRGY. POBLACION 6, MIDSAYAP, NORTH COTABATO",NORTH COTABATO,09468672755/(064)521-0792/09310941724,"ALEJANDRO JR. LOPEZ DOMINGO, MD",scdl_08@yahoo.com,scdl_08@yahoo.com,5075934,2,5,7,WITHOUT CONCERN,,PASSED,Acceptable,SDTL-PT-22-121280,A
13,12-1015-22-PIBS-R,12,SPECIALISTS CLINIC AND DIAGNOSTIC LABORATORY ,"G/F TUDUTA BLDG. JOSE CATOLICO SR. AVENUE , BRGY. LAGAO (BESIDES LWC CYCLE), GENERAL SANTOS CITY, SOUTH COTABATO",SOUTH COTABATO,9094033240,"ALEJANDRO L. DOMINGO, MD ",scdlgensan0614@yahoo.com ,scdlgensan0614@yahoo.com ,5073238,2,3,5,WITHOUT CONCERN,,PASSED,Highly Satisfactory,SDTL-PT-22-121281,HS
13,12-1306-20-GIBS-R,12,ST. ELIZABETH HOSPITAL INC.,"NATIONAL HIGHWAY CORNER SANTIAGO BLVD. LAGAO, SOUTH COTABATO",SOUTH COTABATO,5523162 loc. 114; 09329626077; 09228675365,"KENNETH C. CRISOSTOMO, MD",laboratory@sehi.ph,laboratory@sehi.ph,5006961,2,1,3,WITHOUT CONCERN,,PASSED,Highly Satisfactory,SDTL-PT-22-121282,HS
13,12-1010-22-PIBS-R,12,ST. HYACINTH DIAGNOSTIC LABORATORY,"LINDRI BLDG., BLOCK 1, MARAÑON VILLAGE, BRGY. ZONE III, KORONADAL CITY, SOUTH COTABATO",SOUTH COTABATO,(083)310-6261/09177183662/09209458011,"VITA B. GASATAYA, MD, FPSP",shdlmarbelbranch@gmail.com,shdlmarbelbranch@gmail.com,5071676,0,3,3,WITHOUT CONCERN,,PASSED,Highly Satisfactory,SDTL-PT-22-121283,HS
15,14-XXXX-XX-XXXX-X,14,TUPI RHU DRUG TESTING LABORATORY,"PUROK 8, POBLACION, TUPI, SOUTH COTABATO",SOUTH COTABATO,9832262827,"VITA B. GASATAYA, MD",tupidtlc@yahoo.com,tupidtlc@yahoo.com,5019444,0,5,5,WITHOUT CONCERN,,PASSED,Highly Satisfactory,SDTL-PT-22-121284,HS
15,14-XXXX-XX-XXXX-X,14,VITALAB HEALTHCARE INC,"UNIT 5,6 & 7 VALLEY HIGH BLDG. NATIONAL HIGHWAY, CITY HEIGHTS, GENERAL SANTOS CITY (DADIANGAS), SOUTH COTABATO",SARANGANI PROVINCE,9177171994,"EDWIN ALCONEL, MD",vitalab_healthcare@yahoo.com,vitalab_healthcare@yahoo.com,5048422,3,5,8,WITHOUT CONCERN,,PASSED,Acceptable,SDTL-PT-22-121285,A
15,14-1136-21-PIBS-R,14,ALMORA GENERAL HOSPITAL DRUG TESTING LABORATORY,"SILAO STREET, PUROK 4, BULANAO, TABUK CITY, KALINGA",KALINGA,09382524107/09999924951,"EMMYLOU BALAWAN AKIA, MD",almorageneralhospital@yahoo.com,almorageneralhospital@yahoo.com,5071714,0,4,4,WITHOUT CONCERN,,PASSED,Highly Satisfactory,SDTL-PT-22-141286,HS
15,14-1367-22-GIBS-R,14,BAGUIO FDC MEDICAL & DIAGNOSTIC CENTER CORPORATION ,"85 K'S LOFT BLDG. T. ALONZO ST., BAGUIO CITY, BENGUET",BENGUET ,09203647072 / 09189198239,"JERILYN Y. LINGGON-DULAY, MD ",fdclaboratory@gmail.com ,fdclaboratory@gmail.com ,5073309,0,5,5,WITHOUT CONCERN,,PASSED,Highly Satisfactory,SDTL-PT-22-141287,HS
15,14-1404-21-GFSS-R,14,BENGUET CORP LABORATORIES INC. ,"L4 MLL BAGUIO CENTRAL MALL, MAGSAYSAY AVE., BAGUIO CITY, BENGUET",BENGUET,09161968787; 0744424528,"VIRGINIA DE JOYA, MD",bclicm_lab@yahoo.com,bclicm_lab@yahoo.com,5013625,3,0,3,WITHOUT CONCERN,,PASSED,Highly Satisfactory,SDTL-PT-22-141288,HS
15,14-0163-21-PIBS-R,14,BENGUET GENERAL HOSPITAL DRUG TESTING LABORATORY,"KM 5 PICO LA TRINIDAD, BAGUIO CITY, BENGUET",BAGUIO,09282338909/(074)422-4722,"BALDO,BERNADETTE LABERINTO",beghlab@gmail.com,beghlab@gmail.com,5061620,0,3,3,WITHOUT CONCERN,,PASSED,Highly Satisfactory,SDTL-PT-22-141289,HS
15,14-1209-22-PIBS-I,14,BGHMC-ODTRC DRUG TESTING LABORATORY,"BGHMC-ODTRC DRUG TESTING LABORATORY, GOVERNOR PACK ROAD, BAGUIO CTY, BENGUET",BENGUET,9169742411,"CLARETTE ROSARIO P. DY, MD",bghmcodtrcdtl@gmail.com,bghmcodtrcdtl@gmail.com,5019025,4,0,4,WITHOUT CONCERN,,PASSED,Highly Satisfactory,SDTL-PT-22-141290,HS
15,14-XXXX-XX-XXXX-X,14,HI-PRECISION DIAGNOSTIC CENTER INC.-BAGUIO,"2F CYA CENTRUM,MILITARY CUT-OFF,KENNON ROAD BENGUET,BAGUIO",BAGUIO,09177085057/09338193880/423-2358-2359,"ASUNCION,BABY LYNNE",hpbaguio.lab@hi-precision.com.ph,hpbaguio.lab@hi-precision.com.ph,5058420,2,3,5,WITHOUT CONCERN,,PASSED,Highly Satisfactory,SDTL-PT-22-141291,HS
15,14-XXXX-XX-XXXX-X,14,L AND A DIAGNOSTIC AND DRUG TESTING CENTER,"PUROK A, PROPER, POBLACION SOUTH, LAGAWE CITY, IFUGAO",IFUGAO,09176352402/091768295423,NELIA SAGISI BANDAO,nelia_bandao@yahoo.com,nelia_bandao@yahoo.com,5070342,2,0,2,WITHOUT CONCERN,,PASSED,Excellent,SDTL-PT-22-141292,E
15,14-0510-21-PIBS-R,14,LA TRINIDAD DIAGNOSTIC MULTIPURPOSE,"2ND FLOOR JC 174 GIBSON BUILDING, LA TRINIDAD, BENGUET",BENGUET,9192148778,"BERNADETTE L. BALDO, MD",ltdmcsdtl.2018@yahoo.com,ltdmcsdtl.2018@yahoo.com,5026239,4,0,4,WITHOUT CONCERN,,PASSED,Highly Satisfactory,SDTL-PT-22-141293,HS
15,14-1216-21-PFSS-R,14,LUIS HORA MEMORIAL REGIONAL HOSPITAL,"ANNEX BUILDING LUIS HORA MEMORIAL REGIONAL HOSPITAL, BAUKO, MOUNTAIN PROVINCE",MOUNTAIN PROVINCE,9453260959,"CHRISTINE P. AYOCHOK, MD",lmrh_doh@yahoo.com,lmrh_doh@yahoo.com,5026244,2,2,4,WITHOUT CONCERN,,PASSED,Highly Satisfactory,SDTL-PT-22-141294,HS
15,14-0729-21-PIBS-R,14,MAEZELLE PSYCHO METIER AND DIAGNOSTIC CENTER,"C-17 CAMP DANGWA, BRGY. BAHONG, LA TRINIDAD, BENGUET",BENGUET,9127839614,"OLGA M. BAUSA, MD",mpmdcbenguet@gmail.com,mpmdcbenguet@gmail.com,5023939,2,0,2,WITHOUT CONCERN,,PASSED,Excellent,SDTL-PT-22-141295,E
15,14-XXXX-XX-XXXX-X,14,MPSi DRUG TESTING LABORATORY,"24 MCKINLEY ST. ALZATE BLDG. ZONE 4, BENGUET, ABRA",ABRA,9176482301,"MILAGROS F. ALZATE, MD",mpsi_otl@yahoo.com,mpsi_otl@yahoo.com,5022971,1,3,4,WITHOUT CONCERN,,PASSED,Highly Satisfactory,SDTL-PT-22-141296,HS
15,14-1155-21-PIBS-R,14,PRECISE DIAGNOSTIC LABORATORY,"ROOM 3; 3RD BASEMENT NORTH HILLS PALANGDAO BLDG., LOWER GEN. LUNA, BAGUIO CITY, BENGUET",BENGUET,9999007855,"BERNADETTE L. BALDO, MD",precissediagnosticlab@genluna@gmail.com,precissediagnosticlab@genluna@gmail.com,5022962,0,2,2,WITHOUT CONCERN,,PASSED,Excellent,SDTL-PT-22-141297,E
15,14-0287-21-PIBS-R,14,PRECISE DIAGNOSTIC LABORATORY-BRANCH,"UNIT 1, #130 T. ALONZO ST. BRGY TEODORA ALONZO, BAGUIO CITY, BENGUET",BENGUET,9178674297,"BERNADETTE L. BALDO, MD",precissediagnosticlab.talonzo@gmail.com,precissediagnosticlab.talonzo@gmail.com,5022971,3,5,8,WITHOUT CONCERN,,PASSED,Acceptable,SDTL-PT-22-141298,A
15,14-1373-22-PIBS-R ,14,T. ALONZO DIAGNOSTIC CENTER AND DRUG TESTING LABORATORY,"19 T. ALONZO ST.,TEODORA ALONZO, BAGUIO CITY, BENGUET, ",BENGUET,9153585938,"VIRGINIA DE JOYA, MD",tadc_dtl@yahoo.com,tadc_dtl@yahoo.com,5021717,2,2,4,WITHOUT CONCERN,,PASSED,Highly Satisfactory,SDTL-PT-22-141299,HS
16,15-XXXX-XX-XXXX-X,15,TABUK DIAGNOSTICS AND CLINICAL LABORATORY,"NATIONAL ROAD PUROK 5, BULANAO, TABUK CITY, KALINGA",KALINGA,09456042932/09999924951,"EMMYLOU BALAWAN AKIA, MD",tabukdiagnostics@yahoo.com.ph,tabukdiagnostics@yahoo.com.ph,5071715,0,3,3,WITHOUT CONCERN,,PASSED,Highly Satisfactory,SDTL-PT-22-141300,HS
16,15-XXXX-XX-XXXX-X,15,TRULAB MEDICAL AND DIAGNOSTIC CENTER INC. ,"PF4B CEDAR PEAK GENERAL LUNA COR. MABINI ST. BRGY. KABAYANIHAN, BAGUIO CITY, BENGUET",BENGUET ,09381256636 / 09274867119 ,"KAREN C. TUBA-ANG, MD ",trulab.laboratory@gmail.com,trulab.laboratory@gmail.com,5081886,2,1,3,WITHOUT CONCERN,,PASSED,Highly Satisfactory,SDTL-PT-22-141301,HS
16,16-XXXX-XX-XXXX-X,16,DOH-AMAI PAKPAK MEDICAL CENTER,"119 AMAIPAKPAK AVE. BRGY DATU SABER, MARAWI CITY, LANAO DEL SUR",LANAO DEL SUR,9173112128,"ASLIA M. MAPANDI, MD, FPSMS, DPSP",apmclab@gmail.com,apmclab@gmail.com,5031282,2,1,3,WITHOUT CONCERN,,PASSED,Highly Satisfactory,SDTL-PT-22-151302,HS
16,16-1000-21-PIBS-R,16,SULU PROVINCIAL HOSPITAL,"SCOTT ROAD, BARANGAY ASTURIAS, JOLO CITY, SULU",SULU,639164427968/639173010266/0853418911 LOC. 2260,"AL-ZAMZAM A. ABUBAKAR, MD",sphcl2016@gmail.com,sphcl2016@gmail.com,5054827,1,3,4,WITHOUT CONCERN,,PASSED,Highly Satisfactory,SDTL-PT-22-151303,HS
16,16-1580-21-GIBS-R,16,BUTUAN DIAGNOSTIC AND MEDICAL CLINIC AND DRUGTESTING CENTER,"R. CALU ST. BRGY SIKATUNA, BUTUAN CITY, AGUSAN DEL NORTE",AGUSAN DEL NORTE,9171652277,"JERRY C. ABROGUEÑA, MD",bxudiagnostic@yahoo.com,bxudiagnostic@yahoo.com,5022960,2,5,7,WITHOUT CONCERN,,PASSED,Acceptable,SDTL-PT-22-161304,A
16,16-XXXX-XX-XXXX-X,16,BUTUAN HEALTHCARE CLINICS AND LABORATORY,"#103 MONTILLA BLVD., DIEGO SILANG, BUTUAN CITY, AGUSAN DEL NORTE",AGUSAN DEL NORTE,09328759359; 09209052058,"PONCIANO S. LIMCANGCO, MD",butuanhealthcare07@gmail.com,butuanhealthcare07@gmail.com,5009804,1,1,2,WITHOUT CONCERN,,PASSED,Excellent,SDTL-PT-22-161305,E
16,16-1226-22-PIBS-R,16,BUTUAN MEDICAL CENTER-DRUG TESTING LABORATORY,"KM. 5, BAAN, BUTUAN CITY, AGUSAN DEL NORTE",AGUSAN DEL NORTE,9272550995,"DINO RAPHAEL K. ABADIANO, MD",djoechita@yahoo.com,djoechita@yahoo.com,5019027,2,5,7,WITHOUT CONCERN,,PASSED,Acceptable,SDTL-PT-22-161306,A
16,16-0186-21-PIBS-R,16,CABADBARAN DIAGNOSTIC CENTER,"FANCION ST. BRGY 4, CABADBARAN CITY, AGUSAN DEL NORTE",AGUSAN DEL NORTE,09225856233; 0858185532,"RAUL VENERANDO B. ATUPAN JR., MD",arsecote@yahoo.com,arsecote@yahoo.com,5014024,0,2,2,WITHOUT CONCERN,,PASSED,Excellent,SDTL-PT-22-161307,E
16,16-1438-22-PIBS-R,16,HEALTHWAY LABORATORY,"G/F GEORENZ BLDG., G. DELOS REYES ST POBLACION 4 CABADBARAN,AGUSAN DEL NORTE",AGUSAN DEL NORTE,09481659664/(085)283-0962,"DELOS REYES-RENDON, JANELLE",healthwaylaboratory@gmail.com,healthwaylaboratory@gmail.com,5060459,0,5,5,WITHOUT CONCERN,,PASSED,Highly Satisfactory,SDTL-PT-22-161308,HS
16,16-1230-22-PIBS-R,16,HOLY CHILD COLLEGES OF BUTUAN HOSPITAL CO.,"2ND ST. GUINGONA SUBDIVISION , BRGY JP RIZAL, BUTUAN CITY, AGUSAN DEL NORTE",AGUSAN DEL NORTE,09128096474; 0853421770; 09989716870,"RAUL VENERANDO B. ATUPAN JR., MD",mengulloanna@yahoo.com,mengulloanna@yahoo.com,5013993,3,0,3,WITHOUT CONCERN,,PASSED,Highly Satisfactory,SDTL-PT-22-161309,HS
16,16-0188-21-PFSS-I,16,MANUEL J. SANTOS HOSPITAL,"SS4 MONTILLA BLVD., BRGY. DIEGO SILANG, BUTUAN CITY, AGUSAN DEL NORTE",AGUSAN DEL NORTE,9383455353,"EDGARDO B. ABADIANO, MD, FPSP",laboratory@mjsantos.com.ph,laboratory@mjsantos.com.ph,5137925,4,3,7,WITHOUT CONCERN,,PASSED,Acceptable,SDTL-PT-22-161310,A
16,16-XXXX-XX-XXXX-X,16,PETERPENS-GESTALT DRUG TESTING AND DIAGNOSTIC LABORATORY,"VAILOCES BLDG. CAPITOL ROAD, SURIGAO CITY, SURIGAO DEL NORTE",SURIGAO DEL NORTE,09483276832/(086)827-6061/09209052058,"PONCIANO S. LIMCANGCO, MD",peterpensdtc@gmail.com,peterpensdtc@gmail.com,50794836,1,4,5,WITHOUT CONCERN,,PASSED,Highly Satisfactory,SDTL-PT-22-161311,HS
16,16-1102-21-PIBS-R,16,PRX DRUGTESTING LABORATORY,"858 OCHOA AVENUE, HOLY REDEEMER POBLACION, BRGY. 23, BUTUAN CITY, AGUSAN DEL NORTE",AGUSAN DEL NORTE,9199933740,"RAUL VENERANDO B. ATUPAN JR., MD",noraina_palala@yahoo.com,noraina_palala@yahoo.com,4950465,2,0,2,WITHOUT CONCERN,,PASSED,Excellent,SDTL-PT-22-161312,E
16,16-XXXX-XX-XXXX-X,16,SAINT PETER DIAGNOSTICS AND LABORATORY,"NATIONAL HIGHWAY, BRGY. LADGARON, CLAVER CITY, SURIGAO DEL NORTE",SURIGAO DEL NORTE,9120733019,"PONCIANO S. LIMCANGCO, MD",spdtl.claver2007@gamil.com,spdtl.claver2007@gamil.com,5008849,4,3,7,WITHOUT CONCERN,,PASSED,Acceptable,SDTL-PT-22-161313,A
2,02-1363-21-PFSS-R,2,SAN FRANCISCO DIAGNOSTIC MEDICAL CLINIC AND DRUG TESTING CENTER,"BARANGAY 4 CENTER ISLAND, SAN FRANCISCO CITY, AGUSAN DEL SUR",AGUSAN DEL SUR,9177174150/ 09088764248,JERRY C. ABROGUENA,sanfranzdiagnostic@gmail.com,sanfranzdiagnostic@gmail.com,5138247,2,5,7,WITHOUT CONCERN,,PASSED,Acceptable,SDTL-PT-22-161314,A
3,03-XXXX-XX-XXXX-X,3,SAN FRANCISCO DIAGNOSTIC AND MEDICAL CLINIC AND DRUG TESTING CENTER,"SUDP ARCADE, JOHN BOSCO DISTRICT, MANGAGOY, BISLIG CITY, SURIGAO DEL SUR",SURIGAO DEL SUR,9454512780,JERRY C. ABROGUENA,bisligdiagnostic@yahoo.com,bisligdiagnostic@yahoo.com,5071681,0,5,5,WITHOUT CONCERN,,PASSED,Highly Satisfactory,SDTL-PT-22-161315,HS
4,4A-0846-19-PIBS-R,4A,DIAGNOSTIKA CLINICAL LABORATORY ,"QUEZON ST, DISTRICT I (POB.), CITY OF CAUAYAN, ISABELA 3305",ISABELA,652-0693/ 09174601296,MILA AMOR V. REYES  MD,diagnostikalaboratory@yahoo.com,diagnostikalaboratory@yahoo.com,5008981,2,3,5,WITHOUT CONCERN,,PASSED,Highly Satisfactory,SDTL-PT-22-021316,HS
4,4A-1589-22-PIBS-R,4A,ABG SPECIALIST CLINIC AND DIAGNOSTIC CENTER,"88C MASINLOC MALL, NORTH POBLACION, MASINLOC, ZAMBALES",MASINLOC,0947-5236680,"ALICE B. GONZALES, MD",abg_masinloc@yahoo.com,abg_masinloc@yahoo.com,5071678,3,5,8,WITHOUT CONCERN,,PASSED,Acceptable,SDTL-PT-22-031317,A
4,4A-1695-21-PFSS-I,4A,UPH-DR. JOSE G. TAMAYO MEDICAL CENTER,"NATIONAL HIGHWAY, STO. NIÑO, BIÑAN, LAGUNA",LAGUNA,(632) 779-5310/ 09666218169,"CELSO S. RAMOS, MD, FPSP","perpslab,07@gmail.com","perpslab,07@gmail.com",5008128,3,5,8,WITHOUT CONCERN,,PASSED,Acceptable,SDTL-PT-22-4A1318,A
4,4A-1065-21-PIBS-R,4A,RAKKK PROPHET MEDICAL CENTER INC. SCREENING DRUG TESTING LABORATORY,"KM 194 MAHARLIKA HIGHWAY BRGY. ROSARIO GUMACA, QUEZON ",QUEZON,9178324292,"ROZANI O. NAVARRO, MD",rakkklaboratory@yahoo.com,rakkklaboratory@yahoo.com,5137933,3,5,8,WITHOUT CONCERN,,PASSED,Acceptable,SDTL-PT-22-4A1319,A
1,01-XXXX-XX-XXXX-X,1,BLESCES DIAGNOSTIC LABORATORY - STO TOMAS BATANGAS,BRGY STA CLARA STO TOMAS BATANGAS,BATANGAS,9275023216,"SILVA,AZEUS OBA",blescesstaclara@gmail.com,blescesstaclara@gmail.com,5051763,3,5,8,WITHOUT CONCERN,,PASSED,Acceptable,SDTL-PT-22-4A1320,A
2,02-XXXX-XX-XXXX-X,2,LOS BAÑOS BIOSCAN CLINLAB AND MEDICAL CLINIC,"AGAPITA COMPLEX, LOPEZ AVE. BATONG MALAKE, LAGUNA",LAGUNA,09455313186; (049) 5364875,"DEXTER A. LEDESMA, MD",lb_bioscanclinlab@yahoo.com.ph,lb_bioscanclinlab@yahoo.com.ph,5009041,1,4,5,WITHOUT CONCERN,PASSED REPEAT,PASSED,Acceptable,SDTL-PT-22-4A1321,A
17,13-1279-19-PIBS-R,13,MT. HERMON DIAGNOSTIC CENTER,"391 RODRIGUEZ AVE. POBLACION (NEAR 7-ELEVEN & CHOOKS TO GO, MABINI",PANGASINAN,09171587694/(75)6002308/09209037732,"SHELDON STEVEN C. AQUINO, MD",mt.hermon_001@yahoo.com,mt.hermon_001@yahoo.com,5067637,2,5,7,WITHOUT CONCERN,PASSED REPEAT,PASSED,Acceptable,SDTL-PT-22-011322,A
17,13-XXXX-XX-XXXX-X,13,E.A MENDOZA CLINIC,"JRC BLDG MAGSAYSAY ST. MINANGA, APARRI CAGAYAN VALLEY",CAGAYAN VALLEY,09978569532/(078)888-0036,"BALISI,SARA JANE",e.a.mendozaclinic@gmail.com,e.a.mendozaclinic@gmail.com,5061622,4,3,7,WITHOUT CONCERN,PASSED REPEAT,PASSED,Acceptable,SDTL-PT-22-021323,A
4,4A-1546-21-PIBS-R,4A,"WINDSOR INTERNATIONAL MARITIME CLINIC, INC.","2F PALACIO GRANDE BLDG. A. LUNA COR ANDA ST. INTRAMUROS, MANILA CITY",MANILA,53103343; 09955221966,"JESSICA NICOLE C. SABIDO, MD, DPSP",wincilab@gmail.com,wincilab@gmail.com,5002971,1,5,6,WITHOUT CONCERN,PASSED REPEAT,PASSED,Acceptable,SDTL-PT-22-131324,A
4,4A-1595-22-PIBS-I ,4A,POLY HEALTH PRACTICE CORPORATION ,2F CENEL PLACE 239 GEN. LUNA COR BURGOST ST. BRGY CONCEPCION MALABON CITY ,MALABON CITY ,8955-9000 / 09175821757,DEXTER A. LEDESMA MD. ,laboratory@polyhealth.ph,laboratory@polyhealth.ph,5064797,2,5,7,WITHOUT CONCERN,PASSED REPEAT,PASSED,Acceptable,SDTL-PT-22-131325,A
17,13-XXXX-XX-XXXX-X,13,THE MEDICAL CITY-SOUTH LUZON,"UNITED BLVD, GREENFIELDS CITY, BARANGAY DON JOSE, LAGUNA",LAGUNA,9434531638,"JENNIFER B. TORRES, MD, DPSP",tmcsl-laboratory@themedicalcity.com,tmcsl-laboratory@themedicalcity.com,5047351,4,5,9,WITHOUT CONCERN,PASSED REPEAT,PASSED,Acceptable,SDTL-PT-22-4A1326,A
17,13-1076-22-PIBS-R,13,ST. ELSEWHERE MEDICAL AND DIAGNOSTIC CLINIC ,1ST FLOOR UNIT 10 & 11 STA. CECILIA BUSINESS CENTER HIWAY BRGY. PARIAN,LAGUNA ,9761790810,"FRANCIS TENIKAZU S. SUNGGAWA, MD ",docrisb@yahoo.com,docrisb@yahoo.com,5081888,2,2,4,WITHOUT CONCERN,PASSED REPEAT,PASSED,Acceptable,SDTL-PT-22-4A1327,A
3,03-0960-22-PIBS-R ,3,HI-PRECISION DIAGNOSTICS PLUS - MCKINLEY,"UNIT LG-1A AND A107 C1-1 123 WEST CAMPUS, MCKINLEY WEST (TELUS BLDG.), TAGUIG",METRO MANILA,09338259506/09176374847/(02)8253-7143/(02)8940-2317/09178837269,"FRANCIS GARABILES MORIA, MD",hpmckinley.lab@hi-precision.com.ph,hpmckinley.lab@hi-precision.com.ph,5058377,2,1,3,WITHOUT CONCERN,PASSED REPEAT,PASSED,Acceptable,SDTL-PT-22-131328,A
3,03-XXXX-XX-XXXX-X,3,HI-PRECISION DIAGNOSTICS PLUS - ROCKWELL,"R3 324A POWERPLANT MALL, ROCKWELL, POBLACION, MAKATI CITY",MAKATI CITY,09431351846/84048120/09209610407,"PEDRITO YABOT TAGAYUNA, MD",hprockwell.lab@hi-precision.com.ph,hprockwell.lab@hi-precision.com.ph,5058437,2,1,3,WITHOUT CONCERN,PASSED REPEAT,PASSED,Acceptable,SDTL-PT-22-131329,A
17,13-0728-19-PIBS-R,13,MEDNET LABORATORY AND DIAGNOSTIC CENTER,"M.D. RODRIGUEZ BLDG. CAPITOL DRIVE SAN JOSE BALANGA CITY, BATAAN",BATAAN ,09085345296 / 09175961134,LUISITO DE JESUS CELESTINO ,mednetlaboratory@gmail.com ,mednetlaboratory@gmail.com ,5073234,3,2,5,WITHOUT CONCERN,PASSED REPEAT,PASSED,Acceptable,SDTL-PT-22-031330,A
1,01-1386-22-GIBS-R,1,MOTHER TERESA OF CALCUTA MEDICAL CENTER,"MCARTHUR HIGHWAY MAIMPIS, PAMPANGA CITY",CITY OF SAN FERNANDO,9088221781,"GIL BRYAN B. GALVAN , MD",mtcmclaboratory@gmail.com,mtcmclaboratory@gmail.com,5045394,4,1,5,WITHOUT CONCERN,PASSED REPEAT,PASSED,Acceptable,SDTL-PT-22-031331,A
4,4A-1253-21-PIBS-R,4A,PMP DIAGNOSTIC CENTER INC- MAKATI,"THE ZONE BUILDING, 7224 MALUGAY STREET CORNER BUENDIA STREET, BRGY BEL-AIR",Makati,894-0376 / 09178005866,"RONALD C. CABUDOY, MD",pmpdci.labmakati@gmail.com,pmpdci.labmakati@gmail.com,5004211,2,4,6,WITHOUT CONCERN,PASSED REPEAT,PASSED,Acceptable,SDTL-PT-22-131332,A
1,01-0794-21-PIBS-R,1,NAGUILIAN CLINICAL AND DRUG SCREENING/TESTING LAB,"MUNICIPAL HEALTH OFFICE, ORTIZ, NAGUILIAN, LA UNION",LA UNION,09491574441/619-4928/09198061240,"DENNIS R. COLISAO, MD",rhulabnaguilian@gmail.com,rhulabnaguilian@gmail.com,5087930,0,5,5,WITHOUT CONCERN,PASSED REPEAT,PASSED,Acceptable,SDTL-PT-22-011333,A
4,4A-0046-20-PIBS-R,4A,"JANCOR DIAGNOSTICS & MEDICAL, INC.","JANCOR BUILDING LOT 43 BLK 22 MAIN ST., CAVITE",CAVITE,046 432-3977; 09750716978,"DEXTER A. LEDESMA, MD",dtl.jancordiagnostic@gmail.com,dtl.jancordiagnostic@gmail.com,5007889,4,3,7,WITHOUT CONCERN,PASSED REPEAT,PASSED,Acceptable,SDTL-PT-22-4A1334,A
6,05-0185-21-PIBS-R,5,NORTHWESTERN UNIVERISTY INC.,"46 AIRPORT AVENUE, BRGY.46, NALBO, LAOAG CITY, ILOCOS NORTE",ILOCOS NORTE,9395712773,"ARLENE F. CASTRO, MD",dominiquetamayonuu@gmail.com,dominiquetamayonuu@gmail.com,5017495,2,0,2,WITHOUT CONCERN,PASSED REPEAT,PASSED,Acceptable,SDTL-PT-22-011335,A
1,01-1484-21-GIBS-R,1,"CRM CLINICAL LABORATORY, DRUG TESTING CENTER AND MEDICAL CLINIC","GEN. MALUAN AVE. POBLACION 4, BATANGAS",BATANGAS,0434305800; 09175516858,"AZEUS O. SILVA, MD, FPSP",crmcynthia@mail.com,crmcynthia@mail.com,5013807,1,3,4,WITHOUT CONCERN,PASSED REPEAT,PASSED,Acceptable,SDTL-PT-22-4A1336,A
1,01-0715-22-PIBS-R,1,MASBATE DOCTORS HOSPITAL,"ROSERO ST., CENTRO, MASBATE CITY, MASBATE",MASBATE,09389215218; (056)333-5331,"PANTALEON K. AMADORA JR, MD",fdeplayahoo.com,fdeplayahoo.com,5008850,4,4,8,WITHOUT CONCERN,PASSED REPEAT,PASSED,Acceptable,SDTL-PT-22-051337,A
1,01-0860-21-PIBS-R,1,MARIANO MARCOS MEMORIAL HOSPITAL & MEDICAL CENTER,"1ST FR LAB BUILDING, MARIANO MARCOS MEMORIAL HOSP.& MED CENTER, SAN JULIAN, CITY OF BATAC",ILOCOS NORTE,09055620769/077-600-8025/09171664607,"MODESTY A. LEAÑO, MD",mmmh.lab13@gmail.com,mmmh.lab13@gmail.com,5073192,2,4,6,WITHOUT CONCERN,PASSED REPEAT,PASSED,Acceptable,SDTL-PT-22-011338,A
3,03-XXXX-XX-XXXX-X,3,LORMA MEDICAL CENTER,"NATIONAL HIGHWAY BRGY CARLATAN SAN FERNANDO, LA UNION",LA UNION,09178326871/(072) 7000-0000,"DULAY,JERILYN",lorma.laboratory@yahoo.com,lorma.laboratory@yahoo.com,5060471,4,4,8,WITHOUT CONCERN,PASSED REPEAT,PASSED,Acceptable,SDTL-PT-22-011339,A
7,06-0953-21-PIBS-R,6,METRO VIGAN HOSPITAL,"RIZAL STREET BARANGAY IV (POBLACION), ILOCOS SUR",ILOCOS SUR,09178124609; 09776740578;09175682345,"BRENDA I. ROSUMAN, MD, FPSP",mvmchlab2014@yahoo.com,mvmchlab2014@yahoo.com,5009037,4,4,8,WITHOUT CONCERN,PASSED REPEAT,PASSED,Acceptable,SDTL-PT-22-011340,A
8,07-XXXX-XX-XXXX-X,7,ABG SPECIALIST CLINIC AND DIAGNOSTIC CENTER,"G-558 NATIONAL ROAD PALANGINAN, IBA",ZAMBALES,092830550j81/09164987108/(047)8112323,"MARLENE SIPLON ONTOG, MD, FPSP",abg_laboratory@yahoo.com.ph,abg_laboratory@yahoo.com.ph,5071679,4,4,8,WITHOUT CONCERN,PASSED REPEAT,PASSED,Acceptable,SDTL-PT-22-031341,A
4,4A-0225-21-PIBS-R,4A,CENTRI CLINICAL LABORATORY,"1ST STREET, SAN MIGUEL, JORDAN, GUIMARAS",GUIMARAS,09982830047; 025812190; 09176213088,"ANNA VICTORIA J. SOMBONG, MD",bluecastle_16@yahoo.com,bluecastle_16@yahoo.com,5016057,1,4,5,WITHOUT CONCERN,PASSED REPEAT,PASSED,Acceptable,SDTL-PT-22-061342,A
8,07-0402-22-PIBS-R ,7,LAPU LAPU MEDICAL DIAGNOSTIC CENTER INC,"FFG ARCADE, A. TUMULAK, BRGY GUN-OB, 6015 LAPU-LAPU CITY",CEBU,966638500,"JUDE MARTIN F. AMAFRANCA, MD",llmdci07@gmail.com,llmdci07@gmail.com,5048426,2,5,7,WITH,PASSED REPEAT / ONLINE SUBMISSION REPORT ONLY PENDING HARD COPY,PASSED,Acceptable,SDTL-PT-22-071343,A
9,08-XXXX-XX-XXXX-X,8,REAL CARE LABORATORY AND MEDICAL CLINIC,"EUNIARC PLAZA 081 TOMAS CLAUDIO BRGY. SAN JUAN, RIZAL",RIZAL,954-8336; 09338662321; 9548336,"FREDERICK R. LLANERA, MD",realcarelaboratory@gmail.com,realcarelaboratory@gmail.com,507759,2,1,3,WITHOUT CONCERN,"PREVIOUSLY CATEGORIZED AS ""NOT YET SUBMITTED""",PASSED,Highly Satisfactory,SDTL-PT-22-4A1344,HS
4,4A-0339-22-PIBS-R,4A,STARS AND COMET MEDICAL CLINIC & LABORATORY ,"R. YOSOYA STREET, POTOHAN TUBIGON CITY, BOHOL",BOHOL ,9706502573,"JUDITO G. CABALLERO, MD",stars.comet.41810@gmail.com,stars.comet.41810@gmail.com,5082239,4,4,8,WITHOUT CONCERN,LATE SUBMISSION,PASSED,Acceptable,SDTL-PT-22-071345,A
12,11-XXXX-XX-XXXX-X,11,ST. CLARE CLINICAL & DRUG TESTING LABORATORY,"DCPS BLDG. J.P. RIZAL ST. BRGY. ACACIA, CATARMAN",NORTHERN SAMAR,9056985430,"GLENN ANTHONY M. LUZANO, MD",stclaredtl@gmail.com,stclaredtl@gmail.com,5045391,3,0,3,WITHOUT CONCERN,LATE SUBMISSION,PASSED,Highly Satisfactory,SDTL-PT-22-081346,HS
12,11-0160-21-PIBS-R,11,PGS MEDICAL CLINIC AND LABORATORY,"UNIT C, MAGRADECO BLDG., CORNER LEGASPO, MAGALLANES ST. INFRONT OF GV HOTEL AND IMPERIAL PLAZA, DAVAO CITY",DAVAO DEL SUR,09219613372/0823919018,OSCAR PANUNCIALMAN GRAGEDA,antonia.santotome0214@gmail.com,antonia.santotome0214@gmail.com,5073249,1,5,6,WITH,LATE SUBMISSION / TRODAT,PASSED,Acceptable,SDTL-PT-22-111347,A
12,11-0994-21-PFSS-R ,11,ST. PETER- PAUL MEDICAL CLINIC INC. - DAVAO,RM 208 LEE BUSINESS BLDG. CORNER JUAN LUNA & DELA CRUZ ST. DAVAO CITY,DAVAO DEL SUR,92288566655,"EDMUNDO VISITACION, MD",sppmci.davao2000@gmail.com,sppmci.davao2000@gmail.com,5039859,0,4,4,WITHOUT CONCERN,LATE SUBMISSION,PASSED,Highly Satisfactory,SDTL-PT-22-111348,HS
4,4A-0447-22-PFSS-R,4A,SAN ROQUE RETROUVAILLE CENTER ,"DOOR 5, DABON BLDG., AURORA, 6TH ST., SAN JOSE CITY OF DIGOS",DAVAO DEL SUR,9189356214 / 082-5538291 / 09089469726,DR. IMELDA BELGA,ilb.melds@yahoo.com,ilb.melds@yahoo.com,,2,1,3,WITHOUT CONCERN,CAN'T TRACE THIS IN CYCLE 3 FORMULATION HOWEVER RECORDED IT AS WELL SINCE I FOUND THEIR LAB REGISTERED IN DOH - HFSRB,PASSED,Highly Satisfactory,SDTL-PT-22-111349,HS
1,01-1328-21-PIBS-R,1,LC DIAGNOSTIC CENTER,"230 MERCHAN ST. BRGY IK, LUCENA CITY, QUEZON",QUEZON,09338111415/(042)7106215,OSCAR DIZON NG,lcdiagnostic21@gmail.com,lcdiagnostic21@gmail.com,5070244,3,5,8,WITHOUT CONCERN,PASSED REPEAT,PASSED,Acceptable,SDTL-PT-22-4A1350,A
1,01-1653-20-PIBS-I,1,LORMA LIFECHECK CLINIC,"JTC MALL CENTRAL  BRGY. DEL PILAR,TAGUDIN, ILOCOS SUR",ILOCOS SUR,09178695641; 077-6320-293,"JERILYN L. DULAY, MD",lifechecktagudin@gamil.com,lifechecktagudin@gamil.com,5021488,4,4,8,WITHOUT CONCERN,PASSED REPEAT,PASSED,Acceptable,SDTL-PT-22-011351,A
3,03-XXXX-XX-XXXX-X,3,PADRE PIO DIAGNOSTIC CENTER,"2ND FLOOR, MICHA-DANI BLDG., 26 R. MAGSAYSAY ST., POBLACION, PANGASINAN",PANGASINAN ,09422561485; 09253653273,"IKE MANUEL G. FLORES, MD",ppdc720@yahoo.com,ppdc720@yahoo.com,5008550,4,4,8,WITHOUT CONCERN,PASSED REPEAT,PASSED,Acceptable,SDTL-PT-22-011352,A
7,06-1013-21-PIBS-R,6,QUEST DIAGNOSTIC INC. ,"SALOMERO., MCARTHUR HIGHWAY, BRGY BALIBAGO, ANGELES CITY PAMPANGA",ANGELES CITY,09176260911; 09175359417,"EMILIANO DELA CRUZ, MD",questphillab@gmail.com,questphillab@gmail.com,5015909,1,1,2,WITHOUT CONCERN,LATE SUBMISSION DUE TO NO COV,PASSED,Excellent,SDTL-PT-22-031353,E
8,07-XXXX-XX-XXXX-X,7,STAT LAB INC. ,"FANCOM MEDICAL PLAZA, #30 QUEZON CITY",ILOILO CITY,09177900783; 09173029136; 0333374755,"MA. VICTORIA S. TIONGSON, MD, FPSP",statlabinc@yahoo.com,statlabinc@yahoo.com,5013982,1,5,6,WITHOUT CONCERN,DISCREPANCY IN THE ADDRESS RESULT LATE SUBMITTED TO HFSRB,PASSED,Acceptable,SDTL-PT-22-061354,A
8,07-1542-22-PIBS-R,7,B-KRUS DRUG TESTING CENTER,"V. ALBANO ST., BAKILID, MANDAUE CITY CEBU CITY",CEBU,09569088482; (032) 2722350,"SEBASTIAN MARTINEZ, MD",basti_martinez@yahoo.com,basti_martinez@yahoo.com,4972806,2,3,5,WITHOUT CONCERN,LATE SUBMISSION ,PASSED,Highly Satisfactory,SDTL-PT-22-071355,HS
8,07-1515-21-PIBS-R,7,CEBU DOCTOR'S UNIVERSITY HOSPITAL,"CEBU DOCTOR'S UNIVERSITY HOSPITAL BLDG OSMENA BOULEVARD SITE, CEBU CITY",CEBU,9475855239,"ALMA E. MALILONG, MD",cduhlabresults2@yahoo.com,cduhlabresults2@yahoo.com,5048011,1,5,6,WITHOUT CONCERN,LATE SUBMISSION ,PASSED,Acceptable,SDTL-PT-22-071356,A
8,07-1085-21-PIBS-R,7,CUPSI CENTER FOR WOMEN'S HEALTH INC.,"#2 B. RODRIGUEZ ST. FUENTE OSMENA, SAMBAG  II, CEBU CITY",CEBU,9499895356,"ALMA ESTELLA MALILONG, MD",cupsilaboratory@yahoo.com,cupsilaboratory@yahoo.com,5012182,1,3,4,WITHOUT CONCERN,LATE SUBMISSION ,PASSED,Highly Satisfactory,SDTL-PT-22-071357,HS
8,07-1506-22-PIBS-R,7,LR MEDICAL LABORATORY AND CLINIC,"2F ADELA BUILDING, GENERAL MAXILOM ST. CAGON RAMOS, CEBU CITY",CEBU,9324076692,"MARVI G. DULNUAL-NIOG, MD",lrmedicalhd@gmail.com,lrmedicalhd@gmail.com,5022967,3,5,8,WITHOUT CONCERN,LATE SUBMISSION ,PASSED,Acceptable,SDTL-PT-22-071358,A
9,08-0564-21-PFSS-R,8,QUALIMED HEALTH NETWORK,"G/F EBLOC 4 BLDG., JOSE DEL MAR ST. IT PARK, APAS, CEBU CITY",CEBU,09176530246/2610344,"MARVI G. DULNUAL-NIOG, MD",qualimedclinic.cebu@gmail.com,qualimedclinic.cebu@gmail.com,5065809,3,5,8,WITHOUT CONCERN,LATE SUBMISSION ,PASSED,Acceptable,SDTL-PT-22-071359,A
9,08-1313-21-GIBS-R,8,ANAHAW NEURO-PSYCHIATRIC DRUG TESTING LABORATORY,"2ND FLOOR FELISA'S CAFE BLDG. # 63 J. ROMUALDEZ STREET TACLOBAN CITY, LEYTE",LEYTE,053-523-9665/09283365578,"JOSE T. SANTIAGO, MD",viviane_calbitaza@yahoo.com,viviane_calbitaza@yahoo.com,5013476,3,5,8,WITHOUT CONCERN,LATE SUBMISSION ,PASSED,Acceptable,SDTL-PT-22-081360,A
9,08-0900-22-PIBS-R,8,CITY DRUG ABUSE PREVENTION AND REHABILITATION OFFICE,"J.D AVELINO ST. CITY HALL COMPOUND, CALBAYOG CITY SAMAR",SAMAR,093655762015; 0552093-498,"TEODORO U. FORTALEZA, MD",bloodygigs@yahoo.com,bloodygigs@yahoo.com,5015656,0,5,5,WITHOUT CONCERN,LATE SUBMISSION ,PASSED,Highly Satisfactory,SDTL-PT-22-081361,HS
9,08-0807-21-PIBS-R,8,CLINICA GATCHALIAN & HOSPITAL DTL,"161 J.T. KANGLEON ST., ORMOC CITY, LEYTE",LEYTE,9275504217,"FLORA DELA PEÑA, MD",cghlaboratory@gmail.com,cghlaboratory@gmail.com,5038052,0,1,1,WITHOUT CONCERN,LATE SUBMISSION ,PASSED,Excellent,SDTL-PT-22-081362,E
9,08-0815-21-PIBS-R,8,DIVINE CLINICAL LABORATORY,"RIZAL AVENUE, CATBALOGAN CITY, WESTERN SAMAR ",WESTERN SAMAR,9264175051,"JOSE T. SANTIAGO, MD",divinelabcatbalogan@gmail.com,divinelabcatbalogan@gmail.com,5022957,0,4,4,WITHOUT CONCERN,LATE SUBMISSION ,PASSED,Highly Satisfactory,SDTL-PT-22-081363,HS
10,09-1486-21-GIBS-R,9,DIVINE RAYS FAMILY HEALTH CARE CENTER,"MAGSAYSAY BOULEVARD, BRGY EAST AWANG, CALBAYOG CITY, WESTERN SAMAR",WESTERN SAMAR,9457051850,"JOSE T. SANTIAGO, MD",divinerayscalbayog@gmail.com,divinerayscalbayog@gmail.com,5022953,0,3,3,WITHOUT CONCERN,LATE SUBMISSION ,PASSED,Highly Satisfactory,SDTL-PT-22-081364,HS
10,09-XXXX-XX-XXXX-X,9,BASILAN GENERAL HOSPITAL,"BASILAN GENERAL HOSPITAL LABORATORY KM 2 BINAUGAN, ISABELA CITY, BASILAN",BASILAN,915600864,"AL-AZAMZAM ABUBAKAR, MD",basgenlab@gmail.com,basgenlab@gmail.com,5038050,2,1,3,WITHOUT CONCERN,LATE SUBMISSION DUE TO NO COV,PASSED,Highly Satisfactory,SDTL-PT-22-091365,HS
10,09-1468-21-PIBS-R,9,BP DIAGNOSTIC AND CLINICAL LABORATORY,"BP DIAGNOSTIC AND CLINICAL LABORATORY, RED CROSS COMPOUND, PETTIT BARRACKS RIZAL ST. ZONE IV, ZAMBOANGA DEL SUR",ZAMBOANGA DEL SUR,9171446757,"MARY ANN R. TORREGOSA, MD",bpdd.080812@gmail.com,bpdd.080812@gmail.com,5036209,2,2,4,WITHOUT CONCERN,LATE SUBMISSION DUE TO NO COV,PASSED,Highly Satisfactory,SDTL-PT-22-091366,HS
10,09-XXXX-XX-XXXX-X,9,BUUG DIAGNOSTIC LABORATORY,"LAO BUILDING, MIARE ST. POBLACION, BUUG CITY",ZAMBOANGA SIBUGAY,9293759527,"GERARD L. LAMAYARA, MD",gsingson21@yahoo.com,gsingson21@yahoo.com,5015914,0,5,5,WITHOUT CONCERN,LATE SUBMISSION ,PASSED,Highly Satisfactory,SDTL-PT-22-091367,HS
10,09-1302-22-PFSS-R ,9,HEALTH CARE DIAGNOSTIC LABORATORY,JS ALANO GUILDING BARANGAY SEASIDE ISABELA CITY,BASILAN,9752414095,"MYRNA P. ANGELES, MD, FPSP",hanadi.Sali@yahoo.com,hanadi.Sali@yahoo.com,5041889,0,0,0,WITHOUT CONCERN,LATE SUBMISSION DUE TO NO COV,PASSED,Excellent,SDTL-PT-22-091368,E
10,09-1473-22-PFSS-R ,9,J.A.R MEDICAL NETWORKERS AND MOBILE DIAGNOSTIC SERVICES ,"VENTURA BUILDING, PUROK 6 AYALA ZAMBOANGA CITY",ZAMBOANGA DEL SUR ,9067073303,"LUIS RAMON V. RODRIGUEZ, MD ",mednetayala@gmail.com ,mednetayala@gmail.com ,5081872,2,2,4,WITHOUT CONCERN,LATE SUBMISSION ,PASSED,Highly Satisfactory,SDTL-PT-22-091369,HS
10,09-0923-22-PIBS-R,9,MEDNET DRUG TESTING CENTER ,"EJS BUILDING, RM 207 VETERANS AVE. ZONE IV",ZAMBOANGA DEL SUR ,9959261434,"LUIS RAMON V. RODRIGUEZ, MD ",jarmednet@gmail.com,jarmednet@gmail.com,5081873,0,5,5,WITHOUT CONCERN,LATE SUBMISSION ,PASSED,Highly Satisfactory,SDTL-PT-22-091370,HS
11,10-0951-20-PIBS-R,10,SAINT JAMES MEDICAL CLINIC AND CLINICAL LABORATORY,"LAWAAN HIGHWAY. BANONONG, DAPITAN CITY",ZAMBOANGA DEL NORTE,09124342470/09195751977,"MARY ANN R. TORREGOSA, MD, FPSP",saintjamesmedicalclinic@yahoo.com,saintjamesmedicalclinic@yahoo.com,5075935,4,3,7,WITHOUT CONCERN,LATE SUBMISSION ,PASSED,Acceptable,SDTL-PT-22-091371,A
11,10-1033-18-PFSS-R,10,"ADVENTIST MEDICAL CENTER - VALENCIA CITY, INC. ","A. AGUILAR ST., POBLACION, VALENCIA CITY, VALENCIA CITY",BUKIDNON,09156593141/088-828-7777/0917712076,"RACHEL PRANTILLA ALEGATA, MD",amcvalencia2016@gmail.com,amcvalencia2016@gmail.com,5071692,3,3,6,WITHOUT CONCERN,LATE SUBMISSION ,PASSED,Acceptable,SDTL-PT-22-101372,A
11,10-XXXX-XX-XXXX-X,10,KCLM DRUG TESTING CENTER,"BSP BLDG., HAYES ST., BARANGAY 40 (POB.), CAGAYAN DE ORO CITY",MISAMIS ORIENTAL,09176779480; 0888811659,"JERRY C. ABROGUEÑA, MD",kclmdtc.20119@gmail.com,kclmdtc.20119@gmail.com,5016018,2,4,6,WITHOUT CONCERN,LATE SUBMISSION ,PASSED,Acceptable,SDTL-PT-22-101373,A
11,10-137-21-PFSS-R,10,KCLM MEDICAL DIAGNOSTIC CENTER,"PRESS CLUB BLDG. A VELEZ-LUNA ST., CAGAYAN DE ORO CITY",MISAMIS ORIENTAL,9338508865,DR. JERRY C ABROGUEÑA ,abogadovicky@yahoo.com,abogadovicky@yahoo.com,5075926,2,2,4,WITHOUT CONCERN,LATE SUBMISSION DUE TO NO COV,PASSED,Highly Satisfactory,SDTL-PT-22-101374,HS
8,07-1551-21-GIBS-I,7,LTJ DRUG TESTING LABORATORY,"REVIL STREET, POBLACION II, OROQUIETA CITY (CAPITAL)",MISAMIS OCCIDENTAL,09639286102; (088) 531-1009,"CHRISTINE G. ACOMPAÑADO, MD",aileen.taladua@yahoo.com,aileen.taladua@yahoo.com,5008420,2,3,5,WITHOUT CONCERN,LATE SUBMISSION ,PASSED,Highly Satisfactory,SDTL-PT-22-101375,HS
12,11-0819-22-PIBS-R,11,LGU-SAN REMIGIO DRUG TESTING LABORATORY,BANDOLON ST. POBLACION SAN REMIGIO CEBU CITY,CEBU,9778179102,"ORLETA B. URSAL, MD",rodacanetecamaya@gmail.com,rodacanetecamaya@gmail.com,5008377,2,5,7,WITHOUT CONCERN,LATE SUBMISSION ,PASSED,Acceptable,SDTL-PT-22-071376,A
8,07-1151-22-GIBS-R,7,HI-PRECISION DIAGNOSTICS,"209 J.P. LAUREL AVE., BAJADA, BARANGAY 19-B, DAVAO CITY",DAVAO DEL SUR,09778910007/(082)2872584/09328437875,"MARLON M. MARAMION, MD",hpdavao@hi-precision.com.ph,hpdavao@hi-precision.com.ph,5058248,2,3,5,WITHOUT CONCERN,LATE SUBMISSION ,PASSED,Highly Satisfactory,SDTL-PT-22-111377,HS
13,12-0771-21-PFSS-I,12,LGU-MEDELLIN DRUG TESTING LABORATORY ,"NEW MEDELLIN ESTATE SUBDIVISION, POBLACION MEDELLIN CEBU CITY",CEBU ,9224780188,MARIE EMMELINE B. YU ,medellindtc@yahoo.com,medellindtc@yahoo.com,5073245,2,3,5,WITHOUT CONCERN,LATE SUBMISSION ,PASSED,Highly Satisfactory,SDTL-PT-22-071378,HS
13,12-0820-20-PIBS-R,12,HALILI DRUGTEST CENTER,"GROUND FR. SPECTRUM BLDG., KIDAPAWAN CITY",NORTH COTABATO,09481210631/ 09226331319,"ABRAHAM Y. LEDESMA, MD",evelynsumatin24@gmail.com,evelynsumatin24@gmail.com,5141794,2,1,3,WITHOUT CONCERN,LATE SUBMISSION ,PASSED,Highly Satisfactory,SDTL-PT-22-121379,HS
13,12-0749-21-PFSS-R,12,MLANG SPECIALIST MEDICAL CENTER INC,"PRK. 2, SANGAT, M'LANG, COTABATO",NORTH COTABATO,9209137727,"NENA S. LINGAYON, MD, FPSP",msmcilab@yahoo.com,msmcilab@yahoo.com,5019019,4,3,7,WITHOUT CONCERN,LATE SUBMISSION ,PASSED,Acceptable,SDTL-PT-22-121380,A
15,14-1205-22-PIBS-R,14,TOWNSQUARE DRUG TESTING CENTER,"083 VILLANUEVA BUILDING, ROXAS STREET, DADIANGAS EAST, GENERAL SANTOS CITY",SOUTH COTABATO,09282565731; 0835542502,"VITA B. GASATAYA, MD",peachy_nonaillada@yahoo.co.uk,peachy_nonaillada@yahoo.co.uk,5009027,2,0,2,WITHOUT CONCERN,LATE SUBMISSION ,PASSED,Excellent,SDTL-PT-22-121381,E
15,14-0751-21-PIBS-R,14,CLINICA DE LA ASSUMPTION ,"MAGALLANES STREET, ZONE 5 POB. (BO. BARIKIR), BENGUET (CAPITAL)",ABRA ,9178220175,WILFREDO PASCUA MD ,assumptacliniclab@gmail.com ,assumptacliniclab@gmail.com ,5072893,0,5,5,WITHOUT CONCERN,LATE SUBMISSION ,PASSED,Highly Satisfactory,SDTL-PT-22-141382,HS
16,16-XXXX-XX-XXXX-X,16,QA DIAGNOSTIC LABORATORY ,"3F DANES BLDG,CHUGUM ST,CORNER KAYANG ST AZCKO BRGY. BAGUIO CITY",BENGUET,09264630955/(074) 619-2482,"AGPES,GERALDINE",qadxadm@gmail.com,qadxadm@gmail.com,5060482,3,5,8,WITHOUT CONCERN,LATE SUBMISSION ,PASSED,Acceptable,SDTL-PT-22-141383,A
16,16-1228-22-PIBS-R,16,ADELA SERRA TY MEMORIAL MEDICAL CENTER ,"CAPITOL HILLS, TELAJE TANDAG CITY",SURIGAO DEL SUR ,09951840484 / 086-211-4468,"JANELLE R. DELOS REYES-RENDON, MD ",astmmclaboratory17@gmail.com,astmmclaboratory17@gmail.com,5063747,1,3,4,WITHOUT CONCERN,LATE SUBMISSION ,PASSED,Highly Satisfactory,SDTL-PT-22-161384,HS
16,16-1385-20-PIBS-R,16,HI-PRECISION DIAGNOSTIC CENTER INC.-BUTUAN ,"WATERGATE CENTER, J ROSALES AVENUE,BAYANIHAN,BUTUAN CITY",AGUSAN DEL NORTE,09177054765/(033)81938831/09665387575,"MISIONA, GRAIG DAGOHOY",hpbutuan.lab@hi-precision.com.ph,hpbutuan.lab@hi-precision.com.ph,5858406,0,5,5,WITHOUT CONCERN,LATE SUBMISSION ,PASSED,Highly Satisfactory,SDTL-PT-22-161385,HS
3,03-0337-22-PIBS-R,3,SIARGAO DIAGNOSTIC LABORATORY,"STO. NINO ST., BRGY. 11 (POBLACION), DAPA",SURIGAO DEL NORTE,9097628896,"PONCIANO S. LIMCANGCO, MD",siargaodiagnosticlab@gmail.com,siargaodiagnosticlab@gmail.com,5035923,1,5,6,WITHOUT CONCERN,LATE SUBMISSION ,PASSED,Acceptable,SDTL-PT-22-161386,A
5,4B-0539-22-PIBS-R ,4B,ALLIMED DIAGNOSTIC LABORATORY,"RM 2-3 DR. ALLAN PINEDA BLDG. GENERAL LUNA ST. BABO SACAN, PORAC",PAMPANGA,09190040680/045-649-7519/09178411010,FLORENCIO C. DIZON,allimeddxlaboratory@yahoo.com,allimeddxlaboratory@yahoo.com,5070239,4,0,4,WITHOUT CONCERN,LATE SUBMISSION ,PASSED,Highly Satisfactory,SDTL-PT-22-031387,HS
17,13-0652-20-PIBS-R,13,ADVENTIST HOSPITAL PALAWAN DRUG TESTING LABORATORY ,"JUNCTION 3 SAN PEDRO, PALAWAN",PALAWAN ,09150689604 / (048) 433-1247,"PERLA C. PALOA, MD",ahp_laboratory@yahoo.com,ahp_laboratory@yahoo.com,5073318,2,5,7,WITHOUT CONCERN,LATE SUBMISSION ,PASSED,Acceptable,SDTL-PT-22-4B1388,A
1,01-XXXX-XX-XXXX-X,1,MED V MEDICAL CLINIC INC.,"UNIT 3-A CORNER COMPLEX BLDG., 12 NEW YORK ST. BRGY IMMACULATE CONCEPCION",Quezon City,7091-0741 / 0917-5491120,"JANETTE S. TOLENTINO, MD",medvclinic@yahoo.com.ph,medvclinic@yahoo.com.ph,5004258,0,5,5,WITHOUT CONCERN,PASSED REPEAT,PASSED,Acceptable,SDTL-PT-22-131389,A
7,06-0644-21-PIBS-R,6,LORMA LIFECHECK CLINIC ,SEVILLA CITY OF SAN FERNANDO,LA UNION ,9178673638,"JERILYN L. DULAY, MD",lormalifecheckclinic@gmail.com,lormalifecheckclinic@gmail.com,5073312,1,3,4,WITHOUT CONCERN,PASSED REPEAT,PASSED,Acceptable,SDTL-PT-22-011390,A
3,03-XXXX-XX-XXXX-X,3,HEALTHLINK (ILOILO) INC. ,"12 MABINI ST., BRGY SAN AGUSTIN, ILOILO",ILOILO,09364680322; 3364098,"STEPHANIE A. ABELLO, MD",pivanmarie25@YAHOO.COM,pivanmarie25@YAHOO.COM,5016010,2,5,7,WITHOUT CONCERN,LATE SUBMISSION ,PASSED,Acceptable,SDTL-PT-22-061391,A
6,05-1426-21-PIBS-R,5,HEALTH 1ST MEDICAL CLINIC AND DIAGNOSTIC LABORATORY,"385 ZONE II, BARANGAY MALIWALO, TARLAC CITY, TARLAC",TARLAC CITY,09178968558/(045)4910512/09173066160,"NICK RARAMA FERNANDEZ, MD",health1stmedicalclinic@gmail.com,health1stmedicalclinic@gmail.com,5076289,1,2,3,WITHOUT CONCERN,LATE SUBMISSION ,PASSED,Highly Satisfactory,SDTL-PT-22-031392,HS
13,12-XXXX-XX-XXXX-X,12,ALBAY DOCTOR'S HOSPITAL INC. DRUG TESTING LABORATORY,"PENARANDA ST., LEGAZPI CITY, ALBAY",ALBAY,09178093043; (052) 4808749,"MEDILINE D.L. RAÑOLA, MD, DPSP",lids064@yahoo.com,lids064@yahoo.com,5008990,2,1,3,WITHOUT CONCERN,LATE SUBMISSION ,PASSED,Highly Satisfactory,SDTL-PT-22-051393,HS
7,06-XXXX-XX-XXXX-X,6,GSC MEDICAL SPECIALST CORPORATION,"NATIONAL HIGHWAY, PUROK VETERANS, BARANGAY CALUMPANG, GENERAL SANTOS CITY SOUTH COTABATO",SOUTH COTABATO,09213192338/09228675365,"KENNETH CABRILLOS CRISOSTOMO, MD",gmcdrugtesting.laboratory@gmail.com,gmcdrugtesting.laboratory@gmail.com,5093459,3,5,8,WITHOUT CONCERN,LATE SUBMISSION ,PASSED,Acceptable,SDTL-PT-22-121394,A
13,12-0999-22-PIBS-R,12,ST.ANNE DRUG TESTING CENTER,365 CAPITOL SITE KALIBO AKLAN,AKLAN,9208033205,"EDGAR ALLAN A. SARUSAO, MD",stanne_clinic@yahoo.com,stanne_clinic@yahoo.com,5022966,1,3,4,WITHOUT CONCERN,LATE SUBMISSION ,PASSED,Highly Satisfactory,SDTL-PT-22-061395,HS
11,10-0984-21-PIBS-R,10,MEDZONE DIAGNOSTIC CENTER,"DELING'S BLDG. J. CATOLICO AVE, LAGAO GENERAL SANTOS CITY SOUTH COTABATO",SOUTH COTABATO,9097273357,"NENA S. LINGAYON, MD",medzonediagnostic center2019@gmail.com,medzonediagnostic center2019@gmail.com,,2,3,5,WITHOUT CONCERN,"LATE SUBMISSION OF REGISTRATION FORM (DEC. 2022), PAID THRU BANK TRANSFER (APRIL 2022)",PASSED,Highly Satisfactory,SDTL-PT-22-121396,HS
12,11-0810-22-PFSS-R,11,BONGCAS HOLY CHILD HOSPITAL,"PUROK 2, SOUTH POBLACION, MARAMAG CITY, BUKIDNON",BUKIDNON,9176648450,"RAMON G. NERY, MD",loverstificar@yahoo.com,loverstificar@yahoo.com,5025699,1,5,6,WITHOUT CONCERN,LATE SUBMISSION ,PASSED,Acceptable,SDTL-PT-22-101397,A
8,07-1392-20-PIBS-R,7,DATU BAGO DRUG TESTING CENTER,"SAN PEDRO STREET, BRGY. 38 D, DAVAO CITY, DAVAO DEL SUR",DAVAO DEL SUR,0991-706-2963/(082)286-0290,MARLON MARCOS MARAMION,dbdtc_2008@yahoo.com,dbdtc_2008@yahoo.com,5070381,4,0,4,WITHOUT CONCERN,LATE SUBMISSION ,PASSED,Highly Satisfactory,SDTL-PT-22-111398,HS
8,07-1427-19-PIBS-I,7,PATIENT HEALTHCARE DIAGNOSTIC AND DRUGTESTING CENTER,"JANSFORT BUILDING NATIONAL HIGHWAY BARANGAY SUBA, BAYAWAN CITY NEGROS ORIENTAL",NEGROS ORIENTAL,09175893484; 0359309102,"DONALDSON M. GADINGAN, MD",phcdcbayawan2019@yahoo.com,phcdcbayawan2019@yahoo.com,5016048,4,4,8,WITHOUT CONCERN,LATE SUBMISSION ,PASSED,Acceptable,SDTL-PT-22-071399,A
16,16-1437-22-PIBS-R,16,HEALTHCARE DIAGNOSTIC AND DRUG TESTING LABORATORY,"ROOM 2G, 2ND FLOOR, FRONTING NODH SACRED HEART PHARMACY BLDG, DARO DUMAGUETE CITY",NEGROS ORIENTAL,09175893484; 0354223880,"DONALDSON M. GADINGAN, MD",hcdcbranch888@gmail.com,hcdcbranch888@gmail.com,5016019,4,4,8,WITHOUT CONCERN,LATE SUBMISSION ,PASSED,Acceptable,SDTL-PT-22-071400,A
12,11-1274-21-GFSS-R,11,GN POLYMEDIC AND DIAGNOSTIC CENTER,"CUBERO BUILDING, BARANGAY DAGOCDOC (BEHIND TANDAG GYMNASIUM), TANDAG CITY",SURIGAO DEL SUR,09467555897/086-211-5372,JOHN PATRICK C. PADILLA,creselledesoloc@gmail.com,creselledesoloc@gmail.com,5067626,0,4,4,WITHOUT CONCERN,LATE SUBMISSION,PASSED,Highly Satisfactory,SDTL-PT-22-161401,HS
4,4A-0362-21-PIBS-R,4A,10 1D DRUG TESTING AND SCREENING CENTER,"CAMP GENERAL MANUEL T. \YAN, SR, BRGY. TUBORAN",DAVAO DE ORO,9282769369,"RAUL S. SASUCA, MD",jimsmaysix@gmail.com,jimsmaysix@gmail.com,5025905,1,4,5,WITHOUT CONCERN,,PASSED,Highly Satisfactory,SDTL-PT-22-111402,HS
6,05-0812-21-PFSS-R,5,ACCUCHRIST DIAGNOSTIC LABORATORY,"#3 SUMULONG ST., BRGY. SAN JUAN, RIZAL",RIZAL,09062415180; 02-2136073; 026530146,"FRANCIS F. DEMATERA, MD",lfgeronimo55@yahoo.com ,lfgeronimo55@yahoo.com ,5008546,0,1,1,WITHOUT CONCERN,,PASSED,Excellent,SDTL-PT-22-4A1403,E
17,13-0857-21-PIBS-R,13,MEDICAL MISSION GROUP MULTIPURPOSE COOPERATIVE-ALBAY (MMG-ALBAY),"CONCEPCION ST., DUNAO, LIGAO CITY, ALBAY",ALBAY,9175172105,"ELMO D. ISIP, MD",ligao.mmg.albay@gmail.com,ligao.mmg.albay@gmail.com,5035922,1,1,2,WITHOUT CONCERN,,PASSED,Excellent,SDTL-PT-22-051404,E
3,03-1524-22-PIBS-I,3,PMP DIAGNOSTIC CLINIC INC.,"JOSHUA CENTER BLDG, 1428 TAFT AVE., ERMITA, MANILA","Ermita, Manila",09364217131; 09178399766; 5273767 LOC 116,"RONALD C. CABUDOY, MD",pmpdiagnostic_taft@yahoo.com,pmpdiagnostic_taft@yahoo.com,5005414,0,5,5,WITHOUT CONCERN,,PASSED,Highly Satisfactory,SDTL-PT-22-131405,HS
17,13-0458-21-PFSS-R,13,"UNICARE DIAGNOSTICS, INC.","DOLORES (IN FRONT OF GOOD SHEPHERD MEMORIAL PARK), PAMPANGA CITY",SAN FERNANDO,0922-818-5223/09354645945/09691261076,"MICHELLE T. MIRANDA, MD, FPSP",unicarediagnosticsinc@gmail.com,unicarediagnosticsinc@gmail.com,5054584,1,2,3,WITHOUT CONCERN,,PASSED,Highly Satisfactory,SDTL-PT-22-031406,HS
4,4A-XXXX-XX-XXXX-X,4A,"UNIFIED HEALTH POLYCLINIC, DIAGNOSTIC AND DRUG TESTING CORP.","NO. 2154-B NARRA ST., UNITED HILLS VILLAGE, SAN MARTIN DE PORRES, PARAÑAQUE CITY",PARAÑAQUE CITY,88241582; 09989835307,"JOHN DENNIS G. MACAPAGAL, MD",upolyclinic@yahoo.com,upolyclinic@yahoo.com,5006307,0,5,5,WITHOUT CONCERN,,PASSED,Highly Satisfactory,SDTL-PT-22-131407,HS
4,4A-1181-22-PIBS-R ,4A,ST. JOSEPH HEALTHCARE INC ,"2F LIPA COMMERCIAL CTR. COR A. MABINI P. TORRES 2 E MAYO STS BRGY CINCO, LIPA CITY",BATANGAS,(043)757-4675,SPENCER WATANABE,stjosephlabclinic@gmail.com,stjosephlabclinic@gmail.com,5073311,2,2,4,WITHOUT CONCERN,PASSED REPEAT,PASSED,Acceptable,SDTL-PT-22-4A1408,A
1,01-0715-18-PFSS-R,1,UNIMED DIAGNOSTIC CENTER CORP. ,99 MAHARLIKA HIGHWAY BRGY. SAN RAFAEL STO. TOMAS BATANGAS ,BATANGAS,09399953761 / 09157152851 / 09222335058,THOMAS JEFF LIM ,unimeddlabbat@gmail.com ,unimeddlabbat@gmail.com ,5066496,2,5,7,WITHOUT CONCERN,PASSED REPEAT,PASSED,Acceptable,SDTL-PT-22-4A1409,A
3,03-XXXX-XX-XXXX-X,3,TLC DRUG TESTING CENTER,"3RD FLOOR VICTORIA BLG. CARMEN WEST, ROSALES, PANGASINAN",PANGASINAN,9757907339,"GIL BRYAN B. GALVAN, MD",tlcdrugtest@gmail.com,tlcdrugtest@gmail.com,5008435,0,3,3,WITHOUT CONCERN,PASSED REPEAT,PASSED,Acceptable,SDTL-PT-22-011410,A
1,01-0792-21-PIBS-R,1,ST. ALBERT MEDICAL AND DIAGNOSTIC CLINIC,"GROUND FLOOR, MELANIO BLDG., MAHARLIKA HIWAY COR. GABALDON ST., CABANATUAN",NUEVA ECIJA,09176269623/(044)3299132,MAR-JAY SANTIAGO GULAPA,stalbertmdc2@gmail.com,stalbertmdc2@gmail.com,5070345,0,0,0,WITHOUT CONCERN,PASSED REPEAT,PASSED,Acceptable,SDTL-PT-22-031411,A
4,4A-0937-21-PIBS-R,4A,LA UNION MEDICAL DIAGNOSTIC CENTER AND HOSPITAL,"ANCHETA CORNER BUCANEG ST. BRGY CATBANGEN, LA UNION",LA UNION,9230203578; 0726078339; 09209037732,"SHELDON STEVEN C. AQUINO, MD",lumedlaboratory@gmail.com,lumedlaboratory@gmail.com,5013636,4,1,5,WITHOUT CONCERN,PASSED REPEAT,PASSED,Acceptable,SDTL-PT-22-011412,A
17,13-0138-21-PIBS-R,13,ST. JAMES HOSPITAL INC,"MARIQUITA PUEBLO, BARANGAY DITA, LAGUNA",LAGUNA,09209128057; 09338139891; 0995341254 LOC. 118,"ANDREW D. DIMACALI, MD",stjames1993@yahoo.com,stjames1993@yahoo.com,5011386,2,1,3,WITHOUT CONCERN,PASSED REPEAT,PASSED,Acceptable,SDTL-PT-22-4A1413,A
3,03-0595-22-PIBS-R,3,ST. JOSEPH HEALTHCARE INC ,"2F LIPA COMMERCIAL CTR. COR A. MABINI P. TORRES 2 E MAYO STS BRGY CINCO, LIPA CITY",BATANGAS,(043)757-4675,SPENCER WATANABE,stjosephlabclinic@gmail.com,stjosephlabclinic@gmail.com,5073311,2,2,4,WITHOUT CONCERN,LATE SUBMISSION ,PASSED,Acceptable,SDTL-PT-22-4A1414,A
4,4A-XXXX-XX-XXXX-X,4A,Q DIAGNOSTIC CENTER,"LKC BUILDING CORNER LOCSIN-BURGOS ST. BRGY II, ILOILO",NEGROS OCCIDENTAL,09610441389; 0344416723; 09189306221,"HANS FRANCIS D. FERRARIS, MD",qdiagnosticcenter@gmail.com,qdiagnosticcenter@gmail.com,5014030,3,5,8,WITHOUT CONCERN,"""COURIER/ TRANSPO RELATED CONCERN"" TO ""PASSED REPEAT""",PASSED,Acceptable,SDTL-PT-22-061415,A
7,06-1383-21-PIBS-R,6,HI-PRECISION DIAGNOSTIC CENTER INC.-MALOLOS,"G/F BLDG SHELL MCARTHUR HIGHWAY SUMAPANG MATANDA, MALOLOS",BULACAN,09178327185/ (044) 795-1554,"SANTOS, MARIA LOURDES PINEDA",hpmalolos.lab@hi-precision.com.ph,hpmalolos.lab@hi-precision.com.ph,5058411,1,3,4,WITHOUT CONCERN,PASSED REPEAT,PASSED,Acceptable,SDTL-PT-22-031416,A
3,03-1104-22-PFSS-R,3,SILAY DIAGNOSTIC CENTER,"N10-12 PRINCE HYPERMART BLDG., ANTONIO LUNA ST. BRGY 1, SILAY CITY",NEGROS OCCIDENTAL,9322370115,"HANS FRANCIS D. FERRARIS, MD",silaydiagnosticcenter@yahoo.com,silaydiagnosticcenter@yahoo.com,5031283,2,3,5,WITHOUT CONCERN,LATE SUBMISSION,PASSED,Highly Satisfactory,SDTL-PT-22-061417,HS
7,06-0324-21-PIBS-R,6,SOLOSON MEDICAL CLINIC,"L2 B1 ALBERTO SUBD., BURGOS RODRIGUEZ",RIZAL,9477872429,"OLGA MUNAR-BAUSA, MD, FPSP",rnmgabriel@yahoo.com,rnmgabriel@yahoo.com,504518,0,5,5,WITHOUT CONCERN,LATE SUBMISSION,PASSED,Highly Satisfactory,SDTL-PT-22-4A1418,HS
4,4A-1651-21-PIBS-R,4A,MICHAEL'S HEALTHLAB AND DIAGNOSTIC CLINIC,"MAHARLIKA HIGHWAY, BRGY. MALASIN, SAN JOSE CITY",NUEVA ECIJA,09312085453/0444567904,JUANITA TUCAY LACUESTA,prohealthone@yahoo.com,prohealthone@yahoo.com,5072615,3,2,5,WITHOUT CONCERN,PASSED REPEAT,PASSED,Acceptable,SDTL-PT-22-031419,A
3,03-0275-22-PIBS-R,3,MICHAEL'S HEALTHLAB AND DIAGNOSTIC CLINIC,"PUROK 2 NATIONAL HIGHWAY BRG. SINIPIT, BONGABON",NUEVA ECIJA,9564892921,"JUANITA T. LACUESTA, MD, FPSP, MMA-H",bongabonhealthlab@gmail.com,bongabonhealthlab@gmail.com,5001527,4,0,4,WITHOUT CONCERN,PASSED REPEAT,PASSED,Acceptable,SDTL-PT-22-031420,A
3,03-1653-21-PIBS,3,CNMK DRUG TESTING CENTER,"331-2ND FLOOR MALVAR STREET, BARANGAY MANDARAGAT, PUERTO PRINCESA",PALAWAN,09185656040/09175200146,"KAREN O. BONGAS, M.D., FPSP",cnmkat17@gmail.com,cnmkat17@gmail.com,5076329,4,4,8,WITHOUT CONCERN,LATE SUBMISSION,PASSED,Acceptable,SDTL-PT-22-4B1421,A
5,4B-XXXX-XX-XXXX-X,4B,"SUPERCARE MEDICAL SERVICES, INC.   ",VICENTE BUILDING M. VELEZ ST. GUADALUPE,CEBU,09271276242/032-2388581/09179146471,"EVEYLEN A. CHI, MD",smsicebu.sdtl@gmail.com,smsicebu.sdtl@gmail.com,5069142,0,5,5,WITHOUT CONCERN,LATE SUBMISSION,PASSED,Highly Satisfactory,SDTL-PT-22-071422,HS
8,07-0840-22-PIBS-R,7,SOUTH HEALTH CLINICAL LAB AND SOUTH HEALTH MEDICS PHARMA,"TAN LORENZO ST. BRGY 3, KABANKALAN CITY",NEGROS OCCIDENTAL,09563671150/09173100056,"ERIBERTO R. LAYDA, MD",shdtl17@yahoo.com,shdtl17@yahoo.com,5141795,3,5,8,WITHOUT CONCERN,PASSED REPEAT,PASSED,Acceptable,SDTL-PT-22-061423,A
7,06-XXXX-XX-XXXX-X,6,MEDICAL MISSION GROUP HOSPITAL AND HEALTH SERVICES COOPERATIVE (BOHOL COOPERATIVE HOSPITAL),"BINAYRAN ROAD, DAMPAS DISTRICT, TAGBILARAN CITY, (CAPITAL) BOHOL",BOHOL,09176348912/(038)510-8363/09173245814,ANNETTE LAURENTE SALILLAS,kathleen.mmgbohol@gmail.com,kathleen.mmgbohol@gmail.com,5070287,2,5,7,WITHOUT CONCERN,PASSED REPEAT,PASSED,Acceptable,SDTL-PT-22-071424,A
8,07-XXXX-XX-XXXX-X,7,ZION PRIME MEDICAL LABORATORY CO.,KM. 6 ALS BUILDING POBLACION LA TRINIDAD,BENGUET,09196953017/(074)424-44-54,BERNADETTE LABERINTO BALDO,zionprimemedlab@yahoo.com,zionprimemedlab@yahoo.com,5070341,0,5,5,WITHOUT CONCERN,PASSED REPEAT,PASSED,Acceptable,SDTL-PT-22-141425,A
15,14-1221-22-PIBS-R,14,ALPHACARE MEDICAL LABORATORY,"CONCEPCION BLDG., MAGSAYSAY ST., CALINAN DAVAO CITY",DAVAO DEL SUR,09451074128; 09776751972; 0822222966,"JOHARI M. ANCHETA, MD",alphacaremedlab@gmail.com,alphacaremedlab@gmail.com,5012332,0,4,4,WITHOUT CONCERN,PASSED REPEAT,PASSED,Acceptable,SDTL-PT-22-111426,A
12,11-0150-21-PIBS-R,11,MEDI-LINK SERVICES INCORPORATED,2ND FLR MEDI-LINK BLDG. B.S AQUINO DRIVE BRGY VILLAMONTE,NEGROS OCCIDENTAL,09396549749/(034) 434-6820,"FERRARIS,HANS FRANCIS",medilinkservicesinc@gmail.com,medilinkservicesinc@gmail.com,5060470,3,5,8,WITHOUT CONCERN,PASSED REPEAT,PASSED,Acceptable,SDTL-PT-22-061427,A
7,06-0667-23-PFSS-R,6,EXCELLANZE LAB DIAGNOSTIC & SERVICES,"DOOR 4, JAYME BUILDING , PIONEER AVENUE BESIDE BAYAN LAW OFFICE, POLOMOLOK CITY",SOUTH COTABATO,9383382459,"NENA S. LINGAYON, MD, FPSP",excellanzelads@yahoo.com,excellanzelads@yahoo.com,5009043,2,1,3,WITHOUT CONCERN,PASSED REPEAT,PASSED,Acceptable,SDTL-PT-22-121428,A
13,12-XXXX-XX-XXXX-X,12,HEALTHLINK BAGUIO CORPORATION,"TNCI BLDG. PEZA COMPOUND LOAKAN ROAD, BAGUIO CITY",BENGUET,9178080106,"JERILYN Y. LINGGON-DULAY, MD, FPSP",laboratories@healthlinkbaguio.com,laboratories@healthlinkbaguio.com,5031285,2,5,7,WITHOUT CONCERN,PASSED REPEAT,PASSED,Acceptable,SDTL-PT-22-141429,A
15,14-1507-21-PIBS-R,14,PAMANA MEDICAL CENTER,"NATIONAL HIGHWAY, BRGY. HALANG, CALAMBA CITY",LAGUNA,5449690,"MARLENE S. ONTOG, MD",pamanadrugtesting2016@yahoo.com,pamanadrugtesting2016@yahoo.com,5010049,2,4,6,WITHOUT CONCERN,PASSED REPEAT,PASSED,Acceptable,SDTL-PT-22-4A1430,A
4,4A-XXXX-XX-XXXX-X,4A,INTERNIST HUB... A MEDICAL AND DIAGNOSTIC CENTER,"PYB RESIDENCES 3F RM 302, ZAMORA COR LLUCH ST., POBLACION, ILIGAN CITY",LANAO DEL NORTE,09479594398; 222-8668,"CHONILO O. RUIZ, MD",internisthub@gmail.com,internisthub@gmail.com,5014026,3,0,3,WITHOUT CONCERN,PASSED REPEAT,PASSED,Acceptable,SDTL-PT-22-101431,A
11,10-0580-19-PIBS-R,10,JS MEDICAL 9 DIAGNOSTIC CENTER,"322 MACROVILLE, CARDINAL ROSALES AVENUE (AYALA ACCESS ROAD), BRGY. CAMPUTHAW CEBU CITY",CEBU,09950315048; 3838456,"REYNETTE CHRISTINE J. LIGHRAG, MD, DPSP",jsmedical_06@yahoo.com,jsmedical_06@yahoo.com,5012181,0,0,0,WITHOUT CONCERN,PASSED REPEAT,PASSED,Acceptable,SDTL-PT-22-071432,A
8,07-1538-20-PFSS-R,7,UNITED SHALOM MEDICAL CENTER INC.,"UCCP COMPOUND, REAL ST. BRGY. 54",LEYTE,09353477049; 8321169,"CLEOCITA P. FORTULA, MD",uihmlab2016@gmail.com,uihmlab2016@gmail.com,5008378,1,1,2,WITHOUT CONCERN,PASSED REPEAT,PASSED,Acceptable,SDTL-PT-22-081433,A
9,08-XXXX-XX-XXXX-X,8,CULION SANITARIUM AND GENERAL HOSPITAL DRUG TESTING LABORATORY,"ROBERT ST., LIBIS, CULION, PALAWAN 5315",PALAWAN,9153162844,"RICHARD C. MEDINA, MD",culsanlab@gmail.com,culsanlab@gmail.com,5117282,1,1,2,WITHOUT CONCERN,LATE SUBMISSION,PASSED,Excellent,SDTL-PT-22-4B1434,E
5,4B-1204-22-GIBS-R,4B,RAJAH TUPAS MEDICAL SERVICES,"LOWER GROUND FLR. ELIZABETH MALL, N. BACALSO AVE. CEBU CITY",CEBU,09756982582/253-0228,"BIGORNIA,LYDIA ALMADRO",rajahtupas86@gmail.com,rajahtupas86@gmail.com,5050627,1,3,4,WITHOUT CONCERN,PASSED REPEAT,PASSED,Acceptable,SDTL-PT-22-071435,A
8,07-1617-21-PIBS-I,7,ZAMBOANGA DEL NORTE MEDICAL CENTER DRUG TESTING LABORATORY,"NATIONAL HIGHWAY, SICAYAB, DIPOLOG CITY",ZAMBOANGA DEL NORTE,09508574823; 09195751977; 0652125084,"MARY ANN R. TORREGOSA, MD","ma,torregosa@gmail.com","ma,torregosa@gmail.com",5013490,3,5,8,WITHOUT CONCERN,PASSED REPEAT,PASSED,Acceptable,SDTL-PT-22-091436,A
10,09-0982-21-GIBS-R,9,ACH POLYCLINIC LABORATORY AND DRUG TESTING CENTER,"MARCOS CALO STREET, DATU SILONGAN, BUTUAN CITY",AGUSAN DEL NORTE,09209052058/09174332438/(086) 815-1552,"PONCIANO S. LIMCANGCO, MD",achpolycliniclabdtc@gmail.com,achpolycliniclabdtc@gmail.com,5052177,2,1,3,WITHOUT CONCERN,PASSED REPEAT,PASSED,Acceptable,SDTL-PT-22-161437,A
16,16-XXXX-XX-XXXX-X,16,PUERTO GALERA MUNICIPAL HEALTH LABORATORY,"POBLACION, PUERTO GALERA",ORIENTAL MINDORO,9086556519; 09166085434,"EVANGELISTA, ARMIDA CRUZ ",pghlaboratory@gmail.com,pghlaboratory@gmail.com,5015874,2,5,7,WITHOUT CONCERN,PASSED REPEAT,PASSED,Acceptable,SDTL-PT-22-4B1438,A
5,4B-0498-20-PIBS-R,4B,ABELLA MIDWAY HOSPITAL,4007 P. VALERO ST. POBLACION,BUKIDNON,09189424178/0888283533/088-22724914,MAXIMO ACENAS SAAVEDRA,dinah_abella@yahoo.com,dinah_abella@yahoo.com,5067646,3,4,7,WITHOUT CONCERN,LATE SUBMISSION,PASSED,Acceptable,SDTL-PT-22-101439,A
11,10-0932-22-PIBS-R,10,MC CLINICAL LABORATORY AND POLYCLINIC CORPORATION,"GOV. RODRIGUEZ ST. SARIAYA, QUEZON",QUEZON,9619983289,"MARIA LUISA ROSPI P. CRUZ, MD",mcclinicallaboratory@gmail.com,mcclinicallaboratory@gmail.com,,1,1,2,WITHOUT CONCERN,LATE SUBMISSION,PASSED,Excellent,SDTL-PT-22-4A1440,E
4,4A-XXXX-XX-XXXX-X,4A,"EASE DRUGS, CLINIC AND LABORATORY","#94 ABANGAN SUR, MARILAO ",BULACAN,,"JAIME G. SANTIAGO, MD",,,,2,1,3,WITHOUT CONCERN,LATE SUBMISSION,PASSED,Highly Satisfactory,SDTL-PT-22-031441,HS
3,03-XXXX-XX-XXXX-X,3,ST. VINCENT FERRER CLINICAL LABORATORY ,"#500 APOSTOL BLDG. 2/F G. LA VIÑA ST. POBLACION, VALENCIA CITY",BUKIDNON ,9177040494,"MAXIMO A. SAAVEDRA JR, MD ",st.vincentferrerclinlab@yahoo.com.ph ,st.vincentferrerclinlab@yahoo.com.ph ,5082200,2,1,3,WITHOUT CONCERN,LATE SUBMISSION,PASSED,Highly Satisfactory,SDTL-PT-22-101442,HS
11,10-0978-22-PIBS-R ,10,BICOL DRUG TESTING & NEURO PSYCHIATRIC LABORATORY,"31 CAPT. F. AQUENDE DRIVE, OLD ALBAY,, BRGY. 7, LEGAZPI CITY",ALBAY,09162827909; 0522010593,"MADELINE D.L RAÑOLA, MD",bicoldrug@yahoo.com,bicoldrug@yahoo.com,5016038,0,0,0,WITHOUT CONCERN,"PREVIOUSLY CATEGORIZED AS ""MISSING PAPER""",PASSED,Excellent,SDTL-PT-22-051443,E
6,05-1220-20-PFSS-R,5,PACIFICMD MEDICAL CLINIC ,"BABAK-SAMAL KAPUTIAN ROAD. BRGY VILLARICA, ISLAND GARDEN CITY OF SAMAL",DAVAO DEL NORTE ,9338283773,"MARLON M. MARAMION, MD ",PacificMDMC@gmail.com,PacificMDMC@gmail.com,5082249,4,4,8,WITHOUT CONCERN,PASSED REPEAT,PASSED,Acceptable,SDTL-PT-22-111444,A
12,11-XXXX-XX-XXXX-X,11,HQA BIOLAB AND DIAGNOSTIC CLINIC,"CASTIN ST., SANTISSIMO ROSARIO POB. (SANTO ROSA), NAVAL CITY (CAPITAL)",BILIRAN,535003095,"MA. CECILIA D. SAMOSA, MD",hqabiolab@yahoo.com,hqabiolab@yahoo.com,5016440,1,4,5,WITHOUT CONCERN,PASSED REPEAT,PASSED,Acceptable,SDTL-PT-22-081445,A
9,08-1263-21-PIBS-R,8,DAVAO DEL NORTE DRUG TESTING LABORATORY,"CAPITOL CENTER, MANKICAM, TAGUM CITY, DAVAO DEL NORTE",DAVAO DEL NORTE,9496206711,"MARY ANNE L. BERNAS, MD",roseleenadlayan19@gmail.com,roseleenadlayan19@gmail.com,5052179,2,0,2,WITHOUT CONCERN,PASSED REPEAT,PASSED,Acceptable,SDTL-PT-22-111446,A
12,11-0811-22-GFSS-R,11,"BIOANALYTICAL LABORATORY AND DIAGNOSTIC CLINIC, INC.","DOOR 2 AND 3, GRI BUSINESS CENTER BUILDING KM 14 PANACAN, DAVAO CITY",DAVAO DEL SUR,9614478483,"EDMUNDO VISITACION, MD",bioana2009@gmail.com,bioana2009@gmail.com,5032762,0,5,5,WITHOUT CONCERN,PASSED REPEAT,PASSED,Acceptable,SDTL-PT-22-111447,A
12,11-1286-21 PIBS-R,11,HEALTHRITE DIAGNOSTIC SERVICES,"BLK B, LOT 12, LUZVIMINDA I, CAVITE",CAVITE,(046) 4351301; 09770128329,"FLORECITA LUDIVINA T. SOLIS, MD",heathritediagnosticservices@gmail.com,heathritediagnosticservices@gmail.com,5008974,4,2,6,WITHOUT CONCERN,LATE SUBMISSION,PASSED,Acceptable,SDTL-PT-22-4A1448,A
4,4A-1644-20-PIBS-R,4A,VIACRUCIS INFIRMARY ,"CENTRAL 1, BINUGAO, DAVAO CITY",DAVAO DEL SUR ,9076211893,"FLORANNE L. VERGARA, MD ",viacrucis.medbinugao@gmail.com,viacrucis.medbinugao@gmail.com,5081839,3,3,6,WITHOUT CONCERN,LATE SUBMISSION,PASSED,Acceptable,SDTL-PT-22-111449,A
12,11-XXXX-XX-XXXX-X,11,CARAGA REGIONAL HOSPITAL DTL,RIZAL ST. BRGY. WASHINGTON SURIGAO CITY,SURIGAO DEL NORTE,9471162910,"RAUL VENERANDO B. ATUPAN JR., MD",quaker_mt@yahoo.com,quaker_mt@yahoo.com,5033597,2,4,6,WITHOUT CONCERN,LATE SUBMISSION,PASSED,Acceptable,SDTL-PT-22-161450,A
16,16-0394-21-GIBS-R,16,GUIUAN CLINICAL LABORATORY,"BRGY. 08, LUGAY ST. GUIUAN",Eastern Samar,9157150354,"JOAN T. AYUSON, MD",guiunclinlab@yahoo.com,guiunclinlab@yahoo.com,50012412,0,1,1,WITHOUT CONCERN,LATE SUBMISSION,PASSED,Excellent,SDTL-PT-22-081451,E
9,08-0791-20-PIBS-R,8,HOFILEÑA HOSPITAL,"FS PAJARES AVENUE, GATAS DISTRICT, PAGADIAN CITY, ZAMBOANGA DEL SUR",ZAMBOANGA DEL SUR,09669200407; 0622152689; 09195751977,"MARY ANN R. TORREGOSA, MD",hofilenalaboratory@gmail.com,hofilenalaboratory@gmail.com,5013812,2,5,7,WITHOUT CONCERN,LATE SUBMISSION,PASSED,Acceptable,SDTL-PT-22-091452,A
10,09-1210-21-PIBS-R,9,IHCDL DRUG TESTING CENTER ,UNIT 2C 2/F AGUIRRE BLDG. BRGY. NUEVA GARCIA ST. SAN PEDRO CITY,LAGUNA,09995635214 / 8-403-3799,"CYNTHIA A. DE GUIA, MD ",ihcdl.dtc@gmail.com ,ihcdl.dtc@gmail.com ,566996,1,0,1,WITHOUT CONCERN,LATE SUBMISSION,PASSED,Excellent,SDTL-PT-22-4A1453,E
4,4A-0467-22-PFSS-R,4A,ALPHA DIAGNOSTIC CENTER- TAYTAY,"AT THE BACK OF LTO TAYTAY, DAVAO CITY",CEBU,09171196198; 09228398809,"SEBASTIAN MARTINEZ, MD",adctaytay@gmail.com,adctaytay@gmail.com,5045386,1,2,3,WITHOUT CONCERN,LATE SUBMISSION,PASSED,Highly Satisfactory,SDTL-PT-22-071454,HS
8,07-0768-22-PFSS-R,7,BOGO LGU DRUG TESTING CENTER,"BOGO CITY HEALTH OFFICE, CANTECSON, GAIRAN, CEBU CITY",CEBU,9177063496,"RENE GALO M. PALAY, MD",bogocholab@yahoo.com,bogocholab@yahoo.com,5013809,2,0,2,WITHOUT CONCERN,PASSED REPEAT,PASSED,Acceptable,SDTL-PT-22-071455,A
8,07-0835-20-GIBS-R,7,A - LAB DIAGNOSTIC CENTER,"GF, FRANCIS DORM AND SPACE RENTAL, SAN FRANCISCO ST., PALOMPON CITY",LEYTE,9171171204,"DOMINADOR L. TAGPIS, MD","alabdiagnosticcenter@gmail.co,","alabdiagnosticcenter@gmail.co,",5027871,1,5,6,WITHOUT CONCERN,PASSED REPEAT,PASSED,Acceptable,SDTL-PT-22-081456,A
9,08-1674-21-PIBS-I,8,ULTRASCAN DIAGNOSTIC CLINIC,"84 SENATOR ENAGE, COR. T CLAUDIO ST. BRGY. 8, DOWNTOWN, TACLOBAN CITY",LEYTE,8393294,"ERNESTO N. MIRALLES, MD",ultrascandiagnosticclinic@gmail.com,ultrascandiagnosticclinic@gmail.com,5075923,4,4,8,WITHOUT CONCERN,LATE SUBMISSION,PASSED,Acceptable,SDTL-PT-22-081457,A
10,08-XXXX-XX-XXXX-X,9,ZDS MULTILABORATORY,"Virata Bldg., Rizal Avenue, Sta. Lucia District, Pagadian City, Zamboanga Del Sur",ZAMBOANGA DEL SUR,,,,,,1,2,3,WITHOUT CONCERN,PASSED REPEAT,PASSED,Acceptable,SDTL-PT-22-091458,A
13,12-0364-20-PIBS-R,12,RUMERAZ DIAGNOSTIC LABORATORY,"CORONICAC-DAYO BLDG., QUEZON BLVD, KIDAPAWAN CITY",NORTH COTABATO,9109177454,"FLORANNE MARGARET L. VERGARA, MD",rumerazdiagnosticlaboratory@yahoo.com,rumerazdiagnosticlaboratory@yahoo.com,5016060,0,5,5,WITHOUT CONCERN,LATE SUBMISSION,PASSED,Highly Satisfactory,SDTL-PT-22-121459,HS
10,09-1079-21-PIBS-R,9,SWEET FAITH DIAGNOSTIC LABORATORY,"A. MABINI ST., POBLACION, SINDANGAN",ZAMBOANGA DEL NORTE,9367513780,"JAY S. RATERA, MD",clyties2torremolate@yahoo.om,clyties2torremolate@yahoo.om,5016435,3,4,7,WITHOUT CONCERN,LATE SUBMISSION,PASSED,Acceptable,SDTL-PT-22-091460,A
8,07-1584-21-PIBS-R,7,iCODE MEDICAL LABORATORY ,"2ND FLOOR RJL SAN JOSE BUILDING, PRES. ML, QUEZON STREET",CEBU,09323070718; 324071080; 09178411033,"CHAMBERLAIN I. AGTUCA, MD",icodemedicolab@gmail.com,icodemedicolab@gmail.com,5013197,4,3,7,WITHOUT CONCERN,LATE SUBMISSION,PASSED,Acceptable,SDTL-PT-22-071461,A
11,10-1299-20-PIBS-R,10,CEDAR SCIENTIFIC CLINICAL- DRUG TESTING LAB,JAMES HAYES ST. CAMAMAN-AN CAGAYAN DE ORO CITY,MISAMIS ORIENTAL,9176267204,"EDGARDO B. ABADIANO, MD",cedarclinlabcdo@gmail.com,cedarclinlabcdo@gmail.com,5019817,2,3,5,WITHOUT CONCERN,LATE SUBMISSION,PASSED,Highly Satisfactory,SDTL-PT-22-101462,HS
16,16-0288-21-GIBS-R,16,CARRASCAL RHU LABORATORY,"TRUBILLO CULTURAL STREETS, CARRASCAL CITY",SURIGAO DEL SUR,09468173952/086-2128060,"PONCIANO S. LIMCANGCO, MD, MBA, FPSP",officialgmail.com/espinacharmin@gmail.com,officialgmail.com/espinacharmin@gmail.com,5071707,1,5,6,WITHOUT CONCERN,PASSED REPEAT,PASSED,Acceptable,SDTL-PT-22-161463,A
12,11-1488-22-PIBS-R,11,ULTRALAB X DIAGNOSTIC CENTER,"GEN LIM ST. ZONE III, DIGOS CITY",DAVAO DEL SUR,9154960258,"PADILLA,JOHN PATRICK",ultralabx@gmail.com,ultralabx@gmail.com,5060472,1,5,6,WITHOUT CONCERN,PASSED REPEAT,PASSED,Acceptable,SDTL-PT-22-111464,A
7,06-0664-22-PFSS-R,6,MCS DIAGNOSTIC CENTER-BACOLOD,"LOYOLA BLDG. HILADO ST. CORNER LN. AGUSTIN DRIVE BRGY. VILLAMONTE, BACOLOD",NEGROS OCCIDENTAL,09175999551/ 709-6065,"MONTES,LENI GALO",diagnosticmcs@gmail.com,diagnosticmcs@gmail.com,5050623,2,2,4,WITHOUT CONCERN,PASSED REPEAT,PASSED,Acceptable,SDTL-PT-22-061465,A
8,07-0836-22-PIBS-R,7,ST. AGUSTINE CLINICAL LABORATORY ,BUKING-KING ST. POBLACION CARMEN CEBU CITY,CEBU ,9235627782,"ALMA E. MALILONG, MD",st.agustine2014@gmail.com,st.agustine2014@gmail.com,5073231,1,4,5,WITHOUT CONCERN,PASSED REPEAT,PASSED,Acceptable,SDTL-PT-22-071466,A
11,10-XXXX-XX-XXXX-X,10,DYNA MICRON DIAGNOSTIC CENTER,"DYNA MICRON DIAGNOSTIC CENTER BUILDING, GENERAL AGUINALDO-ECHIVERRI ST., POBLACION, ILIGAN CITY",LANAO DEL NORTE,09676440322/(063)2216336/09455727620,"CHONILO O. RUIZ, MD, FPSP",dynamicrondiagnosticcenter@gmail.com,dynamicrondiagnosticcenter@gmail.com,5087934,0,3,3,WITHOUT CONCERN,PASSED REPEAT,PASSED,Acceptable,SDTL-PT-22-101467,A
8,07-XXXX-XX-XXXX-X,7,TINA DIAGNOSTIC LABORATORY,"CASIA ST., BRGY. 8 TUBURAN CEBU",CEBU,9235184741,ALMA MALILONG,tinadiagnosticlab@yahoo.com,tinadiagnosticlab@yahoo.com,5038048,0,1,1,WITHOUT CONCERN,LATE SUBMISSION,PASSED,Excellent,SDTL-PT-22-071468,E
12,11-0716-21-PFSS-R,11,"PHYSICIANS' DIAGNOSTIC SERVICES CENTER, INC.- DAVAO",#49 JOSE PALMA GIL ST. BRGY 4A DISTRICT 1,DAVAO,082 224 6673/ 09661706015,"DOMINGO, ALEJANDRO JR.",davao@pdsclinics.com,dbwpdslab@yahoo.com,,1,5,6,WITHOUT CONCERN,TRANSPORT RELATED PROBLEMS NRL SENT LETTER TO HFSRB,PASSED,Acceptable,SDTL-PT-22-111469,A
11,10-1421-21-PFSS-R,10,FORTUNER DRUG CHECK CENTER,FRONTING LTO 4TH EAST ROSARIO HEIGHTS TUBOD,LANAO DEL NORTE,09177201274; 09455727620,"CHONILO O. RUIZ, MD",fortuner_drugcheck@yahoo.com,fortuner_drugcheck@yahoo.com,5014033,5,3,8,WITHOUT CONCERN,LATE SUBMISSION,PASSED,Acceptable,SDTL-PT-22-101470,A
8,07-0482-22-PIBS-R,7,HEALTHCARE DIAGNOSTIC AND DRUG TESTING LABORATORY,"P. YBANEZ ST COR., ZAMORA ST. BRGY BINABAO, CEBU CITY (BANTAYAN)",CEBU,9175893484,"DONALDSON M. GADINGAN, MD",hcdcbantayan@gmail.com,hcdcbantayan@gmail.com,5036207,4,3,7,WITHOUT CONCERN,TRANSPORT RELATED PROBLEMS NRL SENT LETTER TO HFSRB,PASSED,Acceptable,SDTL-PT-22-071471,A
16,16-XXXX-XX-XXXX-X,16,BAYUGAN DIAGNOSTIC AND DRUG TESTING CENTER,"PUROK 20, ESPERANZA ROAD, BRGY. POBLACION, BAYUGAN CITY, AGUSAN DEL SUR",AGUSAN DEL SUR,09171357638; (085)3039832,"RAUL VENERANDO B. ATUPAN JR., MD",bddtc2010@gmail.com,bddtc2010@gmail.com,5009811,1,5,6,WITHOUT CONCERN,PASSED REPEAT,PASSED,Acceptable,SDTL-PT-22-161472,A
