NUMBER,ACCREDITATION NUMBER,REGION,NAME OF FACILITY,ADDRESS (Street/Barangay),TOWN/CITY,CONTACT NO.,HOL NAME (Head Of Laboratory),EMAIL,LABORATORY EMAIL,O.R. Number,"INCORRECT
METH","INCORRECT
THC","INCORRECT 
TOTAL","RESULT: 
WITH OR WITHOUT CONCERN",RESULT: REMARKS,"REMARKS:
PASSED / FAILED",SCORE,CERTIFICATE NO. ,
1,01-1923-23-PIBS-I,1,A.G.S DIAGNOSTIC AND DRUG TESTING LABORATORY ,"149 NATIONAL ROAD, MANZON SAN CARLOS CITY, PANGASINAN ",SAN CARLOS CITY / PANGASINAN,0917-148-4286/ 075-6363-021,"FLORES, IKE MANUEL G.",marilou_ags@yahoo.com,marilou_ags@yahoo.com,5325168,3,2,5,,,PASSED,Highly Satisfactory,SDTLPT-24-010001,HS
1,01-1092-22-PIBS-R,1,ACCURA-TECH DIAGNOSTIC LABORATORY,"CARI•O ST., POBLACION WEST (BESIDE STEPHEN'S DRUG STORE) UMINGAN CITY, PANGASINAN",UMINGAN CITY / PANGASINAN,0921-525-5607,"COLISAO, DENNIS R.",accuratech@yahoo.com,accuratech@yahoo.com,5300312,4,1,5,,,PASSED,Highly Satisfactory,SDTLPT-24-010002,HS
1,01-1040-24-PFSS-R,1,ACULAB DRUG TESTING CENTER,"2ND FLOOR NIXEM BUILDING, ALEXANDER STREET, POBLACION, URDANETA CITY, PANGASINAN",URDANETA/PANGASINAN,0932-409-4617/ 0999-889-8629,MA. VIVIAN ABANILLA VILLAR,aculabdrugtesting@yahoo.com,aculabdrugtesting@yahoo.com,5416395,3,2,5,,,PASSED,Highly Satisfactory,SDTLPT-24-010003,HS
1,01-0778-24-GIBS-R,1,ALAMINOS DRUG TESTING LABORATORY,"CITY HEALTH OFFICE, DON P. REINOSO STREET, POBLACION, ALAMINOS CITY, PANGASINAN",ALAMINOS/PANGASINAN,0917-650-0018,SHELDON STEVEN C AQUINO,alaminosdtl@yahoo.com,alaminosdtl@yahoo.com,5413224,1,3,4,,,PASSED,Highly Satisfactory,SDTLPT-24-010004,HS
1,01-XXXX-XX-XXXX-X,1,ALLIANCE DIAGNOSTIC CENTER,"568 RIZAL ST., POBLACION, MANGALDAN CITY, PANGASINAN",MANGALDAN/PANGASINAN,0917-116-0596/ 0920-903-7732,SHELDON STEVEN C. AQUINO,alliancediagnosticclinic@gmail.com,alliancediagnosticclinic@gmail.com,5403285,0,1,1,,,PASSED,Excellent,SDTLPT-24-010005,E
1,01-0810-24-PFSS-R,1,AML DRUG TESTING CENTER,"ESPERANZA BLDG, 037 MARCOS AVENUE, SAN BENITO SUR, ARINGAY, LA UNION, 2503",ARINGAY CITY/LA UNION,0961-952-6092/0995-984-3382,DENNIS R. COLISAO,amlsdtl.alu@gmail.com,amlsdtl.alu@gmail.com,5419057,3,3,6,,,PASSED,Acceptable,SDTLPT-24-010006,A
1,01-1708-24-PIBS-I,1,C.A.F DIAGNOSTIC LABORATORY,"G/F CENTENO BLDG., RIZAL ST., BRGY. 6, SAN AGUSTIN, LAOAG CITY, ILOCOS NORTE",LAOAG/ILOCOS NORTE,0956-966-8464/0956,ARLENE F. CASTRO,cafdiagnosticlab@gmail.com,cafdiagnosticlab@gmail.com,5417406,3,3,6,,,PASSED,Acceptable,SDTLPT-24-010007,A
1,01-1156-24-GIBS-R,1,CANDON CITY HEALTH OFFICE,"NATIONAL HIGHWAY, CALAOAAN, CITY OF CANDON, ILOCOS SUR",CANDON/ILOCOS SUR,0953-700-1259/ 0977-845-5335,JOY P. VILLANUEVA,candoncholaboratory@gmail.com,candoncholaboratory@gmail.com,5405086,2,2,4,,,PASSED,Highly Satisfactory,SDTLPT-24-010008,HS
1,01-1959-23-PFSS-I,1,"DAGUPAN DOCTORS VILLAFLOR MEMORIAL HOSPITAL, INC. -DAGUPAN CITY","MACARTHUR HIGHWAY, MAYOMBO DISTRICT, DAGUPAN CITY, PANGASINAN",DAGUPAN CITY / PANGASINAN,09178207949/(075)5232222,"ENRILE, MA. THERESA T.",ddvmh.laboratory@gmail.com,ddvmh.laboratory@gmail.com,5347686,2,2,4,,,PASSED,Highly Satisfactory,SDTLPT-24-010009,HS
1,01-0703-23-PIBS-R,1,"DAGUPAN DOCTORS VILLAFLOR MEMORIAL HOSPITAL, INC. -URDANETA CITY","G/F BMV BUILDING, AMADEO PEREZ AVENUE, POBLACION, URDANETA CITY, PANGASINAN",URDANETA CITY / PANGASINAN,09236583417/(075)6560242,"ENRILE, MA. THERESA T.",ddvmh_urdaneta@yahoo.com,ddvmh_urdaneta@yahoo.com,5347685,2,3,5,,,PASSED,Highly Satisfactory,SDTLPT-24-010010,HS
1,01-0780-24-GIBS-R,1,DEPARTMENT OF HEALTH-DRUG TREATMENT AND REHABILITATION CENTER DAGUPAN DRUG TESTING LABORATORY,"SITIO PALATONG, BONUAN BINLOC, DAGUPAN CITY, PANGASINAN",DAGUPAN CITY / PANGASINAN,9773363391,"BUSTRIA, ALLAN ERNIE C.",dtl@dtrcdagupan.doh.gov.ph,dtl@dtrcdagupan.doh.gov.ph,5360131,3,4,7,,,PASSED,Acceptable,SDTLPT-24-010011,A
1,01-0784-24-PFSS-R,1,EARL HEALTHLINES CLINICAL LABORATORY,"G/F TWIN HAVEN'S INN GOMEZ ST. ZAMORA POBLACION, MANGATAREM, PANGASINAN",MANGATAREM/PANGASINAN,0932-355-3561/ 075-932-1270,SHELDON STEVEN CADPA AQUINO,earlhealthlines@gmail.com,earlhealthlines@gmail.com,5409379,1,3,4,,,PASSED,Highly Satisfactory,SDTLPT-24-010012,HS
1,01-0838-23-PIBS-R,1,FINE LEGACY MEDICAL DIAGNOSTIC LABORATORY,3RD FLOOR EJR BLDG SADSARAN ST. POBLACION,ALAMINOS CITY / PANGASINAN,0912-113-3233,"GALVAN, GIL BRYAN B.",fine.legacyala17@gmail.com,fine.legacyala17@gmail.com,5324203,3,2,5,,,PASSED,Highly Satisfactory,SDTLPT-24-010013,HS
1,01-1304-23-PIBS-R,1,FINE PRECISION DIAGNOSTIC CLINIC,"AB FERNANDEZ WEST, POBLACION OESTE, DAGUPAN CITY, PANGASINAN",DAGUPAN CITY / PANGASINAN,0975-395-2963/ 0920-948-2425,"GALVAN, GIL BRYAN B.",fineprecisiondagupan@gmail.com,fineprecisiondagupan@gmail.com,5324202,3,3,6,,,PASSED,Acceptable,SDTLPT-24-010014,A
1,01-XXXX-XX-XXXX-X,1,HI-PRECISION DIAGNOSTICS - DAGUPAN,"G/F 2-5 & 2ND FLOOR 2F-2C BHF FAMILY PLAZA, MAYOMBO DISTRICT, DAGUPAN CITY, PANGASINAN",DAGUPAN/PANGASINAN,0956-774-5551/ 0917-712-1401,BABY LYNNE C. ASUNCION,hpdagupan.lab@hi-precision.com.ph,hpdagupan.lab@hi-precision.com.ph,5364759,2,5,7,,,PASSED,Acceptable,SDTLPT-24-010015,A
1,01-0839-23-PIBS-R,1,HI-PRECISION DIAGNOSTICS - ILOCOS NORTE,"UNIT 3&4 VALDEZ BLDG.  VALDEZ CENTER. BRGY. 4 SAN FRANCISCO, SAN NICOLAS, ILOCOS NORTE",SAN NICOLAS/ILOCOS NORTE,0933-815-0540,MODESTY A. LEA•O,hpsannicolas.lab@hi-precision.com.ph,hpsannicolas.lab@hi-precision.com.ph,5364785,1,4,5,,,PASSED,Highly Satisfactory,SDTLPT-24-010016,HS
1,01-0085-23-PFSS-R,1,HI-PRECISION DIAGNOSTICS PLUS - URDANETA,"3F,SM CITY URDANETA CENTRAL  URDANETA CITY PANGASINAN",URDANETA/PANGASINAN,0917-114-6005/ 0998-956-8039,BABY LYNNE C. ASUNCION,hpurdaneta.lab@hi-precision.com.ph,hpurdaneta.lab@hi-precision.com.ph,5364448,0,4,4,,,PASSED,Highly Satisfactory,SDTLPT-24-010017,HS
1,01-1915-23-PFSS-I,1,ILOCOS BIORAD MEDICAL AND DIAGNOSTIC CENTER,"BRGY. 16, GEN. LUNA ST., COR. A. CASTRO AVE.",LAOAG CITY / ILOCOS NORTE,9215845070,"LAE•O, MODESTY A.",bioradlaoag@yahoo.com,bioradlaoag@yahoo.com,5347722,2,2,4,,,PASSED,Highly Satisfactory,SDTLPT-24-010018,HS
1,01-XXXX-XX-XXXX-X,1,ILOCOS TRAINING AND REGIONAL MEDICAL CENTER,"PARIAN (NEAR DOH-CHDI), CITY OF SAN FERNANDO, LA UNION",CITY OF SAN FERNANDO / LA UNION,9178954092,"COUSAO, DENNIS R.",itrmc.dtl@gmail.com,itrmc.dtl@gmail.com,5352985,0,1,1,,,PASSED,Excellent,SDTLPT-24-010019,E
1,01-0791-24-PIBS-R,1,JEDA LABORATORY AND DIAGNOSTIC CENTER,"POBLACION NORTE (BESIDE CALTEX), STA. MARIA, ILOCOS SUR",STA MARIA/ILOCOS SUR,0977-486-3363/ 0977-821-4700,GAIL DOMECQ C. TANAWIT,norejendagdag74@gmail.com,norejendagdag74@gmail.com,5373184,4,3,7,,,PASSED,Acceptable,SDTLPT-24-010020,A
1,01-1173-24-GIBS-R,1,LAOAG CITY GENERAL HOSPITAL DRUG TESTING LABORATORY,"AIRPORT ROAD, BGY. NO. 46, NALBO, LAOAG CITY (CAPITAL), ILOCOS NORTE",LAOAG/ILOCOS NORTE,0977-214-4600/ 0917-772-0391,ARLENE GENCIANA F. CASTRO,lcghlab2011@yahoo.com.ph,lcghlab2011@yahoo.com.ph,5410068,0,2,2,,,PASSED,Excellent,SDTLPT-24-010021,E
1,01-1177-24-PFSS-R,1,LAOAG POLYCLINIC CLINICAL LABORATORY & DRUG TESTING CENTER,GEN. GIRON ST 7-A LAOAG CITY ILOCOS NORTE,LAOAG/ILOCOS NORTE,0917-568-3750,PROCESA R. GAMILDE,laoagpolyclinic@gmail.com,laoagpolyclinic@gmail.com,5406193,2,1,3,,,PASSED,Highly Satisfactory,SDTLPT-24-010022,HS
1,01-1443-23-PIBS-R,1,LORMA LIFECHECK CLINIC,"JTC MALL CENTRAL  BRGY. DEL PILAR,TAGUDIN, ILOCOS SUR",TAGUDIN/ILOCOS SUR,0917-869-5641/ 0918-919-8239,JERILYN L. DULAY,lifechecklabtagudin@gmail.com,lifechecklabtagudin@gmail.com,5371568,2,3,5,,,PASSED,Highly Satisfactory,SDTLPT-24-010023,HS
1,01-1736-24-PFSS-R,1,MAEZELLE PSYCHO METIER AND DIAGNOSTIC CENTER,"2/F OFELIA BUILDING, QUEZON CITY AVENUE, BRGY. SEVILLA, CITY OF SAN FERNANDO, LA UNION",SAN FERNANDO/LA UNION,0956-322-0984/ 0966-366-1675,DENNIS R. COLISAO,mpmdc.lu@gmail.com,mpmdc.lu@gmail.com,5404262,2,3,5,,,PASSED,Highly Satisfactory,SDTLPT-24-010024,HS
1,01-XXXX-XX-XXXX-X,1,MARIANO MARCOS MEMORIAL HOSPITAL & MEDICAL CENTER,"GROUND FLOOR, LABORATORY BUILDING, MMMHMC, SAN JULIAN CITY OF BATAC, ILOCOS NORTE",ILOCOS NORTE,0917-830-0440,MODESTY A. LEA•O,mmmh.lab13@gmail.com,mmmh.lab13@gmail.com,5413211,0,4,4,,,PASSED,Highly Satisfactory,SDTLPT-24-010025,HS
1,01-0817-24-PIBS-R,1,"MEDISENSE LABORATORY CENTER, INC. - SAN FERNANDO, LA UNION","2ND FLOOR, PARAMMATA REALTY AND DEV'T CORP BUILDING, DIVERSION ROAD, BRGY. BIDAY, SAN FERNANDO, LA UNION",SAN FERNANDO/LA UNION,0920-519-6908/ 0925-365-3213,IKE MANUEL GABAO FLORES,msllab.lu@gmail.com,msllab.lu@gmail.com,5404257,2,3,5,,,PASSED,Highly Satisfactory,SDTLPT-24-010026,HS
1,01-0793-24-PIBS-R,1,"MEDISENSE LABORATORY CENTER, INC. - DAGUPAN CITY","GROUND FLOOR, PRINCESS CHARISE BUILDING, AB FERNANDEZ WEST AVENUE, BRGY. POBLACION OESTE, DAGUPAN CITY",DAGUPAN/PANGASINAN,0915-946-2094/ 0925-365-3213,IKE MANUEL G. FLORES,mslpangasinan.lab@gmail.com,mslpangasinan.lab@gmail.com,5404254,3,0,3,,,PASSED,Highly Satisfactory,SDTLPT-24-010027,HS
1,01-XXXX-XX-XXXX-X,1,METRO VIGAN HOSPITAL,RIZAL STREET BARANGAY IV (POBLACION) BANTAY ILOCOS SUR,BANTAY/ILOCOS SUR,0917-812-4609,BRENDA I ROSUMAN,mvmchlab2014@yahoo.com,mvmchlab2014@yahoo.com,5406196,1,5,6,,,PASSED,Acceptable,SDTLPT-24-010028,A
1,01-0819-24-PFSS-R,1,MT. HERMON DIAGNOSTIC CENTER,"VALLEYVIEW, TAGUNDIN, MABINI, PANGASINAN",MABINI CITY/PANGASINAN,0929-490-4628,SHELDON STEVEN C. AQUINO,mt.hernon_001@yahoo.com,mt.hernon_001@yahoo.com,5413846,0,3,3,,,PASSED,Highly Satisfactory,SDTLPT-24-010029,HS
1,01-1354-22-PIBS-R,1,"NEUSTRO SE•OR SANTO NI•O HOSPITAL, INC.","JUAN LUNA STREET, POBLACION SUR, BAYAMBANG, PANGASINAN",BAYAMBANG/PANGASINAN,0915-658-0176/ 0917-816-3813,BU  C. CASTRO,nsshibayambang@gmail.com,nsshibayambang@gmail.com,5374779,2,1,3,,,PASSED,Highly Satisfactory,SDTLPT-24-010030,HS
1,01-0799-24-PIBS-R,1,NEW ROSARIO DIAGNOSTIC CLINIC AND LABORATORY,"2/F DONA PEPANG'S BLDG., POBLACION EAST, ROSARIO, LA UNION",ROSARIO/LA UNION,0910-460-9941,VIRGINIA V. DE JOYA,newosariodiagnostic@yahoo.com,newosariodiagnostic@yahoo.com,5418079,3,4,7,,,PASSED,Acceptable,SDTLPT-24-010031,A
1,01-1182-24-PFSS-R,1,NEW WORLD DIAGNOSTICS INC-LINGAYEN,"COLUMBIAN PLAZA, AVENIDA RIZAL WEST, POBLACION, LINGAYEN, PANGASINAN",LINGAYEN/PANGASINAN,0991-391-3948,PAULO GIOVANNI L. MENDOZA,kristel.dionisio@nwdi.com.ph,kristel.dionisio@nwdi.com.ph,5394157,2,4,6,,,PASSED,Acceptable,SDTLPT-24-010032,A
1,01-1180-24-PIBS-R,1,"NEW WORLD DIAGNOSTICS, INC.-DAGUPAN","45 BURGOS ST., BRGY. POBLACION OESTE, DAGUPAN CITY, PANGASINAN",DAGUPAN CITY / PANGASINAN,0991-391-3948,"MENDOZA, PAULO GIOVANNI L.",kristel.dionisio@nwdi.com.ph,kristel.dionisio@nwdi.com.ph,5392173,2,3,5,,,PASSED,Highly Satisfactory,SDTLPT-24-010033,HS
1,01-0822-24-PIBS-R,1,NORTHWESTERN UNIVERISTY INC.,"AIRPORT AVENUE, BRGY.46, NALBO, LAOAG CITY, ILOCOS NORTE",LAOAG/ILOCOS NORTE,0939-571-2773/ 0917-772-0391,ARLENE F. CASTRO,nwu_laoagcity@yahoo.com,nwu_laoagcity@yahoo.com,5406190,1,3,4,,,PASSED,Highly Satisfactory,SDTLPT-24-010034,HS
1,01-1664-23-PIBS-R,1,PRIME ASSAY MEDICAL AND DIAGNOSTIC CLINIC,2ND FLOOR ES BLDG AMBROSIO ST POBLACION URDANETA CITY PANGASINAN,URDANETA CITY / PANGASINAN,0975-395-2963/ 0920-948-24-25,"GALVAN, GIL BRYAN B.",primeassaymedical@yahoo.com,primeassaymedical@yahoo.com,5324201,0,5,5,,,PASSED,Highly Satisfactory,SDTLPT-24-010035,HS
1,01-1043-23-PFSS-R,1,QUEEN CHECK DRUG TESTING LABORATORY,"NEW PUBLIC MARKET, 2ND FLOOR, ROXAS BLVD., SAN CARLOS CITY, PANGASINAN","SAN CARLOS CITY, PANGASINAN",0909-181-7146,MARK VINCENT R. MERCADO,merqs8@yahoo.com,merqs8@yahoo.com,5418137,2,1,3,,,PASSED,Highly Satisfactory,SDTLPT-24-010036,HS
1,01-0858-23-GIBS-R,1,REGION 1 MEDICAL CENTER DRUG TESTING LABORATORY,"ARELLANO STREET, PANTAL DISTRICT,DAGUPAN CITY, PANGASINAN",DAGUPAN CITY / PANGASINAN,0966-163-9749/ 0917-169-2798,"AQUINO, SHELDON STEVEN C.",dtl_r1mc@yahoo.com,dtl_r1mc@yahoo.com,5329738,2,2,4,,,PASSED,Highly Satisfactory,SDTLPT-24-010037,HS
1,01-1185-24-PFSS-R,1,RJV DRUG TESTING LABORATORY,"STALL NO. 248, 2ND FLOOR, BANTAY ARCADE, BANTAY, ILOCOS SUR",BANTAY/ILOCOS SUR,0917-568-0563,JOSEPH  D. ADAYA,jgandres_rmt@yahoo.com,jgandres_rmt@yahoo.com,5383106,4,3,7,,,PASSED,Acceptable,SDTLPT-24-010038,A
1,01-XXXX-XX-XXXX-X,1,ROYAL STAR DRUG TESTING LABORATORY,"#100 AB FERNANDEZ WEST, POBLACION OESTE, DAGUPAN CITY, PANGASINAN CITY",DAGUPAN CITY / DAGUPAN,0992-377-6388/ 075-600-8811,"JACINTO, REYNALDO A.",bingdoctolero@gmail.com,bingdoctolero@gmail.com,5324927,4,1,5,,,PASSED,Highly Satisfactory,SDTLPT-24-010039,HS
1,01-0338-23-PIBS-R,1,"SINGAPORE MEDICAL LABORATORIES, INC.","UNIT 207, ARB CORPORATE CENTER, DAGUPAN CITY, PANGASINAN",DAGUPAN CITY / PANGASINAN,0917-708-8723,"GALUT, THERESA GAIL R.",corelabdagupan@singaporediagnostics.com,corelabdagupan@singaporediagnostics.com,5326525,1,5,6,,,PASSED,Acceptable,SDTLPT-24-010040,A
1,01-1188-24-PIBS-R,1,TAGUDIN MEDICAL DIAGNOSTIC CENTER ,"TAGUDIN MEDICAL DIAGNOSTIC CENTER, BRGY. LAS- UD, NATIONAL HIGHWAY, TAGUDIN, ILOCOS SUR",TAGUDIN/ILOCOS SUR,0936-230-6713,GERALDINE  M. AGPES,asaptmdc2009@gmail.com,asaptmdc2009@gmail.com,5398871,3,2,5,,,PASSED,Highly Satisfactory,SDTLPT-24-010041,HS
1,01-XXXX-XX-XXXX-X,1,THE BLACK NAZARENE HOSPITAL INC.,"BONOAN ST. BRGY Z SAN BALTAZAR, SAN NICOLAS",SAN NICOLAS CITY / ILOCOS NORTE,09238500351/773-1757/09177720391,"CASTRO, ARLENE GENCIANA F.",tbnhi.lab@gmail.com,tbnhi.lab@gmail.com,5329528,3,3,6,,,PASSED,Acceptable,SDTLPT-24-010042,A
1,01-1045-24-PFSS-R,1,THREE RJAM DRUG TESTING LABORATORY,"POBLACION OESTE DAGUPAN CITY, PANGASINAN",DAGUPAN/PANGASINAN,0912-789-3023/0912-789-3023,MARK VINCENT R. MERCADO,towealbarida1971@gmail.com,towealbarida1971@gmail.com,5418135,3,1,4,,,PASSED,Highly Satisfactory,SDTLPT-24-010043,HS
1,01-XXXX-XX-XXXX-X,1,TLC DRUG TESTING CENTER,"2/F VICTORIA BUILDING, MC ARTHUR HIGHWAY, CARMEN WEST, ROSALES PANGASINAN",ROSALES / PANGASINAN,09209482425 / 09558362095,"GALVAN, GIL BRYAN B.",tlcdrugtest@gmail.com,tlcdrugtest@gmail.com,5329531,2,4,6,,,PASSED,Acceptable,SDTLPT-24-010044,A
1,01-1920-23-PIBS-R,1,VIRGEN MILAGROSA MEDICAL CENTER DRUG TESTING LABORATORY ,"MARTIN P. POSADAS AE., SAN CARLOS CITY PANGASINAN ",SAN CARLOS CITY / PANGASINAN,0946-498-5524/ 0920-903-7732,"AQUINO, SHELDON STEVEN C.",vmmc1957@gmail.com,vmmc1957@gmail.com,5329522,3,1,4,,,PASSED,Highly Satisfactory,SDTLPT-24-010045,HS
2,02-0825-24-PFSS-R,2,AMAZING GRACE MEDICAL AND DIAGNOSTIC SERVICES,"MAHARLIKA HIGHWAY, CALAMAGUI 2ND, CITY OF ILAGAN, ISABELA",CITY OF ILAGAN / ISABELA,9157812961,"VILLANUEVA, ALMA A.",julietgumarang@gmal.com,julietgumarang@gmal.com,5362349,0,2,2,,,PASSED,Excellent,SDTLPT-24-020046,E
2,02-1863-24-PFSS-I,2,AP-GRADE MEDICAL AND DIAGNOSTIC LABORATORY,"2ND FLOOR, BLUE BLDG. C., PUBLIC MARKET, MALLIG, ISABELA",MALLIG/ISABELA,0918-909-2747/0906-243-4010,MILA AMOR V. REYES,grace.valdez2818@gmail.com,grace.valdez2818@gmail.com,5417429,1,0,1,,,PASSED,Excellent,SDTLPT-24-020047,E
2,02-0750-24-GIBS-R,2,BATANES GENERAL HOSPITAL,"NATIONAL ROAD, BARANGAY KAYHUVOKAN, BASCO, BATANES",BASCO/BATANES,0939-919-3620/ 0918-920-6883,GODWIN NAIG HERNAEZ,bghlaboratory@gmail.com,bghlaboratory@gmail.com,5399646,0,1,1,,,PASSED,Excellent,SDTLPT-24-020048,E
2,02-726-22-GFSS-R,2,CABARROGUIS HEALTH OFFICE LABORATORY,"MUNICIPAL HALL, ZAMORA, CABARROGUIS,QUIRINO",CABARROGUIS / QUIRINO,0917-109-6114,"CAMELLO, ELIZABETH A.",camello.e@yahoo.com,camello.e@yahoo.com,5332604,2,4,6,,,PASSED,Acceptable,SDTLPT-24-020049,A
2,02-0890-23-GIBS-R,2,CAGAYAN VALLEY MEDICAL CENTER DRUG TESTING LABORATORY,"DALAN NA PAGAYAYA, REGIONAL GOVERNMENT CENTER, CARIG SUR, TUGUEGARAO CITY, CAGAYAN",TUGUEGARAO CITY / CAGAYAN,9175781733,"BALISI, SARA JANE U.",cvmcdrugtest@yahoo.com,cvmcdrugtest@yahoo.com,5360139,1,1,2,,,PASSED,Excellent,SDTLPT-24-020050,E
2,02-1214-24-GIBS-R,2,CAMP MELCHOR F DELA CRUZ STATION HOSPITAL,"UPI, GAMU 510 PHIL ARMY, ISABELA",ISABELA,9175579714,"REYES, MILA AMOR V.",cmfdcshlab@gmail.com,cmfdcshlab@gmail.com,5360130,2,0,2,,,PASSED,Excellent,SDTLPT-24-020051,E
2,02-0894-23-PIBS-R,2,CLI DIAGNOSTIC LABORATORY,"MAHARLIKA HIGHWAY (ST.PATRICK GARDEN HOTEL), APARRI, CAGAYAN",APARRI / CAGAYAN,9452858573,"REYES, MILA AMOR V.",clidiagnosticlaboratory@gmail.com,clidiagnosticlaboratory@gmail.com,5346394,4,1,5,,,PASSED,Highly Satisfactory,SDTLPT-24-020052,HS
2,02-1363-21-PFSS-R,2,DIAGNOSTIKA CLINICAL LABORATORY ,"#76 MARIBBAY BUILDING QUEZON ST, DISTRICT I (POB.), CITY OF CAUAYAN, ISABELA 3305",CITY OF CAUAYAN / ISABELA,078-6520693/ 09174601296,"REYES, MILA AMOR V.",diagnostikalaboratory@yahoo.com,diagnostikalaboratory@yahoo.com,5318495,4,3,7,,,PASSED,Acceptable,SDTLPT-24-020053,A
2,02-1757-24-GIBS-R,2,DIFFUN MUNICIPAL HEALTH OFFICE CLINICAL LABORATORY,"#6 DONA AURORA-BESIDE MUNICIPAL BUREAU OF FIRE, DIFFUN, QUIRINO",DIFFUN/QUIRINO,0997-670-3516,DIWATA GRACE F. BAUSA,maysibayan@yahoo.com,maysibayan@yahoo.com,5396516,4,1,5,,,PASSED,Highly Satisfactory,SDTLPT-24-020054,HS
2,02-0828-24-PIBS-R,2,DR. MENDOZA MULTI-SPECIALTY CLINIC,"JRC BLDG. MAGSAYSAY ST., MINANGA APARRI, APARRI, CAGAYAN VALLEY",APARRI/CAGAYAN,0997-856-9532,SARAJANE U. BALISI,e.a.mendozaclinic@gmail.com,e.a.mendozaclinic@gmail.com,5373397,3,4,7,,,PASSED,Acceptable,SDTLPT-24-020055,A
2,02-0898-23-PIBS-R,2,DR. RONALD P. GUZMAN MEDICAL CENTER,"ENRILE AVENUE, CARIG, TUGUEGARAO CITY, CAGAYAN VALLEY (BETWEEN CITY HALL AND CAPITOL)",TUGUEGARAO CITY / CAGAYAN,9360570337,"PAGADDU, JANE G.",rpgmclab02@gmail.com,rpgmclab02@gmail.com,5346783,1,1,2,,,PASSED,Excellent,SDTLPT-24-020056,E
2,02-XXXX-XX-XXXX-X,2,EBC CLINICAL LABORATORY,"91 PANGANIBAN ST., CENTRO EAST, SANTIAGO CITY, ISABELA",SANTIAGO/ISABELA,0922-885-8699/ 0917-578-4257,"NATHANAEL B. VIDAD, MD",ebcclinlab@yahoo.com,ebcclinlab@yahoo.com,5369609,3,3,6,,,PASSED,Acceptable,SDTLPT-24-020057,A
2,02-0834-24-PIBS-R,2,GINCOR MEDICAL LABORATORY ,"DON FRANCISCO ALBANO ST. CENTRO, CABAGAN, ISABELA",CABAGAN/ISABELA,0917-550-7577/ 0917-627-8223,CORAZON  G. ALCANTARA,gincorlab76@gmail.com,gincorlab76@gmail.com,5405600,2,0,2,,,PASSED,Excellent,SDTLPT-24-020058,E
2,02-0830-24-PFSS-R,2,GS TRIMEDICA DRUG TESTING CENTER,"2ND FLOOR PATRIA BLDG. LUNA STREET, CENTRO 7, TUGUEGARAO CITY, CAGAYAN",TUGUEGARAO/CAGAYAN,9178340606,SARA JANE UY BALISI,gstrimedica2@yahoo.com,gstrimedica2@yahoo.com,5419048,4,0,4,,,PASSED,Highly Satisfactory,SDTLPT-24-020059,HS
2,02-0734-22-PIBS-R,2,HIGH CARE CENTRAL DIAGNOSTICS AND MEDICAL CLINIC INC.,"# 86 H & R BUILDING DON JOSE  CANCILLER AVENUE, CAUAYAN CITY, ISABELA",CAUAYAN CITY / ISABELA,09754988567/ (078) 6525304,"BONIFACIO, ANDRES S.",hccdmc@gmail.com,hccdmc@gmail.com,5300321,1,1,2,,,PASSED,Excellent,SDTLPT-24-020060,E
2,02-1224-24-PIBS-R,2,JB CABRERA DIAGNOSTIC LABORATORY,"10 LAKANDULA ST., SAN GABRIEL, TUGUEGARAO CITY, CAGAYAN",TUGUEGARAO/CAGAYAN,0955-422-6693,"SARAJANE U. BALISI, MD",pinkunoh@yahoo.com,pinkunoh@yahoo.com,5368504,3,1,4,,,PASSED,Highly Satisfactory,SDTLPT-24-020061,HS
2,02-XXXX-XX-XXXX-X,2,LABCARE HEALTH CLINIC & DIAGANOSTIC CENTER,"NATASHA BUILDING QUEZON ST., DISTRICT 01, CAUAYAN CITY, ISABELA",CAUAYAN/ISABELA,0954-098-1073,DIWATA GRACE F. BAUSA,rubypearlreyes@yahoo.com,rubypearlreyes@yahoo.com,5396514,2,1,3,,,PASSED,Highly Satisfactory,SDTLPT-24-020062,HS
2,02-XXXX-XX-XXXX-X,2,LASAM MEDICAL AND DIAGNOSTIC CENTER,"KS BUILDING CENTRO 1. LASAM, CAGAYAN",LASAM/CAGAYAN,0917-138-6026,JUANITA T. LACUESTA,lasammdc.21@gmail.com,lasammdc.21@gmail.com,5418063,1,1,2,,,PASSED,Excellent,SDTLPT-24-020063,E
2,02-0832-24-PIBS-R,2,MICRO TECH MEDICAL LABORATORY,"VINTAR ST.,  BRGY. SAN JUAN (NEAR AURORA CENTRAL SCHOOL), AURORA, ISABELA",AURORA/ISABELA,0917-517-6526/ 0918-909-2747,MILA AMOR V. REYES,marybelmed30@yahoo.com,marybelmed30@yahoo.com,5383595,1,5,6,,,PASSED,Acceptable,SDTLPT-24-020064,A
2,02-1746-23-PIBS-R,2,NK MEDICAL CLINIC AND DIAGNOSTIC CENTER,"CABAGAN-SANTA MARIA ROAD,
UGAD, CABAGAN, ISABELA 3328",CABAGAN CITY / ISABELA,09066664012/ 09175781733,"BALISI, SARA JANE U.",nkmcdc2019@gmail.com,nkmcdc2019@gmail.com,5237192,2,1,3,,,PASSED,Highly Satisfactory,SDTLPT-24-020065,HS
2,02-0835-24-GIBS-R,2,NUEVA VIZCAYA PROVINCIAL PUBLIC HEALTH & DRUG TESTING CENTER,"CAPITOL COMPOUND, DISTRICT IV, BAYOMBONG CITY, NUEVA VIZCAYA",BAYOMBONG/NUEVA VIZCAYA,0917-119-7441,NATHANAEL B. VIDAD,pho.labnv@yahoo.com,pho.labnv@yahoo.com,5409697,0,3,3,,,PASSED,Highly Satisfactory,SDTLPT-24-020066,HS
2,02-1700-24-PIBS-R,2,RTSC WELLNESS DIAGNOSTIC LABORATORY,"DON MARIANO MARCOS AVENUE, CENTRO BANTUG, ROXAS, ISABELA",ROXAS/ISABELA,0915-741-6044/ 0999-992-4951,EMMYLOU B. OKILA,rtsc1972@gmail.com,rtsc1972@gmail.com,5403286,6,1,7,,,PASSED,Acceptable,SDTLPT-24-020067,A
2,02-0924-23-GIBS-R,2,SAGUDAY MUNICIPAL HEALTH OFFICE LABORATORY,"CORNER GUZMAN ST. SAGUDAY, QUIRINO",SAGUDAY / QUIRINO,0928-908-8940,"VIDAD, NATHANAEL B.",daisyemmieilaga@gmail.com,daisyemmieilaga@gmail.com,5332157,1,2,3,,,PASSED,Highly Satisfactory,SDTLPT-24-020068,HS
2,02-1232-24-PIBS-R,2,SAN MATEO DIAGNOSTIC LABORATORY,"NATIONAL HIGHWAY, BRGY. 3, SAN MATEO, ISABELA",SAN MATEO/ISABELA,0915-658-7871/0917-166-5417,NATHANAEL B. VIDAD,sanmateolaboratory@gmail.com,sanmateolaboratory@gmail.com,5415288,2,1,3,,,PASSED,Highly Satisfactory,SDTLPT-24-020069,HS
2,02-0833-24-PIBS-R,2,"ST. PAUL HOSPITAL OF TUGUEGARAO, INC ","LUNA EXTENSION, UGAC HI-WAY, TUGUEGARAO CITY, CAGAYAN, UGAC SUR, TUGUEGARAO",TUGUEGARAO/CAGAYAN,0977-839-7733/ 0919-293-1375,"EDUARDO III M. BADUA, MD",spht_laboratory@yahoo.com,spht_laboratory@yahoo.com,5371555,1,2,3,,,PASSED,Highly Satisfactory,SDTLPT-24-020070,HS
3,03-0491-24-PFSS-R,3,ACCUCARE DIAGNOSTIC CENTER,"KM 44/45 58 BUILDING I-L CABANAS, MALOLOS CITY, BULACAN",MALOLOS/BULACAN,0932-410-2357,MONINA C. MONTENEGRO,accucare@gmail.com,accucare@gmail.com,5399007,2,4,6,,,PASSED,Acceptable,SDTLPT-24-030071,A
3,03-1494-23-PIBS-R,3,ACCUPROF LABORATORY AND DIAGNOSTIC CENTER,"QUIMSON ST., COR. MABINI ST., QUEZON DISTRICT (POB.), CABANATUAN CITY, NUEVA ECIJA",CABANATUAN CITY / NUEVA ECIJA,9279442014,"REYES, EMEDITA L.",accuprof@gmail.com,accuprof@gmail.com,5360145,4,0,4,,,PASSED,Highly Satisfactory,SDTLPT-24-030072,HS
3,03-XXXX-XX-XXXX-X,3,ACE DIAGNOSTIC CENTER,"2ND FLR. CHRACY TOP BLDG., EL CAMINO RD., STO. NI•O, MEYCAUAYAN, BULACAN",MEYCAUAYAN/BULACAN,0917-885-2062,SUSANA P. QUIAOIT,acediagctr@yahoo.com,acediagctr@yahoo.com,5382267,0,1,1,,,PASSED,Excellent,SDTLPT-24-030073,E
3,03-1852-24-PIBS-R,3,ALLIMED DIAGNOSTIC LABORATORY,"ROOM 2-3. DR. ALLAN PINEDA BLDG., GENERAL LUNA ST., BABO SACAN, PORAC, PAMPANGA",PORAC/PAMPANGA,0919-004-0680,FLORENCIO C. DIZON ,allimeddxlaboratory@yahoo.com,allimeddxlaboratory@yahoo.com,5418121,4,1,5,,,PASSED,Highly Satisfactory,SDTLPT-24-030074,HS
3,03-0377-24-PFSS-R,3,AMEER DIAGNOSTIC LABORATORY,"A. MABINI ST., MOJON, MALOLOS CITY, BULACAN",MALOLOS/BULACAN,0925-525-5504/0917-885-2062,SUSANA P. QUIAOIT,ameerdtl_lab@yahoo.com,ameerdtl_lab@yahoo.com,5377447,0,1,1,,,PASSED,Excellent,SDTLPT-24-030075,E
3,03-1914-23-PFFS-R,3,AMPARO MEDICAL CLINIC,"253 BAHAY PARE ROAD, MEYCAUAYAN CITY, BULACAN",MEYCAUAYAN CITY/BULACAN,0969-477-4084/ 0917-304-2487,"MIGUEL ANTONIO T. CHANCO, MD",miguelchanco7765@gmail.com,miguelchanco7765@gmail.com,5316216,1,0,1,,,PASSED,Excellent,SDTLPT-24-030076,E
3,03-1677-24-PIBS-R,3,ANA LIZA SOLOMON-LOPEZ HEALTHCARE DIAGNOSTIC CLINIC,"UNIT C 1/F CHUA BLDG 97-F. TA•EDO ST. POBLACION TARLAC CITY, TARLAC (NEAR CATHEDRAL CHURCH)",TARLAC CITY,0975-697-2078/ 0917-306-6160,NICK  R. FERNANDEZ,analizalopez1624@gmail.com,analizalopez1624@gmail.com,5398066,4,1,5,,,PASSED,Highly Satisfactory,SDTLPT-24-030077,HS
3,03-XXXX-XX-XXXX-X,3,ANALYTICON LABORATORY,"OLD WESLEYAN BLDG., MABINI ST., COR. QUIMSON ST., BRGY. QUEZON DIST. CABANATUAN CITY, NUEVA ECIJA",CABANATUAN/NUEVA ECIJA,0995-933-4021/0936-191-3802,JUANITA T. LACUESTA,analyticonlab@yahoo.com,analyticonlab@yahoo.com,5415460,2,4,6,,,PASSED,Acceptable,SDTLPT-24-030078,A
3,03-1468-24-PFSS-R,3,ARELLE'S HEALTH CARE LABORATORY,"75 IBAYO ST, OMBOY, ABUCAY, BATAAN",ABUCAY/BATAAN,0977-821-5181/ 0920-945-8564,GERALDINE M AGPES,helerileadecastro@yahoo.com,helerileadecastro@yahoo.com,5401566,0,1,1,,,PASSED,Excellent,SDTLPT-24-030079,E
3,03-1373-23-PFSS-R,3,ATS DRUG TESTING CENTER,"1ST FLOOR, FELNOR BLDG. QUIRINO ST. BRGY. SAN JOSE, BALANGA CITY, BATAAN",BALANGA CITY / BATAAN,0922-887-3136/ 0917-596-1134/ 047-240-4100,"CELESTINO, LUISITO DJ.",atsdrugtestingcenter@gmail.com,atsdrugtestingcenter@gmail.com,5319206,1,2,3,,,PASSED,Highly Satisfactory,SDTLPT-24-030080,HS
3,03-1469-24-PIBS-R,3,AUSTRIAN POLYCLINIC AND DIAGNOSTIC CENTER,"#24 GONZALES AVENUE, SAN JUAN, APALIT, PAMPANGA",APALIT/PAMPANGA,0922-825-7540/0922-709-3451,MARIA ANGELICA C. GUTIERREZ,apdcsanjuan@gmail.com,apdcsanjuan@gmail.com,5414327,2,3,5,,,PASSED,Highly Satisfactory,SDTLPT-24-030081,HS
3,03-0470-23-PIBS-R,3,AVENTUS MEDICAL CARE INC. - CLARK,"G/F BFO BUILDING 5. SM CITY CLARK , M.A ROXAS HIGHWAY, BRGY MALABANIAS, ANGELES CITY PAMPANGGA",ANGELES CITY  / PAMPANGA,0927-042-4050/ 0917-626-3278,"GARCIA, EMIL BRYAN M.",laboratory.pampanga@aventusmedical.com.ph,laboratory.pampanga@aventusmedical.com.ph,5331528,2,1,3,,,PASSED,Highly Satisfactory,SDTLPT-24-030082,HS
3,03-0493-24-PIBS-R,3,BATAAN HEALTH CARE CENTER,"P. GOMEZ ST., BARANGAY POBLACION (BESIDE CHURCH OF CHRIST), MARIVELES, BATAAN",MARIVELES/BATAAN,0966-681-3852/0939-727-1981,GABRIEL J. CRUZ,jclngalo@gmail.com,jclngalo@gmail.com,5389331,4,1,5,,,PASSED,Highly Satisfactory,SDTLPT-24-030083,HS
3,03-XXXX-XX-XXXX-X,3,BATAAN PENINSULA MEDICAL CENTER DRUG TESTING LABORATORY,"OLD PROVINCIAL ROAD, SAN RAMON, DINALUPIHAN CITY, BATAAN",DINALUPIHAN/BATAAN,0920-611-3977/ 0909-956-0806,JANET L. DY,bpmclab@yahoo.com,bpmclab@yahoo.com,5406197,2,3,5,,,PASSED,Highly Satisfactory,SDTLPT-24-030084,HS
3,03-1819-23-PIBS-I,3,BETHZATHA DIAGNOSTIC CENTER,"MJS BUILDING PUROK 6, SAN ISIDRO, ZARAGOZA, NUEVA ECIJA", ZARAGOZA / NUEVA ECIJA,9171883834,"REYES, EMEDITA L.",bethzathadiagnosticcenter@yahoo.com,bethzathadiagnosticcenter@yahoo.com,5355213,1,2,3,,,PASSED,Highly Satisfactory,SDTLPT-24-030085,HS
3,03-1949-23-PFSS-R,3,BHC PRIME LABORATORY CORP.,"BLK 6C, 3B BLAS OPLE DIVERSION ROAD, MALOLOS, BULACAN",MALOLOS CITY / BULACAN,0916-374-0691,"NOH, JINALYN T.",bhcprimelab@gmail.com,bhcprimelab@gmail.com,5329484,1,4,5,,,PASSED,Highly Satisfactory,SDTLPT-24-030086,HS
3,03-0387-24-PFSS-R,3,BIOASSAY DRUG TESTING INC.,"1232 MIRANDA ST., STO. ROSARIO, ANGELES CITY, PAMPANGA",ANGELES CITY / PAMPANGA,9209716772,"MALONZO, ROMMEL G.",bioassaydrugtesting@gmail.com,bioassaydrugtesting@gmail.com,5353464,2,0,2,,,PASSED,Excellent,SDTLPT-24-030087,E
3,03-1870-24-PIBS-R,3,BIOVIE DIAGNOSTIC AND MEDICAL CORPORATION,"UNIT 101/ BARONESA PLACE BLDG., MAC ARTHUR HIGHWAY, DAU, MABALACAT CITY, PAMPANGA",MABALACAT/PAMPANGA,0927-076-5170/ 0917-858-8366,PIERRE GIVENCHY G. LAYSON,bioviediagnostic.medcorp@gmail.com,bioviediagnostic.medcorp@gmail.com,5409386,2,0,2,,,PASSED,Excellent,SDTLPT-24-030088,E
3,03-1474-24-PIBS-R,3,BRAIN CHILD DIAGNOSTIC CENTER,"2ND FLOOR ASM BLDG. MCARTHUR HIGHWAY, CANIOGAN, CALUMPIT, BULACAN",CALUMPIT/BULACAN,0917-305-3601/0922-825-7547,DENNIS JOSE S. CARBONELL,brainchilddxcenter@yahoo.com,brainchilddxcenter@yahoo.com,5414326,4,3,7,,,PASSED,Acceptable,SDTLPT-24-030089,A
3,03-1737-24-PIBS-R,3,"BRIGINO GENERAL HOSPITAL, INC.","20 QUIRINO HI-WAY PECSONVILLE SUBDIVISION, TUNGKONG MANGGA, SAN JOSE DEL MONTE, BULACAN",SJDM/BULACAN,0930-965-7020/0917-186-7775,MONTANO L. PRONTO,bgh.lab@yahoo.com,bgh.lab@yahoo.com,5378553,3,4,7,,,PASSED,Acceptable,SDTLPT-24-030090,A
3,03-0388-24-PIBS-R,3,BRITON-AMEER DIAGNOSTIC LABORATORY,"A. MABINI ST., MOJON, MALOLOS CITY, BULACAN",MALOLOS/BULACAN,0928-524-8655/0922-885-2062,SUSANA P. QUIAOIT,britonameer_lab@yahoo.com,britonameer_lab@yahoo.com,5377446,0,2,2,,,PASSED,Excellent,SDTLPT-24-030091,E
3,03-0388-24-PIBS-R,3,BULACAN DIAGNOSTIC CENTER,"816 F VERGEL DE DIOS ST POBLACION, BALIUAG CITY, BULACAN",BALIUAG/BULACAN,0933-401-1628,GABRIEL J. CRUZ,bulacandiagnostic@yahoo.com,bulacandiagnostic@yahoo.com,5403273,3,4,7,,,PASSED,Acceptable,SDTLPT-24-030092,A
3,03-0389-24-PIBS-R,3,BULACAN DIAGNOSTIC CENTER- BRANCH 1,"012 BS AQUINO AVENUE TANGOS, BALIUAG CITY, BULACAN",BALIUAG/BULACAN,0933-401-1628,GABRIEL J. CRUZ,bulacandiagnostic@yahoo.com,bulacandiagnostic@yahoo.com,5403272,4,0,4,,,PASSED,Highly Satisfactory,SDTLPT-24-030093,HS
3,03-XXXX-XX-XXXX-X,3,C. MANAHAN LABORATORY SERVICES AND MEDICAL CLINIC,"M. BUILDING, CORAZON, CALUMPIT, BULACAN",CALUMPIT/BULACAN,0917-516-4427/0917-885-2062,SUSANA P. QUIAOIT,manahan.medlab@gmail.com,manahan.medlab@gmail.com,5414602,2,3,5,,,PASSED,Highly Satisfactory,SDTLPT-24-030094,HS
3,03-1228-23-PIBS-R,3,CAPAS HEALTHCARE DIAGNOSTIC LABORATORY - CAPAS TARLAC,"M.H. DEL PILAR ST., STO. ROSARIO, CAPAS, TARLAC",CAPAS CITY / TARLAC,9286716355,"FERNANDEZ, NICK R.",capashealthcarelaboratory@gmail.com,capashealthcarelaboratory@gmail.com,5346781,3,1,4,,,PASSED,Highly Satisfactory,SDTLPT-24-030095,HS
3,03-1227-23-PIBS-R,3,CAPAS HEALTHCARE DIAGNOSTIC LABORATORY -STO CRISTO TARLAC CITY BRANCH,"ST. JOSEPH BLDG. 2, JUAN LUNA ST., STO. CRISTO, TARLAC CITY, TARLAC",TARLAC CITY / TARLAC,9305619745,"FERNANDEZ, NICK R.",capashealthcare.tarlac@gmail.com,capashealthcare.tarlac@gmail.com,5346785,0,1,1,,,PASSED,Excellent,SDTLPT-24-030096,E
3,03-0391-24-PIBS-R,3,CARELIFE MEDICAL AND DIAGNOSTIC CLINIC - BULACAN,"925 PH3C EL CAMINO RD. STO. NINO, BRGY. CAMALIG, MEYCAUAYAN CITY, BULACAN,",MEYCAUAYAN/BULACAN,0932-916-7600,MARIE MICHELLE Y. SO,carelife_mdc@yahoo.com,carelife_mdc@yahoo.com,5416041,0,5,5,,,PASSED,Highly Satisfactory,SDTLPT-24-030097,HS
3,03-XXXX-XX-XXXX-X,3,CAREWISE DIAGNOSTIC LABORATORY,"3F JM MENDOZA BLDG KM 25 MAC ARTHUR HIGHWAY, LOLOMBOY, BOCAUE CITY, BULACAN",BOCAUE/BULACAN,0917-578-6270/ 0922-848-9523,REYNALDO G. TORRES,carewisediagnosticlaboratory@yahoo.com,carewisediagnosticlaboratory@yahoo.com,5403280,1,4,5,,,PASSED,Highly Satisfactory,SDTLPT-24-030098,HS
3,03-XXXX-XX-XXXX-X,3,CENTRAL LUZON DOCTORS' HOSPITAL,"HOSPITAL DRIVE SAN VICENTE I, TARLAC, TARLAC",TARLAC CITY,0963-830-6478/0917-837-5834,MAR-JAY S. GULAPA,druglab@cldb.com.ph,druglab@cldb.com.ph,5418126,1,0,1,,,PASSED,Excellent,SDTLPT-24-030099,E
3,03-XXXX-XX-XXXX-X,3,DIASERV DIAGNOSTIC LABORATORY,"#12 ZAMORA ST. DAVSAN SUBD. SINDALAN, CITY OF SAN FERNANDO, PAMPANGA",CITY OF SAN FERNANDO /PAMPANGA,0917-570-1972/ (045) 409-8251-52,"GACASAN, JOCELYN Q.",diaserv2000@gmail.com,diaserv2000@gmail.com,5326601,2,2,4,,,PASSED,Highly Satisfactory,SDTLPT-24-030100,HS
3,03-0395-24-GIBS-R,3,DOH TREATMENT AND REHABILITATION CENTER BATAAN,"DOH TREATMENT AND REHABILITATION CENTER BATAAN, PILAR, BATAAN",PILAR/BATAAN,0919-654-2767/ 0917-596-1134,LUISITO D. CELESTINO,laboratory.trcbataan@gmail.com,laboratory.trcbataan@gmail.com,5383107,1,3,4,,,PASSED,Highly Satisfactory,SDTLPT-24-030101,HS
3,03-0221-23-GIBS-R,3,DR. PAULINO J. GARCIA MEMORIAL RESEARCH AND MEDICAL CENTER ,"MABINI ST., QUEZON DISTRICT, CABANATUAN CITY NUEVA ECIJA ",CABANATUAN CITY / NUEVA ECIJA,0917-820-2831/ 0927-014-1858,"MACAPAGAL, JOHN DENNIS D.",laboratory@drpjgmrmc.doh.gov.ph,laboratory@drpjgmrmc.doh.gov.ph,5335270,1,5,6,,,PASSED,Acceptable,SDTLPT-24-030102,A
3,03-0495-24-PIBS-R,3,DRAGONHEALTH MEDICAL CLINIC AND LABORATORY,"754 PEDRO REYES ST., PULILAN, BULACAN, CENTRAL LUZON",PULILAN/BULACAN,0951-863-6941,JOSEPH MICHAEL R. ESPIRITU,dragonhealthlab@gmail.com,dragonhealthlab@gmail.com,5415297,1,0,1,,,PASSED,Excellent,SDTLPT-24-030103,E
3,03-XXXX-XX-XXXX-X,3,EASE DRUGS CLINIC AND LABORATORY,"#94 MAC ARTHUR HW, ABANGAN SUR, MARILAO CITY, BULACAN",MARILAO/BULACAN,0925-701-0408/ 0922-884-0762,"JAIME DG. SANTIAGO, MD",easedrugs_lab@yahoo.com,easedrugs_lab@yahoo.com,5371565,2,0,2,,,PASSED,Excellent,SDTLPT-24-030104,E
3,03-XXXX-XX-XXXX-X,3,EXPLORE DRUG TESTING LAB. & DIAGNOSTIC CENTER,"CAPITOL COMPOUND, STO. NINO, CITY OF SAN FERNANDO, PAMPANGA",SAN FERNANDO/PAMPANGA,0917-403-5261,MARTE MICHELLE Y. SO,robinsor116@yahoo.com,robinsor116@yahoo.com,5418076,1,0,1,,,PASSED,Excellent,SDTLPT-24-030105,E
3,03-0232-23-PIBS-R,3,FABROS MEDICAL CLINIC,"2743 MENDOZA ST., LOLOMBOY BOCAUE CITY BULACAN ",BOCAUE CITY / BULACAN,9175331914,"FABROS, DIVINA G.",fabrosmedicalclinic@gmail.com,fabrosmedicalclinic@gmail.com,5343055,4,0,4,,,PASSED,Highly Satisfactory,SDTLPT-24-030106,HS
3,03-XXXX-XX-XXXX-X,3,FAST HEALTH DIAGNOSTIC AND MEDICAL CLINIC,"#25 SUPER BRGY PATUBIG, MARILAO CITY, BULACAN",MARILAO CITY / BULACAN,0909-805-5389/ 0917-1728-264,"CRUZ, GABRIEL J.",fasthealth2patubigmarilao@yahoo.com,fasthealth2patubigmarilao@yahoo.com,5329505,1,3,4,,,PASSED,Highly Satisfactory,SDTLPT-24-030107,HS
3,03-1479-24-PIBS-R,3,FIRST LINE HEALTHCARE DIAGNOSTIC CENTER,"STALL 1-3,9-11 KONTIKI BLDG., TL PLAZA,MC ARTHUR HIGHWAY,BRGY PULUNGBULU,ANGELES PAMPANGA",ANGELES/PAMPANGA,0967-347-5007,MICHELLE T. MIRANDA,infofirstline2021@gmail.com,infofirstline2021@gmail.com,5403287,3,5,8,,,PASSED,Acceptable,SDTLPT-24-030108,A
3,03-0237-23-GIBS-R,3,FORT MAGSAYSAY ARMY STATION HOSPITAL,"FORT MAGSAYSAY, PALAYAN CITY, NUEVA ECIJA",PALAYAN CITY/NUEVA ECIJA,0997-247-6880/ 0917-897-3266/0908-880-0125,"EMEDITA L. REYES, MD",fmashlaboratory7id@gmail.com,fmashlaboratory7id@gmail.com,5317016,1,1,2,,,PASSED,Excellent,SDTLPT-24-030109,E
3,03-1480-24-GIBS-R,3,GERONA MUNICIPAL HEALTH UNIT CLINICAL LABORATORY,"RURAL HEALTH UNIT II, DON DOMINGO BAUTISTA ST., PINASLING, GERONA, TARLAC",GERONA/TARLAC,0920-429-5802,NICK R. FERNANDEZ,geronahutarlac@gmail.com,geronahutarlac@gmail.com,5419054,4,2,6,,,PASSED,Acceptable,SDTLPT-24-030110,A
3,03-0238-23-PIBS-R,3,GIMENA MEDICAL AND DIAGNOSTIC CLINIC ,"#4 MAC ARTHUR HIWAY, TABANG, GUIGUINTO CITY, BULACAN",GUIGUINTO CITY / BULACAN,0922-866-9170/ 0977-628-4600,"BAUSA, OLGA M.",gimena.nida@gmail.com,gimena.nida@gmail.com,5332770,2,3,5,,,PASSED,Highly Satisfactory,SDTLPT-24-030111,HS
3,03-1377-23-PIBS-R,3,GRACE GENERAL HOSPITAL INC. ,"BLK 1 LOT 2 QUIRINO HIGHWAY EXTENSION, BRGY. MULAWIN FRANCISCO HOMES CITY OF SAN JOSE DEL MONTE, BULACAN",CITY OF SAN JOSE DEL MONTE / BULACAN,0918-963-3898/ 0917-677-5510,"REYES, CARMELA T.",gghlab2012@gmail.com,gghlab2012@gmail.com,5321543,2,5,7,,,PASSED,Acceptable,SDTLPT-24-030112,A
3,03-XXXX-XX-XXXX-X,3,"GUIMBA GENERAL HOSPITAL, INC","BAGAIN STREET, STA. VERONICA DISTRICT (7-11/PUBLIC MARKET), GUIMBA, NUEVA ECIJA",GUIMBA / NUEVA ECIJA,9174162161,"DELA CRUZ, MARY ANN V.",lab.neqascc@gmail.com,lab.neqascc@gmail.com,5352984,2,1,3,,,PASSED,Highly Satisfactory,SDTLPT-24-030113,HS
3,03-XXXX-XX-XXXX-X,3,GUZORELL MEDICAL AND SURGICAL CLINIC,"NAVARRO BLDG., LAKANDULA ST., MARIVELES, BATAAN",MARIVELES/BATAAN,0918-457-1497,GABRIEL J. CRUZ,guzorelllaboratory@gmail.com,guzorelllaboratory@gmail.com,5391470,2,0,2,,,PASSED,Excellent,SDTLPT-24-030114,E
3,03-0501-23-PIBS-R,3,HEALTH CENTRAL MEDICAL CLINIC & DIAGNOSTIC CENTER,"PROVINCIAL ROAD, STA. LUCIA, ANGAT CITY,BULACAN (NEAR GABE SUPERMARKET)",ANGAT CITY/BULACAN,0932-842-6936/09171266232/ 09175821757,"DEXTER A. LEDESMA, MD",dexteraledesma@yahoo.com,dexteraledesma@yahoo.com,5300322,4,1,5,,,PASSED,Highly Satisfactory,SDTLPT-24-030115,HS
3,03-1229-23-PIBS-R,3,HEALTHCORE DIAGNOSTIC CENTER,"ST JUDE VILLAGE, BRGY. ALFONSO, CONCEPCION, TARLAC",TARLAC CITY / TARLAC,9187862802,"FERNANDEZ, NICK R.",healthcorediagnostic@gmail.com,healthcorediagnostic@gmail.com,5346780,4,2,6,,,PASSED,Acceptable,SDTLPT-24-030116,A
3,03-1774-24-PIBS-R,3,HEALTHWAY QUALIMED HOSPITAL SJDM,"ALTARAZA, TUNGKONG MANGGA, SAN JOSE DEL MONTE, BULACAN",SJDM/BULACAN,0917-815-6691,MARIE MICHELE Y. SO,laboratory.sjd@qualimed.com.ph,laboratory.sjd@qualimed.com.ph,5395924,0,5,5,,,PASSED,Highly Satisfactory,SDTLPT-24-030117,HS
3,03-1486-24-PFSS-R,3,HEMATECH DIAGNOSTIC CENTER,"UNIT A & G RBL BLDG., MC ARTHUR HIWAY QUEBIAWAN, SAN FERNANDO, PAMPANGA",SAN FERNANDO/PAMPANGA,0965-469-7963,FLORENCIO C. DIZON ,macaraig.liezl@yahoo.com,macaraig.liezl@yahoo.com,5418680,4,1,5,,,PASSED,Highly Satisfactory,SDTLPT-24-030118,HS
3,03-XXXX-XX-XXXX-X,3,HEMOLINE MEDICAL CLINIC AND DIAGNOSTIC LABORATORY,"UNIT F SANTOS COMM. BLDG. CORNER VISITACION ST., PAMPANGA, ANGELES CITY, PAMPANGA",ANGELES/PAMPANGA,0977-846-1113/ 0917-822-4219,GABRIEL J. CRUZ,hemolinelab@yahoo.com,hemolinelab@yahoo.com,5373182,2,0,2,,,PASSED,Excellent,SDTLPT-24-030119,E
3,03-1263-22-PIBS-R,3,HERTZ CLINICAL LABORATORY AND DIAGNOSTICS,"#34 QUEZON ST., BRGY. I, BALER CITY, AURORA",BALER CITY/AURORA,0947-7611-299,"OLGA M. BAUSA, MD",hertzlaboratory@yahoo.com.ph,hertzlaboratory@yahoo.com.ph,5315604,2,2,4,,,PASSED,Highly Satisfactory,SDTLPT-24-030120,HS
3,03-0408-24-PFSS-R,3,HI-PRECISION DIAGNOSTIC CENTER INC.-MALOLOS,"G/F BLDG SHELL MCARTHUR HIGHWAY SUMAPANG MATANDA MALOLOS CITY,BULACAN",MALOLOS/BULACAN,0917-832-7185/ 0933-818-2036,"MARIA LOURDES P. SANTOS, MD",hpmalolos.lab@hi-precision.com.ph,hpmalolos.lab@hi-precision.com.ph,5364773,4,3,7,,,PASSED,Acceptable,SDTLPT-24-030121,A
3,03-0670-23-PIBS-R,3,HI-PRECISION DIAGNOSTICS - NUEVA ECIJA,"CRESCENT BUILDING KM 114 MAHARLIKA HIGHWAY, ZULUETA, CABANATUAN CITY, NUEVA ECIJA",CABANATUAN CITY / NUEVA ECIJA,09178333364/09178569010,"BAUTISTA-CAPING, IRMA GRACE B.",hpcabanatuan.lab@hi-precision.com.ph,hpcabanatuan.lab@hi-precision.com.ph,5364753,2,4,6,,,PASSED,Acceptable,SDTLPT-24-030122,A
3,03-0669-23-PIBS-R,3,HI-PRECISION DIAGNOSTICS - PAMPANGA,"MC ARTHUR HIGHWAY, COR. ANGELES-MAGALANG RD., STO. CRISTO, ANGELES CITY, PAMPANGA",ANGELES CITY / PAMPANGA,09176286189/09338193860,"TAGAYUNA, PEDRITO Y.",hpangeles.lab@hi-precision.com.ph,hpangeles.lab@hi-precision.com.ph,5364741,0,1,1,,,PASSED,Excellent,SDTLPT-24-030123,E
3,03-0664-23-PIBS-R,3,HI-PRECISION DIAGNOSTICS -  BALIUAG (AMIHAN MEDICAL VENTURES),"ROYAL STONEA HOLDING BUILDING, BAGONG NAYON, BALIUAG, BULACAN",BALIUAG CITY / BULACAN,09178007686/09338182036,"SANTOS, MARIA LOURDES P.","hpbaliuag,lab@hi-precision.com.ph","hpbaliuag,lab@hi-precision.com.ph",5364751,2,3,5,,,PASSED,Highly Satisfactory,SDTLPT-24-030124,HS
3,03-0666-23-PFSS-R,3,HI-PRECISION DIAGNOSTICS -SAN JOSE DEL MONTE,"AMIHAN MEDICAL VENTURE, INC. OF HI-PRECISION, UNIT 1-6 GF, JC UMEREZ PRIME HOLDING CORP, (JUMP CORP-BLDG II) LOT 31 & 33, PECSONVILLE SUBD. QUIRINO HIGHWAY, TUNGKONG MANGGA",SJDM/BULACAN,0920-977-3474/ 0917-555-6684,"GRIG D. MISIONA, MD",hpsjdm.lab@hi-precision.com.ph,hpsjdm.lab@hi-precision.com.ph,5364783,0,5,5,,,PASSED,Highly Satisfactory,SDTLPT-24-030125,HS
3,03-0007-23-PFSS-R,3,HI-PRECISION DIAGNOSTICS BALAGTAS BRANCH,"BALAGTAS TOWN CENTER, G/F LS-135, MC ARTHUR HIGHWAY, BRGY. BOROL 1ST, BALAGTAS, BULACAN",BALAGTAS / BULACAN,09209382670/09175771197,"SANTOS, MARIA LOURDES P.",hpbalagtas.lab@hi-precision.com.ph,hpbalagtas.lab@hi-precision.com.ph,5364747,2,0,2,,,PASSED,Excellent,SDTLPT-24-030126,E
3,03-0009-23-PFSS-R,3,HI-PRECISION DIAGNOSTICS PLUS - SUBIC,"UNT 1148-1150 G/F HARBOR POINT RIZAL HIGHWAY SUBIC BAY FREEPORT ZONE, OLONGAPO CITY, ZAMBALES",OLONGAPO/ZAMBALES,0917-708-4911/ 0920-961-0407,"PEDRITO Y. TAGAYUNA, MD",hpsubic.lab@hi-precision.cm.ph,hpsubic.lab@hi-precision.cm.ph,5364788,2,4,6,,,PASSED,Acceptable,SDTLPT-24-030127,A
3,03-0008-23-PFSS-R,3,HI-PRECISION DIAGNOSTICS - SAN JOSE NUEVA ECIJA BRANCH,"CDCP TOWER, MAHARLIKA HIGHWAY, BRGY. MALASIN, SAN JOSE CITY, NUEVA ECIJA",SAN JOSE/NUEVA ECIJA,0918-962-3952/ 0917-856-9010,"IRMA B. BAUTISTA-CAPINIG, MD",hpsjne.lab@hi-precision.com.ph,hpsjne.lab@hi-precision.com.ph,5364784,1,4,5,,,PASSED,Highly Satisfactory,SDTLPT-24-030128,HS
3,03-0415-24-PFSS-R,3,HI-PRECISION DIAGNOSTICS - TARLAC,"GROUND FLOOR, ZAMORA @ TCC BUILDING, 6376 MCARTHUR HIGHWAY, BARANGGAY STO. CRISTO, TARLAC CITY, TARLAC",STO CRISTO/TARLACA,0923-023-2814/ 0917-841-0018,"KATHRYNA LESLEY T. AYRO, MD",hptarlac.lab@hi-precision.com.ph,hptarlac.lab@hi-precision.com.ph,5364446,1,5,6,,,PASSED,Acceptable,SDTLPT-24-030129,A
3,03-1908-23-PIBS-R,3,HOLY SACRAMENT DIAGNOSTIC CENTER OPC,"BAHAY PARE ROAD., STO. TOMAS, SAN LUIS PAMPANGA",SAN LUIS/PAMPANGA,0919-072-9686/ 0925-552-7926,GIL BRYAN B. GALVAN,labholysacrament@gmail.com,labholysacrament@gmail.com,5405073,1,5,6,,,PASSED,Acceptable,SDTLPT-24-030130,A
3,03-XXXX-XX-XXXX-X,3,I MEDICAL HEALTHCARE CLINIC ,G/F WBC  BLDG. MCARTHUR HIWAY IBAYO MARILAO CITY BULACAN ,MARILAO CITY / BULACAN,0966-8734-192/ 0917-861-9168,"ESPIRITU, JOSEPH MICHAEL R.",imedicalhealthcar2016@yahoo.com/mikks_espiritu@yahoo.com,imedicalhealthcar2016@yahoo.com/mikks_espiritu@yahoo.com,5321979,0,5,5,,,PASSED,Highly Satisfactory,SDTLPT-24-030131,HS
3,03-0658-24-PIBS-R,3,ICARE WELLNESS CLINIC AND DIAGNOSTIC CENTER,"3/F ROSAS PHIL. HANDICRAFTS BLDG. MCARTHUR HIGHWAY, BALIBAGO, ANGELES CITY, PAMPANGA",ANGELES/PAMPANGA,0963-058-2589,PIERRE GIVENCHY G. LAYSON,icareph2019@gmail.com,icareph2019@gmail.com,5405386,2,1,3,,,PASSED,Highly Satisfactory,SDTLPT-24-030132,HS
3,03-1488-24-PIBS-R,3,ILAYA MEDICAL CLINIC LABORATORY,"LAUREL ST. SAN JOSE, BALANGA CITY, BATAAN",BALANGA/BATAAN,09300818401/0472375225/09178224219,GABRIEL J. CRUZ,ilayaclinic@yahoo.com,ilayaclinic@yahoo.com,5407110,2,0,2,,,PASSED,Excellent,SDTLPT-24-030133,E
3,03-XXXX-XX-XXXX-X,3,INFINITYCARE DIAGNOSTIC ,"0740 NATIONAL RD. ST. FRANCIS 1, LIMAY CITY, BATAAN",LIMAY CITY / BATAAN,0951-762-0276/ 0917-596-1134,"CELESTINO, LUISITO DJ.",infinitycarediagnostic@gmail.com,infinitycarediagnostic@gmail.com,5321980,0,2,2,,,PASSED,Excellent,SDTLPT-24-030134,E
3,03-1710-24-GIBS-R,3,JAMES L. GORDON MEMORIAL HOSPITAL,"#1 PERIMETER ROAD NEW ASINAN, OLONGAPO CITY, ZAMBALES",OLONGAPO/ZAMBALES,(047)-602-1229,ANGELIE ERISTELA L. OROPILLA,jlgordonhospital@gmail.com,jlgordonhospital@gmail.com,5381410,0,5,5,,,PASSED,Highly Satisfactory,SDTLPT-24-030135,HS
3,03-0422-24-PIBS-R,3,JASMINE LABORATORY,BLOCK6 LOT29 AREA F SAN PEDRO SAPANG PALAY (IN FRONT OF OSPITAL NG LUNGSOD NG SAN JOSE DEL MONTE),SJDM/BULACAN,0917-537-0339/ 0927-356-9142,"ARTURO CARAANG LOPEZ, JR",marin7569@yahoo.com ,marin7569@yahoo.com ,5403279,4,3,7,,,PASSED,Acceptable,SDTLPT-24-030136,A
3,03-1455-21-PIBS-R,3,JECSONS MEDICAL CENTER,"MC ARTHUR HIGHWAY, SAN NICOLAS, TARLAC",TARLAC CITY / TARLAC,9690834627,"BALDERAMA, HYACINTH JOY A.",jecsonslab@gmail.com,jecsonslab@gmail.com,5352986,2,3,5,,,PASSED,Highly Satisfactory,SDTLPT-24-030137,HS
3,03-1742-23-PFSS-R,3,JESUS AND MARY CLINICAL LABORATORY AND DRUG TEST CENTER,"UNIT 105 MLW COMMERCIAL COMPLEX, SAMPAGUITA ST. BRGY SAN JOSE (NEAR SAN JOSE BARANGAY HALL)",BALANGA / BATAAN,0917-534-5920/ 0917-576-1134/ (047) 237-4020,"CELESTINO, LUISITO DJ.",jesusandmarydiagnostic@gmail.com,jesusandmarydiagnostic@gmail.com,5319311,0,2,2,,,PASSED,Excellent,SDTLPT-24-030138,E
3,03-XXXX-XX-XXXX-X,3,JHAYEN MEDICAL LABORATORY & X RAY SERVICES,"RM 303, ASSUMPTA BLDG. CHURCH PATIO, BRGY STO. ROSARIO, SAN FERNANDO CITY, PAMPANGA",SAN FERNANDO CITY / PAMPANGA,0917-671-0289/ 0917-812-7234,"CRUZ, GABRIEL J.",dtcjhayenlab@yahoo.com,dtcjhayenlab@yahoo.com,5323560,4,4,8,,,PASSED,Acceptable,SDTLPT-24-030139,A
3,03-1418-23-GIBS-R,3,JOSE B. LINGAD MEMORIAL GENERAL HOSPITAL,"FRONT BUILDING 2ND FLOOR, MAC ARTHUR HIGHWAY, DOLORES, SAN FERNANDO, PAMPANGA",SAN FERNANDO CITY / PAMPANGA,0909-523-1634/ (045) 409-6688 LOC. 118,"GALVAN, GIL BRYAN B.",jblmrhlab@gmail.com,jblmrhlab@gmail.com,5318665,2,0,2,,,PASSED,Excellent,SDTLPT-24-030140,E
3,03-0540-23-PFSS-R,3,JP DIAGNOSTIC LABORATORY,"2ND FLOOR GATE BANK POBLACION I , NATIONAL HIGHWAY, SAN JOSE DEL MONTE CITY, BULACAN",SAN JOSE DEL MONTE CITY / BULACAN,0918-5755-946/ 0927-434-1987,"QUILLOPE, JOSE P.",jp.diagnosticlaboratory@yahoo.com.ph,jp.diagnosticlaboratory@yahoo.com.ph,5331067,2,1,3,,,PASSED,Highly Satisfactory,SDTLPT-24-030141,HS
3,03-1491-24-PIBS-R,3,JT2 HEALTH NETWORK,"VIOLETA STREET, VIOLETA VILLAGE, STA CRUZ, GUIGINTO, BULACAN (NEAR CALIXTO CAFê)",GUIGINTO/BULACAN,0955-653-3327,ROMIL MILLAN AGUIRRE,thnguiguinto23@gmail.com,thnguiguinto23@gmail.com,5399659,3,2,5,,,PASSED,Highly Satisfactory,SDTLPT-24-030142,HS
3,03-1140-23-PIBS-R,3,JTP MEDICAL XRAY SERVICES,"4TH FLR. MIRABES BLDG. V. TIOMICO ST. BRGY. STO. ROSARIO, SAN FERNANDO CITY, PAMPANGA",SAN FERNANDO CITY / PAMPANGA,0905-814-2982,"CHUA, JOSEPHINE L.",jtplab@hotmail.ph,jtplab@hotmail.ph,5331066,2,2,4,,,PASSED,Highly Satisfactory,SDTLPT-24-030143,HS
3,03-0427-24-PIBS-R,3,LAB 1 MEDICAL AND DIAGNOSTIC CENTER,"UNIT 4 2ND FLR, RM CENTERPOINT BUILDING, MAGSAYSAY ROTONDA, EAST TAPINAC, OLONGAPO CITY, ZAMBALES",OLONGAPO/ZAMBALES,0906-579-1079/ 0905-305-2600,GABRIEL J. CRUZ,lab1dc.dtdept@gmail.com,lab1dc.dtdept@gmail.com,5391466,2,4,6,,,PASSED,Acceptable,SDTLPT-24-030144,A
3,03-1840-24-PIBS-I,3,"LABCORP OR THE PHILIPPINES MEDICAL, INC.","QUEST PHIL DIAGNOSTICS BLDG., LOT 5 SALOME ST., BRGY. BALIBAGO, ANGELES CITY, PAMPANGA",ANGELES/PAMPANGA,0917-626-0911,EMILIANO GUILLERMO JR. C. DELA CRUZ,qestphillab@gmail.com,qestphillab@gmail.com,5415293,3,0,3,,,PASSED,Highly Satisfactory,SDTLPT-24-030145,HS
3,03-XXXX-XX-XXXX-X,3,LABPRO DIAGNOSTIC CENTER,"9026 B. TANDOC ST. PECSON VILLE, TUNGKONG MANGGA",SAN JOSE DEL MONTE CITY / BULACAN,9255211659 / 09171081790,"NERVES, MARY YVONNETTE C.",labprodiagnostic@yahoo.com,labprodiagnostic@yahoo.com,5341916,1,1,2,,,PASSED,Excellent,SDTLPT-24-030146,E
3,03-0429-24-PIBS-R,3,LABWORKS DIAGNOSTIC LABORATORY,"353 BRGY. WAWA (POBLACION), BALAGTAS, BULACAN",BALAGTAS / BULACAN,9068904617/09236210862,"BITUN, HUMPHREY C.",labworksdiagnosticlaboratory@yahoo.com,labworksdiagnosticlaboratory@yahoo.com,5362864,0,5,5,,,PASSED,Highly Satisfactory,SDTLPT-24-030147,HS
3,03-1785-24-PIBS-R,3,LN LABORATORY AND DIAGNOSTIC CENTER,"DR. GONZALES ST., BALIUAG, BULACAN",BALIUAG/BULACAN,0919-004-5421,RHODERICK M. CRUZ,Lnlaboratory8@gmail.com,Lnlaboratory8@gmail.com,5416971,3,5,8,,,PASSED,Acceptable,SDTLPT-24-030148,A
3,03-1796-24-PIBS-R,3,LN LABORATORY AND DIAGNOSTIC CENTER,"MAC ARTHUR HI-WAY SAN MATIAS IN FRONT OF ROBINSON EASYMART SANTO TOMAS, PAMPANGA",SANTO TOMAS/PAMPANGA,0919-004-5421,RHODERICK M. CRUZ,lnlaboratorypampanga@gmail.com,lnlaboratorypampanga@gmail.com,5416972,4,4,8,,,PASSED,Acceptable,SDTLPT-24-030149,A
3,03-1788-24-PIBS-R,3,LN LABORATORY CLINIC,"LOT 21 BLOCK 66 BRGY. BAGONG BUHAY BESIDE ALFAMART, CITY OF SAN JOSE DEL MONTE, BULACAN",SJDM/BULACAN,0932-652-9967,RHODERICK M. CRUZ,melisarobellnguevan0214@gmail.com,melisarobellnguevan0214@gmail.com,5416970,4,3,7,,,PASSED,Acceptable,SDTLPT-24-030150,A
3,03-0552-23-PFSS-R,3,LUCKY CHARM DRUG TESTING CENTER ,DOOR # 3 ISMAEL BLDG. CORAZON DE JESUS ST. POBLACION STA MARIA BULACAN ,STA.MARIA / BULACAN,(044) 641-4958/ 09318685467,"MERCADO, JENNIFER D.",charmdtl@yahoo.com,charmdtl@yahoo.com,5206765,1,0,1,,,PASSED,Excellent,SDTLPT-24-030151,E
3,03-1052-24-PIBS-R,3,MA. TRINITY LABORATORY AND X-RAY DIAGNOSTIC CENTER,"NATIONAL ROAD, PALTAO (IN FRONT OF BANK OF FLORIDA), PULILAN, BULACAN",PULILAN/BULACAN,0933-251-7549,REYNALDO G. TORRES,ma.trinitydiagnosticspulilan@gmail.com,ma.trinitydiagnosticspulilan@gmail.com,5395260,1,0,1,,,PASSED,Excellent,SDTLPT-24-030152,E
3,03-1049-24-PIBS-R,3,MA. TRINITY LABORATORY AND X-RAY DIAGNOSTIC CENTER (MALOLOS BRANCH),"UNIT 5 #42 TWINS PLAZA BUILDING, MC ARTHUR HIGHWAY, BULIHAN, CITY OF MALOLOS, BULACAN",MALOLOS/BULACAN,0942-394-1490/0922-823-2343,"REYNALDO G, TORRES",ma.trinitydiagnosticsmalolos@gmail.com,ma.trinitydiagnosticsmalolos@gmail.com,5395919,3,5,8,,,PASSED,Acceptable,SDTLPT-24-030153,A
3,03-0473-23-PIBS-R,3,MAHARLIKA CAPA DENSON SPECIALTY CLINIC,"#3 QUIRINO HIGHWAY, ST. IGNATIUS ARCADE , BIGTE, NORZAGARAY , BULACAN",NORZAGARAY/BULACAN,0932-614-2516,MA. ANGELICA B. JALCES,micdiagnosticclinic@gmail.com,micdiagnosticclinic@gmail.com,5408182,2,3,5,,,PASSED,Highly Satisfactory,SDTLPT-24-030154,HS
3,03-0590-22-PIBS-R,3,"MALOLOS HEALTH PROVIDERS, INC","169 PASEO DEL CONGRESO, LIANG MALOLOS CITY BULACAN CITY",MALOLOS CITY / BULACAN CITY,93381593626,"SO, MARIE MICHELLE YU",maloloshealthproviders@yahoo.com,maloloshealthproviders@yahoo.com,5323582,2,1,3,,,PASSED,Highly Satisfactory,SDTLPT-24-030155,HS
3,03-0432-24-PIBS-R,3,MARILAO SAINT MICHAEL FAMILY HOSPITAL,"C. SANTIAGO ST., POBLACION II, MARILAO, BULACAN",MARILAO/BULACAN,0966-906-1493/0918-925-9899,REYNALDO G. TORRES,msmflab@yahoo.com,msmflab@yahoo.com,5381141,2,2,4,,,PASSED,Highly Satisfactory,SDTLPT-24-030156,HS
3,03-1735-24-PFSS-R,3,"MDLAB DIAGNOSTIC CENTER, INC.","LOT 23, BLOCK 11, 1ST STREET, BALIBAGO, ANGELES CITY, PAMPANGA",ANGELES/PAMPANGA,0933-476-2398,ROMMEL G. MALONZO,mdlab2311@yahoo.com,mdlab2311@yahoo.com,5383598,0,0,0,,,PASSED,Excellent,SDTLPT-24-030157,E
3,03-0585-23-PIBS-R,3,MEDHUB LAB MULTI SPECIALTY AND DIAGNOSTIC CLINIC ,"ROMAN HIGHWAY PALIHAN CENTRO HERMOSA CITY, BATAAN ",HERMOSA CITY / BATAAN,0917-523-6482/ 0919-073-0146,"ECLARIN, RICARDO E.",medhubhermosa@gmail.com,medhubhermosa@gmail.com,5333497,2,3,5,,,PASSED,Highly Satisfactory,SDTLPT-24-030158,HS
3,03-0695-19-PIBS-R,3,MEDHUB LAB MULTISPECIALTY AND DIGNOSTIC CLINIC- OLONGAPO BRANCH,"UNIT 5 DONATO BLDG. 69 RIZAL AVE., BANICAIN, OLONGAPO CITY, ZAMBALES ( IN FRONT OF JAMES L. GORDON HOSPITAL)",OLONGAPO CITY/ZAMBALES,(047) 6020737; 09178252365;09189047921,"RICARDO E. ECLARIN, MD",medhubclinic@gmail.com,medhubclinic@gmail.com,5300313,2,2,4,,,PASSED,Highly Satisfactory,SDTLPT-24-030159,HS
3,03-0271-22-PIBS-R,3,MEDITRUST DIAGNOSTIC LABORATORY AND PHARMACY,"MACARTHUR HI-WAY, CITY OF SAN FERNANDO, PAMPANGA",CITY OF SAN FERNANDO / PAMPANGA,9491964697,"LEDESMA, DEXTER A.",medtrustdlp@gmail.com,medtrustdlp@gmail.com,5362348,1,3,4,,,PASSED,Highly Satisfactory,SDTLPT-24-030160,HS
3,03-1864-24-PFSS-I,3,MEDLIFE DIAGNOSTIC CENTER,"2401 SURLA STR., BALIBAGO, ANGELES CITY, PAMPANGA",ANGELES/PAMPANGA,0969-641-9729/0917-841-1010,FLORENCIO C. DIZON ,medlifediagnosticcenter2022@gmail.com,medlifediagnosticcenter2022@gmail.com,5415296,2,0,2,,,PASSED,Excellent,SDTLPT-24-030161,E
3,03-1496-24-PIBS-R,3,MENDOZA DIAGNOSTIC CENTER,"930 ME NATIONAL ROAD (IN FRONT OF TOTAL GAS STATION) TIBAG, PULILAN, BULACAN",PULILAN/BULACAN,0938-333-2349/0920-973-9859,MARIEL R. RIBO,mendozaiagnostic@gmail.com,mendozaiagnostic@gmail.com,5417412,1,1,2,,,PASSED,Excellent,SDTLPT-24-030162,E
3,03-0436-24-PIBS-R,3,MICHAEL'S HEALTHLAB AND DIAGNOSTIC CLINIC,"PUROK 2, BRGY. SINIPIT, NATIONAL ROAD, BONGABON, NUEVA ECIJA",BONGABON/NUEVA ECIJA,0956-489-2921,JUANITA T. LACUESTA,bongabonhealthlab@gmail.com,bongabonhealthlab@gmail.com,5415463,4,3,7,,,PASSED,Acceptable,SDTLPT-24-030163,A
3,03-0275-22-PIBS-R,3,MICHAEL'S HEALTHLAB AND DIAGNOSTIC CLINIC,"MAHARLIKA HIGHWAY, BRGY. MALASIN, SAN JOSE CITY, NUEVA ECIJA",SAN JOSE/NUEVA ECIJA,0922-765-3270/0931-208-5453,JUANITA T. LACUESTA,prohealthone@yahoo.com,prohealthone@yahoo.com,5415462,1,1,2,,,PASSED,Excellent,SDTLPT-24-030164,E
3,03-0438-24-PFSS-R,3,MIH DRUG TESTING CENTER,"625 PARZON SQUARE BLDG., 3/F STALL H, STO. ROSARIO ST., BRGY. STO. DOMINGO, ANGELES CITY, PAMPANGA",ANGELES/PAMPANGA,0910-850-3945/ 0922-873-5141,ROMMEL G. MALONZO,threegirlsdtc@yahoo.com,threegirlsdtc@yahoo.com,5374773,4,1,5,,,PASSED,Highly Satisfactory,SDTLPT-24-030165,HS
3,03-1877-24-PIBS-R,3,MIKROLAB DIAGNOSTIC LABORATORY AND HEALTH CLINIC,"MABINI EXTENSION, CABANATUAN CITY, NUEVA ECIJA",CABANATUAN/NUEVA ECIJA,0917-553-1800/ 0908-880-0125,EMEDITA L. REYES,mikrolabdt2021@gmail.com,mikrolabdt2021@gmail.com,5405387,1,0,1,,,PASSED,Excellent,SDTLPT-24-030166,E
3,03-1498-24-PFSS-R,3,MJ SCREENLAB DRUG TESTING CENTER,"2A PE•A BLDG., GOV. LICACOS AVENUE, CITY OF MEYCAUAYAN, BULACAN",MEYCAUAYAN/BULACAN,0917-822-5219/0917-379-1681,GABRIEL J. CRUZ,mjscreenlab@gmail.com,mjscreenlab@gmail.com,5388853,1,2,3,,,PASSED,Highly Satisfactory,SDTLPT-24-030167,HS
3,03-0439-24-PIBS-R,3,MONOHEALTH DIAGNOSTICS CO.,"UNIT P. NORTHERN HILLS NATIONAL ROAD. MALHACAN, MEYCAUYAN CITY, BULACAN",MEYCAUAYAN/BULACAN,0977-886-0241/ 0932-889-9224,JESSICA NICOLE C. SABIDO,monohealth.diagnostics@gmail.com,monohealth.diagnostics@gmail.com,5408103,0,3,3,,,PASSED,Highly Satisfactory,SDTLPT-24-030168,HS
3,03-0498-24-PIBS-R,3,MONTE ZION DIAGNOSTIC AND MEDICAL CENTER CORPORATION,"UNIT 1-A LOT 4, GREENWOODS PARK, RIZAL AVE. , SUBIC BAY FREEPORT ZONE, OLONGAPO CITY, ZAMBALES",OLONGAPO/ZAMBALES,0920-969-4044,RONALD DC CABUDOY,sales.monteziondiagnostic@gmail.com,sales.monteziondiagnostic@gmail.com,5400961,1,5,6,,,PASSED,Acceptable,SDTLPT-24-030169,A
3,03-0499-24-PIBS-R,3,MOTHER TERESA OF CALCUTA MEDICAL CENTER,"MC ARTHUR HIGHWAY, MAIMPIS, CITY OF SAN FERNANDO (CAPITAL), PAMPANGA",SAN FERNANDO/PAMPANGA,09088221781/ 09255527926,GIL BRYAN B. GALVAN,mtcmclaboratory@gmail.com,mtcmclaboratory@gmail.com,5419060,3,0,3,,,PASSED,Highly Satisfactory,SDTLPT-24-030170,HS
3,03-0500-24-PIBS-R,3,MOUNT EVE MULTISPECIALTY CLINIC AND DIAGNOSTIC CENTER,"UNIT 1 CLUSTER 3 RIPPLES BUILDING, TALON CITIPLAZA, SOUTHERN BYPASS ROAD, SAN VICENTE CITY, TARLAC",TARLAC CITY,0933-826-3916,"MA. THERESA T. ENRILE, MD",mounteve1416@gmail.com,mounteve1416@gmail.com,5367264,2,2,4,,,PASSED,Highly Satisfactory,SDTLPT-24-030171,HS
3,03-XXXX-XX-XXXX-X,3,MPM DIAGNOSTIC LABORATORY,"IBAYO ST., BRGY. OMBOY, ABUCAY CITY, BATAAN (BESIDE PUREGOLD ABUCAY)",ABUCAY CITY / BATAAN,0906-0964-258/ 0920-945-8864,"AGPES, GERALDINE M.",maryannpereymilana2003@gmail.com,maryannpereymilana2003@gmail.com,5329532,1,1,2,,,PASSED,Excellent,SDTLPT-24-030172,E
3,03-1334-23-PIBS-R,3,MYLES DIAGNOSTIC LABORATORY,"GROUND FLOOR, DON MARIANO MARCOS (POBLACION)",JAEN/NUEVA ECIJA,0917-872-2689/ 0917-555-5614,MARY ANN V. DELA CRUZ,mylesdylabo05@gmail.com,mylesdylabo05@gmail.com,5383555,3,1,4,,,PASSED,Highly Satisfactory,SDTLPT-24-030173,HS
3,03-1503-24-PFSS-R,3,"NEW WORLD DIAGNOSTICS, INC.-STA. MARIA BULACAN","F. SANTIAGO ST. COR. C. M. DE JESUS ST., POBLACION, STA, MARIA, BULACAN",STA MARIA/BULACAN,0991-391-3948,PAULO GIOVANNI L. MENDOZA,kristel.dionisio@nwdi.com.ph,kristel.dionisio@nwdi.com.ph,5392171,1,4,5,,,PASSED,Highly Satisfactory,SDTLPT-24-030174,HS
3,03-1507-24-PIBS-R,3,"NWD TARLAC MEDICAL, INC.","BLOCK 3, MCARTHUR HIGHWAY, SAN NICOLAS, TARLAC CITY",TARLAC CITY,0991-391-3948,PAULO GIOVANNI L. MENDOZA,kristel.dionisio@nwdi.com.ph,kristel.dionisio@nwdi.com.ph,5394158,1,0,1,,,PASSED,Excellent,SDTLPT-24-030175,E
3,03-1772-23-PIBS-R,3,ONE MEDIC MEDICAL AND DIAGNOSTIC CLINIC,"TIERRA LINDA BLDG., JOSE ABAD SANTOS AVENUE, BRGY. SAN JOSE",PAMPANGA,0968-479-8945/ 0939-726-4782,"LAYSON, PIERRE GIVENCHY G.",onemedicph@gmail.com,onemedicph@gmail.com,5331070,1,1,2,,,PASSED,Excellent,SDTLPT-24-030176,E
3,03-0443-24-GIBS-R,3,OSPITAL NING CAPAS,"MUNICIPAL COMPOUND, BRGY. STO. DOMINGO 2ND CAPAS, TARLAC",CAPAS/TARLAC,0947-225-1781,NICK  R. FERNANDEZ,onclaboratory@gmail.com,onclaboratory@gmail.com,5418687,0,0,0,,,PASSED,Excellent,SDTLPT-24-030177,E
3,03-0606-22-PIBS-R,3,OUR LADY OF MT. CARMEL MEDICAL CENTER,"KM78 MCARTHUR HIWAY, BRGY. SAGUIN, CITY OF SAN FERNANDO, PAMPANGA",CITY OF SAN FERNANDO / PAMPANGA,0998-864-2037/ 0917-841-0018,"AYRO, KATHRYNA LESLEY T.",mt.carmel_laboratory@yahoo.com,mt.carmel_laboratory@yahoo.com,5336707,2,0,2,,,PASSED,Excellent,SDTLPT-24-030178,E
3,03-0590-23-PIBS-R,3,OUR LADY OF MT. CARMEL MEDICAL CENTER -CLARK,"LOT 4 NINOY AQUINO AVENUE, CLARK FREEPORT ZONE, MABALACAT, PAMPANGA",MABALACAT / PAMPANGA,9319395775,"AYRO, KATHRYNA LESLEY T.",laboratory.mtcarmelclark@gmail.com,laboratory.mtcarmelclark@gmail.com,5352983,4,4,8,,,PASSED,Acceptable,SDTLPT-24-030179,A
3,03-0014-23-PIBS-R,3,PAMPANGA HEALTHCARE & DIAGNOSTIC CENTER (PHDCI) INC. ,"G/F LOT 1-11 MC ARTHUR HIGHWAY (IN FRONT OF ASTRO PARK, BALIBAGO), ANGELES CITY, PAMPANGA",ANGELES CITY / PAMPANGA,09293305530/(045),"FERNANDEZ, NICK R.",phdci.drugtest@gmail.com,phdci.drugtest@gmail.com,5347683,1,1,2,,,PASSED,Excellent,SDTLPT-24-030180,E
3,03-1732-24-PIBS-R,3,PAMPANGA MEDICAL SPECIALIST HOSPITAL,"KM 80 JOSE ABAD SANTOS AVENUE, SAN ANTONIO, GUAGUA, PAMPANGA",GUAGUA/PAMPANGA,0927-136-0790,KATHRYNA LESLEY T.  AYRO,pmshdinlab@gmail.com/elainegarcia0777@yahoo.com,pmshdinlab@gmail.com/elainegarcia0777@yahoo.com,5376406,0,3,3,,,PASSED,Highly Satisfactory,SDTLPT-24-030181,HS
3,03-0444-24-PFSS-R,3,PASTRANA CLINICAL LABORATORY,"251 BANGA 1ST CROSSING, PLARIDEL, BULACAN",PLARIDEL / BULACAN,09196259657/09994099364,"CRUZ, RHODERICK M.",pastranaclinlab1998@gmail.com,pastranaclinlab1998@gmail.com,5362619,2,2,4,,,PASSED,Highly Satisfactory,SDTLPT-24-030182,HS
3,03-0445-24-PFSS-R,3,PEDROSA DIAGNOSTIC CENTER,"BLK 57 LOT 3 PHASE 4A EL CAMINO ROAD, STO NI•O, MEYCAUAYAN, BULACAN",MEYCAUAYAN / BULACAN,9081016579,"TORRES, REYNALDO G.",posadasnesie@gmail.com,posadasnesie@gmail.com,5357755,5,2,7,,,PASSED,Acceptable,SDTLPT-24-030183,A
3,03-XXXX-XX-XXXX-X,3,PHCL DIAGNOSTIC CLINIC,"BONA ST., STA. CRUZ (BESIDE PUREGOLD STA. CRUZ, LUBAO), LUBAO, PAMPANGA",LUBAO / PAMPANGA,9258744969,"AYRO, KATHRYNA LESLEY T.",jacwaph07@gmail.com,jacwaph07@gmail.com,5358611,2,3,5,,,PASSED,Highly Satisfactory,SDTLPT-24-030184,HS
3,03-1739-24-PIBS-R,3,PORAC DIAGNOSTIC LABORATORY,"GENERAL LUNA ST., BABO SACAN, PORAC CITY, PAMPANGA",PORAC/PAMPANGA,0923-103-5210/ 0920-948-2425,MARIA ANGELITA C. GUTIERREZ,poraclaboratory@yahoo.com,poraclaboratory@yahoo.com,5403941,2,0,2,,,PASSED,Excellent,SDTLPT-24-030185,E
3,03-XXXX-XX-XXXX-X,3,PREMIERE GENERAL HOSPITAL OF NUEVA ECIJA,"MAHARLIKA HIGHWAY, DAAN SARILE, CABANATUAN CITY, NUEVA ECIJA 3100, CABANATUAN, NUEVA ECIJA",CABANATUAN/NUEVA ECIJA,0916-653-8215,MAR-JAY S. GULAPA,premierelab.113@gmail.com,premierelab.113@gmail.com,5374781,1,5,6,,,PASSED,Acceptable,SDTLPT-24-030186,A
3,03-1729-22-PFSS-I,3,PRIME MEDICAL LABORATORY,"UNIT I, BUILDER'S WAREHOUSE, BULIHAN, CITY OF MALOLOS, BULACAN",MALOLOS/BULACAN,0926-638-6300/0926-674-1090,RAYMUNDO F. FELICIANO,primemedicallaboratory25@gmail.com,primemedicallaboratory25@gmail.com,5416045,2,5,7,,,PASSED,Acceptable,SDTLPT-24-030187,A
3,03-1612-24-PIBS-R,3,PRIMELAB DIAGNOSTIC LABORATORY,"III MAC ARTHUR HIGHWAY, SAN FRANCISCO (IN FRONT JOLLIBEE MABALACAT BRANCH), PAMPANGA",SAN FRANCISCO/PAMPANGA,0933-305-8464,MARIE MICHELLE Y. SO,primelab_1108@yahoo.com,primelab_1108@yahoo.com,5418124,2,0,2,,,PASSED,Excellent,SDTLPT-24-030188,E
3,03-1907-23-PFSS-R,3,PRIMUS DIAGNOSTICS INC.,"SHOPKING COMMERCIAL CENTER BLDG., MCARTHUR HIGHWAYS, MAIMPIS, CITY OF SAN FERNANDO, PAMPANGA",CITY OF SAN FERNANDO / PAMPANGA,0917-598-8586/ 0947-372-2945,"BONDOC, OLIVIA VICTORIA C.",primusdiagnosticsinc@gmail.com,primusdiagnosticsinc@gmail.com,5329527,2,0,2,,,PASSED,Excellent,SDTLPT-24-030189,E
3,03-0447-24-PIBS-R,3,PROCHECK DIAGNOSTIC CENTER,"CECILIA BERNARDO BUILDING, AGLIPAY STREET, RIZAL, NUEVA ECIJA",NUEVA ECIJA,0935-058-1295,JUANITA T. LACUESTA,procheckdph@gmail.com,procheckdph@gmail.com,5415464,4,1,5,,,PASSED,Highly Satisfactory,SDTLPT-24-030190,HS
3,03-XXXX-XX-XXXX-X,3,QUALIMED DIAGNOSTIC LABORATORY ,"2ND FLOOR SUS BUILDING PALANGINAN, IBA CITY, ZAMBALES (INFRONT OF PRMMH) ",IBA/ZAMBALES,0939-604-9335,MARIE MICHELLE  Y. SO ,joeyescobaljr@yahoo.com ,joeyescobaljr@yahoo.com ,5398868,3,5,8,,,PASSED,Acceptable,SDTLPT-24-030191,A
3,03-0448-24-PIBS-R,3,QUALISTAT MEDICAL AND DIAGNOSTIC CENTER,"UNIT 3 ASC BUILDING MAC ARTHUR HIGH WAY STO. DOMINGO 2, CAPAS, TARLAC",CAPAS/TARLAC,0932-453-8527/ 0922-851-0791,NICK R. FERNANDEZ,qualistat.com@gmail.com,qualistat.com@gmail.com,5410065,3,0,3,,,PASSED,Highly Satisfactory,SDTLPT-24-030192,HS
3,03-XXXX-XX-XXXX-X,3,R&R HOLISTIC LABORATORY AND DIAGNOSTIC CENTER,"2F-4F, G&P BUILDING, MC ARTHUR HIGHWAY, SINDALAN (FRONT OF OFW HOSPITAL) SAN FERNANDO, PAMPANGA",SAN FERNANDO / PAMPANGA,09175107446/09222318285,"MIRANDA, MICHELLE T.",mrholisticlaboratory@gmail.com,mrholisticlaboratory@gmail.com,5363333,0,0,0,,,PASSED,Excellent,SDTLPT-24-030193,E
3,03-0659-24-PFSS-R,3,RABVGIE DRUGTESTING LABORATORY,"POBLACION ROAD, MINUYAN, NORZAGARAY, BULACAN",NORZAGARAY/BULACAN,0917-845-4712/0917-822-4219,GABRIEL  J. CRUZ,rabvgie2021@gmail.com,rabvgie2021@gmail.com,5413847,2,2,4,,,PASSED,Highly Satisfactory,SDTLPT-24-030194,HS
3,03-1502-24-PIBS-R,3,RAYOS-VALENTIN HOSPITAL INC.,"#5 BALTAZAR SUBD., POBLACION NORTE, PANIQUI CITY, TARLAC",PANIQUI/TARLAC,0910-428-4986 ,KIMMY R. VALENTIN,rvhilab@gmail.com,rvhilab@gmail.com,5405586,0,2,2,,,PASSED,Excellent,SDTLPT-24-030195,E
3,03-1401-23-PIBS-R,3,RE DE JESUS MULTI-SPECIALTY CLINIC AND DIAGNOSTIC CENTER,"BACK OF LBC CAYPOMBO, REDJ BLDG., BARANGAY CAYPOMBO, SANTA MARIA, BULACAN", SANTA MARIA / BULACAN,9325171404,"DE JESUS, RONALD E.",djmclab@gmail.com,djmclab@gmail.com,5346643,2,4,6,,,PASSED,Acceptable,SDTLPT-24-030196,A
3,03-0116-24-PIBS-I,3,REYES-TADEO MEDICAL CLINIC AND LABORATORY,"PELMOKA ST. CORNER BAYUGA ST., POBLACION EAST, SCIENCE CITY OF MU•OZ, NUEVA ECIJA",MUNOZ/NUEVA ECIJA,0951-100-8554,"MIRIAN D. VITERBO, MD",prtclaboratorydepartment@gmail.com,prtclaboratorydepartment@gmail.com,5366464,3,2,5,,,PASSED,Highly Satisfactory,SDTLPT-24-030197,HS
3,03-1504-24-PIBS-R,3,RIDON'S ST. JUDE MEDICAL CENTER CORPORATION,"62 18TH ST., COR. HARRIS ST., EAST BAJAC BAJAC, OLONGAPO CITY, ZAMBALES CITY",OLONGAPO/ZAMBALES,0923-382-2146/0917-626-3278,EMIL BRYAN M. GARCIA,rsjmcclinlab@yahoo.com,rsjmcclinlab@yahoo.com,5413848,2,2,4,,,PASSED,Highly Satisfactory,SDTLPT-24-030198,HS
3,03-0451-24-PIBS-R,3,RONQUILLO POLYCLINIC AND DIAGNOSTIC CLINIC,"CMC BUILDING, DIAZ ST. MARCOS DISTRICT (POB.) TALAVERA, NUEVA ECIJA",TALAVERA/NUEVA ECIJA,0955-134-4082,JUANITA T. LACUESTA,ronquillo.polyclinic@gmail.com,ronquillo.polyclinic@gmail.com,5415461,2,4,6,,,PASSED,Acceptable,SDTLPT-24-030199,A
3,03-XXXX-XX-XXXX-X,3,ROQUE-BAEZ MEDICAL CLINIC AND DIAGNOSTIC CENTER,"BALTAZAR BUILDING ESPINO ST., PULILAN, BULACAN",PULILAN CITY / BULACAN,9228374515,"TORRES, REYNALDO G.",roquebaez18@yahoo.com,roquebaez18@yahoo.com,5338010,2,2,4,,,PASSED,Highly Satisfactory,SDTLPT-24-030200,HS
3,03-1676-24-PIBS-R,3,ROSALES MEDICAL CLINIC & LABORATORY,"39-B DON MANUEL AVENUE, KAPITAN PEPE SUBDIVISION, CABANATUAN CITY, NUEVA ECIJA",CABANATUAN/NUEVA ECIJA,0915-709-4638/ 0908-880-125,"EMEDITA L. REYES, MD",rosaleslaboratory@gmail.com,rosaleslaboratory@gmail.com,5369612,2,2,4,,,PASSED,Highly Satisfactory,SDTLPT-24-030201,HS
3,03-1506-24-PIBS-R,3,"SACRED HEART HOSPITAL OF MALOLOS, INC.","2F ROOM DLOG, DMAC BUILDING, SACRED HEART HOSPITAL OF MALOLOS, DR. PERALTA STREET (NEAR JOLLIBEE CROSSING), GUINHAWA, CITY OF MALOLOS, BULACAN",MALOLOS/BULACAN,0918-926-2188/ 0917-561-5685,DENNIS JOSE S. CARBONELL,shhlabdept@yahoo.com,shhlabdept@yahoo.com,5377684,1,2,3,,,PASSED,Highly Satisfactory,SDTLPT-24-030202,HS
3,03-0453-24-PIBS-R,3,SAGIP BIE DRUG TESTING LABORATORY,"CLDRC COMPOUND , BRGY STO. NINO, MAGALANG CITY, PAMPANGA",MAGALANG/PAMPANGA,0917-515-9958/ 0991-681-8289,LARA MAE A. ANGELES,thelmee_0414@yahoo.com.ph,thelmee_0414@yahoo.com.ph,5397740,3,1,4,,,PASSED,Highly Satisfactory,SDTLPT-24-030203,HS
3,03-0454-24-PIBS-R,3,"SAINT CLARE OB-GYN,PEDIATRIC AND DIAGNOSTIC CLINIC","1/F LC BLDG MCARTHUR HIGHWAY,SAN ROQUE TARLAC CITY, TARLAC",TARLAC CITY,0932-709-0822,NICK R. FERNANDEZ,saintclareclinic@gmail.com,saintclareclinic@gmail.com,5399484,2,0,2,,,PASSED,Excellent,SDTLPT-24-030204,E
3,03-1230-23-PIBS-R,3,SAINT JOSEPH DIAGNOSTIC LABORATORY,"ST. JOSEPH BLDG. 4, DONA CARMEN, COR. VICTOR ST., MT. VIEW, BALIBAGO, ANGELES CITY, PAMPANGA",ANGELESCITY / PAMPANGA,9981354065,"FERNANDEZ, NICK R.",sjdl203@yahoo.com,sjdl203@yahoo.com,5346784,4,4,8,,,PASSED,Acceptable,SDTLPT-24-030205,A
3,03-XXXX-XX-XXXX-X,3,SAN ANDRES DIAGNOSTIC CENTER,"OLONDRIZ ST., CORNER ROSARIO ST., SOUTH POBLACION, MASINLOC, ZAMBALES",MASINLOC/ZAMBALES,0998-547-9982/ 0915-696-6211/ 0917-882-4219,GABRIEL J. CRUZ,andreana_pd@yahoo.com,andreana_pd@yahoo.com,5373390,1,3,4,,,PASSED,Highly Satisfactory,SDTLPT-24-030206,HS
3,03-0648-23-GIBS-R,3,SAN JOSE CITY HEALTH OFFICE DRUGTESTING LABORATORY ,"CHO BLDG., A.O PASCUAL ST., SAN JOSE CITY, NUEVA ECIJA",SAN JOSE CITY / NUEVA ECIJA,0922-873-0404,"ROMAN, GONZALO B.",hannahescudero@gmail.com,hannahescudero@gmail.com,5329719,2,3,5,,,PASSED,Highly Satisfactory,SDTLPT-24-030207,HS
3,03-XXXX-XX-XXXX-X,3,SANTA ELENA DIAGNOSTIC CENTER,"BURGOS AVENUE SANGITAN, CABANATUAN CITY, NUEVA ECIJA",CABANATUAN CITY / NUEVA ECIJA,0943-606-2565/ 0908-880-0125,"REYES, EMEDITA L.",santaelenadc_cc@yahoo.com.ph,santaelenadc_cc@yahoo.com.ph,5329755,3,1,4,,,PASSED,Highly Satisfactory,SDTLPT-24-030208,HS
3,03-XXXX-XX-XXXX-X,3,SANTA ELENA DIAGNOSTIC CENTER-BALIUAG,"SEDC BUILDING., DR. GONZALES STREET TIBAG, BALIUAG CITY, BULACAN",BALIUAG CITY / BULACAN,0932-779-0699/ 0908-880-0125,"REYES, EMEDITA L.",sedc.sgoc21@yahoo.com,sedc.sgoc21@yahoo.com,5329754,0,2,2,,,PASSED,Excellent,SDTLPT-24-030209,E
3,03-XXXX-XX-XXXX-X,3,SCZ MEDICAL CLINIC LABORATORY,"251 NATIONAL ROAD POBLACION SOUTH , STA. CRUZ CITY, ZAMBALEZ (BESIDE MAGIC MALL)",STA CRUZ/ZAMBALES,0928-338-6994/ 0930-210-8486,RICARDO E.  ECLARIN,251sczmcl@gmail.com,251sczmcl@gmail.com,5405587,0,1,1,,,PASSED,Excellent,SDTLPT-24-030210,E
3,03-XXXX-XX-XXXX-X,3,"SE•OR STO. NI•O HOSPITAL, INC.","1ST FLOOR BUILDING A, BURGOS STREET, POBLACION B, CAMILING CITY, TARLAC",CAMILING/TARLAC,0951-018-5932/ 0917-816-3813,"BU C. CASTRO, MD",ssnhilabdept@gmail.com,ssnhilabdept@gmail.com,5368505,1,2,3,,,PASSED,Highly Satisfactory,SDTLPT-24-030211,HS
3,03-1643-23-PIBS-R,3,SINGAPORE DIAGNOSTICS,"GF ALTA CLARO BLDG., MC ARTHUR HIWAY COR. SAN PABLO ST. BRGY. CARLO M. RECTO, ANGELES CITY PAMPANGA",ANGELES CITY / PAMPANGA,0917-709-1577/ 0917-516-9949,"MENDOZA, PAULO GIOVANNI L.",corelabangeles@singaporediagnostics.com,corelabangeles@singaporediagnostics.com,5326527,2,5,7,,,PASSED,Acceptable,SDTLPT-24-030212,A
3,03-0459-24-PIBS-R,3,SJ ORBE MEDICAL AND LABORATORY CLINIC,"#36 GEN PACHECO ST. CALVARIO, MEYCAUAYAN, BULACAN (FRONT OF PH SHOP)",MEYCAUAYAN/BULACAN,0917-844-3289,MARICEL  R. RIBO,orbeclamorsusan@yahoo.com,orbeclamorsusan@yahoo.com,5405715,0,5,5,,,PASSED,Highly Satisfactory,SDTLPT-24-030213,HS
3,03-1777-24-PIBS-R,3,SKY DIAGNOSTIC MEDICAL CORP.,"148 A MABINI ST., SABANG, BALIUAG, BULACAN",BALIUAG/BULACAN,0929-558-4430,KRISTINE  DAQUIOAG,skydiagnostic2024@gmail.com,skydiagnostic2024@gmail.com,5405714,4,2,6,,,PASSED,Acceptable,SDTLPT-24-030214,A
3,03-0461-24-PIBS-R,3,SKYLINE HOSPITAL AND MEDICAL CENTER,"SKYLINE DRIVE COR. QUIRINO HIGHWAY, BRGY. TUNGKONG MANGGA, SAN JOSE DEL MONTE, BULACAN",SAN JOSE DEL MONTE / BULACAN,9278568083,"BITUN, HUMPHREY C.",laboratory.skyline@gmail.com,laboratory.skyline@gmail.com,5357361,2,2,4,,,PASSED,Highly Satisfactory,SDTLPT-24-030215,HS
3,03-1709-24-PIBS-R,3,SOLANO MEDICAL CLINIC AND LABORATORY ,"#240 CORNER CANCIO STREET, MAC ARTHUR HI-WAY, POBLACION 2, GERONA, TARLAC",GERONA/TARLAC,0926-725-5495/0939-916-8897,KIMMY R. VALENTIN,solanomcl@yahoo.com,solanomcl@yahoo.com,5415295,1,3,4,,,PASSED,Highly Satisfactory,SDTLPT-24-030216,HS
3,03-0460-24-PIBS-R,3,ST. ALBERT MEDICAL AND DIAGNOSTIC CLINIC,"GROUND FLOOR, MELANIO'S BUILDING, GABALDON ST., MA. THERESA, CABANATUAN CITY, NUEVA ECIJA",CABANATUAN/NUEVA ECIJA,0917-626-9623/ 0917-559-6841,"MAR-JAY S. GULAPA, MD",stalbertmdc2@gmail.com,stalbertmdc2@gmail.com,5369613,2,1,3,,,PASSED,Highly Satisfactory,SDTLPT-24-030217,HS
3,03-1298-23-PIBS-R,3,ST. ANASTASIA DIAGNOSTIC LABORATORY,"#234, MC ARTHUR HIGHWAY, STO. DOMINGO 2ND, CAPAS CITY, TARLAC",CAPAS CITY / TARLAC,0932-190-4223/ 0922-851-0791,"FERNANDEZ, NICK R.",anastasialaboratory16@gmail.com,anastasialaboratory16@gmail.com,5333491,1,2,3,,,PASSED,Highly Satisfactory,SDTLPT-24-030218,HS
3,03-0462-24-PIBS-R,3,ST. LOUIS DIAGNOSTIC LABORATORY,"BG PLAZA CORNER RECTO AND BURGOS STREET, BARANGAY 2, BALER, AURORA",BALER/AURORA,0919-074-0768/0939-908-0177,OLGA M. BAUSA,sldlbaler2016@gmail.com,sldlbaler2016@gmail.com,5417417,1,1,2,,,PASSED,Excellent,SDTLPT-24-030219,E
3,03-1513-24-PIBS-R,3,"ST. MATTHEW'S MULTISPECIALTY CENTER, INC.","2ND FLOOR, ROJUL BLDG. MCARTHUR HI-WAY, TELEBASTAGAN, CITY OF SAN FERNANDO, PAMPANGA",SAN FERNANDO/PAMPANGA,0917-105-5826/0917-561-5685,DENNIS JOSE S. CARBONELL,smmc0920@gmail.com,smmc0920@gmail.com,5418066,3,1,4,,,PASSED,Highly Satisfactory,SDTLPT-24-030220,HS
3,03-0350-23-PFSS-R,3,ST. VINCENT'S CLINICAL LABORATORY,"222 TANJECO ST. SAN VICENTE, MALOLOS CITY BULACAN",MALOLOS CITY/BULACAN,9950786073,"MARILYN C. BARZA, MD",stvincentdtl@gmail.com,stvincentdtl@gmail.com,5297380,2,0,2,,,PASSED,Excellent,SDTLPT-24-030221,E
3,03-0286-22-PFSS-R,3,ST. VINCENT'S CLINICAL LABORATORY II,"ST. VINCENT'S POLYCLINIC, PASEO DEL CONGRESO, SAN GABRIEL, MALOLOS CITY, BULACAN",MALOLOS CITY/BULACAN,09171193358/ 09178081923/ 0447916477,"MARILYN C. BARZA, MD",stvincentpolyclinic@yahoo.com,stvincentpolyclinic@yahoo.com,5300325,0,0,0,,,PASSED,Excellent,SDTLPT-24-030222,E
3,03-1261-24-PIBS-I,3,"STO. DOMINGO DIAGNOSTIC AND MEDICAL CENTER, CORP.","1ST FLOOR, D' EMINENT PLACE BUILDING, DO•A REMEDIOS TRINIDAD HIGHWAY, BRGY. PAGALA, BALIUAG, BULACAN",BALIUAG/BULACAN,0906-503-4835,MELANI H. SIONZON,sto.domingo.baliuagbulacan@gmail.com,sto.domingo.baliuagbulacan@gmail.com,5397403,3,4,7,,,PASSED,Acceptable,SDTLPT-24-030223,A
3,03-1518-24-PIBS-R,3,SUBIC FAMILY CARE AND DIAGNOSTIC CENTER,"0229 RIZAL ST., BARACA-CAMACHILE, SUBIC, ZAMBALES",SUBIC/ZAMBALES,0947-524-2460/ 0918-904-7921,RICARDO E.  ECLARIN,rizamd_1007@yahoo.com,rizamd_1007@yahoo.com,5399479,3,1,4,,,PASSED,Highly Satisfactory,SDTLPT-24-030224,HS
3,03-1519-24-PIBS-R,3,TEC HEALTH MEDICAL CLINIC AND DIAGNOSTIC CENTER ,"EMATOWN CENTER EL CAMINO ROAD CAMALIG , MEYCAUAYAN CITY, BULACAN",MEYCAUAYAN/BULACAN,0923-412-5505/ 0919-354-7088,BERNADETTE  R.  ESPIRITU ,techealth@yahoo.com ,techealth@yahoo.com ,503735,1,3,4,,,PASSED,Highly Satisfactory,SDTLPT-24-030225,HS
3,03-0018-23-PIBS-R,3,"THE MEDICAL CITY CLINIC - CLARK, PAMPANGA","100 GATWICK GATEWAY SABAH-AL-AHMAD, GLOBAL GATEWAY LOGISTIC CITY, INDUSTRIAL ESTATES, CFZ, MABALACAT CITY",MABALACAT CITY / PAMPANGA,9059596560,"DELA CRUZ, EMILIANO JR.",tmc_laboratory@themedicalcity.com,tmc_laboratory@themedicalcity.com,5348920,1,4,5,,,PASSED,Highly Satisfactory,SDTLPT-24-030226,HS
3,03-0661-23-PIBS-R,3,TLC DIAGNOSTIC LABORATORY,"JP RIZAL ST. PALIWAS,  OBANDO, BULACAN CITY", OBANDO / BULACAN,0917-899-9337/ 0917-596-1134,"CELESTINO, LUISITO DJ.",tlc_diagnosticlab@yahoo.com,tlc_diagnosticlab@yahoo.com,5329496,3,1,4,,,PASSED,Highly Satisfactory,SDTLPT-24-030227,HS
3,03-0581-23-PIBS-R,3,TOMAS VILLASE•OR DIAGNOSTIC LABORATORY,"79 TECSON ST. SAN JOSE, SAN MIGUEL BULACAN",SAN MIGUEL/BULACAN,0932-851-7745/0922-886-9293,"MA. JOSEFA DL. MESINA, MD",villasenor_17tomas@yahoo.com,villasenor_17tomas@yahoo.com,5371561,0,1,1,,,PASSED,Excellent,SDTLPT-24-030228,E
3,03-0503-24-PIBS-R,3,TWIN CARE MEDICAL CLINIC AND DIAGNOSTIC LABORATORY ,"002 TAPATAN ROAD, SULUCAN ANGAT BULACAN (BESIDE TWIN CARE HOSPITAL, INC. )",ANGAT/BULACAN,0968-856-9647/ 0917-840-9972,RHODERICK  MANGALUS CRUZ,twincarelaboratory@gmail.com,twincarelaboratory@gmail.com,5412211,0,1,1,,,PASSED,Excellent,SDTLPT-24-030229,E
3,03-1524-24-PIBS-R,3,"V.L. MAKABALI MEMORIAL HOSPITAL, INC.","B. MENDOZA ST., STO. ROSARIO, SAN FERNANDO CITY, PAMPANGA",SAN FERNANDO/PAMPANGA,0998-575-9658/ 0920-948-2425,MARIE MICHELLE Y. SO,ancillary.makabali@yahoo.com,ancillary.makabali@yahoo.com,5396729,1,3,4,,,PASSED,Highly Satisfactory,SDTLPT-24-030230,HS
3,03-0203-24-PIBS-I,3,VIRGOEIGHT MEDICAL DIAGNOSTIC CENTER,"ZONE 2, IBA ZAMBALES, NEAR BANK OF COMMERCE AND AGUPAY CHURCH",IBA / ZAMBALES,9121339206,"ECLARIN, RICARDO E.",virgoeight@yahoo.com,virgoeight@yahoo.com,5352754,0,4,4,,,PASSED,Highly Satisfactory,SDTLPT-24-030231,HS
3,03-1525-24-PFSS-R,3,WI CARE MEDICAL AND DIAGNOSTIC CLINIC,"BLK. 1 LOT 1F & 1G ALKANZ BUILDING 3RD FLOOR, CITY OF SAN JOSE DEL MONTE, BULACAN",SJDM/BULACAN,0905-245-2318/0917-894-1928,ALMA  N. AQUILIZAN,wicaredmc@gmail.com,wicaredmc@gmail.com,,2,3,5,,,PASSED,Highly Satisfactory,SDTLPT-24-030232,HS
3,03-0490-24-PIBS-R,3,XCEL LABORATORY DIAGNOSTIC  CENTER,"02 ANW BUILDING, HILARIO STREET, TARLAC CITY, TARLAC (BESIDE TARLAC CITY HALL)",TARLAC CITY,0945-406-1722/ 0960-210-8282,"NICK R. FERNANDEZ, MD",xcellaboratorydx@gmail.com,xcellaboratorydx@gmail.com,,0,1,1,,,PASSED,Excellent,SDTLPT-24-030233,E
6,05-1343-23-PIBS-R,5,"ALBAY DOCTORS' HOSPITAL, INC. DRUG TESTING LABORATORY","PE•ARANDA STREET, LEGAZPI CITY, ALBAY, BICOL",ALBAY / BICOL,09178093043; (052) 4808747 LOC.103 / 09985334325,"RA•OLA, MADELINE D.L",lids064@yahoo.com,lids064@yahoo.com,,2,1,3,,,PASSED,Highly Satisfactory,SDTLPT-24-050234,HS
6,05-1887-23-PFSS-R,5,BBO DRUG TESTING LABORATORY,"HI-WAY 1, SAN ISIDRO, IRIGA CITY, CAMARINES SUR, (NEAR LTO)",IRIGA CITY / CAMARINES SUR,09756013749/ 09276552174,"GIMAPAYA, ANDY V.",gimpayamd@gmail.com,gimpayamd@gmail.com,,2,1,3,,,PASSED,Highly Satisfactory,SDTLPT-24-050235,HS
6,05-1870-23-PIBS-R,5,BICOL ACCESS HEALTH CENTRUM,"CENTRAL BUSINESS DISTRICT II, BRGY. TRIANGULO, NAGA CITY, CAMARINES SUR",NAGA/CAMARINES SUR,0968-852-1893/ 0928-501-9440,"HERIBERTO B. FORNOLES, MD",dtlbicolaccess@gmail.com,dtlbicolaccess@gmail.com,,1,3,4,,,PASSED,Highly Satisfactory,SDTLPT-24-050236,HS
6,05-0681-24-PFSS-R,5,BICOLCARE MEDICAL CLINIC AND LABORATORY,"CBD II, NINOY AND CORY AVENUE, NAGA CITY, CAMARINES SUR",NAGA/CAMARINES SUR,0917-168-0384,MA. VICTORIA V. LONTOC,bicolhealthcare@gmail.com,bicolhealthcare@gmail.com,,1,2,3,,,PASSED,Highly Satisfactory,SDTLPT-24-050237,HS
6,05-XXXX-XX-XXXX-X,5,"D.A BALMADRID MEDICAL, SURGICAL & DIAGNOSTIC SERVICES","SAN ISIDRO VILLAGE (INFRONT OF GOGON ELEMENTARY SCHOOL) VIRAC CITY, CATANDUANES",VIRAC/CATANDUANES,0961-268-2700,DONDI A. BALMADRID,anniebalmadrid@yahoo.com,anniebalmadrid@yahoo.com,,2,1,3,,,PASSED,Highly Satisfactory,SDTLPT-24-050238,HS
6,05-1646-24-PFSS-R,5,DARAGA DIAGNOSTIC LABORATORY AND ANIMAL BITE CENTER,"UNIT 103 G/F DO•A MARIA BUILDING, TAGAS. DARAGA, ALBAY ",DARAGA/ALBAY,0961-727-1680/ 0926-662-4983,MARCELINA A. MESTIOLA ,daragadiagnosticlab@gmail.com,daragadiagnosticlab@gmail.com,,0,2,2,,,PASSED,Excellent,SDTLPT-24-050239,E
6,05-1776-24-GFSS-I,5,DOH-CAMARINES SUR TREATMENT AND REHABILITATION CENTER DRUG TESTING LABORATORY,"DOH-CAMARINES SUR TREATMENT AND REHABILITATION CENTER DRUG TESTING LABORATORY, SAN FERNANDO, CAMARINES SUR",SAN FERNANDO/PAMPANGA,0945-379-6919,LLOYD P. ASOR,cstrclab2022@gmail.com,cstrclab2022@gmail.com,,2,2,4,,,PASSED,Highly Satisfactory,SDTLPT-24-050240,HS
6,05-0867-24-GIBS-R,5,DOH-MALINAO TREATMENT AND REHABILITATION CENTER,"PUROK 4, BRGY. COMUN, MALINAO, ALBAY, BICOL",ALBAY/BICOL,0992-227-0440/0915-755-7000,MARCELINA A. MESTIOLA,doh.mtrc.lab@gmail.com,doh.mtrc.lab@gmail.com,,2,3,5,,,PASSED,Highly Satisfactory,SDTLPT-24-050241,HS
6,05-1036-23-PIBS-R,5,"HEALTHQUARTERS MEDICAL AND DIAGNOSTICS, INC. -LIGAO, ALBAY","RB COMMERCIAL BUILDING, PUROK 2, TUBURAN, LIGAO, ALBAY",LIGAO / ALBAY,9068800028,"GIMPAYA, ANDY V.",healthquartersphilippines@gmail.com,healthquartersphilippines@gmail.com,,2,1,3,,,PASSED,Highly Satisfactory,SDTLPT-24-050242,HS
6,05-1290-23-PFSS-I,5,"HEALTHQUARTERS MEDICAL AND DIAGNOSTICS, INC. -TABACO, ALBAY","AA, BERCES STREET, SAN JUAN, TABACO, ALBAY",TABACO / ALBAY,9068800028,"GIMPAYA, ANDY V.",healthquartersphilippines@gmail.com,healthquartersphilippines@gmail.com,,4,1,5,,,PASSED,Highly Satisfactory,SDTLPT-24-050243,HS
6,05-XXXX-XX-XXXX-X,5,JFT DRUG TESTING CENTER,"MA. CRISTINA ST. CITY HEIGHTS SUBD. CONCEPCION PEQUE•A, NAGA CITY, CAMARINES SUR",NAGA CITY / BICOL,0920-7826-186/ 0926-7032-409,"FORNOLES, HERIBERTO B.",jftdrugtestingcenter@gmail.com,jftdrugtestingcenter@gmail.com,,3,2,5,,,PASSED,Highly Satisfactory,SDTLPT-24-050244,HS
6,05-0868-24-PIBS-R,5,MASBATE CITY POLYCLINIC AND DIAGNOSTIC LABORATORY,"MEDINA ST. CORNER ROSERO ST., BRGY. KALIPAY, MASBATE, MASBATE",MASBATE CITY,0999-557-4000,PANTALEON JR. K. AMADORA,masbatecitypcdxlab@yahoo.com,masbatecitypcdxlab@yahoo.com,,4,0,4,,,PASSED,Highly Satisfactory,SDTLPT-24-050245,HS
6,05-1178-23-PIBS-R,5,MASBATE DOCTORS HOSPITAL,"ROSERO ST., CENTRO, MASBATE CITY, MASBATE",MASBATE CITY / MASBATE,0919-735-7394/ 0956-923-5166,"AMADORA, PANTALEON JR. K.",jositadollente@yahoo.com,jositadollente@yahoo.com,,2,2,4,,,PASSED,Highly Satisfactory,SDTLPT-24-050246,HS
6,05-XXXX-XX-XXXX-X,5,MEDICAL MISSION GROUP MULTIPURPOSE COOPERATIVE- ALBAY,"CONCEPCION ST., DUNAO, LIGAO CITY, ALBAY",LIGAO/ALBAY,0917-517-2105,ELMO D. ISIP,ligao.mmg.albay@gmail.com,ligao.mmg.albay@gmail.com,,2,3,5,,,PASSED,Highly Satisfactory,SDTLPT-24-050247,HS
6,05-XXXX-XX-XXXX-X,5,MEDICAL MISSION GROUP- ALBAY,"#216 ZIGA AVE. TAGHI, TABACO CITY, ALBAY",TABACO/ALBAY,0915-007-6007/ 0999-883-2356,ELMO D. ISIP,mmgtabacolab@gmail.com,mmgtabacolab@gmail.com,,3,3,6,,,PASSED,Acceptable,SDTLPT-24-050248,A
6,05-0103-24-PFSS-I,5,MEDXPERT LABORATORY AND DIAGNOSTIC CENTER,"GROUND FLOOR, NPJN BUILDING, SITIO TALABA, BRGY. BURGOS, SAN JACINTO, MASBATE",SAN JACINTO/MASBATE,0917-103-8372/ 0998- 533-4325,MADELINE D. RA•OLA,medxpertlab@gmail.com,medxpertlab@gmail.com,,3,5,8,,,PASSED,Acceptable,SDTLPT-24-050249,A
6,05-0095-23-PFSS-R,5,METRO HEALTH SPECIALISTS HOSPITAL DRUG TESTING LABORATORY,"METRO HEALTH SPECIALIST HOSPITAL DRUG TESTING LABORATORY DIVERSION ROAD, CABID-AN, SORSOGON CITY",SORSOGON CITY / SORSOGON,9691162679,"RONAN, HAROLD C.",mhshi.drugtest@gmail.com,mhshi.drugtest@gmail.com,,4,4,8,,,PASSED,Acceptable,SDTLPT-24-050250,A
6,05-0688-24-PFSS-R,5,MRR SUPREME BIO-LAB,"#14 BALINTAWAK ST., ALBAY DISTRICT, BRGY. 16-KAWIT EAST WASHINGTON DRIVE (POB.), LEGAZPI CITY",LEGAZPI/ALBAY,0920-286-5313/ 0917-835-5350,ANDY V. GIMPAYA,supremebiolabmrr@gmail.com,supremebiolabmrr@gmail.com,,2,2,4,,,PASSED,Highly Satisfactory,SDTLPT-24-050251,HS
6,05-0696-24-PFSS-R,5,NAGA HEALTH CARE DIAGNOSTIC CENTER,"ROSALES COMM'L BUILDING, J. MIRANDA AVE., CONCEPCION PEQUENA (NEAR BICOL MED. CENTER ENTRANCE GATE, AND BIR)",NAGA/CAMARINES SUR,0932-858-1072/0920-966-9399,RAUL C. GONZALES,nagahealthcare.naga88@gmail.com,nagahealthcare.naga88@gmail.com,,3,3,6,,,PASSED,Acceptable,SDTLPT-24-050252,A
6,05-0695-24-PFSS-R,5,"NAGA MEDICAL HEALTH SOLUTIONS, INC.","DOUBLE ONE (D1) BUILDING, ZONE 2, SAN ISIDRO SUR POBLACION, LAGONOY, CAMARINES SUR, BICOL",BICOL/CAMARINES SUR,0921-588-1072/0977-803-9661,SUZETTE ANGELI C. BABAGAY,nagamedicalhealthsoln.inc@gmail.com,nagamedicalhealthsoln.inc@gmail.com,,2,3,5,,,PASSED,Highly Satisfactory,SDTLPT-24-050253,HS
6,05-0697-24-PIBS-R,5,"PARTIDO MEDICAL AND DIAGNOSTIC CENTRE, INC. ","FEDERICAS BLDG., PANDAY ST., BRGY. PANDAY, GOA CAMARINES SUR",GOA/CAMARINES SUR,0917-867-0596,ANDY V. GIMPAYA,partidomedical@gmail.com,partidomedical@gmail.com,,2,2,4,,,PASSED,Highly Satisfactory,SDTLPT-24-050254,HS
6,05-1053-23-PIBS-R,5,PHILIPPINE GEOTHERMAL PRODUCTION COMPANY INC. -TIWI CLINIC,"BARANGAY LIBIO, TIWI, ALBAY, BICOL",ALBAY CITY / BICOL,9175077894,"ROMANO, EDWIN LINO B.",njrbachiller@pgpc.com.ph/Eromano@pgpc.com.ph,njrbachiller@pgpc.com.ph/Eromano@pgpc.com.ph,,2,5,7,,,PASSED,Acceptable,SDTLPT-24-050255,A
6,05-0870-24-PFSS-R,5,QUEUE LYNX DRUG TESTING CENTER,"APO DRIVE, MAYON AVENUE, CONCEPCION PEQUENA, NAGA CITY, CAMARINES SUR",NAGA/CAMARINES SUR,0906-412-1476/0906-485-0138,ANDY V. GIMPAYA,qlynx07@yahoo.com,qlynx07@yahoo.com,,2,5,7,,,PASSED,Acceptable,SDTLPT-24-050256,A
6,05-XXXX-XX-XXXX-X,5,QUEUE LYNX DRUG TESTING LABORATORY AND MEDICAL CLINIC,"HIGHWAY 1, SAN ISIDRO, IRIGA CITY, CAMARINES SUR",IRIGA/CAMARINES SUR,0906-412-1476/0906-485-0138,ANDY V. GIMPAYA,qlynx07@yahoo.com,qlynx07@yahoo.com,,2,3,5,,,PASSED,Highly Satisfactory,SDTLPT-24-050257,HS
6,05-XXXX-XX-XXXX-X,5,RAPID GLOBAL MEDICAL DIAGNOSTIC INC.,"2ND FLOOR LONG SE BLDG RIZAT ST., LEGAZPI CITY, ALBAY",LEGAZPI/ALBAY,0998-862-6985,"TERESITA S. PLAZA, MD",rgmdi.dtl@gmail.com,rgmdi.dtl@gmail.com,,0,4,4,,,PASSED,Highly Satisfactory,SDTLPT-24-050258,HS
6,05-1068-23-PFSS-R,5,SORMED DIAGNOSTIC CLINIC,"1ST FLR. FERNANDO'S MALL RIZAL ST., PIOT, SORSOGON CITY, SORSOGON",SORSOGON CITY / SORSOGON,9501964788,"TAYZON, KARLO EMIR M.",sormeddc@yahoo.com,sormeddc@yahoo.com,,3,2,5,,,PASSED,Highly Satisfactory,SDTLPT-24-050259,HS
6,05-1070-23-PIBS-R,5,SORSOGON MEDICAL MISSION GROUP HOSPITAL AND HEALTH SERVICES COOPERATIVE,"SORSOGON MEDICAL MISSION GROUP HOSPITAL AND HEALTH SERVICES COOPERATIVE LAB. DEPT, MAHARLIKA HIGHWAY, PANGPANG",SORSOGON CITY / SORSOGON,9453414748,"SILVA, AUDIE G.",sorsogonmmglab@gmail.com,sorsogonmmglab@gmail.com,,1,2,3,,,PASSED,Highly Satisfactory,SDTLPT-24-050260,HS
6,05-0873-24-PIBS-R,5,"SOUTHEAST OCCUPATIONAL HEALTH AND ENVIRONMENTAL SAFETY SERVICES, INC.","TOWER MALL BLDG. 4, LANDCO BUSINESS PARK, LEGAZPI CITY, ALBAY",LEGAZPI/ALBAY,0998-583-2289/0956-221-1360,KARLO EMIR M. TAYZON,"sohessi,lab@gmail.com/karlotayzon@yahoo.com","sohessi,lab@gmail.com/karlotayzon@yahoo.com",,2,4,6,,,PASSED,Acceptable,SDTLPT-24-050261,A
6,05-0692-24-PIBS-R,5,ST. LOUISE COOPERATIVE DIAGNOSTIC CENTER - DRUG TESTING,"#10 MAYON AVE., CONCEPCION PEQUENA, NAGA CITY, CAMARINES SUR",NAGA/CAMARINES SUR,0947-592-4029,"KARLO EMIR M. TAYZON, MD",slcdclab@gmail.com,slcdclab@gmail.com,,3,4,7,,,PASSED,Acceptable,SDTLPT-24-050262,A
6,05-0772-22-PIBS-R,5,VIRAC MEDICAL DIAGNOSTIC CENTER INCORPORATED,"100 JCB BUILDING, BRGY. CONSTANTINO, VIRAC CITY, CATANDUANES",VIRAC CITY / BICOL,0998-391-6716/ 0917-503-3142,"IBARRIENTOS, RAYMUNDO B.",viracmedicalclinic@gmail.com,viracmedicalclinic@gmail.com,,2,4,6,,,PASSED,Acceptable,SDTLPT-24-050263,A
6,05-0694-24-PIBS-R,5,"ZEIS POLYCLINIC & DIAGNOSTIC SERVICES, INC.","BRGY. SAN ROQUE, VIRAC CITY CATANDUANES (NEAR VIRAC CATHEDRAL, BESIDE WESTERN UNION)",VIRAC/CATANDUANES,0928-836-5050/ 0917-503-1542,RAYMUNDO B. IBARRIENTOS,zeispolyclinic2010@gmail.com,zeispolyclinic2010@gmail.com,,4,0,4,,,PASSED,Highly Satisfactory,SDTLPT-24-050264,HS
7,06-1187-23-PFSS-R,6,ABELITA DIAGNOSTIC CENTER,"2/F RADCON BLDG. COR. PEDRE•A- DEL ROSARIO STS., POB. BALASAN CITY, ILOILO",BALASAN CITY / ILOILO,0930-298-2002/ 0970-660-2348/ (0333) 397-0875,"SOMBONG, ANNA VICTORIA J.",abelitadiagnosticcenter@yahoo.com,abelitadiagnosticcenter@yahoo.com,,2,2,4,,,PASSED,Highly Satisfactory,SDTLPT-24-060265,HS
7,06-1132-24-PIBS-R,6,ADVENTIST MEDICAL CENTER-BACOLOD ,"C.V RAMOS AVENUE, TACULING, BACOLOD CITY, NEGROS OCCIDENTAL",BACOLOD/NEGROS OCCIDENTAL,0917-701-8179,EMILIA D. GAMBOA-MARAVILLA,laboratory@adventisthealth-bcd.com,laboratory@adventisthealth-bcd.com,,2,2,4,,,PASSED,Highly Satisfactory,SDTLPT-24-060266,HS
7,06-1118-23-PIBS-R,6,ALRIJG MEDICAL CLINIC AND LABORATORY,"DOOR 15, EL COURT BLDG., 1ST LACSON ST., BRGY. 17, BACOLOD, NEGROS OCCIDENTAL",BACOLOD CITY / NEGROS OCCIDENTAL,0968-885-9170/ 0917-310-6862/ (034) 435-5395,"MONTES, LENI G.",alrijg@yahoo.com,alrijg@yahoo.com,,0,1,1,,,PASSED,Excellent,SDTLPT-24-060267,E
7,06-0882-24-GIBS-R,6,ANGEL SALAZAR MEMORIAL GENERAL HOSPITAL DRUG TESTING LABORATORY,"ATABAY, SAN JOSE CITY, ANTIQUE",SAN JOSE/ANTIQUE,0960-114-2383/ 0927-016-3553,CHARMAINE S. TEMPLONUEVO-FLORES,asmghlaboratory@yahoo.com,asmghlaboratory@yahoo.com,,2,2,4,,,PASSED,Highly Satisfactory,SDTLPT-24-060268,HS
7,06-XXXX-XX-XXXX-X,6,ANVIL ILOILO DIAGNOSTIC AND MEDICAL CENTER INC. ,"NORALYN BLDG., ROOSEVELT ST., STA. BARBARA, ILOILO (BESIDE ROSE PHARMACY)",ILOILO/ILOILO,0933-862-5387/ 0922-834-2853,"MARGIE S. GAYAPA, MD",medicus.sb@anvil-iloilo.com,medicus.sb@anvil-iloilo.com,,1,1,2,,,PASSED,Excellent,SDTLPT-24-060269,E
7,06-XXXX-XX-XXXX-X,6,ANVIL ILOILO DIAGNOSTIC AND MEDICAL CENTER INC. ,"NAVARRA BLDG., DON T. LUTERO ST (BESIDE SEVEN ELEVEN STORE) JANIUAY, ILOILO",JANIUAY/ILOILO,0943-419-3125/ 0922-834-2853,"MARGIE S. GAYAPA, MD",medicus.jny@anvil-iloilo.com,medicus.jny@anvil-iloilo.com,,0,5,5,,,PASSED,Highly Satisfactory,SDTLPT-24-060270,HS
7,06-0098-23-PFSS-R,6,AVENTUS MEDICAL CARE INC. - BACOLOD,"G/F R.L JOCSON BLDG., 21ST ST., B.S. AQUINO DRIVE, BACOLOD CITY, NEGROS OCCIDENTAL",BACOLOD CITY /  NEGROS OCCIDENTAL,9279533841,"GERONGANO, GREG RYAN T.",laboratory.bacolod@aventusmedical.com.ph,laboratory.bacolod@aventusmedical.com.ph,,2,5,7,,,PASSED,Acceptable,SDTLPT-24-060271,A
7,06-0885-24-PIBS-R,6,BACOLOD DIAGNOSTIC CENTER,"DOOR 5, INSULAR LIFE TOWNHOUSE BLDG., 21ST ST MEDICAL LANE BS AQUINO DRIVE, BRGY 5",BACOLOD/NEGROS OCCIDENTAL,0967-052-0256/ 0918-930-6221,HANS FRANCIS D. FERRARIS,bdc_laboratory@yahoo.com,bdc_laboratory@yahoo.com,,1,2,3,,,PASSED,Highly Satisfactory,SDTLPT-24-060272,HS
7,06-1149-23-GIBS-R,6,CORAZON LOCSIN MONTELIBANO MEMORIAL REGIONAL HOSPITAL,"BURGOS-LACSON ST. BRGY 9, BACOLOD, NEGROS OCCIDENTAL",BACOLOD CITY / NEGROS OCCIDENTAL,0991-394-1890/ 0918-930-6221,"FERRARIS, HANS FRANCIS D.",chisannedublin@gmail.com,chisannedublin@gmail.com,,2,2,4,,,PASSED,Highly Satisfactory,SDTLPT-24-060273,HS
7,06-XXXX-XX-XXXX-X,6,DEMIC LAB CORPORATION,"DONATO PISON AVE., SAN RAFAEL, MANDURRIHO, ILOILO CITY (NEAR FELICIA'S PASTRY SHOP)",ILOILO/ILOILO,0905-345-5422/0917-178-6508,ANDREA L. PAREDES,demic_lab@yahoo.com,demic_lab@yahoo.com,,4,1,5,,,PASSED,Highly Satisfactory,SDTLPT-24-060274,HS
7,06-0890-24-PIBS-R,6,DR. BORJA'S DIAGNOSTIC LABORATORY,"MC ARTHUR DRIVE, BRGY CUBAY, JARO, ILOILO CITY, ILOILO",ILOILO/ILOILO,0999-800-4360/ 0930-461-4271,MARIA VICTORIA  S. TIONGSON,medicusphilippinestabucsuba@yahoo.com ,medicusphilippinestabucsuba@yahoo.com ,,0,5,5,,,PASSED,Highly Satisfactory,SDTLPT-24-060275,HS
7,06-1030-24-PIBS-R,6,DR. PABLO O. TORRE MEMORIAL HOSPITAL - DTL,"DR. PABLO O. TORRE MEMORIAL HOSPITAL, B.S. AQUINO DRIVE, BRGY.5, BACOLOD CITY, NEGROS OCCIDENTAL",BACOLOD/NEGROS OCCIDENTAL,0998-846-0620/ 0998-846-0621,MELANIE ROSE B. ZERRUDO,laboratory@rivermedcenter.net,laboratory@rivermedcenter.net,,2,2,4,,,PASSED,Highly Satisfactory,SDTLPT-24-060276,HS
7,06-0891-24-PIBS-R,6,"DR. V. T. TALEON MEDICAL CLINIC, X-RAY & DIAGNOSTIC LABORATORY","GROUND FLOOR, YMCA BUILDING, IZNART ST., ILIOILO CITY",ILOILO/ILOILO,0939-314-8678/ 0917-302-8468,MA. BEMERLY J. SIRA,taleonmedlab@gmail.com,taleonmedlab@gmail.com,,2,1,3,,,PASSED,Highly Satisfactory,SDTLPT-24-060277,HS
7,06-1031-24-PFSS-R,6,DUMANGAS MEDICAL DIAGNOSTIC AND CLINICAL LABORATORY COMPANY,"J.M. BASA STREET, BARANGAY LOPEZ JAENA, DUMANGAS, ILOILO",DUMANGAS/ILOILO,0938-010-9789/0922-834-2853,MARGIE S. GAYAPA,medicusdumangas_dtl@yahoo.com,medicusdumangas_dtl@yahoo.com,,1,6,7,,,PASSED,Acceptable,SDTLPT-24-060278,A
7,06-0894-24-PFSS-R,6,GENETIC DRUG TESTING LABORATORY ,"BESIDE LTO OFFICE BRGY TIZA, ROXAS CITY , CAPIZ",ROXAS/CAPIZ,0910-629-5698/ 0920-901-5061,WINFRED  S. RIVERA ,geneticdtlab@gmail.com,geneticdtlab@gmail.com,,0,1,1,,,PASSED,Excellent,SDTLPT-24-060279,E
7,06-XXXX-XX-XXXX-X,6,HEALTH METRICS INC. - ILOILO,"AMK BLDG. 68 GEN. LUNA ST., BRGY. INDAY, ILOILO CITY, ILOILO",ILOILO CITY / ILOILO,9672601852,"BUYCO, CHARLES MICHAEL A.",charlesbuyco@yahoo.com,charlesbuyco@yahoo.com,,2,4,6,,,PASSED,Acceptable,SDTLPT-24-060280,A
7,06-1089-24-PFSS-R,6,HEALTHLINK (ILOILO) INC. DRUG TESTING LABORATORY - ILOILO CITY,"12 MABINI ST., BRGY SAN AGUSTIN, ILOILO CITY, ILOILO",ILOILO/ILOILO,0936-468-0322/ 0917-315-9367,"STEPHANIE A. ABELLO, MD",healthlink_main@yahoo.com,healthlink_main@yahoo.com,,6,1,7,,,PASSED,Acceptable,SDTLPT-24-060281,A
7,06-1073-24- PIBS-R,6,HEALTHLINK (ILOILO) INC. DRUG TESTING LABORATORY - GUIMBAL BRANCH,"AARON GELVEZON BUILDING, RIZAL STREET, ILOILO, GUIMBAL, ILOILO",GUIMBAL/ILOILO,0909-378-2245/ 0917-315-9367,"STEPHANIE A. ABELLO, MD",hlguimbal@yahoo.com,hlguimbal@yahoo.com,,1,5,6,,,PASSED,Acceptable,SDTLPT-24-060282,A
7,06-0109-23-PIBS-R,6,HEALTHLINK (ILOILO) INC. - AJUY BRANCH,"REAL ST., POBLACION, AJUY CITY ILOILO",AJUY/ILOILO,0963-769-5994/ 0948-882-2075,"MA. IRIS V. SALAZAR, MD",healthlink.ajuybranch@gmail.com,healthlink.ajuybranch@gmail.com,,1,2,3,,,PASSED,Highly Satisfactory,SDTLPT-24-060283,HS
7,06-1161-23-PIBS-R,6,HEALTHLINK (ILOILO) INC. - BALASAN BRANCH,"BONIFACIO ST. POBLACION NORTE, BALASAN, ILOILO",BALASAN/ILOILO,0912-198-1562/ 0948-882-2075,"MA. IRIS V. SALAZAR, MD",healthlinkbalasan@gmail.com,healthlinkbalasan@gmail.com,,2,2,4,,,PASSED,Highly Satisfactory,SDTLPT-24-060284,HS
7,06-1166-23-PIBS-R,6,HEALTHLINK (ILOILO) INC. - CABATUAN BRANCH,"ZONE 5 CONFESSOR DRIVE, CABATUAN CITY ILOILO",CABATUAN/ILOILO,0950-158-8216/ 0948-882-2075,"MA. IRIS V. SALAZAR, MD",healthlinkcabatuan@yahoo.com,healthlinkcabatuan@yahoo.com,,3,3,6,,,PASSED,Acceptable,SDTLPT-24-060285,A
7,06-1086-24-PIBS-R,6,HEALTHLINK (ILOILO) INC. - CALINOC BRANCH,"A&B BUILDING, OSME•A STREET., POBLACION CENTRO, CALINOC ILOILO (INFRONT OF CALINOG PLAZA,BESIDE MERCURY DRUGSTORE)",CALINOC/ILOILO,0930-943-3549/ 0948-882-2075,wqa,healthlinkcalinog@yahoo.com,healthlinkcalinog@yahoo.com,,4,2,6,,,PASSED,Acceptable,SDTLPT-24-060286,A
7,06-1071-24-PIBS-R,6,HEALTHLINK (ILOILO) INC. - TAGBAC BRANCH,"TAGBAC TERMINAL BRGY. TAGBAC, ILOILO CITY",TAGBAC/ILOILO,0907-450-6838,MA. IRIS V. SALAZAR,healthlinktagbac@yahoo.com,healthlinktagbac@yahoo.com,,2,1,3,,,PASSED,Highly Satisfactory,SDTLPT-24-060287,HS
7,06-1732-23-PIBS-I,6,"HELATHLINK (ILOILO) INC., BAROTAC NUEVO BRANCH","ARANETA ST, ILAUD POBLACION, BOROTAC NUEVO, ILOILO",NUEVO/ILOILO,0948-870-1035/ 0948-882-2075,"MA. IRIS V. SALAZAR, MD",healthlinkbarotac@yahoo.com,healthlinkbarotac@yahoo.com,,6,1,7,,,PASSED,Acceptable,SDTLPT-24-060288,A
7,06-0356-23-PIBS-R,6,"ILOILO PDS AND LABORATORY CENTER, INC.","#7A MABINI STREET, BRGY. RAILWAY, LA PAZ, ILOILO CITY, ILOILO",ILOILO CITY / ILOILO,9122759636,"RAVENA, JAMES S.",iloilopdslab_doh@yahoo.com,iloilopdslab_doh@yahoo.com,,0,1,1,,,PASSED,Excellent,SDTLPT-24-060289,E
7,06-1135-24-PIBS-R,6,JEAMAC DIAGNOSTIC CENTER,"G/F JC BLDG, 2014 MOHON, BRGY BINICUIL KABANKALAN CITY, NEGROS OCCIDENTAL (YELLOW BLDG; BESIDE LDZDH)",KABANKALAN/NEGROS OCCIDENTAL,0912-379-4134/ 0922-835-5026,CHARLES MICHAEL A. BUYCO,laboratory.drugtesting2019@gmail.com,laboratory.drugtesting2019@gmail.com,,1,1,2,,,PASSED,Excellent,SDTLPT-24-060290,E
7,06-1673-24-PFSS-I,6,MCS 3 DIAGNOSTIC CENTER,"GUANZON BLDG., BURGOS-LOCSIN ST. BRGY.9 BACOLOD CITY",BACOLOD CITY,0907-534-4022/ 0922-835-4626,LENI G. MONTES,mcsdiagnosticcenter3@gmail.com,mcsdiagnosticcenter3@gmail.com,,3,3,6,,,PASSED,Acceptable,SDTLPT-24-060291,A
7,06-1631-23-PFSS-R,6,MCS DIAGNOSTIC CENTER,"LOYOLA BLDG. HILADO ST. CORNER LN. AGUSTIN ,BACOLOD",BACOLOD CITY / NEGROS OCCIDENTAL,9173170233,"MONTES, LENI G.",diagnosticmcs@gmail.com,diagnosticmcs@gmail.com,,2,2,4,,,PASSED,Highly Satisfactory,SDTLPT-24-060292,HS
7,06-1050-24-PFSS-R,6,MEDI-LINK SERVICES INCORPORATED,"2ND FLR MEDI-LINK BLDG. B.S AQUINO DRIVE BRGY VILLAMONTE, BACOLOD CITY, NEGROS OCCIDENTAL",BACOLOD/NEGROS OCCIDENTAL,0939-654-9749/ 0918-930-6221,HANS FRANCIS  D. FERRARIS,medilinkservicesinc@gmail.com,medilinkservicesinc@gmail.com,,3,4,7,,,PASSED,Acceptable,SDTLPT-24-060293,A
7,06-0897-24-PIBS-R,6,MEDICUS DIAGNOSTIC CENTER AND MEDICAL CLINICS -ANTIQUE BRANCH,"T. A. FORNIER ST., ATABAY, SAN JOSE, ANTIQUE",SAN JOSE / ANTIQUE,9085788305,"SOMBONG, ANNA VICTORIA J.",medicusantique_dtl@yahoo.com,medicusantique_dtl@yahoo.com,,2,2,4,,,PASSED,Highly Satisfactory,SDTLPT-24-060294,HS
7,06-1176-23-PIBS-R,6,MEDICUS DIAGNOSTIC CENTER AND MEDICAL CLINICS -MAIN BRANCH,"G/F LOURDES BLDG, QUEZON ST., DANAO, ILOILO CITY PROPER, ILOILO CITY",ILOILO CITY / ILOILO,9090168438,"SOMBONG, ANNA VICTORIA J.",medicusmain_dtl@yahoo.com,medicusmain_dtl@yahoo.com,,0,2,2,,,PASSED,Excellent,SDTLPT-24-060295,E
7,06-XXXX-XX-XXXX-X,6,MEDICUS DIAGNOSTIC CENTER AND MEDICAL CLINICS -MOLO BRANCH,"G/F GT PLAZA MALL, M.H DEL PILAR ST., BRGY. POBLACION, MOLO, ILOILO CITY, ILOILO",ILOILO CITY / ILOILO,9388331017,"SOMBONG, ANNA VICTORIA J.",medicusmolo_dtl@yahoo.com,medicusmolo_dtl@yahoo.com,,0,3,3,,,PASSED,Highly Satisfactory,SDTLPT-24-060296,HS
7,06-1783-23-PIBS-I,6,MEDICUS DIAGNOSTIC CENTER AND MEDICAL CLINICS -PLAZA LIBERTAD BRANCH,"YULO BUILDING J.M. BASA STREET, ORTIZ, ILOILO CITY, ILOILO",ILOILO CITY / ILOILO,9630590660,"SOMBONG, ANNA VICTORIA J.",medicusplazalibertad_dtl@yahoo.com,medicusplazalibertad_dtl@yahoo.com,,0,2,2,,,PASSED,Excellent,SDTLPT-24-060297,E
7,06-1181-23-PFSS-R,6,MEDICUS DIAGNOSTIC CENTER AND MEDICAL CLINICS -ROXAS BRANCH,"RIZAL STREET, POBLACION VI ROXAS CITY, CAPIZ",ROXAS CITY / CAPIZ,9953900021,"SOMBONG, ANNA VICTORIA J.",medicusroxas_dtl@yahoo.com,medicusroxas_dtl@yahoo.com,,0,1,1,,,PASSED,Excellent,SDTLPT-24-060298,E
7,06-1883-23-PIBS-I,6,MEDICUS DIAGNOSTIC CENTER AND MEDICAL CLINICS-JARO BRANCH,"UNIT 3,4,5 THE GALLERIA, LOPEZ-JAENA ST., BRGY. ARGUELLES, JARO, ILOILO CITY",JARO / ILOILO,9507666706,"SOMBONG, ANNA VICTORIA J.",medicusjaro_dtl@yahoo.com,medicusjaro_dtl@yahoo.com,,2,3,5,,,PASSED,Highly Satisfactory,SDTLPT-24-060299,HS
7,06-1179-23-PIBS-R,6,MEDICUS MEDICAL CENTER CORPORATION,"R.V BERNARDO AVENUE, BRGY. SAN RAFAEL, MANDURRIAO, ILOILO CITY, ILOLO",ILOILO CITY / ILOILO,9063217454,"SOMBONG, ANNA VICTORIA J.",medicuscondo_dtl@yahoo.com,medicuscondo_dtl@yahoo.com,,2,3,5,,,PASSED,Highly Satisfactory,SDTLPT-24-060300,HS
7,06-1180-23-PIBS-R,6,MEDICUS MEDICAL CLINIC FOR OFWS,"G/F ROMEO GO BLDG. HUERVANA ST., BRGY. LAGUDA, LAPAZ, ILOILO CITY, ILOILO",ILOILO CITY / ILOILO,9328220101,"SOMBONG, ANNA VICTORIA J.",medicuslapaz_dtk@yahoo.com,medicuslapaz_dtk@yahoo.com,,1,2,3,,,PASSED,Highly Satisfactory,SDTLPT-24-060301,HS
7,06-0420-24-PIBS-I,6,"MEDISENSE LABORATORY, CENTER INC. - ILOILO CITY","154 COMPANIA STREET, BARANGAY COMPANIA, MOLO, ILOILO CITY, ILOILO",ILOILO/ILOILO,0917-624-8288/0917-779-4401,LYSA LYNN U. LIBANAN,msllab_iloilo@yahoo.com,msllab_iloilo@yahoo.com,,0,5,5,,,PASSED,Highly Satisfactory,SDTLPT-24-060302,HS
7,06-0129-23-PIBS-R,6,ML DIAGNOSTIC CENTER,"GOV. YULO DRIVE BRGY., QUEZON, AREVALO ILOILO CITY, ILOILO",ILOILO/ILOILO,09178911440/ 09392828878/ 033-3215439,MA. BEMERLY  Q. SIRA,mldiagnosticcenter@gmail.com,mldiagnosticcenter@gmail.com,,1,5,6,,,PASSED,Acceptable,SDTLPT-24-060303,A
7,06-1626-23-PIBS-R,6,"MP ANALYSIS & LABORATORY, INC","VLI MEDICAL PLAZA, CAPITOL BUSINESS CENTER, BACOLOD CITY, NEGROS OCCIDENTAL",BACOLOD CITY / NEGROS OCCIDENTAL,0998-8417-225/ 0917-847-5160/ 7098029/ 435-3766,"MONTES, LENI G.",medicalplaza@live.om,medicalplaza@live.om,,0,3,3,,,PASSED,Highly Satisfactory,SDTLPT-24-060304,HS
7,06-0130-23-PIBS-R,6,MRG CLINICAL LABORATORY AND SERVICES,"DY GUASO BLDG. OSME•A AVE., BRGY III, VICTORIAS CITY, NEGROS OCCIDENTAL",VICTORIAS CITY / NEGROS OCCIDENTAL,0927-495-9592/ 0917-310-6862/0939-594-3036,"MONTES, LENI G.",mrgclinlabandservices@gmail.com,mrgclinlabandservices@gmail.com,,0,1,1,,,PASSED,Excellent,SDTLPT-24-060305,E
7,06-1624-24-PIBS-R,6,PANAY HEALTH CARE MEDICAL DIAGNOSTICS AND PHARMACY DTL,"ESTANCIA, KALIBO, AKLAN",KALIBO/AKLAN,0921-190-9691/ 0929-4679931,MARIANETTE NOELLE M. BIEREN,phcmpclab@gmail.com,phcmpclab@gmail.com,,4,2,6,,,PASSED,Acceptable,SDTLPT-24-060306,A
7,06-1185-23-PIBS-R,6,"PLAZA LIBERTAD MEDICAL SPECIALISTS CENTER, INC.","PLMSC BLDG. DELA RAMA ST., ZAMORA CITY PROPER, ILOILO CITY, ILOILO",ILOILO CITY / ILOILO,09086026077/ 09173029136,"TIONGSON, MA. VICTORIA SALDA•A",plmsc.ilo2@yahoo.com,plmsc.ilo2@yahoo.com,,6,2,8,,,PASSED,Acceptable,SDTLPT-24-060307,A
7,06-1186-23-PIBS-R,6,QPL DIAGNOSTICS AND CLINIC,"BC BLDG. OSME•A AVE., BRGY. IV, VICTORIAS CITY, NEGROS OCCIDENTAL",VICTORIAS/NEGROS OCCIDENTAL,0949-807-9100/0922-835-5026,CHARLES MICHAEL A. BUYCO,raxzaluria@gmail.com/gplvictorias@outlook.com,raxzaluria@gmail.com/gplvictorias@outlook.com,,0,0,0,,,PASSED,Excellent,SDTLPT-24-060308,E
7,06-1196-23-PIBS-R,6,RED SHIELD CLINICAL LABORATORY,"3F ROOM F, EL SORIANO BLDG., LACSON ST, BRGY 18 BACOLOD CITY,  NEGROS OCCIDENTAL",BACOLOD CITY / NEGROS OCCIDENTAL,0948-1098-756,"VILLANUEVA, WALTER DL.",redshieldcl@yahoo.com.ph,redshieldcl@yahoo.com.ph,,3,1,4,,,PASSED,Highly Satisfactory,SDTLPT-24-060309,HS
7,06-1032-24-PIBS-R,6,"SAN CARLOS DOCTORS' HOSPITAL, INC.","C.L. LEDESMA AVENUE, BRGY. I, SAN CARLOS CITY, NEGROS OCCIDENTAL",SAN CARLOS/NEGROS OCCIDENTAL,0998-581-9619,GRACE JOY C. AVILA,scdh.screeningdrugtestlab@gmail.com,scdh.screeningdrugtestlab@gmail.com,,2,1,3,,,PASSED,Highly Satisfactory,SDTLPT-24-060310,HS
7,06-XXXX-XX-XXXX-X,6,ST. ANNE DRUG TESTING CENTER,"365 CAPITOL SITE, KALIBO, AKLAN",KALIBO/AKLAN,0907-376-5051,MARIANETTE NOELLE M. BIEREN,marichurevestido@yahoo.com,marichurevestido@yahoo.com,,6,1,7,,,PASSED,Acceptable,SDTLPT-24-060311,A
7,06-1393-23-PFSS-R,6,STAT LAB INC.-ILOILO CITY,"#30 FANCOM MEDICAL PLAZA,. BRGY. SAMPAGUITA ILOILO CITY ILOILO, QUEZON ST",ILOILO/ILOILO,0917-302-9136,MARIA VICTORIA S. TIONGSON,statlabinc@yahoo.com,statlabinc@yahoo.com,,2,5,7,,,PASSED,Acceptable,SDTLPT-24-060312,A
7,06-XXXX-XX-XXXX-X,6,STAT LAB INC.-PAVIA ILOILO,"GROUND FLOOR, GT TOWN CENTER, UNGKA II, PAVIA, ILOILO",PAVIA/ILOILO,0917-790-0784 /0917-302-9136,MA. VICTORIA  S. TIONGSON,statlabgt@gmail.com,statlabgt@gmail.com,,0,2,2,,,PASSED,Excellent,SDTLPT-24-060313,E
7,06-1063-24-PIBS-R,6,"SUPERCARE MEDICAL SERVICES, INC. ILOILO BRANCH","3/F 22 MANFRED'S PLACE, GEN. LUNA ST., ILOILO CITY, ILOILO",ILOILO/ILOILO,0950-274-6387/0919-067-9140,BLESSING D. DILLA,lab.iloilo@supercare.com.ph,lab.iloilo@supercare.com.ph,,1,5,6,,,PASSED,Acceptable,SDTLPT-24-060314,A
7,06-1203-23-PIBS-R,6,"THE DOCTORS' HOSPITAL, INC DRUG TESTING LABORATORY","B.S. AQUINO DRIVE, BRGY. VILLAMONTE, BACOLOD CITY, NEGROS OCCIDENTAL",BACOLOD CITY /NEGROS OCCIDENTAL,9176241048,"MONTES, LENI G.",laboratory@doctorshospital.com,laboratory@doctorshospital.com,,6,1,7,,,PASSED,Acceptable,SDTLPT-24-060315,A
7,06-1065-24-PIBS-R,6,"THE RIVERSIDE MEDICAL CENTER, INC.","SM CITY BACOLOD SOUTH WING ANNEX, BACOLOD CITY, NEGROS OCCIDENTAL",BACOLOD/NEGROS OCCIDENTAL,0956-134-2448,MELANIE ROSE B. ZERRUSO,jgtan@rivermedcenter.net,jgtan@rivermedcenter.net,,0,4,4,,,PASSED,Highly Satisfactory,SDTLPT-24-060316,HS
7,06-1202-23-PIBS-R,6,TRANSNATIONAL MEDICAL AND DIAGNOSTIC CENTER INC. -ILOILO CITY,"E. LOPEZ STREET, JARO, ILOILO CITY, ILOILO",ILOILO CITY / ILOILO,9175681814,"MURGA, JENNIFER Z.",jayzeem@yahoo.com,jayzeem@yahoo.com,,3,2,5,,,PASSED,Highly Satisfactory,SDTLPT-24-060317,HS
7,06-1206-23-GIBS-R,6,WEST VISAYAS STATE UNIVERSITY MEDICAL CENTER,"E. LOPEZ ST., JARO, ILOILO CITY, ILOILO",ILOILO CITY / ILOILO,9176213088,"SOMBONG, ANNA VICTORIA J.",mc-drug@wvsu.edu.ph,mc-drug@wvsu.edu.ph,,2,2,4,,,PASSED,Highly Satisfactory,SDTLPT-24-060318,HS
7,06-1205-23-GIBS-R,6,WESTERN VISAYAS MEDICAL CENTER DRUG TESTING LABORATORY,"Q. ABETO STREET, MANDURRIAO, ILOILO CITY, ILOILO",ILOILO CITY / ILOILO,9338699798,"JARDIOLIN-SIRA, MA. BEMERLY",wvmdcdtl2@yahoo.com,wvmdcdtl2@yahoo.com,,2,1,3,,,PASSED,Highly Satisfactory,SDTLPT-24-060319,HS
7,06-1207-23-PIBS-R,6,YGEIA MEDICAL CENTER INC. - BACOLOD BRANCH,"PASEO VERDE BLDG. LACSON AVE. BRGY MANDALAGAN, BACOLOD CITY, NEGROS OCCIDENTAL",BACOLOD CITY / NEGROS OCCIDENTAL,0930-945-0850/ 458-3969,"BUYCO, CHARLES MICHAEL A.",crylljoylegislador@gmail.com,crylljoylegislador@gmail.com,,2,1,3,,,PASSED,Highly Satisfactory,SDTLPT-24-060320,HS
7,06-XXXX-XX-XXXX-X,6,ZSO DIAGNOSTICS INC.,"E. LOPEZ ST., BRGY. SAN VICENTE JARO, ILOILO CITY, ILOILO",ILOILO CITY / ILOILO,9171188839,"LIBANAN, LYSA LYNN U.",zsodiagnostics@yahoo.com,zsodiagnostics@yahoo.com,,0,2,2,,,PASSED,Excellent,SDTLPT-24-060321,E
8,07-0504-24-PIBS-R,7,ACTIVEONE HEALTH INC,"G/F I2 BLDG., JOSE MARIA DEL MAR ST., IT PARK, LAHUG, CEBU, CEBU",CEBU CITY,0906-537-9684/0917-721-4505,MARIA KARISSA G. LIM,kimberly.yelo@activeonehealth,kimberly.yelo@activeonehealth,,0,5,5,,,PASSED,Highly Satisfactory,SDTLPT-24-070322,HS
8,07-0505-24-PIBS-R,7,ADVANCE HEALTH SERVICES COOPERATIVE,"PCF BUILDING, # 20 GOV. M. ZOSA STR, CAPITOL SITE; CEBU CITY, CEBU",CEBU CITY,0933-471-3975,"ALMA E. MALILONG, MD",lab.ahscoop@gmail.com,lab.ahscoop@gmail.com,,0,5,5,,,PASSED,Highly Satisfactory,SDTLPT-24-070323,HS
8,07-XXXX-XX-XXXX-X,7,ALPHA DIAGNOSTIC CENTER,"F. RAMOS ST., COR. GENERAL ECHAVEZ EXT., CEBU CITY, CEBU",CEBU CITY,0917-707-6243,RODOLFO B. LEDESMA,alphalaboratory@yahoo.com,alphalaboratory@yahoo.com,,3,4,7,,,PASSED,Acceptable,SDTLPT-24-070324,A
8,07-1085-24-PIBS-R,7,"ALPHA DIAGNOSTIC CENTER-TAYTAY DANAO, CEBU (CEBU)","AT THE BACK OF LTO DANAO, TAYTAY, DANAO CITY, CEBU",DANAO/CEBU,0917-119-6198/0922-839-8809,RODOLFO B. LEDESMA,adctaytay@gmail.com/jelen2214@gmail.com,adctaytay@gmail.com/jelen2214@gmail.com,,2,2,4,,,PASSED,Highly Satisfactory,SDTLPT-24-070325,HS
8,07-0904-23-PIBS-R,7,AMOSUP SEAMEN'S HOSPITAL -CEBU,"CAMINO VICINAL ST., BRGY. UMAPAD, MANDAUE CITY, CEBU",MANDAUE CITY / CEBU,9369048990,"ZAMORA, THEODORE M.",amosupseamenslabcebu@yahoo.com,amosupseamenslabcebu@yahoo.com,,2,2,4,,,PASSED,Highly Satisfactory,SDTLPT-24-070326,HS
8,07-0497-23-PIBS-R,7,"AVENTUS MEDICAL CARE INC. - APAS, CEBU","UNIT 203 2/F TGU TOWER, I.T. PARK, APAS, CEBU CITY, CEBU",CEBU CITY /  CEBU,9773892605,"CANG, MARJORIE L.",laboratory.cebu@aventusmedical.com.ph,laboratory.cebu@aventusmedical.com.ph,,2,3,5,,,PASSED,Highly Satisfactory,SDTLPT-24-070327,HS
8,07-XXXX-XX-XXXX-X,7,AVENTUS MEDICAL CARE INC. CEBU CYBERGATE,"LEVEL 3, ROOM 309 & 302, ROBINSONS CYBERGATE, DON GIL GARCIA, J. LLORENTE ST., CEBU CITY, CEBU",CEBU CITY /  CEBU,322369028,"CANG, MARJORIE L.",laboratory.cybergate@aventusmedical.com.ph,laboratory.cybergate@aventusmedical.com.ph,,0,5,5,,,PASSED,Highly Satisfactory,SDTLPT-24-070328,HS
8,07-0913-23-PIBS-R,7,"B.N GOTHONG HEALTHCARE SOLUTIONS, INC.","UNIT 1&2 ALPHA CENTRUM, LOPEZ JAENA ST. SUBANGDAKU, MANDAUE CITY, CEBU",MANDAUE CITY / CEBU,019-067-3954/ 0922-877-7019,"RUSIA-UY, RUBY O.",chasedx@yahoo.com,chasedx@yahoo.com,,2,1,3,,,PASSED,Highly Satisfactory,SDTLPT-24-070329,HS
8,07-1686-24-PIBS-R,7,BOHOL FAMILY WELLNESS MEDICAL AND DIAGNOSTIC CENTER,"ALEX AVENUE BUILDING, 419-A CPG EAST AVENUE MANSASA, TAGBILARAN CITY, BOHOL",TAGBILARAN/BOHOL,0917-124-9400/ 0917-806-9222,JOSEPH ANTOINE F.  CHATTO,lab.bfwmdc@gmail.com,lab.bfwmdc@gmail.com,,4,4,8,,,PASSED,Acceptable,SDTLPT-24-070330,A
8,07-1214-23-GFSS-R,7,BOHOL PROVINCIAL DRUG TESTING/ SCREENING LABORATORY,"FORMER PROVINCIAL HEALTH OFFICE BUILDING, J.A CLARIN ST., DAO DISTRICT, TAGBILARAN, BOHOL",TAGBILARAN CITY/ BOHOL,09988867701; 0384120950,"SODUSTA, GREG JULIUS D.",phodtl_bohol@yahoo.ccom,phodtl_bohol@yahoo.ccom,,0,0,0,,,PASSED,Excellent,SDTLPT-24-070331,E
8,07-1456-23-PIBS-R,7,"CEBU SOUTH GENERAL HOSPITAL, INC.","NATALIO B. BACALSO ST., NATIONAL HIGHWAY, TUYAN, CITY OF NAGA CEBU (LANDMARK: CEBU SOUTH GEN. HOSP, INC.-LAB) ",NAGA/CEBU,0998-581-9647,GRACE JOY C. AVILA,sgh_lab@yahoo.com,sgh_lab@yahoo.com,,2,5,7,,,PASSED,Acceptable,SDTLPT-24-070332,A
8,07-1461-22-PIBS-R,7,CHONG HUA HOSPITAL ,"DON MARIANO CUI, FUENTE OSME•A, CEBU CITY, CEBU",CEBU CITY /  CEBU,0945-349-4849/ 0968-886-0215,"CIMAFRANCA, JUDE MARTIN F.",chhc_laboratory@chonghua.com.ph,chhc_laboratory@chonghua.com.ph,,0,2,2,,,PASSED,Excellent,SDTLPT-24-070333,E
8,07-1246-23-PIBS-R,7,CHONG HUA HOSPITAL MANDAUE,"UPPER GROUND LEVEL. DEPT. OF LABORATORY SERVICES, CHONG HUA HOSPITAL MANDAUE, SUBANGDAKU", MANDAUE CITY / CEBU,0947-898-1350,"LASALA, ERIC P.",chhm_laboratory_@chonghua.com.ph,chhm_laboratory_@chonghua.com.ph,,1,2,3,,,PASSED,Highly Satisfactory,SDTLPT-24-070334,HS
8,07-0516-24-GIBS-R,7,CITY OF BOGO HEALTH OFFICE DRUG TESTING CLINICAL & RTDL,"MT. BREEZE, PURPURA, CATECSON, GAIRAN, BOGO CITY, CEBU",BOGO/CEBU,0917-565-8111,RENE GALO M. PALAY,bogocholab@gmail.com,bogocholab@gmail.com,,1,1,2,,,PASSED,Excellent,SDTLPT-24-070335,E
8,07-0517-24-PFSS-R,7,CONSOLACION COMMUNITY DOCTOR'S INC,"NATIONAL HIGHWAY BARANGAY CANSAGA, CONSOLACION, CEBU",CONSOLACION/CEBU,0917-118-3072,"JUDE MARTIN F. CIMAFRANCA, MD",ccdi06_dtl@yahoo.com,ccdi06_dtl@yahoo.com,,2,5,7,,,PASSED,Acceptable,SDTLPT-24-070336,A
8,07-0519-24-GIBS-R,7,GARCIA MEMORIAL PROVINCIAL HOSPITAL DRUG TESTING LABORATORY,"BOHOL CIRCUMFERENCIAL ROAD, SAN JOSE, TALIBON CITY, BOHOL",TALIBON/BOHOL,0995-754-5535,GREG JULIUS D. SODUSTA V,gmphdrugtesting11@gmail.com,gmphdrugtesting11@gmail.com,,2,5,7,,,PASSED,Acceptable,SDTLPT-24-070337,A
8,07-0931-24-PIBS-R,7,"GILLAMAC DIAGNOSTIC & MEDICAL LABORATORIES, INC",169 SANCIANGKO ST. CEBU CITY CEBU ,CEBU CITY,0917-623-7002/ 097-794-2885,"CECILIA L. CAPATOY, MD",gillamac.lab@gmail.com,gillamac.lab@gmail.com,,2,5,7,,,PASSED,Acceptable,SDTLPT-24-070338,A
8,07-1248-23-GIBS-R,7,GOVERNOR CELESTINO GALLARES MEMORIAL MEDICAL CENTER,103 MIGUEL PARRAS STREET POBLACION II TAGBILIRAN CITY BOHOL ,TAGBILIRAN CITY / BOHOL,0956-290-3187/ 0922-844-4920,"SALILLAS, ANNETTE L.",gcgmmc.dtl@gmail.com,gcgmmc.dtl@gmail.com,,4,3,7,,,PASSED,Acceptable,SDTLPT-24-070339,A
8,07-1064-24-PIBS-R,7,HEALTH CARE DIAGNOSTIC AND DRUG TESTING LABORATORY,"P. YBANEZ ST. CORNER ZAMORA ST., BRGY. BINAOBAO, BANTAYAN, CEBU",BANTAYAN/CEBU,0917-589-3484,LEOPOLDO JR  R. HORTALEZA ,hcdc_888@yahoo.com,hcdc_888@yahoo.com,,4,3,7,,,PASSED,Acceptable,SDTLPT-24-070340,A
8,07-0520-24-PIBS-R,7,HEALTH CARE DIAGNOSTIC CENTER,"2ND FLOOR RM. 2G  GOBONSENG BLDG,FRONTIG NOPH. DARO, DUMAGEUTE CITY NEGROS ORIENTAL",DUMAGUETA/NEGROS ORIENTAL,0917-589-3484,LEOPOLDO JR  R. HORTALEZA ,hcdc_888@yahoo.com,hcdc_888@yahoo.com,,1,1,2,,,PASSED,Excellent,SDTLPT-24-070341,E
8,07-1301-24-PIBS-R,7,"HEALTH SCREEN LABORATORY AND DIAGNOSTIC CENTER-CORDOVA CITY, CEBU","GROUND FLOOR, TOMAQUIN BUILDING, POBLACION, CORDOVA CITY, CEBU",CORDOVA/CEBU,0968-331-0622/ 0995-913-8884,SARAH H. CASIO,healthscreendiagnostic@gmail.com,healthscreendiagnostic@gmail.com,,2,4,6,,,PASSED,Acceptable,SDTLPT-24-070342,A
8,07-1302-24-PIBS-R,7,"HEALTH SCREEN LABORATORY AND DIAGNOSTIC CENTER-LAHUG, CEBU","G/F MAXWELLAO BLDG., SALINAS DRIVE COR. WILSON ST., LAHUG CEBU CITY, CEBU",CEBU CITY,0945-684-4760/ 0999-971-2933,SARAH H. CASIO,healthscreenlablahug@gmail.com,healthscreenlablahug@gmail.com,,1,5,6,,,PASSED,Acceptable,SDTLPT-24-070343,A
8,07-1516-23-PIBS-R,7,HEALTHCARE DIAGNOSTIC AND DRUG TESTING LABORATORY-BANTAYAN,"P. YBANEZ ST COR., ZAMORA ST. BRGY BINAOBAO, BANTAYAN, CEBU",BANTAYAN CITY / CEBU,0950-341-9157/ (032) 436-121,"HORTALEZA, LEOPOLDO JR. R.",hcdcbantayan@gmail.com,hcdcbantayan@gmail.com,,2,3,5,,,PASSED,Highly Satisfactory,SDTLPT-24-070344,HS
8,07-0948-23-PIBS-R,7,HI-PRECISION DIAGNOSTIC - MANDAUE,"DIAMOND PLAZA BUILDING, MC BRIONES ST. MAGUIKAY, MANDAUE CITY, CEBU",MANDAUE CITY / CEBU,0917-712-6551,"AVILA, GRACE JOY C.",dtmandaue@hpd-cebu.com,dtmandaue@hpd-cebu.com,,1,1,2,,,PASSED,Excellent,SDTLPT-24-070345,E
8,07-1388-23-PIBS-R,7,HI-PRECISION DIAGNOSTIC- TABUNOK,"SOUTH NATIONAL HIGHWAY, TALISAY, CEBU",TALISAY CITY / CEBU,0917-712-6562,"AVILA, GRACE JOY C.",dttabunok@hpd-cebu.com,dttabunok@hpd-cebu.com,,1,2,3,,,PASSED,Highly Satisfactory,SDTLPT-24-070346,HS
8,07-0950-23-PIBS-R,7,HI-PRECISION DIAGNOSTIC - MACTAN,"M.V PATALINJUG JR. AVENUE, LAPU-LAPU CITY, CEBU",LAPU-LAPU CITY / CEBU,0998-570-7162,"AVILA, GRACE JOY C.",hpd-cebu@hi-precision.com.ph,hpd-cebu@hi-precision.com.ph,,2,2,4,,,PASSED,Highly Satisfactory,SDTLPT-24-070347,HS
8,07-1387-23-PIBS-R,7,HI-PRECISION DIAGNOSTICS/ LABCORE INC.,"#28 WES BLDG., J. LLORENTE ST. CAPITOL SITE, CEBU CITY, CEBU",CEBU CITY /  CEBU,0917-772-8005/ 0917-912-6851,"AVILA, GRACE JOY C.",drugtest@hpd-cebu.com,drugtest@hpd-cebu.com,,2,4,6,,,PASSED,Acceptable,SDTLPT-24-070348,A
8,07-0522-24-PIBS-R,7,HJ LABORATORY AND DIAGNOSTIC CENTER,"G/F GENNIS ARCADE, 17 DE NOVIEMBRE STREET, ALIWANAY, BALAMBAN, CEBU",BALAMBAN/CEBU,0961-821-3144/ 0917-627-7722,ERIC P. LASALA,hjlaboratory2@gmail.com,hjlaboratory2@gmail.com,,2,3,5,,,PASSED,Highly Satisfactory,SDTLPT-24-070349,HS
8,07-1820-24-PIBS-I,7,HMC INC. - CEBU CITY,"LEVEL 3 ACTIVE ZONE, AYALA CENTER CEBU, AYALA BUSINESS PARK, ARCHBISHOP REYES AVE., CEBU CITY, CEBU",CEBU CITY,0917-822-8637/0920-927-4686,MARVI G.  DULNUAN-NIOG,labsupervisor.ceb@healthway.com.ph/marvigdulnuanmd@gmail.com,labsupervisor.ceb@healthway.com.ph/marvigdulnuanmd@gmail.com,,1,5,6,,,PASSED,Acceptable,SDTLPT-24-070350,A
8,07-1526-23-PFSS-R,7,JS MEDICAL AND DIAGNOSTIC CENTER,"JS MED BLDG., #322 MACROVILLE, CARDINAL ROSALES AVENUE, CEBU CITY, CEBU",CEBU CITY / CEBU,9685527709,"LIGARAY, REYNETTE CHRISTINE J.",jsmedicalanddiagnosticcenter@gmail.com,jsmedicalanddiagnosticcenter@gmail.com,,4,4,8,,,PASSED,Acceptable,SDTLPT-24-070351,A
8,07-0525-24-PIBS-R,7,"KERALTY PRIME CEBU INCORPORATED-MANDAUE CITY, CEBU","2ND FLOOR I.T CENTER 1, OAKRIDGE BUSINESS PARK A.S FORTUNA STREET, BANILAD MANDAUE CITY, CEBU ",MANDAUE/CEBU,0928-520-4281/ 0917-152-3810,MARK ANTHONY F. SON,keraltyoakridgelab@gmail.com,keraltyoakridgelab@gmail.com,,0,2,2,,,PASSED,Excellent,SDTLPT-24-070352,E
8,07-0524-24-PIBS-R,7,KERALTY PRIME CEBU INCORPORATED-CONSOLACION CITY CEBU,"CANSAGA, NATIONAL HIGHWAY, CONSOLACION CITY, CEBU",CONSOLACION/CEBU,0995-154-5272/ 0949-885-8189,MARK ANTHONY F. SON,keraltylabconso@gmail.com,keraltylabconso@gmail.com,,2,4,6,,,PASSED,Acceptable,SDTLPT-24-070353,A
8,07-1348-23-GIBS-R,7,LGU-MEDELIN DRUG TESTING LABORATORY,"NEW MEDELLIN ESTATE SUBDIVISION, POBLACION, MEDELLIN, CEBU",MEDELLIN/CEBU,0922-478-0188,MARIE EMMELINE B. YU,medellindtc@yahoo.com,medellindtc@yahoo.com,,4,2,6,,,PASSED,Acceptable,SDTLPT-24-070354,A
8,07-1062-24-PIBS-R,7,"LIFE & HEALTH HMP, INC. LABORATORY - MACTAN BRANCH","BF MACTAN STRIP, PAJO UNIT 2L, LAPU LAPU CITY , CEBU (BESIDE LANDBANK)",LAPU-LAPU/CEBU,0917-102-7169,RUBY O. RUSIA,lifeandhealthmedtech@gmail.com,lifeandhealthmedtech@gmail.com,,0,3,3,,,PASSED,Highly Satisfactory,SDTLPT-24-070355,HS
8,07-1066-24-PIBS-R,7,"LIFE & HEALTH HMP, INC.- TOLEDO CITY","GKLC BUILDING, PENALOSA STREET, BRGY. POBLACION, TOLEDO CITY, CEBU",TOLEDO/CEBU,0917-140-6998/0917-122-4055,RUBY O. RUSIA-UY,lifeandhealthtoledolab@gmail.com,lifeandhealthtoledolab@gmail.com,,2,2,4,,,PASSED,Highly Satisfactory,SDTLPT-24-070356,HS
8,07-1249-23-PIBS-R,7,"LIFELAB DIAGNOSTICS, INC.","2/F TSI BLDG OUANO AVENUE NORTH RECLAMATION AREA SUBANGDAKU, MANDAUE CITY, CEBU",MANDAUE/CEBU,0922-807-2732,ALMA  E. MALILONG,lifelabdiagnostics@gmail.com,lifelabdiagnostics@gmail.com,,2,5,7,,,PASSED,Acceptable,SDTLPT-24-070357,A
8,07-XXXX-XX-XXXX-X,7,LORENZO DIAGNOSTIC LABORATORY,"CARLITA UNO BLDG., N. BACALSO ST., POB. WARD 1 (ABOVE METROBANK) MINGLANILLA, CEBU",MINGLANILLA/CEBU,0917-956-8789,THEODORE M. ZAMORA,lorenzolorenzo123@yahoo.com,lorenzolorenzo123@yahoo.com,,3,5,8,,,PASSED,Acceptable,SDTLPT-24-070358,A
8,07-1916-23-PIBS-R,7,LR MEDICAL LABORATORY AND CLINIC,"UNIT 18& 19 2ND FLOOR THE ARCADE M.L QUEZON, NATIONAL HIGHWAY, PAJO, LAPU-LAPU CITY, CEBU",LAPU-LAPU CITY / CEBU,0926-654-1983/ (032) 326-0787,"DULNUAN-NIOG, MARVI G.",lrmedlabllc@gmail.com,lrmedlabllc@gmail.com,,4,2,6,,,PASSED,Acceptable,SDTLPT-24-070359,A
8,07-0528-24-PIBS-R,7,MAAYO MEDICAL CLINIC CORPORATION,"GROUND FLOOR, LAB. DEPT., THE HOSPITAL AT MAAYO, NORTHPARK, UN AVE., CORNER PLARIDEL ST., ALANG ALANG",MANDAUE/CEBU,0968-695-7251,CECILIA  L. CAPATOY,dtlaboratorymaayo@gmail.com,dtlaboratorymaayo@gmail.com,,0,3,3,,,PASSED,Highly Satisfactory,SDTLPT-24-070360,HS
8,07-1505-23-PIBS-R,7,MACTAN MEDICAL AND DENTAL CENTER,"2F BLK C., MACTAN MARINA MALL, IBO, LAPU LAPU CITY, CEBU",LAPU LAPU CITY / CEBU,0927-508-5638,"SALILLAS, ANNETTE L.",drugtestmmdc@gmail.com,drugtestmmdc@gmail.com,,2,2,4,,,PASSED,Highly Satisfactory,SDTLPT-24-070361,HS
8,07-XXXX-XX-XXXX-X,7,"MEDICAL CITY MANDAUE, INC.","S.B. CABAHUG ST., MANDAUE, CEBU",MANDAUE/CEBU,0918-227-6923,CECILIA  L. CAPATOY,medicalcitymandaueinc@gmail.com,medicalcitymandaueinc@gmail.com,,2,5,7,,,PASSED,Acceptable,SDTLPT-24-070362,A
8,07-0529-24-PIBS-R,7,MEDICAL MISSION GROUP HOSPITAL AND HEALTH SERVICES COOPERATIVE - BOHOL ,"0613 T. BANTOL STREET., BARANGAY DAMPAS, TAGBILARAN CITY, BOHOL",TAGBILARAN/BOHOL,0917-634-8912/ 0917-324-5814,ANNETTE L. SALILLAS,kathleen.mmgbohol@gmail.com,kathleen.mmgbohol@gmail.com,,2,2,4,,,PASSED,Highly Satisfactory,SDTLPT-24-070363,HS
8,07-1307-24-PIBS-R,7,"MEDISENSE LABORATORY CENTER, INC. - DUMAGUETE CITY, NEGROS ORIENTAL","3RD- 4TH FLOOR, DNJ BUILDING, REAL STREET, BRGY. TABUC-TUBIG, DUMAGUETE CITY, NEGROS ORIENTAL",DUMAGUETA/NEGROS ORIENTAL,0927-194-7564/ 0917-779-4401,CECILIA P. CAPATOY,msldgt.lab@gmail.com,msldgt.lab@gmail.com,,4,4,8,,,PASSED,Acceptable,SDTLPT-24-070364,A
8,07-0531-24-PIBS-R,7,"MEDISENSE LABORATORY CENTER, INC. - CEBU CITY","GROUND FLOOR, BAI CENTER, 892 NATALIO BACALSO AVENUE, CEBU SOUTH ROAD, BRGY. BASAK, SAN NICOLAS, CEBU CITY",SAN NICOLAS/CEBU,0917-116-1943,CECILIA P. CAPATOY,mslcebulab@gmail.com,mslcebulab@gmail.com,,3,4,7,,,PASSED,Acceptable,SDTLPT-24-070365,A
8,07-XXXX-XX-XXXX-X,7,MHAM DIAGNOSTICS AND MEDICAL INC.,"GROUND FLOOR, MHAM BUILDING, R. DUTERTE ST. BANAWA, BRGY. GUADALUPE, CEBU CITY, CEBU",GUADALUPE/CEBU,0915-957-8294/ 0917-320-7662,ABELARDO J. ALERA,mhamdiagnostics.lab@gmail.com,mhamdiagnostics.lab@gmail.com,,2,3,5,,,PASSED,Highly Satisfactory,SDTLPT-24-070366,HS
8,07-0534-24-PIBS-R,7,NEGROS ORIENTAL HOSPITAL AND HEALTH SERVICES COOPERATIVE,"UYMATIAO BLDG., STA. ROSA STREET, BARANGAY 03, DUMAGUETE CITY, NEGROS ORIENTAL",DUMAGUETE/NEGROS ORIENTAL,0955-088-8653,ROGELIO S. MCINTIRE,medical97coop@gmail.com,medical97coop@gmail.com,,1,2,3,,,PASSED,Highly Satisfactory,SDTLPT-24-070367,HS
8,07-0535-24-PFSS-R,7,NEW WORLD DIAGNOSTICS INC- CEBU,"267 OSMENA BLVD., STA. CRUZ, CEBU CITY, CEBU",CEBU CITY,0991-391-3948,MARIA KARISSA G LIM,kristel.dionisio@nwdi.com.ph,kristel.dionisio@nwdi.com.ph,,1,5,6,,,PASSED,Acceptable,SDTLPT-24-070368,A
8,07-1284-22-PIBS-I,7,NORDIC MEDICAL CLINIC INC. - CEBU ,"G/F DON ALFREDO D. GOTHONG CENTER, SERGIO OSME•A BLVD, CEBU CITY, CEBU",CEBU CITY / CEBU,9178271858,"CHIONG, IRVEN P.",nmc.cebuadmin@nordicmedical.no,nmc.cebuadmin@nordicmedical.no,,3,2,5,,,PASSED,Highly Satisfactory,SDTLPT-24-070369,HS
8,07-0956-24-PFSS-R,7,OPON MEDICAL DIAGNOSTIC CORPORATION,"MACTAN TOWN CENTER, BASAK, LAPU-LAPU CITY, CEBU",LAPU-LAPU/CEBU,0922-881-1396,THEODORE M. ZAMORA,omdclab2021@gmail.com/myethan04@yahoo.com,omdclab2021@gmail.com/myethan04@yahoo.com,,0,2,2,,,PASSED,Excellent,SDTLPT-24-070370,E
8,07-1517-23-PIBS-R,7,PATIENT HEALTHCARE DIAGNOSTIC AND DRUG TESTING CENTER-OSLOB,"NEAR RGT GAS STATION , POBLACION, OSLOB, CEBU",OSLOB CITY / CEBU,0975-482-7682,"HORTALEZA, LEOPOLDO JR. R.",phcdcoslob321@gmail.com ,phcdcoslob321@gmail.com ,,3,3,6,,,PASSED,Acceptable,SDTLPT-24-070371,A
8,07-1274-23-PIBS-R,7,PATIENT HEALTHCARE DIAGNOSTIC AND DRUGTESTING CENTER-BAYAWAN,"FORTUGALEZA BUILDING,  BARANGGAY SUBA, BAYAWAN CITY NEGROS ORIENTAL",BAYAWAN CITY / NEGROS ORIENTAL,0927-065-3023/(035) 430-9102,"HORTALEZA, LEOPOLDO JR. R.",phcdcbayawan2019@yahoo.com,phcdcbayawan2019@yahoo.com,,1,5,6,,,PASSED,Acceptable,SDTLPT-24-070372,A
8,07-0361-23-PFSS-R,7,PATIENT HEALTHCARE DIAGNOSTIC AND DRUGTESTING CENTER-SIQUIJOR,"UNIT 4, FLORANTE LAGUDAS BLDG., POBLACION, SIQUIJOR ",POBLACION CITY / SIQUIJOR,0905-743-8808/ 0928-846-6288,"HORTALEZA, LEOPOLDO JR. R.",patienthealthcared@yahoo.com,patienthealthcared@yahoo.com,,2,1,3,,,PASSED,Highly Satisfactory,SDTLPT-24-070373,HS
8,07-1280-23-PFSS-R,7,PRIME CARE ALPHA,"2ND LEVEL, APM, CENTRALE, A. SORIANO AVE, BRGY. MABOLO, CEBU CITY, CEBU",CEBU CITY / CEBU,9279555639,"AZNAR, PETER S.",labdept.primecarecebu@gmail.com,labdept.primecarecebu@gmail.com,,1,3,4,,,PASSED,Highly Satisfactory,SDTLPT-24-070374,HS
8,07-XXXX-XX-XXXX-X,7,RC MEDICAL & DRUG TEST CENTER,"MASLOG BLDG. ENERIO ST. POBLACION III, TAGBILIRAN CITY, BOHOL",TAGBILIRAN CITY / BOHOL,0921-207-5668/ 0920-926-7525,"ARCAY, JUANITA A.",san_roque_tagbilaran@yahoo.com,san_roque_tagbilaran@yahoo.com,,2,1,3,,,PASSED,Highly Satisfactory,SDTLPT-24-070375,HS
8,07-0973-23-PFSS-R,7,SHANDRIE DRUG TESTING CENTER AND MEDICAL CLINIC,"G/F CARCAR TRAVELLERS INN, TANGASAN, VALLADOLID, CARCAR CITY, CEBU",CARCAR CITY / CEBU,9361285515,"ZAMORA, THEODORE M.",shandriedtlcarcar.jggc@gmail.com,shandriedtlcarcar.jggc@gmail.com,,3,3,6,,,PASSED,Acceptable,SDTLPT-24-070376,A
8,07-0681-21-PIBS-R,7,"SINGAPORE MEDICAL LABORATORIES, INC.","2F MAXICARE PRIMARY CARE CENTER, LOT 5 BLK 6 MINDANAO AVE CEBU BUSINESS PARK CEBU CITY, CEBU",CEBU CITY /  CEBU,0917-635-8929/ 0917-857-9565,"MORENO, MATTEW A.",corelabcebu@singaporediagnostics.com,corelabcebu@singaporediagnostics.com,,1,5,6,,,PASSED,Acceptable,SDTLPT-24-070377,A
8,07-0963-24-PIBS-R,7,"ST. PETER-PAUL MEDICAL CLINIC, INC.-CEBU","458-B COLON ST., CEBU CITY, CEBU",CEBU CITY / CEBU,9178142328,"MALILONG, ALMA E.",sppmcicebu@yahoo.com/aemalilong@yahoo.com,sppmcicebu@yahoo.com/aemalilong@yahoo.com,,2,3,5,,,PASSED,Highly Satisfactory,SDTLPT-24-070378,HS
8,07-XXXX-XX-XXXX-X,7,STO. NI•O DIAGNOSTIC CLINIC,"A&D BLDG., B. RODRIGUEZ ST., CAPITOL SITE (ACROSS VSMMC), CEBU CITY, CEBU",CEBU CITY /  CEBU,9218094911,"CABALLERO, JUDITO G.",sndc_dtl@yahoo.com,sndc_dtl@yahoo.com,,2,2,4,,,PASSED,Highly Satisfactory,SDTLPT-24-070379,HS
8,07-0724-24-PIBS-R,7,"SUPERCARE MEDICAL SERVICES, INC.   ","VICENTE BLDG., M. VELEZ ST. GUADALUPE, CEBU CITY, CEBU",CEBU CITY,0927-127-6242/0917-914-6471,EVEYLEN A. CHI,smsicebu.sdtl@gmail.com,smsicebu.sdtl@gmail.com,,3,5,8,,,PASSED,Acceptable,SDTLPT-24-070380,A
8,07-1831-24-PFSS-R,7,TALIBON DRUG TESTING CENTER,"LTO TALIBON BLDG., CPG AVENUE, POBLACION, TALIBON CITY, BOHOL",TALIBON CITY/BOHOL,0929-807-0544,JESSICA SOCORRO G.  YU,auzajun@gmail.com,auzajun@gmail.com,,1,1,2,,,PASSED,Excellent,SDTLPT-24-070381,E
8,07-0965-24-PFSS-R,7,TINA DIAGNOSTIC LABORATORY,"CASIA ST. BRGY 8 (NEAR CTU), TUBURAN CITY, CEBU",TUBURAN/CEBU,0923-518-4741/ 0917-329-6617,MALILONG E. ALMA ,tinamarietabotabo976@gmail.com,tinamarietabotabo976@gmail.com,,1,2,3,,,PASSED,Highly Satisfactory,SDTLPT-24-070382,HS
8,07-1274-24-PIBS-R,7,TOTAL HEALTH CHECK DIAGNOSTIC CORP,"J. LLORENTE ST. CAPITOL SITE CEBU CITY , CEBU",CEBU CITY,09173641089/ 268878728,THEODORE M. ZAMORA,nursesthcdc@gmail.com,nursesthcdc@gmail.com,,3,5,8,,,PASSED,Acceptable,SDTLPT-24-070383,A
8,07-XXXX-XX-XXXX-X,7,UNG'S DRUG TESTING CENTER,"NONO LIMBAGA DRIVE, BRGY 9, TANJAY CITY, NEGROS ORIENTAL (UNG'S SUPERSTORE INC)",TANJAY CITY / NEGROS ORIENTAL,0917-552-3974/ (035) 415-9807,"HORTALEZA, LEOPOLDO JR. R.",ungsdtl@gmail.com,ungsdtl@gmail.com,,5,1,6,,,PASSED,Acceptable,SDTLPT-24-070384,A
8,07-0969-24-PIBS-R,7,UNIVERSITY OF CEBU MEDICAL CENTER,"OUANO AVE., CITY SOUTH SPECIAL ECONOMIC ZONE, GUIZO, MANDAUE CITY, CEBU",MANDAUE/CEBU,0917-711-4549/ 0917-857-9565,"MATTHEW A. MORENO, MD",laboratory@ucmed.ph,laboratory@ucmed.ph,,1,1,2,,,PASSED,Excellent,SDTLPT-24-070385,E
9,08-0914-24-PFSS-R,8,ANAHAW NEURO-PSYCHIATRIC & DRUG TESTING CENTER,"2ND FLOOR FELISA'S CAFE BLDG.63 JUSTICE ROMUALDEZ ST., TACLOBAN CITY, LEYTE",TACLOBAN/LEYTE,0921-372-6723,JOSE T. SANTIAGO,anahawdtltac@gmail.com,anahawdtltac@gmail.com,,1,5,6,,,PASSED,Acceptable,SDTLPT-24-080386,A
9,08-1311-24-PFSS-R,8,CDU DRUG TESTING LABORATORY,298 R. MAGSAYSAY AVE. POB. ZONE 22 BAYBAY CITY LEYTE,BAYBAY/LEYTE,0931-742-7185,REYNALDO P. ESQUIVEL,crizel_uy03@yahoo.com,crizel_uy03@yahoo.com,,2,2,4,,,PASSED,Highly Satisfactory,SDTLPT-24-080387,HS
9,08-0915-24-GIBS-R,8,CITY DRUG ABUSE PREVENTION & REHABILITATION OFFICE,"J.D AVELINO ST. CITY HALL COMPOUND, CALBAYOG CITY, WESTERN SAMAR",CALBAYOG/SAMAR,0936-557-6205 ,"TEODORO U. FORTALEZA, MD",robillosrubincure@gmail.com,robillosrubincure@gmail.com,,2,3,5,,,PASSED,Highly Satisfactory,SDTLPT-24-080388,HS
9,08-0939-24-PIBS-R,8,DIVINE CLINICAL LABORATORY,"RIZAL AVENUE, CATBALOGAN CITY, WESTERN SAMAR, LEYTE SAMAR",CATBALOGAN/LEYTE,0997-148-2093/ 0917-104-2070,"JENNIFER D. ABERIAS, MD",divinelabcatbalogan@gmail.com,divinelabcatbalogan@gmail.com,,1,4,5,,,PASSED,Highly Satisfactory,SDTLPT-24-080389,HS
9,08-0946-24-PIBS-R,8,DIVINE RAYS DIAGNOSTIC AND MEDICAL,"R KANGLEON ST BRGY MANTAHAN, MAASIN CITY, SOUTHERN, LEYTE",MAASIN/LEYTE,0906-515-0513/0917-104-2070,"JENNIFER D. ABERIAS, MD",drmaasin@yahoo.com,drmaasin@yahoo.com,,4,1,5,,,PASSED,Highly Satisfactory,SDTLPT-24-080390,HS
9,08-0937-24-PIBS-R,8,DIVINE RAYS DIAGNOSTIC AND MEDICAL CENTER,OSME•A ST. ZONE II SOGOD SO LEYTE,CATARMAN/SAMAR,0927-385-4846/ 0917-104-2070,"JENNIFER D. ABERIAS, MD",divinerayssogod@gmail.com,divinerayssogod@gmail.com,,2,2,4,,,PASSED,Highly Satisfactory,SDTLPT-24-080391,HS
9,08-0949-24- PIBS-R,8,DIVINE RAYS DIAGNOSTIC AND MEDICAL SUPPLIES- TACLOBAN,"DR BUILDING AVENIDA VETERANOS STREET., TACLOBAN, LEYTE",TACLOBAN/LEYTE,0917-174-3498,"JENNIFER D. ABERIAS, MD",divinerayslaboratorytacloban@gmail.com,divinerayslaboratorytacloban@gmail.com,,1,3,4,,,PASSED,Highly Satisfactory,SDTLPT-24-080392,HS
9,08-0952-24-PIBS-R,8,DIVINE RAYS DIAGNOSTIC AND MEDICAL SUPPLIES-CATARMAN,"ROXAS ST., BRGY. J.P. RIZAL, CATARMAN, NORTHERN SAMAR",CATARMAN/SAMAR,0915-355-0914/ 0917-104/2070,"JENNIFER D. ABERIAS, MD",divinerays.catarman@gmail.com,divinerays.catarman@gmail.com,,4,1,5,,,PASSED,Highly Satisfactory,SDTLPT-24-080393,HS
9,08-0933-24-PIBS-R,8,DIVINE RAYS DIAGNOSTIC AND MEDICAL SUPPLIES-ORMOC ,"LILIA AVENUE, BRGY COGON, ORMOC CITY, LEYTE",LEYTE,0950-245-7131/ 0917-104-2070,"JENNIFER D. ABERIAS, MD",divineraysormoc@gmail.com,divineraysormoc@gmail.com,,4,2,6,,,PASSED,Acceptable,SDTLPT-24-080394,A
9,08-0955-24-PIBS-R,8,DIVINE RAYS FAMILY HEALTH CARE CENTER,"MAGSAYSAY BOULEVARD, BRGY EAST AWANG, CALBAYOG CITY, WESTERN SAMAR",CALBAYOG/SAMAR,0945-705-1850/ 0917-104-2070,"JENNIFER D. ABERIAS, MD",divinerayscalbayog@gmail.com,divinerayscalbayog@gmail.com,,2,4,6,,,PASSED,Acceptable,SDTLPT-24-080395,A
9,08-0818-23-PFSS-R,8,DON BOSCO DRUG TESTING LABORATORY,"471 MEJIA BLDG.REAL ST., BRGY. 22, ORMOC, LEYTE",ORMOC CITY / LEYTE,9420254893,"CAMPILAN, NILO T.",clin.2005@yahoo.com,clin.2005@yahoo.com,,0,4,4,,,PASSED,Highly Satisfactory,SDTLPT-24-080396,HS
9,08-0932-24-PIBS-R,8,GATCHALIAN MEDICAL CENTER (FORMERLY CLINICA GATCHALIAN & HOSPITAL),"GATCHALIAN MEDICAL CENTER, KANGLEON ST., ORMOC CITY, LEYTE",ORMOC CITY / LEYTE,9275504217,"DELA PENA, FLORA A.",laboratory@gatchalianmedicalcenter.com,laboratory@gatchalianmedicalcenter.com,,2,3,5,,,PASSED,Highly Satisfactory,SDTLPT-24-080397,HS
9,08-1612-23-PIBS-R,8,GUIUAN CLINICAL LABORATORY AND DRUG TESTING CENTER,"LUGAY STREET, POBLACION WARD 08, GUIUAN, EASTERN SAMAR",GUIUAN CITY / EASTERN SAMAR,0915-715-0354/ 0977-805-7735,"AYUSON, JOAN TIU",guiuanclinlab@yahoo.com,guiuanclinlab@yahoo.com,,3,1,4,,,PASSED,Highly Satisfactory,SDTLPT-24-080398,HS
9,08-0917-24-PIBS-R,8,HQA BIOLAB AND DIAGNOSTIC CLINIC,"BRGY. CASTIN STREET, SMO, ROSARIO NAVAL, BILIRAN, NAVAL. BILIRAN",NAVAL/BILIRAN,0917-322-6305,MA. CECILIA D SAMOSA,hgabiolab2015@gmail.com,hgabiolab2015@gmail.com,,3,5,8,,,PASSED,Acceptable,SDTLPT-24-080399,A
9,08-0820-23-PFSS-R,8,MEJIA CLINICAL LABORATORY DRUG TESTING CENTER,"AUNUBING ST., BRGY. COGON, ORMOC CITY LEYTE",ORMOC CITY / LEYTE,053-8393344 / 0908 418 3941/09560677048,"ESQUIVEL, REYNALDO P.",romeopapellero@gmail.com,romeopapellero@gmail.com,,2,2,4,,,PASSED,Highly Satisfactory,SDTLPT-24-080400,HS
9,08-1313-24-PFSS-R,8,NAVAL DOCTORS HEALTHCARE SERVICE INC,"457 NL LIMPIADO BLDG., VICENTILLO CT., SMO ROSARIO, NAVAL CITY, BILIRAN",NAVAL/BILIRAN,09064206087/ 0922-214-0685,MA. CECILIA D. SAMOSA,navaldrshs@yahoo.com,navaldrshs@yahoo.com,,2,3,5,,,PASSED,Highly Satisfactory,SDTLPT-24-080401,HS
9,08-1607-24-PFSS-R,8,OSPA-FARMERS MEDICAL CENTER ,"BRGY. CAN-ADIENG (CARLOTA HILLS) ORMOC CITY, LEYTE",ORMOC/LEYTE,0977-459-2414/ 0917-713-8822/ (053) 5611701,MARIA TERESITA  Z. PERILLA ,ormocdrugtestingcenter@gmail.com,ormocdrugtestingcenter@gmail.com,,2,2,4,,,PASSED,Highly Satisfactory,SDTLPT-24-080402,HS
9,08-XXXX-XX-XXXX-X,8,QUEST AND RELIANCE DIAGNOSTICS,"UNIT A, M BLOCK BRGY 77 MARASBARAS TACLOBAN CITY, LEYTE ",TACLOBAN/LEYTE,09998886694/(053)888-4403,"JENNIFER D. ABERIAS, MD",questdiagnostics.marasbaras@gmail.com,questdiagnostics.marasbaras@gmail.com,,2,3,5,,,PASSED,Highly Satisfactory,SDTLPT-24-080403,HS
9,08-1926-23-PIBS-R,8,RAPHAH MEDICAL AND DIAGNOSTIC CENTER,"605 REAL ST. BRGY. 60 SAGKAHAN, TACLOBAN CITY, LEYTE TACLOBAN CITY LEYTE (NEAR LANDBANK SAGKAHAN)",TACLOBAN/LEYTE,0977-820-6285,"CLEOCITA PARILLA-PORTULLA, MD",rmdc.tacloban@gmail.com,rmdc.tacloban@gmail.com,,0,2,2,,,PASSED,Excellent,SDTLPT-24-080404,E
9,08-0823-23-PFSS-R,8,REGION 8 HEALERS' INITIATIVE INCORPORATED,"203 YPL BLDG., AVENIDA VETERANOS CORNER STO. NI•O ST. TACLOBAN, LEYTE",TACLOBAN CITY / LEYTE,09256-038-7518/ 0917-104-2070/ (053) 560-4211,"ABIERAS, JENNIFER D.",r8hidiagnosticlaboratory@gmail.com,r8hidiagnosticlaboratory@gmail.com,,2,0,2,,,PASSED,Excellent,SDTLPT-24-080405,E
9,08-0957-24-PIBS-R,8,RVC DIAGNOSTIC,"ZONE VENUS PANING, PALO, LEYTE",PALO/LEYTE,0975-044-2749/ 0917-104-2070,"JENNIFER D. ABERIAS, MD",rvcdiagnosticpaning@gmail.com,rvcdiagnosticpaning@gmail.com,,2,2,4,,,PASSED,Highly Satisfactory,SDTLPT-24-080406,HS
9,08-0826-23-PFSS-R,8,"ST. BENEDICT LABORATORY, DRUG TESTING & MEDICAL CLINIC","0738 2F SABATE BLDG., REAL ST., SONGCO BORONGAN, EASTERN SAMAR",BORONGAN / EASTERN SAMAR,0953-241-5158,"TIU-AYUSON, JOAN T.",stbenedict62419@gmail.com,stbenedict62419@gmail.com,,1,3,4,,,PASSED,Highly Satisfactory,SDTLPT-24-080407,HS
9,08-1900-23-PIBS-I,8,ST. CLAIRE CLINICAL & DRUG TESTING LABORATORY,"200 M.H DEL PILAR ST. BRGY.24, TACLOBAN CITY, LEYTE",TACLOBAN/LEYTE,0917-156-6602,GLENN ANTHONY M.  LUZANO,stclaredtl@gmail.com,stclaredtl@gmail.com,,2,1,3,,,PASSED,Highly Satisfactory,SDTLPT-24-080408,HS
9,08-XXXX-XX-XXXX-X,8,TNB DRUGTESTING DIAGNOSTIC LABORATORY,"AUNUBING ST. COGON, COMBADO ORMOC CITY, LEYTE",ORMOC/LEYTE,0917-543-7770,JENNIFER D. ABIERAS,tnbdtlab@yahoo.com,tnbdtlab@yahoo.com,,2,2,4,,,PASSED,Highly Satisfactory,SDTLPT-24-080409,HS
9,08-1633-23-PIBS-R,8,ULTRASCAN DIAGNOSTIC CLINIC,"SENATOR ENAGE T. CLAUDIO STREET, TACLOBAN, LEYTE",TACLOBAN CITY / LEYTE,0915-079-2278,"SANORIA, DEMIE DAVE C.",ultrascandiagnosticclinic@gmail.com,ultrascandiagnosticclinic@gmail.com,,1,0,1,,,PASSED,Excellent,SDTLPT-24-080410,E
10,09-0789-23-PFSS-R,9,ACCU- DRUGLINES DRUG TESTING CENTER,"#301 BESIDES EDWINS ANDREWS AIR BASE, 1ST GATE, STA MARIA, ZAMBOANGA CITY, ZAMBOANGA DEL SUR",ZAMBOANGA CITY / ZAMBOANGA DEL SUR,0966-392-0999,"TORREGOSA, MARY ANN R.",gllim_05@yahho.com/ accudruglines@yahoo.com,gllim_05@yahho.com/ accudruglines@yahoo.com,,1,0,1,,,PASSED,Excellent,SDTLPT-24-090411,E
10,09-1768-23-PIBS-R,9,AIMCOOP DIAGNOSTIC LABORATORY,"NATIONAL HIGHWAY, SAN JOSE, AURORA, ZAMBOANGA DEL SUR",AURORA / ZAMBOANGA DEL SUR,9190027831,"TEE, HAROLD L.",mhsdaimcoop@yahoo.com,mhsdaimcoop@yahoo.com,,2,2,4,,,PASSED,Highly Satisfactory,SDTLPT-24-090412,HS
10,09-1883-24-PFSS-R,9,AR DRUG TESTING LABORATORY,"PUROK HILLSIDE UPPER PULACAN, LABANGAN CITY, ZAMBOANGA DEL SUR",LABANGAN/ZAMBOANGA DEL SUR,0938-115-8477/ 0917-525-7663 / 0995-061-4516,AMYROSE E. DE ALBAN,ardrugtestinglaboratory@gmail.com,ardrugtestinglaboratory@gmail.com,,3,5,8,,,PASSED,Acceptable,SDTLPT-24-090413,A
10,09-1276-23-PIBS-R,9,BP DIAGNOSTIC AND CLINICAL LABORATORY,"BP DIAGNOSTIC AND CLINICAL LAB., RED CROSS COMPOUND, PETTIT BARRACKS RIZAL ST. ZONE IV, ZAMBOANGA CITY",ZAMBOANGA CITY / ZAMBOANGA DEL SUR,0917-124-7571,"TORREGOSA, MARY ANN R.",bpdcl.080812@gmail.com,bpdcl.080812@gmail.com,,1,1,2,,,PASSED,Excellent,SDTLPT-24-090414,E
10,09-1100-24-PIBS-R,9,BUUG DIAGNOSTIC LABORATORY,"LAO BUILDING, MIARE ST. POBLACION, BUUG, ZAMBOANGA. SIBUGAY (NEAR LTO OFFICE)",ZAMBOANG/SIBUGAY,0929-375-9527/ 0917-837-1542,GERARD L. LAMAYRA,gsingson21@yahoo.com,gsingson21@yahoo.com,,2,3,5,,,PASSED,Highly Satisfactory,SDTLPT-24-090415,HS
10,09-1850-23-PIBS-I,9,CIUDAD MEDICAL ZAMBOANGA,"MAYOR VITALIANO AGAN AVENUE, CAMINO, NUEVO, ZAMBOANGA CITY, ZAMBOANGA DEL SUR",ZAMBOANGA CITY / ZAMBOANGA DEL SUR,9175103317,"ABUBAKAR, AL-ZAMZAM A.",ciudadlabmed@gmail.com,ciudadlabmed@gmail.com,,0,3,3,,,PASSED,Highly Satisfactory,SDTLPT-24-090416,HS
10,09-1103-24-PIBS-R,9,HEALTHWISE CLINICAL LABORATORY AND DIAGNOSTIC CENTER INC.,"LIONG TEK BLDG., NUNEZ ST.,ZONE III ZAMBOANGA CITY, ZAMBOANGA DEL SUR (BESIDE C&E BOOK STORE)",ZAMBOANGA CITY,0967-219-1466,CHRISTIAN ROY Q. SARMIENTO,healthwiseldc@gmail.com,healthwiseldc@gmail.com,,0,2,2,,,PASSED,Excellent,SDTLPT-24-090417,E
10,09-1104-24-PIBS-R,9,HOFILE•A HOSPITAL,"BESIDE TRACE ARCADE, F.S. PAJARES AVENUE, GATAS DISTRICT, PAGADIAN CITY, ZAMBOANGA DEL SUR",PAGADIAN/ZAMBOANGA,0985-472-6492,MARY ANN R. TORREGOSA,hofilenalaboratory@gmail.com,hofilenalaboratory@gmail.com,,5,1,6,,,PASSED,Acceptable,SDTLPT-24-090418,A
10,09-XXXX-XX-XXXX-X,9,ODJ MEDICAL DIAGNOSTIC CLINIC AND PHARMACY,"PUROK ORCHID, CHIONG BUILDING,POBLACION IPIL ZAMBOANGA SIBUGAY",IPIL CITY/ZAMBOANGA SIBUGAY,0917-308-4677/ 0977-746-8951,MARY ANN  R. TORREGOSA,jntsilono@yahoo.com,jntsilono@yahoo.com,,1,2,3,,,PASSED,Highly Satisfactory,SDTLPT-24-090419,HS
10,09-XXXX-XX-XXXX-X,9,PDC DIAGNOSTIC CENTER,"GOV. CERILLES STREET, SAN FRANCISCO DISTRICT, PAGADIAN CITY, ZAMBOANGA DEL SUR",PAGADIAN CITY /  ZAMBOANGA DEL SUR,9989713599/(062)2144900,"HERRERA, MARIA CYNTHIA R.",pdcdiagnostic@gmail.com,pdcdiagnostic@gmail.com,,1,5,6,,,PASSED,Acceptable,SDTLPT-24-090420,A
10,09-1414-23-PIBS-R,9,PUERICULTURE MATERNITY LYING-IN HOSPITAL CLINICAL LAB,"P. BRILLANTES ST., (FRONTING SUNFLOWER FOOD CENTER), ZAMBOANGA CITY, ZAMBOANGA DEL SUR",ZAMBOANGA CITY /  ZAMBOANGA DEL SUR,9264212916,"BORJA, JOSE VICENTE II G.",janebombio@gmail.com,janebombio@gmail.com,,4,1,5,,,PASSED,Highly Satisfactory,SDTLPT-24-090421,HS
10,09-0975-24-PFSS-R,9,RABZKHIEL DRUG TESTING LABORATORY,"VETERANS AVENUE, ZONE IV (BESIDE LTO), ZAMBOANGA CITY, ZAMBOANGA DEL SUR",ZAMBOANG/SIBUGAY,0945-539-5088,CHRISTIAN ROY Q. SARMIENTO,drabzkhiel@yahoo.com,drabzkhiel@yahoo.com,,1,2,3,,,PASSED,Highly Satisfactory,SDTLPT-24-090422,HS
10,09-0437-23-PFSS-R,9,SWEET FAITH DIAGNOSTIC LABORATORY,"A. MABINI ST., POBLACION, SINDANGAN, ZAMBOANGA DEL NORTE",SINDANGAN/ZAMBOANGA DEL NORTE,0936-751-3780/ 0919-575-1977,MARY ANN R. TORREGOSA,sweetfaithlab@gmail.com,sweetfaithlab@gmail.com,,2,3,5,,,PASSED,Highly Satisfactory,SDTLPT-24-090423,HS
10,09-0801-23-PFSS-R,9,THE AGAPE HEALTH CARE CENTER,"35 FELICISIMO HERRERA CORNER TOMAS CLAUDIO ST. DIPOLOG,ZAMBOANGA DEL NORTE",DIPOLOG CITY / ZAMBOANGA DEL NORTE,0998-975-8091/ (063) 212-4533,"RUIZ, CHONILO O.",agape.health@yahoo.com,agape.health@yahoo.com,,0,2,2,,,PASSED,Excellent,SDTLPT-24-090424,E
10,09-0971-24-PIBS-R,9,TRUELAB DIAGNOSTIC LABORATORY,"UZ BLDG. GETSEMANE ST. POBLACION, IPIL CITY, ZAMBOANGA SIBUGAY",IPIL CITY/ZAMBOANGA SIBUGAY,0939-891-8556/ 0919-575-1977,MARY ANN R. TORREGOSA,bettyorly2004@yahoo.com,bettyorly2004@yahoo.com,,4,2,6,,,PASSED,Acceptable,SDTLPT-24-090425,A
10,09-1121-24-PIBS-R,9,UNIVERSIDAD DE ZAMBOANGA MEDICAL CENTER INC.,"247 SAN JOSE ROAD, ZAMBOANGA CITY, ZAMBOANGA DEL SUR",ZAMBOANGA DEL SUR,0966-755-6323/0917-559-0493,JOSE VICENTE II G. BORJA,uzmc@uz.edu.ph,uzmc@uz.edu.ph,,3,3,6,,,PASSED,Acceptable,SDTLPT-24-090426,A
10,09-0979-24-PIBS-R,9,WEST METRO MEDICAL CENTER,"VETERANS AVENUE EXTENSION ZAMBOANGA CITY, ZAMBOANGA DEL SUR",ZAMBOANGA CITY,0939-906-9506/ 0977-172-8287,RANDELL S.  ARIAS,MPEspiritu@westmetro.com.ph ,MPEspiritu@westmetro.com.ph ,,1,5,6,,,PASSED,Acceptable,SDTLPT-24-090427,A
10,09-0438-23-PFSS-R,9,YHANG DRUG TESTING CENTER,"NO. II, JOSE CO. BLDG., VETERANS AVE., BRGY. ZONE-IV, ZAMBOANGA CITY, ZAMBOANGA DEL SUR (IN-FRONT OF MOBILE TASK FORCE ZAMBOANGA, VET. AVE)",ZAMBOANGA CITY / ZAMBOANGA DEL SUR,0905-965-9078 / (063) 993-7663,"ANACAN JR., JOHN HERNANI V.",amisali_thelma@yahoo.com,amisali_thelma@yahoo.com,,2,4,6,,,PASSED,Acceptable,SDTLPT-24-090428,A
10,09-1324-24-GIBS-R,9,ZAMBOANGA CITY HEALTH OFFICE DRUG TESTING CENTER,"RIZAL ST. PETTIT BARRACKS, ZONE IV, ZAMBOANGA CITY, ZAMBOANGA DEL SUR",ZAMBOANGA CITY,0905-300-1808/ 0977-172-8287,MYRNA P.  ANGELES,cityhealthlaboratoryzamboanga@gmail.com,cityhealthlaboratoryzamboanga@gmail.com,,3,2,5,,,PASSED,Highly Satisfactory,SDTLPT-24-090429,HS
10,09-0927-22-GIBS-R,9,ZAMBOANGA CITY MEDICAL CENTER DRUG TESTING LABORATORY,"DR. EVANGELISTA ST., CORNER VETERANS AVENUE, SANTA CATALINA, ZAMBOANGA CITY,ZAMBOANGA DEL SUR",ZAMBOANGA CITY / ZAMBOANGA DEL SUR,9177722176,"ABUBAKAR, AL-ZAMZAM A.",zcmcdtl@gmail.com,zcmcdtl@gmail.com,,1,2,3,,,PASSED,Highly Satisfactory,SDTLPT-24-090430,HS
11,10-0989-20-GFSS-R,10,52ND ENGINEER BRIGADE DRUG TEST LABORATORY ,"52 EBDE, PA CAMP NATIVIDAD, MANOLO FORTICH, BUKIDNON ",BUKIDNON,09173158920/09209600365,"ABROGUE•A, JERRY C.",jerrycabroquena@gmail.com/ og252e@gmail.com,jerrycabroquena@gmail.com/ og252e@gmail.com,,0,4,4,,,PASSED,Highly Satisfactory,SDTLPT-24-0100431,HS
11,10-0982-24-PIBS-R,10,ABELLA MIDWAY HOSPITAL,"4007 P. VALERO ST. POBLACION, VALENCIA CITY, BUKIDNON",VALENCIA/BUKIDNON,0918-942-4178,MAXIMO JR. A. SAAVEDRA,dinah_abella@yahoo.com,dinah_abella@yahoo.com,,3,3,6,,,PASSED,Acceptable,SDTLPT-24-0100432,A
11,10-0145-23-PFSS-R,10,BELL MEDICAL LABORATORY / XRAY,"# 8 PALAO, ILIGAN CITY 9200, LANAO DEL NORTE, ILIGAN CITY, LANAO DEL NORTE",ILIGAN CITY / LANAO DEL NORTE,9216234695,"RUIZ, CHONILO O.",bellmed101321@gmail.com,bellmed101321@gmail.com,,2,3,5,,,PASSED,Highly Satisfactory,SDTLPT-24-0100433,HS
11,10-1125-24-PIBS-R,10,BONGCAS HOLY CHILD HOSPITAL,"PUROK 2, SOUTH POBLACION, MARAMAG CITY, BUKIDNON",MARAMIG/BUKIDNON,0917-664-8450/ 0917-798-9988,RAMON G. NERY ,bongcashc_hospital@yahoo.com,bongcashc_hospital@yahoo.com,,2,4,6,,,PASSED,Acceptable,SDTLPT-24-0100434,A
11,10-0983-24-PIBS-R,10,CAGAYAN DE ORO POLYMEDIC GENERAL HOSPITAL,"CDO POLYMEDIC GENERAL HOSPITAL, DON APOLINAR VELEZ STREET, CAGAYAN DE ORO CITY, MISAMIS ORIENTAL",CDO/MISAMIS ORIENTAL,0956-536-6549/ 0917-777-3749,MAXIMO JR. A. SAAVEDRA,cdopolymedicvelezlab@gmail.com,cdopolymedicvelezlab@gmail.com,,0,1,1,,,PASSED,Excellent,SDTLPT-24-0100435,E
11,10-1126-24-GIBS-R,10,"CAMP EVANGELISTA STATION HOSPITAL 4ID,PA -SCREENING DRUG TESTING LABORATORY","CAMP EVANGELISTA, PATAG, CAGAYAN DE ORO CITY, MISAMIS ORIENTAL",CDO/MISAMIS ORIENTAL,0908-757-3327/ 0917-798-9988,RAMON M. NERY,ceshlab@gmail.com,ceshlab@gmail.com,,0,5,5,,,PASSED,Highly Satisfactory,SDTLPT-24-0100436,HS
11,10-1428-23-PIBS-R,10,CAPITOL UNIVERSITY MEDICAL CENTER,"G/F LABORATORY DEPT. SAN PEDRO GUSA, CAGAYAN DE ORO, MISAMIS ORIENTAL",CAGAYAN DE ORO / MISAMIS ORIENTAL,0917-170-8244/ 0927-3199-145,"SAAVEDRA, MAXIMO JR. A.",cumclab.cdo@gmail.com,cumclab.cdo@gmail.com,,2,3,5,,,PASSED,Highly Satisfactory,SDTLPT-24-0100437,HS
11,10-0984-24-PIBS-R,10,CDO POLYMEDIC LIMKETKAI MEDICAL CLINIC,"2ND FLOOR GATEWAY LIMKETKAI MALL, CAGAYAN DE ORO CITY, MISAMIS ORIENTAL",CDO/MISAMIS ORIENTAL,0917-770-7089/0916-153-0738/ 0917- 777-3749,MAXIMO JR.  A. SAAVEDRA,polymediclab. lkk@gmail.com,polymediclab. lkk@gmail.com,,4,0,4,,,PASSED,Highly Satisfactory,SDTLPT-24-0100438,HS
11,10-0985-24-PIBS-R,10,"CDO POLYMEDIC MEDICAL PLAZA, INC.","ZONE 5 KAUSWAGAN HIGHWAY, CAGAYAN DE ORO CITY, CAGAYAN DE ORO, MISAMIS ORIENTAL",CDO/MISAMIS ORIENTAL,0917-305-1163,MAXIMO JR. A. SAAVEDRA,cdopolymedicmedicalplaza@gmail.com,cdopolymedicmedicalplaza@gmail.com,,3,5,8,,,PASSED,Acceptable,SDTLPT-24-0100439,A
11,10-0840-23-PIBS-R,10,CMDC MULTISPECIALISTS DIAGNOSTIC CENTER,"LAPASAN HIGH WAY, CORNER OLANGO ST., BARANGGAY LAPASAN, CAGAYAN DE ORO CITY, MISAMIS ORIENTAL",CAGAYAN DE ORO CITY /  MISAMIS ORIENTAL,09173211221/ 09209600365,"ABROGUE•A, JERRY C.",graciacasino2122@gmail.com,graciacasino2122@gmail.com,,1,4,5,,,PASSED,Highly Satisfactory,SDTLPT-24-0100440,HS
11,10-1162-22-PFSS-R,10,DON CARLOS HEALTH CHECK DIAGNOSTICS,"P1A TENORIO ARCADE, AGUINALDO ST., POBLACION SUR DON CARLOS BUKIDNON",DON CARLOS / BUKIDNON,0917-719-3727/ 088-828-0578,"ALEGATA, RACHEL P.",doncarloshealthcheck_diagnostics.@yahoo.com.ph,doncarloshealthcheck_diagnostics.@yahoo.com.ph,,4,2,6,,,PASSED,Acceptable,SDTLPT-24-0100441,A
11,10-1462-23-PFSS-R,10,DPCY HEALTHCARE DIAGNOSTIC AND DRUG TESTING CENTER,"3RD HAYES ST., MULTIPURPOSE  BLDG., BRGY 40, CAGAYAN DE ORO CITY, MISAMIS ORIENTAL",CAGAYAN DE ORO CITY / MISAMIS ORIENTAL,0917-146-1234,"ABROGUE•A, JERRY C.",dpcyhealthcare@gmail.com,dpcyhealthcare@gmail.com,,0,2,2,,,PASSED,Excellent,SDTLPT-24-0100442,E
11,10-XXXX-XX-XXX-X,10,DYNA MICRON DIAGNOSTIC CENTER,"DYNA MICRON DIAGNOSTIC CENTER BUILDING, GEN. AGUINALDO ST. CORNER ECHIVERRI ST. POBLACION, ILIGAN CITY",ILIGAN/LANAO DEL NORTE,0967-644-0322/ 0945-572-7620,CHONILO O. RUIZ,dynamicrondiagnosticcenter@gmail.com,dynamicrondiagnosticcenter@gmail.com,,0,4,4,,,PASSED,Highly Satisfactory,SDTLPT-24-0100443,HS
11,10-0843-23-PFSS-R,10,FAITH HOSPITAL,"LAS AGUADAS ST., AGUADA, OZAMIZ CITY, MISAMIS OCCIDENTAL", OZAMIZ CITY / MISAMIS OCCIDENTAL,9190796760,"FELICIANO, ANGEL JR. T.",faith_laboratory2013@yahoo.com,faith_laboratory2013@yahoo.com,,6,1,7,,,PASSED,Acceptable,SDTLPT-24-0100444,A
11,10-1645-22-PFSS-R,10,FORTUNER DRUG CHECK CENTER,"FRONTING LTO, 4TH EAST ROSARIO HEIGHTS TUBOD ILIGAN CITY, LANAO DEL NORTE",ILIGAN CITY / LANAO DEL NORTE,09176478135 / 09455727620,"RUIZ, CHONILO O.",fortuner_drugcheck@yahoo.com,fortuner_drugcheck@yahoo.com,,3,1,4,,,PASSED,Highly Satisfactory,SDTLPT-24-0100445,HS
11,10-0844-23-PIBS-R,10,GINGOOG SANITARIUM AND HOSPITAL,"C. BAGAIPO ST., BRGY. 22, GINGOOG, MISAMIS ORIENTAL",GINGOOG / MISAMIS ORIENTAL,9176366269,"RANA, NEAL C.",gingoogsanitariumlab@gmail.com,gingoogsanitariumlab@gmail.com,,2,2,4,,,PASSED,Highly Satisfactory,SDTLPT-24-0100446,HS
11,10-1725-23-PIBS-I,10,GREATLAB POLYCLINIC & DRUG TESTING CENTER,"2/F LIFESTYLE DISTRICT, CORRALES EXT., BRGY. 23, CAGAYAN DE ORO CITY, MISAMIS ORIENTAL",CAGAYAN DE ORO / MISAMIS ORIENTAL,9175652141(088)8502489,"ABROGUE•A, JERRY C.",greatlabpolyclinic@gmail.com,greatlabpolyclinic@gmail.com,,2,3,5,,,PASSED,Highly Satisfactory,SDTLPT-24-0100447,HS
11,10-1726-23-PIBS-I,10,GREATLAB TAGOLOAN DIAGNOSTIC AND DRUG TESTING COMPANY,"#1 MATANDANG SORA ST., POBLACION, TAGOLOAN, MISAMIS ORIENTAL",TAGOLOAN CITY / MISAMIS ORIENTAL,9171858460,"LAMAYRA, GERARD L.",greatlabtagaloan@gmail.com,greatlabtagaloan@gmail.com,,0,3,3,,,PASSED,Highly Satisfactory,SDTLPT-24-0100448,HS
11,10-0848-23-PIBS-R,10,HEALTHCHECK CLINIC AND DIAGNOSTIC CENTER,UNO BUILDING A. VELEZ STREET CAGAYAN DE ORO CITY MISAMIS ORIENTAL,CAGAYAN DE ORO CITY / MISAMIS ORIENTAL,0917-318-7661/ 0917-627-9284,"SAAVEDRA, MAXIMO JR. A.",laboratory.healthcheckcdo@gmail.com,laboratory.healthcheckcdo@gmail.com,,4,3,7,,,PASSED,Acceptable,SDTLPT-24-0100449,A
11,10-0180-24-PIBS-I,10,HEALTHWAY MEDICAL,"UNITS 3100-3108, 3RD LEVEL, AYALA CENTRIO MALL, CM RECTO COR. CORRALES STS., BRGY. 24, CAGAYAN DE ORO CITY",CAGAYAN DE ORO CITY / MISAMIS ORIENTAL,9095624375,"PETILLA, ERODULF L.",lab.cdo@healthway.com.ph,lab.cdo@healthway.com.ph,,0,2,2,,,PASSED,Excellent,SDTLPT-24-0100450,E
11,10-0850-23-PIBS-R,10,HI-PRECISION DIAGNOSTICS - CAGAYAN DE ORO,"JR. BORJA ST. COR., AGUINALDO ST. COGON (NEAR MAXANDREA HOTEL), CAGAYAN DE ORO CITY, MISAMIS ORIENTAL",CDO/MISAMIS ORIENTAL,0917-708-8986/ 0917-777-3749,MAXIMO JR A. SAAVEDRA,hpcdo.lab@hi-precision.com.ph,hpcdo.lab@hi-precision.com.ph,,0,5,5,,,PASSED,Highly Satisfactory,SDTLPT-24-0100451,HS
11,10-0999-24-PIBS-R,10,JJB MEDICAL DIAGNOSTICS,"G/F FICCO BLDG. PINUYAK ROAD, MARANDING, LALA, LANAO DEL NORTE",LALA / LANAO DEL NORTE,9478444876,"GURO, RASHIDAH A.",jjbdiagnostics@gmail.com/rash.guro@yahoo.com,jjbdiagnostics@gmail.com/rash.guro@yahoo.com,,4,4,8,,,PASSED,Acceptable,SDTLPT-24-0100452,A
11,10-1001-24-PFSS-R,10,LMA DRUG TESTING CENTER,"3RD FLR., LAWANSA BUILDING, CAMAGUE HIGHWAY, TOMINOBO PROPER, ILIGAN CITY, LANAO DEL NORTE",ILIGAN/LANAO DEL NORTE,0966-621-1354,CHONILO O. RUIZ,lmadrugtest@yahoo.com,lmadrugtest@yahoo.com,,6,2,8,,,PASSED,Acceptable,SDTLPT-24-0100453,A
11,10-XXXX-XX-XXX-X,10,LTJ DRUG TESTING LABORATORY,"(IN FRONT OF PUBLIC MARKET) REVIL STREET, POBLACION II, OROQUIETA CITY, MISAMIS OCCIDENTAL",OROQUIETA CI/CITY MISAMIS OCCIDENTAL,0963-928-6102,CHRISTINE  G. ACOMPA•ADO,aileen.taladua@yahoo.com,aileen.taladua@yahoo.com,,3,4,7,,,PASSED,Acceptable,SDTLPT-24-0100454,A
11,10-1675-24-GIBS-R,10,MAYOR HILARION A. RAMIRO SR  MEDICAL CENTER,"MINDOG, MANINGCOL, OZAMIZ CITY, MISAMIS OCCIDENTAL",OZAMIZ/MISAMIS ORIENTAL,0917-148-0086,HAROLD L. TEE,mharsmc.lab@gmail.com,mharsmc.lab@gmail.com,,3,4,7,,,PASSED,Acceptable,SDTLPT-24-0100455,A
11,10-0147-23-PIBS-R,10,MEDINA GENERAL HOSPITAL,"GOVERNOR ANGEL MEDINA SR. AVENUE, CARMEN ANNEX (LABORATORY), OZAMIZ CITY, MISAMIS OCCIDENTAL",OZAMIZ CITY / MISAMIS OCCIDENTAL,9484353819,"TEE, HAROLD L.",medinalaboratory@gmail.com,medinalaboratory@gmail.com,,4,4,8,,,PASSED,Acceptable,SDTLPT-24-0100456,A
11,10-1609-24-PIBS-I,10,"MEDISENSE LABORATORY CENTER, INC. - CAGAYAN DE ORO CITY","2ND-3RD FLOOR, EL CID BUILDING, GENERAL ANTONIO LUNA STREET, BARANGAY 27, CAGAYAN DE ORO CITY",CDO/MISAMIS ORIENTAL,0965-154-8601/0906-724-0857,MAXIMO JR. A. SAAVEDRA,mslcdo.lab2019@gmail.com,mslcdo.lab2019@gmail.com,,2,2,4,,,PASSED,Highly Satisfactory,SDTLPT-24-0100457,HS
11,10-1003-24-PFSS-R,10,MEGA DRUGS SCREENING LABORATORY,"0062 DON PEDRO CELDRAN AVE., 4TH EAST ROSARIO HEIGHTS, TUBOD, ILIGAN CITY, LANAO DEL NORTE",ILIGAN CITY / LANAO DEL NORTE,9688510050,"RUIZ, CHONILO O.",magsclem0722@gmail.com/megadrug224@gmail.com,magsclem0722@gmail.com/megadrug224@gmail.com,,1,1,2,,,PASSED,Excellent,SDTLPT-24-0100458,E
11,10-0864-23-PIBS-R,10,NINE MEDICAL LABORATORY,"NINE MEDICAL LABORATORY, NATIONAL HIGHWAY, BRGY 23 , GINGOOG CITY, MISAMIS ORIENTAL (NEAR PNB)",GINGOOG/MISAMIS ORIENTAL,0956-168-7158/ 0920-945-3229,GERARD L. LAMAYRA,9MEDLAB@gmail.com,9MEDLAB@gmail.com,,1,3,4,,,PASSED,Highly Satisfactory,SDTLPT-24-0100459,HS
11,10-XXXX-XX-XXX-X,10,ONE LAB DIAGNOSTIC LABORATORY AND DRUG TESTING CENTER,"FERNANDEZ EXT. BRGY 40, CAGAYAN DE ORO CITY, MISAMIS ORIENTAL",CDO/MISAMIS ORIENTAL,0917-105-1506/0920-960-0365,JERRY  C.  ABROGUE•A,onelab2019@yahoo.com,onelab2019@yahoo.com,,2,2,4,,,PASSED,Highly Satisfactory,SDTLPT-24-0100460,HS
11,10-1752-24-PIBS-I,10,"ONPOINT 8 LABORATORIES, INC","CORALES AVE COR RAMON CHAVEZ ST. CAGAYAN DE ORO, MISAMIS ORIENTAL (IN FRONT OF STATION 29, AND BESIDE YSU)",CDO/MISAMIS ORIENTAL,0967-382-4458,"MAXIMO A, SAAVEDRA",sdtlcdo.onpoint8lab@gmail.com,sdtlcdo.onpoint8lab@gmail.com,,0,0,0,,,PASSED,Excellent,SDTLPT-24-0100461,E
11,10-1662-24-PFSS-R,10,OZAMIZ CITY ST. JOSEPH GENERAL ,"WASHINGTON ST., 50TH DISTRICT, OZAMIZ CITY, MISAMIS OCCIDENTAL","OZAMIZ CITY, MISAMIS MISAMIS OCCIDENTAL",0920-350-2234,JOSEPHINE C. MARAVE,josephinemarave@yahoo.com,josephinemarave@yahoo.com,,1,2,3,,,PASSED,Highly Satisfactory,SDTLPT-24-0100462,HS
11,10-0880-22-PIBS-R,10,PDS PEME SYSTEM INTERNATIONAL CORPORATION,"BURGOS ST., CORNER T. CHAVES ST. BARANGGAY 6, CAGAYAN DE ORO, MISAMIS ORIENTAL",CAGAYAN DE ORO / MISAMIS ORIENTAL,0995-0266-158,"BANGCONG, RAYTOMAS II S.",lab.cdopds@gmail.com,lab.cdopds@gmail.com,,2,2,4,,,PASSED,Highly Satisfactory,SDTLPT-24-0100463,HS
11,10-XXXX-XX-XXXX-X,10,QUICKSCAN DRUG TESTING LABORATORY,"SAN VICTORES ST., BRGY 9, MALAYBALAY CITY, BUKIDNON ",MALAYBALAY CITY / BUKIDNON,0977-0243-433/ 0920-960-0365,"ABROGUE•A, JERRY C.",vylette_vine@yahoo.com,vylette_vine@yahoo.com,,0,3,3,,,PASSED,Highly Satisfactory,SDTLPT-24-0100464,HS
11,10-0104-24-PIBS-I,10,TAGALOGUIN-ADONA POLYMEDIC & DIAGNOSTIC CENTER INC.,"PUROK 2 BA•ADERO HIGHWAY, FRONT OF FELIPE CARREON ELEMENTARY SCHOOL, OZAMIS CITY, MISAMIS OCCIDENTAL",OZAMIS/MISAMIS OCCIDENTAL,0950-566-6022/ 0918-920-6493,HAROLD L. TEE,tagaloguinadonapolymedic@gmail.com,tagaloguinadonapolymedic@gmail.com,,2,5,7,,,PASSED,Acceptable,SDTLPT-24-0100465,A
11,10-1011-24-PIBS-R,10,TAGOLOAN POLYMEDIC GENERAL HOSPITAL SDTL,"PHIVIDEC COMPOUND, BRGY. SANTA CRUZ, TAGOLOAN, MISAMIS ORIENTAL",TAGOLOAN/MISAMIS ORIENTAL,0925-898-6944/ 0917-777-3749,MAXIMO JR. A. SAAVEDRA,lab.tpgh@gmail.com,lab.tpgh@gmail.com,,2,4,6,,,PASSED,Acceptable,SDTLPT-24-0100466,A
11,10-1256-23-PIBS-R,10,VILLAGE CLINICAL LABORATORY AND DRUG TESTING,"ABAMONGA BLDG., STO NI•O VILLAGE, BAROY, LANAO DEL NORTE",BAROY / LANAO DEL NORTE,09178627278/ (063) 2252238,"ABAMONGA, SULPICIA D.",villagecliniclab@gmail.com,villagecliniclab@gmail.com,,1,3,4,,,PASSED,Highly Satisfactory,SDTLPT-24-0100467,HS
12,11-0984-23-PIBS-R,11,ADVENTIST HOSPITAL- DAVAO INC.,"KM7 MCARTHUR HIGHWAY, BANGKAL, BRGY. TALOMO, DAVAO CITY, DAVAO DEL SUR",DAVAO CITY / DAVAO DEL SUR,0938-543-8298/ 082-298-1692 LOC. 104,"ONG, LEONCIO U.",laboratory@adventisthealth-dvo.com,laboratory@adventisthealth-dvo.com,,3,1,4,,,PASSED,Highly Satisfactory,SDTLPT-24-0110468,HS
12,11-XXXX-XX-XXXX-X,11,ALPHACARE MEDICAL LABORATORY,"CONCEPCION BLDG., MAGSAYSAY ST., CALINAN DAVAO CITY, DAVAO DEL SUR",DAVAO CITY / DAVAO DEL SUR,0977-675-1972/ 0915-449-0680,"ANCHETA, JOHARI M.",alphacaremedlab@gmail.com,alphacaremedlab@gmail.com,,1,0,1,,,PASSED,Excellent,SDTLPT-24-0110469,E
12,11-1258-23-PIBS-R,11,ANDA RIVERVIEW MEDICAL CENTER INC.,"BRGY. 2-A, MAGALLANES ST. ANDA RIVERSIDE, DAVAO CITY, DAVAO DEL SUR",DAVAO CITY / DAVAO DEL SUR,0939-858-9559/ 0917-7018-515,"GRAGEDA, OSCAR P.",armcilaboratory@gmail.com,armcilaboratory@gmail.com,,0,2,2,,,PASSED,Excellent,SDTLPT-24-0110470,E
12,11-XXXX-XX-XXXX-X,11,BERNARDO-LACANILAO CLINICAL LABORATORY AND DRUG TESTING CENTER,"DR. 5, BERNARDO BLDG., A. PICHON ST., BRGY. 2-A, DAVAO CITY, DAVAO DEL SUR",DAVAO DEL SUR/DAVAO,0936-955-8535,OSCAR P. GRAGEDA,blcl8000@gmail.com,blcl8000@gmail.com,,2,1,3,,,PASSED,Highly Satisfactory,SDTLPT-24-0110471,HS
12,11-1158-24-PIBS-R,11,BMCDC CENTRAL CO.,"LUCIO ONG BLDG. RM2 MC ARTHUR HIGHWAY, MATINA, DAVAO CITY, DAVAO DEL SUR",DAVAO DEL SUR/DAVAO,0970-7007-442,OSCAR P. GRAGEDA,bmcdc.central@gmail.com,bmcdc.central@gmail.com,,0,5,5,,,PASSED,Highly Satisfactory,SDTLPT-24-0110472,HS
12,11-1026-24-PFSS-R,11,BOSHWIN MEDICAL AND DRUG TEST CENTER,"ENTRANCE VILLA PATRICIA, PUROK GALINGAN MANKILAM, TAGUM CITY, DAVAO DEL NORTE",TAGUM/DAVAO DEL NORTE,0945-631-2546/ 0919-231-7289,EUGENIA S. HINGPIT,boshwin2005@gmail.com,boshwin2005@gmail.com,,0,4,4,,,PASSED,Highly Satisfactory,SDTLPT-24-0110473,HS
12,11-1165-24-PIBS-R,11,CARELIFE MEDICAL LABORATORY AND DIAGNOSTIC CENTER INC.  - DAVAO CITY,"DOOR 18, JIN LONG BUILDING. BRGY. UBALDE R. CASTILLO, ST. AGDAO DAVAO CITY  DAVAO DEL SUR ",DAVAO DEL SUR/DAVAO,09953830197/ (082) 2873138,OSCAR  P.  GRAGEDA ,carelife.laboratory@gmail.com,carelife.laboratory@gmail.com,,1,4,5,,,PASSED,Highly Satisfactory,SDTLPT-24-0110474,HS
12,11-0993-23-PFSS-R,11,CUBERO DRUG TEST CENTER,"BLK 1-LOT 1 NHA, DAHICAN, MATI, DAVAO ORIENTAL",MATI/DAVAO ORIENTAL,0917-150-2733,LUNINGNING P. CUBERO,cuberodrugtestingcenter@gmail.com,cuberodrugtestingcenter@gmail.com,,4,3,7,,,PASSED,Acceptable,SDTLPT-24-0110475,A
12,11-1168-24-PFSS-R,11,DATU BAGO DRUG TESTING CENTER,"SAN PEDRO STREET, BRGY. 38 D, DAVAO CITY, DAVAO DEL SUR (INFRONT OF PNP BARRACKS)",DAVAO DEL SUR/DAVAO,0929-34-9105,JOUVENAL C. DELGADO,josefdbtc2008@yahoo.com,josefdbtc2008@yahoo.com,,2,2,4,,,PASSED,Highly Satisfactory,SDTLPT-24-0110476,HS
12,11-XXXX-XX-XXXX-X,11,DAVAO DOCTOR'S HOSPITAL (CLINICA HILARIO),"118 E. QUIRINO AVENUE,, DAVAO DOCTORS HOSPITAL, DAVAO CITY, DAVAO DEL SUR (CLINICA HILARIO)",DAVAO DEL SUR/DAVAO,0945-127-0058,OSCAR P. GRAGEDA,ebprado@ddh.com.ph,ebprado@ddh.com.ph,,0,1,1,,,PASSED,Excellent,SDTLPT-24-0110477,E
12,11-1815-23-PIBS-I,11,"DAVAO DOCTORS HOSPITAL (CLINICA HILARIO), INC.","DAVAO DOCTORS HOSPITAL, MC ARTHUR HIGHWAY, DUMOY, DAVAO CITY, DAVAO DEL SUR ",DAVAO CITY / DAVAO DEL SUR ,9989604452,"GRAGEDA, OSCAR P.",dumoylaboratory@ddh.com.ph,dumoylaboratory@ddh.com.ph,,0,2,2,,,PASSED,Excellent,SDTLPT-24-0110478,E
12,11-1762-24-GIBS-R,11,DAVAO REGIONAL MEDICAL CENTER,"DAVAO REGIONAL MEDICAL CENTER BRGY. APOKON, TAGUM CITY, DAVAO DEL NORTE",TAGUM/DAVAO DEL NORTE,0912-645-1327/ 0922-856-4649,ALEJANDRO JR. L.  DOMINGO,laboratory@drmc.doh.gov.ph,laboratory@drmc.doh.gov.ph,,2,4,6,,,PASSED,Acceptable,SDTLPT-24-0110479,A
12,11-1175-24-GIBS-R,11,"DEPARTMENT OF HEALTH- DRUG ABUSE TREATMENT AND REHABILITATION CENTER, DAVAO","PUROK 2A, BARANGAY MALAGOS, BAGUIO DISTRICT, DAVAO CITY, DAVAO DEL SUR",DAVAO DEL SUR/DAVAO,0917-134-5388,"JOHN PATRICK C, PADILLA",trcclinicallaboratorysection@gmail.com,trcclinicallaboratorysection@gmail.com,,1,5,6,,,PASSED,Acceptable,SDTLPT-24-0110480,A
12,11-1176-24-PFSS-R,11,DURIAN DRUG TESTING CENTER,"DOOR 1 MAGNO BLDG., QUIMPO BOULEVARD, DAVAO CITY, DAVAO DEL SUR",DAVAO DEL SUR/DAVAO,0929-344-9105,JOUVENAL C. DELGADO,ddtc_2014@yahoo.com,ddtc_2014@yahoo.com,,3,1,4,,,PASSED,Highly Satisfactory,SDTLPT-24-0110481,HS
12,11-1178-24-PIBS-R,11,ECOLAND MEDICAL AND WELLNESS CENTER INC ,"AMYA BUILDING, QUIMPO BLVD., CORNER TULIP DRIVE, ECOLAND, DAVAO CITY, DAVAO DEL SUR",DAVAO DEL SUR/DAVAO,0992-487-3203/ 0917-795-9110,JOHN PATRICK  C. PADILLA ,ecomed.laboratory@gmail.com,ecomed.laboratory@gmail.com,,0,1,1,,,PASSED,Excellent,SDTLPT-24-0110482,E
12,11-1941-23-PIBS-I,11,"EMMANUEL MEDICAL AND DIAGNOSTIC CENTER, INC.","COMMERCIAL DOOR B1, LUISA AVENUE SQUARE, E. JACINTO EXTENSION, DAVAO CITY, DAVAO DEL SUR",DAVAO CITY / DAVAO DEL SUR,9177082291,"VERGARA, FLORANNE MARGARET L.",emdcdavao@yahoo.com,emdcdavao@yahoo.com,,1,4,5,,,PASSED,Highly Satisfactory,SDTLPT-24-0110483,HS
12,11-1190-24-PIBS-R,11,FRIENDLYCARE FOUNDATION INC.- DAVAO,"G/F SPCRD. BLDG. A. PICHON ST. CORNER ILUSTRE EXT., DAVAO CITY",DAVAO CITY,0947-187-4656,OSCAR  PANUNCIALMAN  GRAGEDA,fcfi.laboratory@gmail.com ,fcfi.laboratory@gmail.com ,,1,5,6,,,PASSED,Acceptable,SDTLPT-24-0110484,A
12,11-XXXX-XX-XXXX-X,11,GOOD SAMARITAN DIAGNOSTIC HUB INC. ,"PDP BLDG., QUEZON ST. NEW PANDAN, PANABO CITY, DAVAO DEL NORTE",PANABO/DAVAO DEL NORTE,0928-030-6759,JOHARI M. ANCHETA,ferrancullodiagnosticlab@gmail.com,ferrancullodiagnosticlab@gmail.com,,1,1,2,,,PASSED,Excellent,SDTLPT-24-0110485,E
12,11-XXXX-XX-XXXX-X,11,"HEALTHPLUS DIAGNOSTIC SPECIALIST, INC. ","272 BONIFACIO ST. BRGY 33-D POBLACION DISTRICT DAVAO, DAVAO CITY",DAVAO CITY / DAVAO,0922-895-1192/ 082-322-5157,"PADILLA, JOHN PATRICK C.",healthplusdavao@yahoo.com,healthplusdavao@yahoo.com,,3,4,7,,,PASSED,Acceptable,SDTLPT-24-0110486,A
12,11-0181-24-PFSS-I,11,HEALTHWAY MEDICAL,"2A-2D 2ND FLOOR, AYALA ABREEZA MALLS, JP LAUREL AVE., POBLACION 20-B, DAVAO CITY, DAVAO DEL SUR",DAVAO CITY / DAVAO DEL SUR,9178228765,"PADILLA, JOHN PATRICK C.",lab.dav@healthway.com.ph,lab.dav@healthway.com.ph,,1,3,4,,,PASSED,Highly Satisfactory,SDTLPT-24-0110487,HS
12,11-1362-23-PIBS-R,11,HI-PRECISION DIAGNOSTICS DAVAO CITY,"209 HI-PRECISION DIAGNOSTICS, BORMAHECO INC. COMPOUND, JP LAUREL AVE., BAJADA, DAVAO CITY, DAVAO DEL SUR",DAVAO DEL SUR/DAVAO,0917-824-2578,MARLON M. MARAMION,hpdavao.lab@hi-precision.com.ph,hpdavao.lab@hi-precision.com.ph,,0,5,5,,,PASSED,Highly Satisfactory,SDTLPT-24-0110488,HS
12,11-0444-23-PIBS-R,11,HYATT DIAGNOSTIC SYSTEM INC.,"2ND FLOOR JALTAN BUILDING CM RECTO, DAVAO CITY, DAVAO DEL SUR",DAVAO CITY / DAVAO DEL SUR,0922-893-1002/ (082) 286-7569,"PADILLA, JOHN PATRICK C.",hyattdiaginc@gmail.com,hyattdiaginc@gmail.com,,1,0,1,,,PASSED,Excellent,SDTLPT-24-0110489,E
12,11-1752-23-PIBS-R,11,MEDISENSE LABORATORY CENTER INC. - DAVAO,"#156 LOCSIN BLDG. CM RECTO ST., BRGY 350, DAVAO",DAVAO CITY / DAVAO,9283112042,"PADILLA, JOHN PATRICK C.",rheaniervo@yahoo.com,rheaniervo@yahoo.com,,2,0,2,,,PASSED,Excellent,SDTLPT-24-0110490,E
12,11-1830-23-PIBS-I,11,"METRO DAVAO MEDICAL AND RESEARCH CENTER, INC.","KM 4, JP. LAUREL AVENUE, BAJADA, DAVAO CITY,  DAVAO DEL SUR",DAVAO CITY / DAVAO DEL SUR,9173510972,"GRAGEDA, OSCAR P.",mdmrci.lab@gmail.com,mdmrci.lab@gmail.com,,2,0,2,,,PASSED,Excellent,SDTLPT-24-0110491,E
12,11-1200-24-PFSS-R,11,MKC DRUG TEST LABORATORY,"PUROK MAGSANOC, CAPITOL AVE., MANKILAM, TAGUM CITY",MANKILAM CITY/TAGUM,0918-759-3150; 2160021,ALEJANDRO JR LOPEZ DOMINGO,pearl_mkc@yahoo.com,pearl_mkc@yahoo.com,,3,4,7,,,PASSED,Acceptable,SDTLPT-24-0110492,A
12,11-1201-24-PIBS-R,11,NEW WORLD DIAGNOSTICS INC.- DAVAO ,"584 E. QUIRINO AVENUE, POBLACION 6-A, DAVAO CITY, DAVAO DEL SUR",DAVAO DEL SUR/DAVAO,0991-391-3948,MA. THERESA A. FEDOC,kristel.dionisio@nwdi.com.ph,kristel.dionisio@nwdi.com.ph,,2,5,7,,,PASSED,Acceptable,SDTLPT-24-0110493,A
12,11-0439-23-PFSS-R,11,NOEL SJ ZAPANTA MAHOGANY DRUG TESTING CENTER,"105 GF BERMEJO BLDG., A PICHON ST., BRGY. 39-D DAVAO CITY, DAVAO DEL SUR (FRONTING OSME•A PARK, BESIDE NEW CITY ENGGINEER'S OFFICE BLDG",DAVAO CITY / DAVAO DEL SUR,09331481413/ (082) 3084789,"DELGADO, JOUVENAL C.",mahoganydavao3852@gmail.com,mahoganydavao3852@gmail.com,,4,3,7,,,PASSED,Acceptable,SDTLPT-24-0110494,A
12,11-1617-23-PIBS-R,11,PACIFICMD MEDICAL CLINIC ,"BABAK-SAMAL KAPUTIAN ROAD. BRGY VILLARICA, ISLAND GARDEN CITY OF SAMAL, DAVAO DEL NORTE",SAMAL/DAVEO DEL NORTE,0923-600-3920,MARLON  M. MARAMION,pacificmdmc@gmail.com,pacificmdmc@gmail.com,,3,3,6,,,PASSED,Acceptable,SDTLPT-24-0110495,A
12,11-1032-23-PIBS-R,11,PHILIPPINE NIKKEI JIN KAI POLYCLINIC & DIAGNOSTIC CENTER INC,"ANGLIONGJO AVENUE, LANANG, DAVAO CITY, DAVAO DEL SUR",DAVAO CITY / DAVAO DEL SUR,9812524415,"MARAMION, MARLON M.",pnjkpolyclinic2009@gmail.com,pnjkpolyclinic2009@gmail.com,,1,1,2,,,PASSED,Excellent,SDTLPT-24-0110496,E
12,11-0946-24-PFSS-R,11,"PHYSICIANS' DIAGNOSTIC CENTER, INC- DAVAO","GF # 49 JOSE PALMA GIL ST., BRGY 4A DISTRICT 1, DAVAO CITY, DAVAO DEL SUR ( IN FRONT OF CINEMATHEQUE CENTER DAVAO)",DAVAO DEL SUR/DAVAO,0966-170-6015/ 0920-952-9948,ALEJANDRO JR L.  DOMINGO,davao@pdsclinics.com,davao@pdsclinics.com,,2,2,4,,,PASSED,Highly Satisfactory,SDTLPT-24-0110497,HS
12,11-0958-22-PIBS-R,11,POLYCLINIC DAVAO INCORPORATED ,"SANTIAGO ARTIAGA CORNER AURORA QUEZON STREETS, BARANGAY 36-D DAVAO CITY DAVAO DEL SUR ",DAVAO CITY / DAVAO DEL SUR,09150510219/ 0822216891/ 09177018515,"GRAGEDA, OSCAR P.",fetchboston22@gmail.com / oscargrageda@yahoo.com,fetchboston22@gmail.com / oscargrageda@yahoo.com,,2,1,3,,,PASSED,Highly Satisfactory,SDTLPT-24-0110498,HS
12,11-1204-24-PIBS-R,11,"RIVERA MEDICAL CENTER, INC.",7302 BRGY SAN FRANCISCO PANABO CITY DAVAO DEL NORTE,PANABO/DAVAO DEL NORTE,0917-710-7032,OSCAR P GRAGEDA,rmci_lab@yahoo.com.ph,rmci_lab@yahoo.com.ph,,1,4,5,,,PASSED,Highly Satisfactory,SDTLPT-24-0110499,HS
12,11-1053-23-PIBS-R,11,SAN PEDRO HOSPITAL OF DAVAO CITY INC. DRUG TESTING LABORATORY,"C. GUZMAN ST.,BRGY. 14-B, DAVAO CITY, DAVAO DEL SUR, 8000",DAVAO CITY / DAVAO DEL SUR,9278353098,"GRAGEDA, OSCAR P.",sphdavaodt@gmail.com,sphdavaodt@gmail.com,,3,2,5,,,PASSED,Highly Satisfactory,SDTLPT-24-0110500,HS
12,11-XXXX-XX-XXXX-X,11,SAN ROQUE RETROUVAILLE CENTER,"DOOR 8, ARAFOL BLDG., MARGARITA VILLAGE, CAPITOL ROAD, MANKILAM, TAGUM CITY, DAVAO DEL NORTE",TAGUM/DAVAO DEL NORTE,0997-642-3218/ 0919-231-7289,EUGENIA S. HINGPIT,srdtc_mankilam@yahoo.com,srdtc_mankilam@yahoo.com,,2,3,5,,,PASSED,Highly Satisfactory,SDTLPT-24-0110501,HS
12,11-1038-23-PIBS-R,11,"SINGAPORE MEDICAL LABORATORIES, INC.","2F ML2 BLDG., 26 SOBRECAREY ST, BO OBRERO, DAVAO CITY, DAVAO DEL SUR (FRONTING NORTH ZEN HOTEL)",DAVAO CITY / DAVAO DEL SUR,0917-710-1170,"PADILLA, JOHN PATRICK C.",corelabdavao@singaporediagnostics.com,corelabdavao@singaporediagnostics.com,,1,4,5,,,PASSED,Highly Satisfactory,SDTLPT-24-0110502,HS
12,11-XXXX-XX-XXXX-X,11,SOLID FOUR DRUG TESTING CENTER,"DOOR 4, PIATOS PICAON ST., (FORMERLY MAGALLANES), DAVAO CITY, DAVAO DEL SUR",DAVAO DEL SUR/DAVAO,0950-603-5867,JOUVENAL C. DELGADO,soldfour@yahoo.com,soldfour@yahoo.com,,0,5,5,,,PASSED,Highly Satisfactory,SDTLPT-24-0110503,HS
12,11-1207-24-PFSS-R,11,SOUTH MINDANAO DRUG TEST CENTER,"DOOR 9, 2ND FLOOR TOURISM BLDG., MAGSAYSAY PARK, BRGY 27, DAVAO CITY, DAVAO DEL SUR",DAVAO DEL SUR/DAVAO,0929-344-9105,JOUVENAL C. DELGADO,smdtc_2005@yahoo.com,smdtc_2005@yahoo.com,,1,4,5,,,PASSED,Highly Satisfactory,SDTLPT-24-0110504,HS
12,11-0442-23-PIBS-R,11,ST. HYANCINTH DIAGNOSTIC LABORATORY,"582 B LIM BLDG. QUIRINO ST., (FRONTING FELCRIS QUIRINO) DAVAO CITY, DAVAO DEL SUR",DAVAO CITY / DAVAO DEL SUR,9228867281,"VERGARA, FLORANNE MARGARET L.",sthyacinth.laboratry@gmail.com,sthyacinth.laboratry@gmail.com,,2,1,3,,,PASSED,Highly Satisfactory,SDTLPT-24-0110505,HS
12,11-1244-23-PIBS-R,11,ST. PETER- PAUL MEDICAL CLINIC INC. - DAVAO,"ROOM 208 LEE BUSINESS CENTER COR. JUAN LUNA AND JUAN DELA CRUZ ST. DAVAO CITY, DAVAO DEL SUR",DAVAO CITY / DAVAO DEL SUR,0922-885-666-5,"VISITACION, EDMUNDO J.",sppmci.davao2000@gmail.com,sppmci.davao2000@gmail.com,,3,5,8,,,PASSED,Acceptable,SDTLPT-24-0110506,A
12,11-1905-23-GIBS-I,11,STA. ANA MULTIPURPOSE COOPERATIVE DRUG TESTING CENTER,"R. MAGSAYSAY COR. CHAVEZ STS., DAVAO CITY, DAVAO DEL SUR",DAVAO CITY / DAVAO DEL SUR,0943-525-6505/ 082-225-1250,"VISITACION, EDMUNDO J.",spdc021800@gmail.com,spdc021800@gmail.com,,1,1,2,,,PASSED,Excellent,SDTLPT-24-0110507,E
12,11-1851-24-PIBS-I,11,"SUPERCARE MEDICAL SERVICES, INC.-DAVAO","UNIT 3 G/F GLD COMMERCIAL BLDG. PEACOCK ST., BRGY. BUCANA, ECOLAND PHASE 2, DAVAO CITY, DAVAO DEL SUR",DAVAO DEL SUR/DAVAO,(082) 224-0249,MARY ANNE L. BERNAS,lab.davao@supercare.com.ph,lab.davao@supercare.com.ph,,1,2,3,,,PASSED,Highly Satisfactory,SDTLPT-24-0110508,HS
12,11-XXXX-XX-XXXX-X,11,TADECO HOSPITAL,"PUROK 18 BRGY AO FLOIRENDO, PANABO, DAVAO DEL NORTE",DAVAO CITY / DAVAO DEL NORTE,0956-862-1342,"GRAGEDA, OSCAR P.",tdchlab21@gmail.com,tdchlab21@gmail.com,,2,1,3,,,PASSED,Highly Satisfactory,SDTLPT-24-0110509,HS
12,11-XXXX-XX-XXXX-X,11,TORIL DIAGNOSTIC LABORATORY,"DOOR 4 SAAVEDRA BUILDING, AGTON STREET, TORIL, DAVAO CITY, DAVAO DEL SUR",DAVAO CITY / DAVAO DEL SUR,9177183662,"VERGARA, FLORANNE MARGARET L.",michelledonayre2@gmail.com,michelledonayre2@gmail.com,,4,0,4,,,PASSED,Highly Satisfactory,SDTLPT-24-0110510,HS
12,11-1636-23-PIBS-R,11,ULTRALABX DIAGNOSTIC CENTER,"GEN. LIM ST., ZONE III, DIGOS CITY, DAVAO DEL SUR",DIGOS CITY / DAVAO DEL SUR,9154960258,"PADILLA, JOHN PATRICK C.",ultralabx@gmail.com,ultralabx@gmail.com,,0,3,3,,,PASSED,Highly Satisfactory,SDTLPT-24-0110511,HS
12,11-XXXX-XX-XXXX-X,11,UM MEDICAL & MULTITEST DIAGNOSTIC CENTER INC.,"CAYETANO BANGOY ST., DAVAO CITY, DAVAO DEL SUR",DAVAO DEL SUR/DAVAO,0919-886-2947,JOHN PATRICK C. PADILLA,ummultitestlab@yahoo.com,ummultitestlab@yahoo.com,,3,3,6,,,PASSED,Acceptable,SDTLPT-24-0110512,A
12,11-1264-23-PIBS-R,11,"UNIVERSITY OF THE IMMACULATE CONCEPCION (DAVAO CITY), INC","A. BONIFACIO ST., BARANGAY 1-A (POB), DAVAO CITY, DAVAO DEL SUR",DAVAO DEL SUR/DAVAO,0925-500-1953/ 0920-951-0796,LEONCIO U. ONG,uicclinicallaboratory@gmail.com,uicclinicallaboratory@gmail.com,,3,5,8,,,PASSED,Acceptable,SDTLPT-24-0110513,A
12,11-1056-23-PIBS-R,11,VITAMER MEDICAL LABORATORY,"SAMPAGUITA STREET, MINTAL, DAVAO CITY, DAVAO DEL SUR",DAVAO CITY / DAVAO DEL SUR,9171360317,"DOMINGO, ALEJANDRO JR. L.",Vitamermedicallab@gmail.com,Vitamermedicallab@gmail.com,,2,1,3,,,PASSED,Highly Satisfactory,SDTLPT-24-0110514,HS
12,11-1223-24-PFSS-R,11,WATCH DRUG TESTING AND DIAGNOSTIC CENTER,"2ND FLOOR CHUA BLDG., OSME•A ST. MAGUGPO POBLACION, TAGUM CITY, DAVAO DEL NORTE",TAGUM/DAVAO DEL NORTE,0926-949-1235/ 0920-952-9948,ALEJANDRO JR L.  DOMINGO ,junet_reloj@yahoo.com,junet_reloj@yahoo.com,,4,3,7,,,PASSED,Acceptable,SDTLPT-24-0110515,A
13,12-XXXX-XX-XXXX-X,12,AMETHYST BIO-LAB DRUG TESTING CENTER,"MUNICIPAL GYMNASIUM STALL A-52, POBLACION POLOMOLOK, SOUTH COTABATO",POLOMOLOK/SOUTH COTABATO,0926-261-6225,VITA B. GUSATAYA,amethyst_biolab@yahoo.com,amethyst_biolab@yahoo.com,,3,3,6,,,PASSED,Acceptable,SDTLPT-24-0120516,A
13,12-0938-23-PFSS-R,12,BIOTECH DRUG TEST AND NEURO CENTER,"#42 BONIFACIO STREET POBLACION, TACURONG CITY, SULTAN KULDARAT",TACURONG CITY / SULTAN KUDARAT,0917-4490-218,"GASATAYA, VITA B.",vitz_gasataya@yahoo.com,vitz_gasataya@yahoo.com,,3,3,6,,,PASSED,Acceptable,SDTLPT-24-0120517,A
13,12-1233-24-PIBS-R,12,DADIANGAS MEDICAL CENTER,"3RD FLOOR, DADIANGAS MEDICAL CENTER LABORATORY, ALLADO COMPOUND, LEON LLIDO STREET, BRGY. CITY HEIGHTS, GENERAL SANTOS CITY, SOUTH COTABATO",GENSAN/SOUTH COTABATO,0917-190-2565,DIANNE ANGELICA S. SINGSON,dmcdrugtest@gmail.com,dmcdrugtest@gmail.com,,2,3,5,,,PASSED,Highly Satisfactory,SDTLPT-24-0120518,HS
13,12-1593-24-PFSS-R,12,DAVAO SPECIALISTS CLINIC AND DIAGNOSTIC LABORATORY INC.,"2/F REDSONS BLDG., QUEZON BLVD., POBLACION (ABOVE NEW ROSE PHARMACY BESIDE BOYAKS BAKERY), KIDAPAWAN CITY, NORTH COTABATO",KIDAPAWAN/SOUTH COTABATO,0917-120-8859,ALEJANDRO L. DOMINGO,scdlkidapawan@gmail.com,scdlkidapawan@gmail.com,,2,4,6,,,PASSED,Acceptable,SDTLPT-24-0120519,A
13,12-XXXX-XX-XXXX-X,12,DR. ARTURO P. PINGOY MEDICAL CENTER,"GENERAL SANTOS DRIVE, ZONE 4, KORONADAL CITY, SOUTH COTABATO",KORONADAL/SOUTH COTABATO,0999-226-1393/ 0922-879-6951,EDWIN C. ALCONCEL,dchi_dtl@yahoo.com,dchi_dtl@yahoo.com,,0,1,1,,,PASSED,Excellent,SDTLPT-24-0120520,E
13,12-1244-24-PIBS-R,12,"GENERAL SANTOS DOCTORS HOSPITAL, INC.","NATIONAL HIGHWAY, GENERAL SANTOS CITY, SOUTH COTABATO",GENERAL SANTOS/SOUTH COTABATO,0960-278-0933/0961-658-1476/0962-713-6673,OSCAR P. GRAGEDA,gsdofficelab@gmail.com/laboratory@gsdh.com.ph,gsdofficelab@gmail.com/laboratory@gsdh.com.ph,,1,2,3,,,PASSED,Highly Satisfactory,SDTLPT-24-0120521,HS
13,12-1245-24-PIBS-R,12,GSC MEDICAL SPECIALST CORPORATION,"DRUG TESTING LABORATORY, OPD BUILDING, NATIONAL HIGHWAY, PUROK VETERANS, BRGY. CALUMPANG GENERAL SANTOS CITY, SOUTH COTABATO",GENSAN/SOUTH COTABATO,0994-814-0548/ 0922-867-5365,KENNETH C. CRISOSTOMO,gmcdrugtesting.laboratory@gmail.com,gmcdrugtesting.laboratory@gmail.com,,2,5,7,,,PASSED,Acceptable,SDTLPT-24-0120522,A
13,12-XXXX-XX-XXXX-X,12,HALILI DRUG TEST CENTER,"G/F SPECTRUM BLDG., OSME•A DRIVE, KIDAPAWAN CITY, NORTH COTABATO",KIDAPAWAN CITY / NORTH COTABATO,9481210631,"LEDESMA, ABRAHAM Y.",evelynsumatin24@gmail.com,evelynsumatin24@gmail.com,,2,2,4,,,PASSED,Highly Satisfactory,SDTLPT-24-0120523,HS
13,12-1266-23-PIBS-R,12,HEALTH HUB LABORATORY AND MEDICAL CLINIC,"GF RM. 8 MATINONG BLDG. ALLAH VALLEY DRIVE POBLACION LIBERTAD SURALLAH, SOUTH COTABATO",SOUTH COTABATO,09666928078/ 083553792/ 09177269214,"GASATAYA, VITA B.",chalaboratory1981@gmail.com,chalaboratory1981@gmail.com,,4,0,4,,,PASSED,Highly Satisfactory,SDTLPT-24-0120524,HS
13,12-XXXX-XX-XXXX-X,12,"HYATT DIAGNOSTIC SYSTEM, INC.","GROUND FOOR HYATT BUILDING, CAMIAS J. CRISOLOGO ST. BRGY DADIANGAS EAST, GENERAL SANTOS CITY, SOUTH COTABATO",GENERAL SANTOS CITY / SOUTH COTABATO,09228131002/ 0835209762,"SALCEDO- LINGAYON, NENA C.",hyattdiaginc@gmail.com,hyattdiaginc@gmail.com,,2,3,5,,,PASSED,Highly Satisfactory,SDTLPT-24-0120525,HS
13,12-XXXX-XX-XXXX-X,12,IMMACULATE DRUG TESTING CENTER,"AGLIPAY ST., POBLACION KABAGAN, NORTH COTABATO",KABAGAN / NORTH COTABATO,9817814572,"ANULAO, ARTURO N.",mariaceciliapindoxa@gmail.com,mariaceciliapindoxa@gmail.com,,0,2,2,,,PASSED,Excellent,SDTLPT-24-0120526,E
13,12-0947-23-PFSS-R,12,JCD HI-PRECISION BIO - LAB - GENERAL SANTOS,"#049 RITZ TOWNHOUSE SOUTH OSME•A ST., DADIANGAS EAST, GENERAL SANTOS, SOUTH COTABATO",GENERAL SANTOS CITY / SOUTH COTABATO,0966-392-0999/ (083) 5535-388,"CRISOSTOMO, KENNETH C.",gllim_05@yahoo.com,gllim_05@yahoo.com,,0,2,2,,,PASSED,Excellent,SDTLPT-24-0120527,E
13,12-0949-23-PFSS-R,12,JCD HI-PRECISION BIO - LAB - KORONADAL,"GIRL SCOUT BLDG., JAYCEE AVENUE, ZONE 1, KORONADAL, SOUTH COTABATO",KORONADAL CITY / SOUTH COTABATO,0966-392-0999,"CRISOSTOMO, KENNETH C.",gllim_05@yahoo.com,gllim_05@yahoo.com,,0,1,1,,,PASSED,Excellent,SDTLPT-24-0120528,E
13,12-XXXX-XX-XXXX-X,12,JGR DRUG TESTING CENTER AND MEDICAL CLINIC,"ROBINSONS PLACE J. CATOLICO SR.AVE, NAT HIGHWAY, GENERAL SANTOS CITY, SOUTH COTABATO",GENSAN/SOUTH COTABATO,0917-100-5608/ 0920-913-7727,NENA C. SALCEDO- LINGAYON,jgrrobinson.jggc@yahoo.com,jgrrobinson.jggc@yahoo.com,,4,1,5,,,PASSED,Highly Satisfactory,SDTLPT-24-0120529,HS
13,12-XXXX-XX-XXXX-X,12,JM DRUG TESTING CENTER,"JP LAUREL ST., LIBERTAD, SURALLAH, SOUTH COTABATO", SURALLAH / SOUTH COTABATO,9513149805,"LINGAYON, NENA S.",maryjeanbillones9@gmail.com,maryjeanbillones9@gmail.com,,3,1,4,,,PASSED,Highly Satisfactory,SDTLPT-24-0120530,HS
13,12-1267-24-GFSS-R,12,KIDAPAWAN CITY DRUG TESTING LABORATORY,"KIDAPAWAN CITY HEALTH OFFICE, QUEZON BLVD., POBLACION, KIDAPAWAN CITY, COTABATO",KIDAPAWAN/SOUTH COTABATO,0915-352-3020/ 0970-697-1146,NENA C. SALCEDO-LINGAYON,sg93rmt@gmail.com,sg93rmt@gmail.com,,1,2,3,,,PASSED,Highly Satisfactory,SDTLPT-24-0120531,HS
13,12-XXXX-XX-XXXX-X,12,LANDERO CLINIC AND HOSPITAL,"#85 CORNER RIZAL AND JACINTO STREETS, LIBERTAD, SURALLAH, SOUTH COTABATO",SURALLAH CITY/SOUT COTABATO,0977-821-8449,EDWIN C. ALCONCEL,landerolaboratory@gmail.com,landerolaboratory@gmail.com,,2,4,6,,,PASSED,Acceptable,SDTLPT-24-0120532,A
13,12-0956-23-PFSS-R,12,M/S DRUG TESTING CENTER,"ASPILLA BLDG., QUIRINO DRIVE., KIDAPAWAN CITY, COTOBATO",KIDAPAWAN CITY / COTABATO ,9162937307,"LEDESMA, ABRAHAM Y.",ms_Hc@yahoo.com/brahmii7@yahoo.com,ms_Hc@yahoo.com/brahmii7@yahoo.com,,2,3,5,,,PASSED,Highly Satisfactory,SDTLPT-24-0120533,HS
13,12-1283-24-PIBS-R,12,MEDZONE DIAGNOSTIC CENTER,"GROUND FLOOR DELING'S BLDG., J. CATOLICO AVENUE, BRGY. LAGAO, GENERAL SANTOS CITY, SOUTH COTABATO",GENSAN/SOUTH COTABATO,0909-727-3357/0920-913-7727,NENA S. LINGAYON,medzonedc.clinlab@gmail.com,medzonedc.clinlab@gmail.com,,1,2,3,,,PASSED,Highly Satisfactory,SDTLPT-24-0120534,HS
13,12-0047-24-PIBS-I,12,"NOTRE DAME OF MARBEL UNIVERSITY, INC.","NDMU COMPLEX, ALUNAN AVENUE, BRGY. ZONE 3, KORONADAL CITY, SOUTH COTABATO",KORONADAL CITY / SOUTH COTABATO,9603453904,"ALCONCEL, EDWIN C.",ndmctdl@gmail.com,ndmctdl@gmail.com,,1,4,5,,,PASSED,Highly Satisfactory,SDTLPT-24-0120535,HS
13,12-1287-24-PIBS-R,12,SOCSARGEN COUNTY HOSPITAL DRUG TESTING LABORATORY,"L. ARRADAZA ST., COR BULA-LAGAO ROAD, GENERAL SANTOS CITY, SOUTH COTABATO",GENSAN/SOUTH COTABATO,0951-481-7393/ 0922-867-5365,KENNETH C. CRISOSTOMO,sch_laboratory@yahoo.com,sch_laboratory@yahoo.com,,4,1,5,,,PASSED,Highly Satisfactory,SDTLPT-24-0120536,HS
13,12-1626-24-GIBS-R,12,SOUTH COTABATO PROVINCIAL HOSPITAL SDTL,"AGUINALDO ST., BRGY. ZONE III AT THE BACK OF PROVINCIAL CAPITOL, KORONADAL CITY, SOUTH COTABATO",KORONADAL/SOUTH COTABATO,0917-726-9214,VITA B. GASATAYA,vitz_md@yahoo.com,vitz_md@yahoo.com,,2,3,5,,,PASSED,Highly Satisfactory,SDTLPT-24-0120537,HS
13,12-1297-23-PIBS-R,12,ST. ELIZABETH HOSPITAL INC.,"NATIONAL HIGHWAY COR., SANTIAGO BLVD. GENERAL SANTOS CITY, SOUTH COTABATO",GENSAN/SOUTH COTABATO,0932-962-6077/ 0922-867-5365,KENNETH C. CRISOSTOMO,laboratory@sehi.ph,laboratory@sehi.ph,,2,3,5,,,PASSED,Highly Satisfactory,SDTLPT-24-0120538,HS
13,12-1108-24-PIBS-R,12,ST. HYACINTH DIAGNOSTIC LABORATORY,"GFLINDRI BLDG., BLOCK 1, MARA•ON VILLAGE, BRGY. ZONE III, KORONADAL CITY, SOUTH COTABATO",KORONADAL/SOUTH COTABATO,0968-855-1378,VITA B. GASATAYA,shdlmarbelbranch@gmail.com,shdlmarbelbranch@gmail.com,,1,1,2,,,PASSED,Excellent,SDTLPT-24-0120539,E
13,12-1365-23-PFSS-R,12,TOWNSQUARE DRUG TEST CENTER,"VILLANUEVA BLDG., ROXAS AVE., INFRONT SANGUIAN BLDG. GENERAL SANTOS CITY, SOUTH COTABATO",GENERAL SANTOS CITY / SOUTH COTABATO,09282565731/09073311250,"GASATAYA, VITA B.",peach_nonailla@yahoo.co.uk,peach_nonailla@yahoo.co.uk,,2,3,5,,,PASSED,Highly Satisfactory,SDTLPT-24-0120540,HS
14,13-1582-24-PIBS-R,13,A. ZARATE GENERAL HOSPITAL,"ATLAS COMPOUND NAGA ROAD PULANG LUPA UNO, LAS PI•AS CITY, METRO MANILA",LAS PI•AS CITY / METRO MANILA,0927-609-4967,"ZARATE, ALBERT L.",azarategeneralhospitallab@gmail.com,azarategeneralhospitallab@gmail.com,,2,3,5,,,PASSED,Highly Satisfactory,SDTLPT-24-0130541,HS
14,13-0061-23-PFSS-R,13,ACCUDETEK HEALTH DIAGNOSTICS,"2ND FLOOR #12 MH DEL PILAR ST. SAN NICOLAS, PASIG CITY",PASIG,9950242328,"JAN RAY Q. PEREZ, MD",and.laboratory2012@gmail.com,and.laboratory2012@gmail.com,,0,1,1,,,PASSED,Acceptable,SDTLPT-24-0130542,A
14,13-0700-24-PFSS-R,13,ACCUTEQS DIAGNOSTICS,"257 A. BONIFACIO AVE. COR. PAG-ASA ST., BRGY. SAN JOSE, QUEZON CITY, METRO MANILA",QUEZON CITY / METRO MANILA,0977-311-5478/0933-821-2726,"LEON-VITERBO, MIRIAN N.",accuteqslaboratory@gmail.com,accuteqslaboratory@gmail.com,,1,2,3,,,PASSED,Highly Satisfactory,SDTLPT-24-0130543,HS
14,13-0003-24-PIBS-R,13,ADCURALABS,"102 TIMES SQUARE BLDG. 57, EXAMINER ST., WEST TRIANGLE, QUEZON CITY",WEST TRIANGLE / QUEZON CITY,0927-594-3569/ 0917-505-7371,"VALDES, MARIA ANGELICA B.",adcuralabslaboratory@gmail.com,adcuralabslaboratory@gmail.com,,3,4,7,,,PASSED,Acceptable,SDTLPT-24-0130544,A
14,13-0507-23-PFSS-R,13,ADVANCED LAB SOLUTIONS BY HI-PRECISION DIAGNOSTICS ,"9TH FLOOR, CENTURIA MEDICAL MAKATI, COR. SALAMANCA ST., KALAYAAN AVE., MAKATI CITY, METRO MANILA",MAKATI/MANILA,09209610407/09431351862,"PEDRITO Y. TAGAYUNA, MD",hpcenturia.lab@hi-precision.com.ph,hpcenturia.lab@hi-precision.com.ph,,0,3,3,,,PASSED,Highly Satisfactory,SDTLPT-24-0130545,HS
14,13-0508-23-GIBS-R,13,AFP HEALTH SERVICE COMMAND,"AFPHSC DEPARTMENT OF PATHOLOGY AND LABORATORY V. LUNA AVENUE, QUEZON CITY, METRO MANILA",QUEZON CITY,0915-584-4895,HERBERT G. PASCUAL,laboratory.vlmc@gmail.com,laboratory.vlmc@gmail.com,,4,4,8,,,PASSED,Acceptable,SDTLPT-24-0130546,A
14,13-0754-23-GIBS-R,13,AIR FORCE DRUG TESTING CENTER,"AIR FORCE GENERAL HOSPITAL, COLONEL JESUS, VILLAMOR AIR BASE, PASAY CITY, METRO MANILA",PASAY/MANILA,0927-337-9873/ 854 6701 LOC. 4632,"WILFREDO F. SEVILLA, MD",PAFDTCTFJ@gmail.com,PAFDTCTFJ@gmail.com,,0,0,0,,,PASSED,Excellent,SDTLPT-24-0130547,E
14,13-0012-24-PFSS-R,13,AJV DRUG TESTING LABORATORY,"GROUND FLOOR CENTENO BLDG., C. SANTOS STREET, BRGY. MALINTA, VALENZUELA CITY",BRGY. MALINTA / VALENZUELA CITY,0917-830-0005/ 0998-956-3454,"ALOMESEN, AVELINO A.",ajvdrugtestlab@gmail.com,ajvdrugtestlab@gmail.com,,0,2,2,,,PASSED,Excellent,SDTLPT-24-0130548,E
14,13-1352-19-PIBS-R,13,ALFONSO SPECIALIST HOSPITAL,"185 DR. SIXTO ANTONIO AVE., ROSARIO, PASIG CITY, METRO MANILA",PASIG CITY/MANILA,9151805303,"SUSANA P. QUIAOIT, MD",alfonsospecialist_hospital@yahoo.com,alfonsospecialist_hospital@yahoo.com,,2,0,2,,,PASSED,Excellent,SDTLPT-24-0130549,E
14,13-0515-23-PIBS-R,13,ALLIED CARE EXPERTS MEDICAL CENTER-VALENZUELA CITY,"1ST FLOOR, LABORATORY DEPT.#548 MCARTHUR HIGHWAY, MALANDAY, VALENZUELA CITY, METRO MANILA",VALENZUELA/MANILA,9178442709,"ANTONIO M. CRUZ, MD",acemcudlm2014@gmail.com,acemcudlm2014@gmail.com,,2,3,5,,,PASSED,Highly Satisfactory,SDTLPT-24-0130550,HS
14,13-0372-23-PFSS-R,13,ALLIED DRUG TESTING CENTER,"RM 310 PRIMA BLDG EAST AVE. COR MAGALANG,  ST PINYAHAN, QUEZON CITY",QUEZON CITY/MANILA,0932-862-2017/ 7946-5881,"JOHN V. LORIA, MD",allieddrugtetsing.center@yahoo.com,allieddrugtetsing.center@yahoo.com,,2,2,4,,,PASSED,Highly Satisfactory,SDTLPT-24-0130551,HS
14,13-0516-23-PIBS-R,13,AMBULATORY HEALTHCARE INSTITUTE INC. (CLINICA MANILA),"2F SM MEGAMALL BLDG., A. JULIA VARGAS AVE., ORTIGAS CTR, MANDALUYONG CITY",MANDALUYONG/MANILA,9088695310,"RODOLFO E. JOSON, MD",laboratory0101@gmail.com,laboratory0101@gmail.com,,0,1,1,,,PASSED,Excellent,SDTLPT-24-0130552,E
14,13-0011-24-PFSS-R,13,"AMERICAN BIO-CLINICAL LABORATORIES, INTERNATIONAL","LG 3-6 RICHVILLE CORPORATE TOWER, MADRIGAL BUSINESS PARK, AYALA, ALABANG, MUNTINLUPA CITY",ALABANG / MUNTINLUPA CITY,0999-937-6878,"DIZON, FLORENCIO C.",cmt@abclab.com.ph,cmt@abclab.com.ph,,1,2,3,,,PASSED,Highly Satisfactory,SDTLPT-24-0130553,HS
14,13-0481-24-PFSS-R,13,AMGB DUG TESTING LABORATORY ,"503-B CAMUS BLDG, B.L. CRAME, QUEZON CITY, METRO MANILA",QUEZON CITY,0928-243-2972,TITO G. GARRIDO,amgbdrugtestinglaboratory@gmail.com,amgbdrugtestinglaboratory@gmail.com,,1,1,2,,,PASSED,Excellent,SDTLPT-24-0130554,E
14,13-1723-24-PIBS-R,13,"ANGELINA APOSTOL PUNZALAN MEDICAL CLINIC, INC.","3RD FLOOR, NEW ATRIUM WING GUADALUPE COMMERICIAL COMPLEX, GUADALUPE NUEVO, MAKATI CITY, METRO MANILA",MAKATI CITY / METRO MANILA,0920-949-2106,"DIMACALI, ANDREW D.",followup.punzalan@gmail.com,followup.punzalan@gmail.com,,3,3,6,,,PASSED,Acceptable,SDTLPT-24-0130555,A
14,13-0014-24-PIBS-R,13,"ANGELUS MEDICAL CLINIC, INC.","1730 DIAN STREET, PALANAN, CITY OF MAKATI, METRO MANILA",CITY OF MAKATI / METRO MANILA,0926-019-1195/ 0917-805-5062,"REYES, MARIA LUISI FERNANDEZ",lab@angelusmed.com,lab@angelusmed.com,,1,5,6,,,PASSED,Acceptable,SDTLPT-24-0130556,A
14,13-0703-24-PFSS-R,13,ARHC DRUG TESTING CENTER,"RM 204 JL BUILDING, 109 A. MABINI STREET, KAPASIGAN, PASIG CITY",PASIG,0917-823-9922/ 0917-100-2103,FREDERICK R. LLANERA,ghiepagkatotohan@yahoo.com,ghiepagkatotohan@yahoo.com,,4,4,8,,,PASSED,Acceptable,SDTLPT-24-0130557,A
14,13-1357-24-GIBS-R,13,ARMY GENERAL HOSPITAL,"M. CASTANEDA ST., FORT ANDRES BONIFACIO, TAGUIG CITY, METRO MANILA",TAGUIG,0995-506-5608/0920-922-2722,SIERRA ROMA H. HERNANDEZ,agh.laboratory@yahoo.com,agh.laboratory@yahoo.com,,4,1,5,,,PASSED,Highly Satisfactory,SDTLPT-24-0130558,HS
14,13-0533-23-PIBS-R,13,ASHREY DIAGNOSTIC CENTER,"2/F THE ASSEMBLE GROUNDS AT THE RISE MALUGAY STREET, MAKATI CITY",MAKATI/MANILA,0945-786-7755,"FRANCIS G. MORIA, MD",laboratory@ashreydiagnostic.com,laboratory@ashreydiagnostic.com,,3,1,4,,,PASSED,Highly Satisfactory,SDTLPT-24-0130559,HS
14,13-0862-24-PIBS-R,13,ASIA PACIFIC MEDICAL AND DIAGNOSTICS (APMD) INC.,"2053 ALSCOPHIL BLDG., EDISON COR. FARADAY STS. SAN ISIDRO, MAKATI CITY",MAKATI CITY,0917-962-63969/ 0919-072-6919,"REGALADO, BERNARD M.",dtl@apdiags.com,dtl@apdiags.com,,3,1,4,,,PASSED,Highly Satisfactory,SDTLPT-24-0130560,HS
14,13-XXXX-XX-XXXX-X,13,ASIAN HOSPITAL AND MEDICAL CENTER,"2205 CIVIC DRIVE FILINVEST CORPORATE CITY, ALABANG, MUNTINLUPA, METRO MANILA",METRO MANILA,9295043009,"NELSON T. GERALDINO, MD",labteamlead@asianhospital.com,labteamlead@asianhospital.com,,0,2,2,,,PASSED,Excellent,SDTLPT-24-0130561,E
14,13-1359-24-PFSS-R,13,ASSCREEN DRUG TESTING CENTER,"#17 3RD AVENUE, BAGONG LIPUNAN NG CRAME, QUEZON CITY, METRO MANILA",QUEZON CITY,0935-934-9009,FREDERICK R. LLANERA,lesliejoycesantiago@gmail.com,lesliejoycesantiago@gmail.com,,2,1,3,,,PASSED,Highly Satisfactory,SDTLPT-24-0130562,HS
14,13-0705-24-PIBS-R,13,"ASSOCIATED MEDICAL & CLINICAL SERVICES, INC.","3RD. FLR. KALAYAAN BLDG. COR. SALCEDO & DELA ROSA ST., LEGAZPI VILLAGE, MAKATI CITY",MAKATI/MANILA,9171456873,"NEILA A. CEJUDO, MD",laboratory@amsclinic,laboratory@amsclinic,,1,0,1,,,PASSED,Excellent,SDTLPT-24-0130563,E
14,13-0537-23-PFSS-R,13,ASTRAL TECH DRUG TESTING LABORATORY,"9639 PILILLA ST., BARANGAY VALENZUELA, MAKATI CITY",MAKATI/MANILA,09453213477/09178463592,"RUEL JOHN T. LANDRITO, MD",astral9639pililla@yahoo.com,astral9639pililla@yahoo.com,,1,0,1,,,PASSED,Excellent,SDTLPT-24-0130564,E
14,13-0919-23-PIBS-R,13,AVENTUS MEDICAL CARE INC - PASIG ,"UNIT 16-20 G/F AIC GRANDE TOWER SAPPHIRE RD. ORTIGAS CENTER, PASIG CITY (BACK OF ROBINSON GALLERIA)",PASIG CITY/MANILA,0917-309-8156,"ARTURO JR C. LOPEZ, MD",laboratory.ortigas@aventusmedical.com.ph,laboratory.ortigas@aventusmedical.com.ph,,4,1,5,,,PASSED,Highly Satisfactory,SDTLPT-24-0130565,HS
14,13-0934-23-PFSS-R,13,AVENTUS MEDICAL CARE INC - AYALA NORTH EXCHANGE BRANCH,"3/F AYALA NORTH EXCHANGE, RETAIL 61 & 62, BRGY. SAN LORENZO, MAKATI CITY, METRO MANILA",MAKATI/MANILA,0917-8500-356,"OLGA M. BAUSA, MD",Laboratory.Ayala@aventusmedical.com.ph,Laboratory.Ayala@aventusmedical.com.ph,,2,0,2,,,PASSED,Excellent,SDTLPT-24-0130566,E
14,13-0929-23-PIBS-R,13,AVENTUS MEDICAL CARE INC - MANILA BRANCH,"5TH FLOOR TIMES PLAZA BLDG.,TAFT AVE., COR. UNITED NATIONS, ERMITA MANILA",METRO MANILA,0956-554-2825/ 0920-922-7612,"ARTURO JR C. LOPEZ, MD",laboratory_manila@admin.aventusmedical.com,laboratory_manila@admin.aventusmedical.com,,0,3,3,,,PASSED,Highly Satisfactory,SDTLPT-24-0130567,HS
14,13-1942-23-PIBS-I,13,AVENTUS MEDICAL CARE INC. - QUEZON CITY,"992 G/FLR PHILIPPINE COLLEGE OF SURGEON BLDG., EDSA AVE. RAMON MAGSAYSAY QUEZON CITY",QUEZON CITY/MANILA,0917-830-6257/ 0920-922-7612,"ARTURO JR C. LOPEZ, MD",laboratory.northedsa@aventusmedical.com.ph,laboratory.northedsa@aventusmedical.com.ph,,2,5,7,,,PASSED,Acceptable,SDTLPT-24-0130568,A
14,13-1957-23-PFSS-I,13,AVENTUS MEDICAL CARE INC. - MANDALUYONG,"LOWER 2ND FLOOR, ST. FRANCIS SQUARE BLDG. DO•A JULIA VARGAS AVE., CORNER BANK DRIVE ORTIGAS CENTER, BRGY. WACK-WACK, GREENHILLS, MANDALUYONG CITY",MANDALUYONG/MANILA,0917-831-8557/ 854-26578,"OLGA M. BAUSA, MD",laboratory.mandaluyong@admin.aventusmedicalcare.com,laboratory.mandaluyong@admin.aventusmedicalcare.com,,2,2,4,,,PASSED,Highly Satisfactory,SDTLPT-24-0130569,HS
14,13-0925-23-PIBS-R,13,AVENTUS MEDICAL CARE INC.- EAST WOOD,"6TH FLOOR  UNIT 2A CYBERONE BLDG., EASTWOOD CITY CYBERPARK BRGY. BAGUMBAYAN E. RODRIGUEZ AVE.",QUEZON CITY/MANILA,0932-275-1758,"ARTURO JR C. LOPEZ, MD",laboratory.eastwood@aventusmedical.com.ph,laboratory.eastwood@aventusmedical.com.ph,,1,1,2,,,PASSED,Excellent,SDTLPT-24-0130570,E
14,13-0511-22-PIBS-R,13,AVENTUS MEDICAL CARE INC. - CUBAO,"17 & 18 MANHATTAN PARKVIEW TOWER 1. GEN. ROMULO AVE., ARANETA CITY CUBAO, BRGY. SOCORRO, QUEZON CITY",QUEZON CITY/MANILA,0917-831-7930,"OLGA M. BAUSA, MD",Laboratory.Cubao@aventusmedical.com.ph,Laboratory.Cubao@aventusmedical.com.ph,,4,0,4,,,PASSED,Highly Satisfactory,SDTLPT-24-0130571,HS
14,13-0922-23-PIBS-R,13,AVENTUS MEDICAL CARE INC. - BGC,"GF. UNIT 1 & BASEMENT UNIT B, CITI PLAZA BLDG. 34TH ST., COR. LANE D. BGC, TAGUIG CITY",TAGUIG/MANILA,9152815044,"OLGA M. BAUSA, MD",Laboratory.BGC@aventusmedical.com.ph,Laboratory.BGC@aventusmedical.com.ph,,0,5,5,,,PASSED,Highly Satisfactory,SDTLPT-24-0130572,HS
14,13-1847-24-PFSS-I,13,AVENTUS MEDICAL CARE INC. - PASAY,"UNIT 109-110 SCAPE BLDG., MACAPAGAL AVENUE, PEARL DRIVE, PASAY CITY, METRO MANILA",PASAY,0917-533-1497/0977-628-4600,OLGA M. BAUSA,laboratory.pasay@aventusmedical.com.ph,laboratory.pasay@aventusmedical.com.ph,,0,5,5,,,PASSED,Highly Satisfactory,SDTLPT-24-0130573,HS
14,13-0935-23-PIBS-R,13,AVENTUS MEDICAL CARE INC.- ALABANG,"2ND FLR SYCAMORE ARES 1 BLDG., BUENCAMINO ST. ALABANG, MUNTINLUPA CITY, METRO MANILA",MUNTINLUPA/MANILA,0933-972-1244/ 0920-922-4612,"ARTURO JR C. LOPEZ, MD",laboratory.alabang@aventusmedical.com.ph,laboratory.alabang@aventusmedical.com.ph,,2,0,2,,,PASSED,Excellent,SDTLPT-24-0130574,E
14,13-1417-23-PIBS-R,13,AVENTUS MEDICAL CARE INC.- MAKATI,"6F FILOMENA BLDG., 104 AMORSOLO ST., LEGASPI VILLAGE, MAKATI CITY",MAKATI/MANILA,0967-207-3066/ 0920-922-7612,"ARTURO JR C. LOPEZ, MD",Laboratory.Makati@aventusmedical.com.ph,Laboratory.Makati@aventusmedical.com.ph,,1,0,1,,,PASSED,Excellent,SDTLPT-24-0130575,E
14,13-1708-23-PFSS-I,13,AVENUE DIAGNOSTIC MEDICAL CLINIC AND CLINICAL LABORATORY,"1728 ARV BUILDING, RIZAL AVENUE, STA. CRUZ, MANILA, METRO MANILA",MANILA / METRO MANILA,0977-033-5613,"LONTOC, MA. VICTORIA V.",avenue.diagnostics.center@gmail.com,avenue.diagnostics.center@gmail.com,,4,2,6,,,PASSED,Acceptable,SDTLPT-24-0130576,A
14,13-0027-24-PIBS-R,13,BAIRAN-TRAMMEL DIAGNOSTIC CENTER,"552 UNITED NATIONS AVENUE 2ND FLOOR SHAKEY'S BLDG., ERMITA MANILA",ERMITA / ERMITA MANILA,0929-9755-880/ 0928-682-0086,"ANDRADE, JEANNE I.",records@btdiagnostic.com,records@btdiagnostic.com,,2,3,5,,,PASSED,Highly Satisfactory,SDTLPT-24-0130577,HS
14,13-1741-23-PIBS-R,13,BBMB LABORATORY & DIAGNOSTIC CLINIC CORP,"RM 501 TRINITY BLDG. 636 TM KALAW ST. BRGY 666 ZONE 72 ERMITA, MANILA",ERMITA / MANILA,0917-255-5748/ 0917-840-0261,"AXIBAL, MAXIMO JR. B.",bbmblaboratory@gmail.com,bbmblaboratory@gmail.com,,2,2,4,,,PASSED,Highly Satisfactory,SDTLPT-24-0130578,HS
14,13-0028-24-PFSS-R,13,BCC DIAGNOSTIC & MEDICAL SERVICES CORPORATION,UNIT B 545 SHAW BLVD. BRGY. WACK WACK MANDALUYONG CITY,MANDALUYONG / CITY,0917-581-1817 ,"GARRIDO, TITO GATA",dmsc@cat.bccgroup.com.ph,dmsc@cat.bccgroup.com.ph,,1,5,6,,,PASSED,Acceptable,SDTLPT-24-0130579,A
14,13-0616-24-PFSS-R,13,BICUTAN DIAGNOSTIC LABORATORY CO.,"BLK 184 L9 A. BONIFACIO AVENUE, ZONE 1 CENTRAL BICUTAN, TAGUIG CITY, METRO MANILA",TAGUIG,0945-837-7056/0922-846-8766,MELVIN JUDE  G. KATAPANG,bicutanlab@gmail.com,bicutanlab@gmail.com,,4,1,5,,,PASSED,Highly Satisfactory,SDTLPT-24-0130580,HS
14,13-0707-24-PIBS-R,13,BIOASSAY DIAGNOSTIC CENTER AND MEDICAL CLINIC,"1018 F. SALVADOR AVE JORDAN PLAINS SUBD. NOVALICHES, QUEZON CITY, METRO MANILA",QUEZON CITY,09438210076/88979742,SUSANA PINILI QUIAOIT,bioassaydiagnostic@yahoo.com,bioassaydiagnostic@yahoo.com,,2,3,5,,,PASSED,Highly Satisfactory,SDTLPT-24-0130581,HS
14,13-1813-24-PFSS-I,13,"BIOCROSS DIAGNOSTIC CENTER, INC.","(2ND FLOOR OF STARDUST DRUG STORE) 1642-1648 RIZAL AVENUE, STA. CRUZ, MANILA",MANILA CITY,9274517066,FLORIDO A. ATIBAGOS,biocrossdiagnosticcenter@yahoo.com.ph,biocrossdiagnosticcenter@yahoo.com.ph,,4,3,7,,,PASSED,Acceptable,SDTLPT-24-0130582,A
14,13-0619-24-PFSS-R,13,BIOQUEST DIAGNOSTIC LABORATORY,NO. 3 3RD AVE BAGONG LIPUNAN NG CRAME QUEZON CITY,QUEZON / CITY,0+23-375-6504,"FLORES, IKE MANUEL G.",beth_tabora@yahoo.com,beth_tabora@yahoo.com,,0,4,4,,,PASSED,Highly Satisfactory,SDTLPT-24-0130583,HS
14,13-XXXX-XX-XXXX-X,13,BLESSED HEART DIAGNOSTICS AND MULTISPECIALTY CLINIC INC. ,"ROOM 304-305 FRC BUILDING, PEDRO GIL TAFT., MANILA",METRO MANILA,9087897381,"GRACE H. PADILLA, MD",blessedheart_diagnostics@yahoo.com,blessedheart_diagnostics@yahoo.com,,2,2,4,,,PASSED,Highly Satisfactory,SDTLPT-24-0130584,HS
14,13-0709-24-PIBS-R,13,BMCI DIAGNOSTIC CLINIC,"UNIT 04091 LEVEL 4, WEST WING, ROBINSONS GALLERIA, UGONG NORTE 3, QUEZON CITY",QUEZON CITY,0917-144-5412,"CRUZ, GABRIEL J.",admin@bmcidxclinic.com,admin@bmcidxclinic.com,,1,3,4,,,PASSED,Highly Satisfactory,SDTLPT-24-0130585,HS
14,13-0710-24-PIBS-R,13,BOROUGH MEDICAL CLINIC,"WELLNESS ZONE, 2ND FLOOR, NORTH PARKING, J.W. DIOKNO BLVD., MOA COMPLEX, PASAY CITY",PASAY CITY,0917-629-7876/ 0917-822-7109,"MONTENEGRO, MONINA C.",boroughmedicallab@gmail.com,boroughmedicallab@gmail.com,,3,3,6,,,PASSED,Acceptable,SDTLPT-24-0130586,A
14,13-1381-23-PFSS-R,13,"C' FAMILYCARE CLINIC LAGRO, INC.","G/F UNIT B, NEOPOLITAN COMMERCIAL BUILDING KM 22, QUIRINO HIGHWAY, NOVALICHES",NOVALICHES/MANILA,0922-541-2738,"MARIA LUISA R. CRUZ, MD",cfamilycareclinic@yahoo.com,cfamilycareclinic@yahoo.com,,1,5,6,,,PASSED,Acceptable,SDTLPT-24-0130587,A
14,13-0553-23-PIBS-R,13,"CAPITOL MEDICAL CENTER, INC","2ND FLOOR LAB. DEPT. CAPITOL MEDICAL CENTER, QUEZON AVE COR. SCT. MAGBANUA, BRGY. PALIGSAHAN",QUEZON CITY/MANILA,0963-904-7907,"MARIA MYSTICA FLODALYN  T. BAUTISTA, MD",laboratory@capitolmedical.com.ph,laboratory@capitolmedical.com.ph,,2,2,4,,,PASSED,Highly Satisfactory,SDTLPT-24-0130588,HS
14,13-0712-24-PIBS-R,13,CARDINAL SANTOS MEDICAL CENTER,"GF PATHOLOGY AND LABORATORY, 10 WILSON STREET, SAN JUAN CITY, METRO MANILA",SAN JUAN CITY,0926-035-6970/ 0917-516-9949,PAULO GIOVANNI L. MENDOZA,ktan@csmc.ph,ktan@csmc.ph,,0,5,5,,,PASSED,Highly Satisfactory,SDTLPT-24-0130589,HS
14,13-0031-24-PIBS-R,13,"CAREPOINT MEDICAL, DIAGNOSTIC AND WELLNESS CLINIC","5TH FLOOR, MAGCOOP BLDG., 473 UNITED NATIONS AVE., BRGY. 666 ERMITA MANILA",ERMITA MANILA,0906-281-4825,"DEFENSOR, DARIO D.",laboratory@carepoint.com.ph,laboratory@carepoint.com.ph,,0,1,1,,,PASSED,Excellent,SDTLPT-24-0130590,E
14,13-0556-23-PIBS-R,13,CASA MEDICA INCORPORATED,"0105 A SERVICE LANE L/6F, SM SOUTHMALL, LAS PI•AS CITY, METRO MANILA, NCR",LAS PI•AS/MANILA,9165989800,"RODOLFO E. JOSON, MD",casamedicalpc@yahoo.com,casamedicalpc@yahoo.com,,2,0,2,,,PASSED,Excellent,SDTLPT-24-0130591,E
14,13-1581-24-PFSS-R,13,CB2 MEDICAL CLINIC,"1507 NFWC BLDG. SAN MARCELINO ST., ERMITA, MANILA",MANILA,0947-266-8531,EDNA MAY L. GO,cb2_med@yahoo.com,cb2_med@yahoo.com,,0,5,5,,,PASSED,Highly Satisfactory,SDTLPT-24-0130592,HS
14,13-1688-24-PIBS-R,13,CCM CLINICAL LABORATORY AND DIAGNOSTIC CENTER,"487 GREGORIO COMPOUND, ALMANZA UNO, ALABANG-ZAPOTE ROAD, LAS PINAS CITY, METRO MANILA",LAS PINAS,0928-542-5353/0933-874-9750,HERBERT G. PASCUAL,drhgp_hgp@yahoo.com,drhgp_hgp@yahoo.com,,2,0,2,,,PASSED,Excellent,SDTLPT-24-0130593,E
14,13-XXXX-XX-XXXX-X,13,"CENTER FOR HEALTH SERVICES, INC. -PASIG CITY","THE JMT CORPORATE CONDOMINIUM, 19TH FLOOR, 27 ADB AVE., ORTIGAS, PASIG",PASIG CITY/MANILA,9178025336,"GLORIA L. TAN, MD",rhiagltmd@yahoo.com,rhiagltmd@yahoo.com,,2,0,2,,,PASSED,Excellent,SDTLPT-24-0130594,E
14,13-0825-21-PIBS-R,13,CENTRAL MEDICAL DRUG TESTING CENTER,"# 485 RM 5 DEL MUNDO BLDG. QUIRINO HI-WAY TALIPAPA, QUEZON CITY",QUEZON CITY/MANILA,0943-571-0367/ 8231-1432,"AMELIA C. FIBRA, MD",centralmed1988@yahoo.com,centralmed1988@yahoo.com,,2,2,4,,,PASSED,Highly Satisfactory,SDTLPT-24-0130595,HS
14,13-0715-24-PIBS-R,13,"CENTRALLE MEDICAL DIAGNOSTICS AND POLYCLINIC, INC-CALOOCAN CITY","2/F FIRST AMIJI MANSION 6TH AVE COR MH DELPILAR STREET, CALOOCAN CITY",CALOOCAN / CALOOCAN CITY,0931-072-6025,"CHING, IRENE O.",lab@centrallemedical.com,lab@centrallemedical.com,,1,1,2,,,PASSED,Excellent,SDTLPT-24-0130596,E
14,13-0714-24-PIBS-R,13,"CENTRALLE MEDICAL DIAGNOSTICS AND POLYCLINIC, INC-PASAY CITY","4TH FLOOR WELCOME PLAZA MALL, TAFT AVE. COR. LIBERTAD ST., PASAY CITY",TAFT AVE. COR. LIBERTAD ST. / PASAY CITY,0932-981-3299,"CHING, IRENE O.",pasaycmdp@gmail.com,pasaycmdp@gmail.com,,0,2,2,,,PASSED,Excellent,SDTLPT-24-0130597,E
14,13-0034-22-PIBS-R,13,CENTRO ESCOLAR UNIVERSITY CLINICAL LABORATORY,"#9 MENDIOLA ST.BRGY 570, SAN MIGUEL, SAMPALOC, MANILA",SAMPALOC/MANILA,09173215898/093964667984,"FREDERICK R. LLANERA,MD",clinicallaboratory@ceu.edu.ph,clinicallaboratory@ceu.edu.ph,,1,2,3,,,PASSED,Highly Satisfactory,SDTLPT-24-0130598,HS
14,13-0574-23-PFSS-R,13,CENTRO MEDICAL AND LABORATORY CLINIC,"397 J.P RIZAL ST., STO NINO, MARIKINA CITY, METRO MANILA",MARIKINA/MANILA,0906-511-2314/ 8470-3494,"MARK JOSEPH R. DE GUZMAN, MD",centromedenlab@gmail.com,centromedenlab@gmail.com,,1,2,3,,,PASSED,Highly Satisfactory,SDTLPT-24-0130599,HS
14,13-1911-23-PIBS-R,13,CENTURY PINNACLE DIAGNOSTIC AND MEDICAL CORPORATION,"1439, M. ADRIATICO COR. STA. MONICA ST., BRGY 669, ERMITA, MANILA",METRO MANILA,9176344762,"CARL CHESTER FLOYD L. GO, MD",pinnaclediagnosticsdrugtesting@gmail.com,pinnaclediagnosticsdrugtesting@gmail.com,,2,0,2,,,PASSED,Excellent,SDTLPT-24-0130600,E
14,13-0036-24-PIBS-R,13,CHERRY LAB DIAGNOSTIC AND MEDICAL INC,"12 AK-XYZ BLDG GOVERNOR PASCUAL AVENUE, MALABON, METRO MANILA",MALABON / METRO MANILA,0915-281-1232,"TINIO, ELENIT H.",cldmc2012@yahoo.com,cldmc2012@yahoo.com,,4,3,7,,,PASSED,Acceptable,SDTLPT-24-0130601,A
14,13-1767-23-PIBS-R,13,CHRISTIAN E. CANGCO MEDICAL CLINIC AND LABORATORY,"5TH/6TH FLOOR JAYYAH BLDG., QUIRINO AVE., MALATE, MANILA",MALATE / MANILA,0945-237-8122,"CABUDOY, RONALD C.",cangcolab1@gmail.com,cangcolab1@gmail.com,,3,4,7,,,PASSED,Acceptable,SDTLPT-24-0130602,A
14,13-0577-23-PIBS-R,13,CHRISTIAN MEDICAL CLINIC INC.,"22B MADISON ST. NEW MANILA BRGY. MARIANA QUEZON CITY, METRO MANILA",QUEZON CITY/MANILA,0925-898-9231/ 0917-823-9562,"MELANI H. SIONZON, MD",cmcilab390@yahoo.com,cmcilab390@yahoo.com,,3,1,4,,,PASSED,Highly Satisfactory,SDTLPT-24-0130603,HS
14,13-0719-24-PIBS-R,13,CLEANMED HEALTH CARE CORP.,"38 CLEANMED BUILDING N.S. AMORANTO STREET, LA LOMA QUEZON CITY",QUEZON CITY,0939-984-6156,RODELIO D. LIM,laboratory@cleanmedhealthcare.com,laboratory@cleanmedhealthcare.com,,2,3,5,,,PASSED,Highly Satisfactory,SDTLPT-24-0130604,HS
14,13-0582-23-PIBS-R,13,CLEARBRIDGE MEDICAL PHILIPPINES INC.,"33 V. LUNA AVENUE, BRGY. PINYAHAN, QUEZON CITY",QUEZON CITY/MANILA,9207557228,"GRIG D. MISIONA, MD",clearbridgemedical.result@gmail.com,clearbridgemedical.result@gmail.com,,3,1,4,,,PASSED,Highly Satisfactory,SDTLPT-24-0130605,HS
14,13-0162-23-PIBS-R,13,CLEMEN'S MEDICAL CLINIC,"1565 LEON GUINTO ST., BRGY. 675, MALATE, MANILA",METRO MANILA,09328905305/85167871,"MARY ANN O. CABRERA, MD",clemensmedicalclinic@yahoo.com,clemensmedicalclinic@yahoo.com,,2,0,2,,,PASSED,Excellent,SDTLPT-24-0130606,E
14,13-1701-24-PIBS-R,13,CLINICA MANILA PASIG,"UNIT 158-159 SM CENTER PASIG FRONTERA VERDE BRGY. UGONG, PASIG CITY, METRO MANILA",PASIG CITY / METRO MANILA,0917-846-2256/0917-833-7726,"CLEMENTE, PAULO ANTONIO E.",cmpasig.laboratory@yahoo.com,cmpasig.laboratory@yahoo.com,,0,2,2,,,PASSED,Excellent,SDTLPT-24-0130607,E
14,13-0591-23-PIBS-R,13,"CLINILAB MEDICAL SERVICES, INC.","2/F ORCHID TOWER, ORIENTAL GARDENS, CHINO ROCES AVE., MAKATI CITY",MAKATI/MANILA,0918-990-3336/ 7-729-8966,"ANAROSE C. ALVARADO, MD",clinilabmedical@yahoo.com,clinilabmedical@yahoo.com,,0,1,1,,,PASSED,Excellent,SDTLPT-24-0130608,E
14,13-XXXX-XX-XXXX-X,13,CMI WELLNESS DIAGNOSTIC CENTER,"315 CMI BLDG. COMMONWEALTH AVENUE, BRGY. CULIAT, DILIMAN, QUEZON CITY, METRO MANILA",QUEZON CITY/MANILA,9198332608,"SUSANA P. QUIAOIT, MD",wellness_neuro@yahoo.com.ph,wellness_neuro@yahoo.com.ph,,2,0,2,,,PASSED,Excellent,SDTLPT-24-0130609,E
14,13-XXXX-XX-XXXX-X,13,CMM MEDICAL AND DIAGNOSTIC CLINIC,"510 A. MABINI ST., BARANGAY 13, CALOOCAN CITY, METRO MANILA",CALOOCAN CITY / METRO MANILA, 0917-162-5199,"NOH, JINALYN T.",labcmmmdc@gmail.com/jinalynnohmd@gmail.com,labcmmmdc@gmail.com/jinalynnohmd@gmail.com,,0,2,2,,,PASSED,Excellent,SDTLPT-24-0130610,E
14,13-0373-23-PIBS-R,13,CRUZ-RABE MATERNITY & GEN. HOSPITAL DRUGTESTING LABORATORY,"#37 GEN. LUNA ST., BRGY. TUKTUKAN, TAGUIG CITY (INFRONT OF TAGUIG CITY HALL), MANILA",TAGUIG/MANILA,0961-434-7338/ (8) 462-27-96,"IFTIZAR N. HARON, MD",arhian_03@yahoo.com,arhian_03@yahoo.com,,2,0,2,,,PASSED,Excellent,SDTLPT-24-0130611,E
14,13-0483-24-PIBS-R,13,CYTOCHEM MEDICAL LABORATORIES ,2/F FLR. 7-11 BLDG MORNING BREEZE SUBD ASUNCION ST. EDSA CALOOCAN CITY,CALOOCAN / CITY,0922-835-1546,"TORRES, REYNALDO G.",cytochemlaboratories@yahoo.com,cytochemlaboratories@yahoo.com,,4,2,6,,,PASSED,Acceptable,SDTLPT-24-0130612,A
14,13-0598-23-PIBS-R,13,"D' MICROASIA MEDICAL LABORATORY, INC.","913 A.T. REYES ST. BRGY. POBLACION, MANDALUYONG CITY, MANILA  (NEAR SAN FELIPE CHURCH,BESIDE 7/11 STORE)",MANDALUYONG/MANILA,0999-995-8798/ 8235-1438,"SUSANA P. QUIAOIT, MD",micromediclab@gmail.com,micromediclab@gmail.com,,4,2,6,,,PASSED,Acceptable,SDTLPT-24-0130613,A
14,13-0602-23-PIBS-R,13,DE LOS SANTOS MEDICAL CENTER,"201 E. RODRIGUEZ SR AVE BRGY KALUSUGAN, QUEZON CITY",QUEZON CITY/MANILA,0919-095-2412,"HERBERT Z. MANAOIS, MD",nspathology@dlsmc.ph,nspathology@dlsmc.ph,,1,5,6,,,PASSED,Acceptable,SDTLPT-24-0130614,A
14,13-0040-24-PFSS,13,DIAGNOSTIC INTENSIVE & PRECISE MEDICAL AND LABORATORY (D.I.P) INC,129 G/F CRUZSAN ALLEN BLDG 6TH ST. COR 9TH AVE GRACE PARK CALOOCAN CITY,CALOOCAN / CITY,0945-318-1385,"PACIS-MUNAR, VENERACION D.",diagnosticmedicalinc@gmail.com,diagnosticmedicalinc@gmail.com,,2,1,3,,,PASSED,Highly Satisfactory,SDTLPT-24-0130615,HS
14,13-0603-23-PIBS-R,13,DIAGNOSTICA DE SAN VICENTE CORP.,"284 DO•A ANITA BLDG., E. RODRIGUEZ SR. AVE. NEW MANILA, QUEZON CITY, METRO MANILA",QUEZON CITY/MANILA,0917-828-3004/ 0920-922-7612,"ARTURO JR C. LOPEZ, MD",diagnostica_ddsv@yahoo.com,diagnostica_ddsv@yahoo.com,,2,5,7,,,PASSED,Acceptable,SDTLPT-24-0130616,A
14,13-075-23-PFSS-R,13,DJC DRUG TESTING CENTER,"1810 DELTON BLDG RIZAL AVENUE, STA. CRUZ, MANILA CITY",STA. CRUZ/MANILA ,9275552804,"ALBERT M. ALEGRE, MD",j.cdrugtestingcenter@yahoo.com,j.cdrugtestingcenter@yahoo.com,,2,2,4,,,PASSED,Highly Satisfactory,SDTLPT-24-0130617,HS
14,13-0376-23-PFSS-R,13,DOMINICO MEDICAL AND LABORATORY SERVICES,"1131 SYTO BUILDING, KALIGAYAHAN, QUIRINO HI-WAY",QUEZON CITY/MANILA,0956-137-6522/0917-822-426,"GABRIEL J. CRUZ, MD",dominicomedicalandlaboratory@gmail.com,dominicomedicalandlaboratory@gmail.com,,1,2,3,,,PASSED,Highly Satisfactory,SDTLPT-24-0130618,HS
14,13-1291-21-PIBS-R,13,DR. VICTOR R. POTENCIANO MEDICAL CENTER,"3RD LEVEL, VRP MEDICAL CENTER 163 EDSA, MANDALUYONG CITY, METRO MANILA",MANDALUYONG/MANILA,0917-184-0352/ 8464-9999 LOC. 272,"ROSANNA S. TUNGOL, MD",laboratory@vrp.com.ph,laboratory@vrp.com.ph,,2,0,2,,,PASSED,Excellent,SDTLPT-24-0130619,E
14,13-1726-24-PFSS-R,13,E. PERLAS DIAGNOSTICS AND POLYCLINIC,"93 PIO VALENZUELA ST., MARULAS, VALENZUELA CITY",VALENZUELA,0906-835-5557,ERIC  M. MIRANDILLA,eperlasclinic@gmail.com,eperlasclinic@gmail.com,,2,2,4,,,PASSED,Highly Satisfactory,SDTLPT-24-0130620,HS
14,13-0727-24-PIBS-R,13,E. ZARATE HOSPITAL,"16 J. AGUILAR AVE. TALON 1, LAS PINAS CITY, METRO MANILA",LAS PINAS,0920-974-7474,FLORECITA L. TESORO-SOLIS,Laboratory_zarate@yahoo.com.ph,Laboratory_zarate@yahoo.com.ph,,3,2,5,,,PASSED,Highly Satisfactory,SDTLPT-24-0130621,HS
14,13-0728-24-PIBS-R,13,EAS DIAGNOSTIC AND MEDICAL CLINIC,"1840 SAN MARCELINO STREET, MALATE, MANILA",MALATE,0969-581-2547,MARICEL R. RIBO,erwinasollano@gmail.com,erwinasollano@gmail.com,,4,1,5,,,PASSED,Highly Satisfactory,SDTLPT-24-0130622,HS
14,13-0729-24-GIBS-R,13,EAST AVENUE MEDICAL CENTER,"EAST AVENUE MEDICAL CENTER, EAST AVENUE, DILIMAN, QUEZON CITY",QUEZON CITY/MANILA,9175955003,"EMMANUEL C. ARCINAS, MD",rpulvinar@gmail.com,rpulvinar@gmail.com,,0,0,0,,,PASSED,Excellent,SDTLPT-24-0130623,E
14,13-0730-24-PIBS-R,13,EASTERN DOCTORS MEDICAL CENTERS INC.,"SUITE G-1 BEL-AIR ARTS, 1020 ROXAS BLVD. ERMITA, MANILA (BESIDE ETON HOTEL), MANILA",MANILA,0921-455-2251/0922-846-8786,MELVIN JUDE  G. KATAPANG,edms95@yahoo.com/meljnde@yahoo.com,edms95@yahoo.com/meljnde@yahoo.com,,3,1,4,,,PASSED,Highly Satisfactory,SDTLPT-24-0130624,HS
14,13-1717-22-PFSS-I,13,EBD MEDICAL AND DIAGNOSTIC CLINIC,"879 VC MARIE BLDG. BAGUMBONG ROAD, BRGY. 171 BAGUMBANG, CALOOCAN CITY, METRO MANILA",CALOOCAN CITY,0966-960-9188,GABRIEL J. CRUZ,emmadacara85@gmail.com,emmadacara85@gmail.com,,1,3,4,,,PASSED,Highly Satisfactory,SDTLPT-24-0130625,HS
14,13-0732-24-PIBS-R,13,EL ROI MEDICAL CLINIC & DIAGNOSTIC CENTER INC.,"3RD AND 4TH FLOOR LEON DE ORO PLACE 2125 LEON GUINTO ST., MALATE MANILA",MALATE / MALATE MANILA,0906-230-0880,"PAGDUNZULAN, FRANK GERALD C.",elroilaboratory@gmail.com,elroilaboratory@gmail.com,,2,5,7,,,PASSED,Acceptable,SDTLPT-24-0130626,A
14,13-0047-24-PFSS-R,13,EMMANUEL MEDICAL AND DIAGNOSTIC CENTER,"2106 TAFT AVENUE, MALATE, MANILA",METRO MANILA,9956795519,"SUSANA P. QUIAOIT, MD",femdclaboratory@yahoo.com,femdclaboratory@yahoo.com,,1,2,3,,,PASSED,Highly Satisfactory,SDTLPT-24-0130627,HS
14,13-0733-24-PFSS-R,13,ESMAO MEDICAL AND DIAGNOSTIC CLINIC,"106 PANGHULO RD., PANGHULO, MALABON CITY, METRO MANILA",MALABON CITY / METRO MANILA,09264645321/ 02 84230332,"LLANERA, FREDERICK R.",esmaomdc@gmail.com,esmaomdc@gmail.com,,2,2,4,,,PASSED,Highly Satisfactory,SDTLPT-24-0130628,HS
14,13-1361-24-PFSS-R,13,ESTRELLA LABORATORY AND DIAGNOSTIC CLINIC,"109 PASADENA STREET, PASAY, METRO MANILA",PASAY CITY,0917-341-3377,HORACIO JR. A. SAGUIL,estrelladiagnostics@yahoo.com,estrelladiagnostics@yahoo.com,,1,5,6,,,PASSED,Acceptable,SDTLPT-24-0130629,A
14,13-0618-23-PFSS-R,13,EVANS MEDICAL DIAGNOSTIC CENTER,"#115 NATIONAL ROAD, BRGY. BAYANAN, MUNTINLUPA CITY",MUNTINLUPA/MANILA,0956-5260-063/ 0995-583-4556,"FLORECITA LUDIVINA T. SOLIS, MD",evansmeddx@yahoo.com,evansmeddx@yahoo.com,,0,0,0,,,PASSED,Excellent,SDTLPT-24-0130630,E
14,13-0736-24-PIBS-R,13,EVERGREEN MEDICAL AND DIAGNOSTIC CENTER,"641 J&B BUILDING, EDSA MALIBAY, PASAY CITY, 4TH DISTRICT",PASAY CITY / 4TH DISTRICT,0905-350-0767 / (02) 8646-3734,"PAGDUNZULAN, FRANK GERALD C.",info.evergreenmdc@gmail.com,info.evergreenmdc@gmail.com,,0,1,1,,,PASSED,Excellent,SDTLPT-24-0130631,E
14,13-0622-23-PIBS-R,13,EXACT CHECK DIAGNOSTIC CENTER INC. -LIBIS,"UNIT 101 & 102, WEBJET ACROPOLIS, E. RODRIGUEZ JR. AVE., BAGUMBAYAN, QUEZON CITY, METRO MANILA",QUEZON CITY/MANILA,9088796388,"FREDERICK G. LIM, MD",exactchecklibis@gmail.com,exactchecklibis@gmail.com,,3,0,3,,,PASSED,Highly Satisfactory,SDTLPT-24-0130632,HS
14,13-0623-23-PFSS-R,13,"EXACT CHECK DIAGNOSTIC CENTER INC. (BANAWE, QC)","238 BANAWE COR. PAGATAAN AND PANALTURAN STS. BRGY. MANRESA, QUEZON CITY",QUEZON CITY/MANILA,0917-170-0211/ 0917-520-4205,"FREDERICK G. LIM, MD",exactcheck@gmail.com,exactcheck@gmail.com,,2,0,2,,,PASSED,Excellent,SDTLPT-24-0130633,E
14,13-0627-23-PIBS-R,13,FAIRCARE X-RAY AND CLINICAL LABORATORY,"2ND & 3RD FLOOR TOPSTAR 2 BLDG. F. MANALO ST., BRGY. SAN NICOLAS, PASIG CITY, METRO MANILA",PASIG,0917-522-4683,FREDERICK R. LLANERA,faircare.laboratory@yahoo.com,faircare.laboratory@yahoo.com,,4,2,6,,,PASSED,Acceptable,SDTLPT-24-0130634,A
14,13-0048-24-PIBS-R,13,FATIMA UNIVERSITY MEDICAL CENTER CORP,"120 MC ARTHUR HI WAY MARULAS, VALENZUELA CITY, METRO MANILA",VALENZUELA CITY / METRO MANILA,0905-262-1291/ 8291-6538 LOC. 207,"PASCUAL, HERBERT G.",fumclaboratory207@gmail.com,fumclaboratory207@gmail.com,,1,4,5,,,PASSED,Highly Satisfactory,SDTLPT-24-0130635,HS
14,13-0630-23-PIBS-R,13,FCI LABORATORY AND MEDICAL SERVICES,"ROOM 2A E. CORTES BUILDING 958 E. RODDRIGUEZ SR. AVE., BRGY. MARIANA, QUEZON CITY, MANILA",QUEZON CITY/MANILA,0917-816-7210/ 847-00-762,"FRANCES A. SAURA-SANCHEZ, MD",fcilab316@gmail.com,fcilab316@gmail.com,,1,0,1,,,PASSED,Excellent,SDTLPT-24-0130636,E
14,13-0634-23-PIBS-R,13,FEU-DR.NICANOR REYES MEDICAL FOUNDATION INSTITUTE-CLINICAL LABORATORY,"REGALADO AVENUE, COR DAHLIA ST., WEST FAIRVIEW, QUEZON CITY",QUEZON CITY/MANILA,0915-138-1569,"MARI KARR A. ESGUERRA, MD",clinicallab@feu-nrmf.edu.ph,clinicallab@feu-nrmf.edu.ph,,0,3,3,,,PASSED,Highly Satisfactory,SDTLPT-24-0130637,HS
14,13-0637-23-PIBS-R,13,FIRST MEDICAL TEAM (F.M.T) HEALTHCARE SPECIALIST GROUP,"ALJAS BUILDING., 970 PRES. QUIRINO AVE. COR MODESTO ST, BRGY 772, MALATE, MANILA",METRO MANILA,0917-100-7963/ 0917799680/ 8689-1430,"PAUL M. TEVES, MD",fmt_laboratory@yahoo.com,fmt_laboratory@yahoo.com,,1,0,1,,,PASSED,Excellent,SDTLPT-24-0130638,E
14,13-0052-24-PIBS-R,13,FORTMED MEDICAL CLINICS MAKATI INC.,"3RD FLOOR CROWN CENTER #158 JUPITER CORNER NICANOR GARCIA STREETS BEL-AIR, MAKATI CITY",MAKATI / MAKATI CITY,0906-773-0917,"DE ALBAN, AMY ROSE E.",medtechhead@fortmed.org,medtechhead@fortmed.org,,2,2,4,,,PASSED,Highly Satisfactory,SDTLPT-24-0130639,HS
14,13-0740-24-PIBS-R,13,FRIENDLYCARE FOUNDATION INC- CUBAO,"2/F METROLANE COMPLEX BLDG., P. TUAZON ST. COR 20TH AVE, BRGY. TAGUMPAY CUBAO, QUEZON CITY",QUEZON CITY,09474994335/ 09189259899,REYNALDO G. TORRES,frinedlycarecbolab@gmail.com,frinedlycarecbolab@gmail.com,,1,4,5,,,PASSED,Highly Satisfactory,SDTLPT-24-0130640,HS
14,13-1801-24-PIBS-R,13,"FRIENDLYCARE FOUNDATION, INC- NOVALICHES","L2 EXPANSION BLDG., SPACE NO. ERS2 014-015 ROBINSONS NOVALICHES, QUEZON CITY, METRO MANILA",QUEZON CITY / METRO MANILA,0917-538-6565/ 0918-925-9899,"TORRES, REYNALDO G.",novaclinic.laboratory@friendlycare.com.ph,novaclinic.laboratory@friendlycare.com.ph,,1,0,1,,,PASSED,Excellent,SDTLPT-24-0130641,E
14,13-0742-24-PIBS-R,13,GALINOS MEDICAL CLINIC INC.,"3/F ATLANTIS BEACON TOWER, 2315 LEON GUINTO ST., MALATE, MANILA",MALATE / MANILA,0908-862-9861,"DEFENSOR, DARIO D.",galinoslaboratory@gmail.com,galinoslaboratory@gmail.com,,1,2,3,,,PASSED,Highly Satisfactory,SDTLPT-24-0130642,HS
14,13-XXXX-XX-XXXX-X,13,"GENERAL MIGUEL MALVAR MEDICAL RESEARCH FOUNDATION, INC.","531 COMMONWEALTH AVE. OLD BALARA, QUEZON CITY, METRO MANILA",QUEZON CITY/MANILA,9951629317,"SOCORRO C. YA•EZ, MD",gmmmflab@gmail.com,gmmmflab@gmail.com,,4,0,4,,,PASSED,Highly Satisfactory,SDTLPT-24-0130643,HS
14,13-1822-24-PIBS-I,13,GENSENS INC.,"UNIT 401-402 ELEMENTS @QUEZON AVE, #560 QUEZON AVENUE (UNIONBANK, IN FRONT OF STO. DOMINGO CHURCH)",QUEZON CITY / METRO MANILA,0916-983-1569,"JACOBA, ARACELI P.",gensens.lab@gmail.com,gensens.lab@gmail.com,,2,2,4,,,PASSED,Highly Satisfactory,SDTLPT-24-0130644,HS
14,13-0654-23-PIBS-R,13,GILCARE DIAGNOSTIC CLINIC,"#132, 2ND FLOOR ROOM 202, KALAYAAN AVE., BRGY. CENTRAL, QUEZON CITY, METRO MANILA",QUEZON CITY/MANILA,0927-9433-983/ 0917-1002-103/ 7976-5027,"FREDERICK R. LLANERA,MD",gilcarediagnosticclinic@yahoo.com,gilcarediagnosticclinic@yahoo.com,,0,2,2,,,PASSED,Excellent,SDTLPT-24-0130645,E
14,13-0654-24-PFSS-R,13,GL ORO DRUG TESTING LABORATORY,"1151 QUIRINO HI-WAY, BRGY. KALIGAYAHAN, NOVALICHES, QUEZON CITY, METRO MANILA",QUEZON CITY / METRO MANILA,0906-011-1277/09491616499,"SASTRE, VICTORY S.",guialuz.oro@yahoo.com,guialuz.oro@yahoo.com,,2,2,4,,,PASSED,Highly Satisfactory,SDTLPT-24-0130646,HS
14,13-0485-24-PIBS-R,13,GLOBAL HEALTH DIAGNOSTICS- PASAY CITY,"2ND FLOOR ALEXANDRA BLDG. 107 PASADE•A ST, PASAY CITY MANILA",CITY / PASAY CITY MANILA,0966-719-8251/ 0908-696-21177,"SANTOS, NOEL C.",globalhealthpasay@gmail.com,globalhealthpasay@gmail.com,,3,5,8,,,PASSED,Acceptable,SDTLPT-24-0130647,A
14,13-0486-24-PIBS-R,13,GLOBAL HEALTH DIAGNOSTICS-QUEZON CITY,132-I KALAYAAN AVE. BRGY. CENTRAL DILIMAN QUEZON CITY,QUEZON / CITY,0908-696-2177,"SANTOS, NOEL C.",globalhealthquezoncity@gmail.com,globalhealthquezoncity@gmail.com,,1,5,6,,,PASSED,Acceptable,SDTLPT-24-0130648,A
14,13-0743-24-PIBS-R,13,GLOBALHEALTH DIAGNOSTIC CENTER INC.,"156 UNIT A GROUND FLOOR, N. DOMINGO ST., BRGY. PEDRO CRUZ, SAN JUAN CITY, METRO MANILA",SAN JUAN CITY / METRO MANILA,0956-674-0371,"SAMONTE, ROSALIE SABINA MICHIKO S.",globalhealthlabdept@gmail.com,globalhealthlabdept@gmail.com,,4,1,5,,,PASSED,Highly Satisfactory,SDTLPT-24-0130649,HS
14,13-0555-24-PIBS-R,13,GLOBALIFE MEDICAL LABORATORY AND POLYCLINIC,"CLUSTER J. UNIT 149-150, BLUERAY WALK, MACAPAGA;L BLVD., PASAY CITY",MACAPAGA;L BLVD. / PASAY CITY,0966-695-0466,"SOLIS, LUDIVINA T.",drdvt53@yahoo.com,drdvt53@yahoo.com,,4,4,8,,,PASSED,Acceptable,SDTLPT-24-0130650,A
14,13-0182-22-PIBS-R,13,GMWV MEDICAL CLINIC,"26 MAYSAN ROAD, MALINTA, VALENZUELA CITY, METRO MANILA",VALENZUELA/MANILA,9258297026,"GEORGE ARISTOTLE S. WEE, MD",gmwvmedicalclinic@gmail.com,gmwvmedicalclinic@gmail.com,,1,0,1,,,PASSED,Excellent,SDTLPT-24-0130651,E
14,13-XXXX-XX-XXXX-X,13,GOLD MEDICHECK INC.,"4TH FLOOR THA BLDG., 2116 SEN GIL PUYAT AVE. COR. TAFT AVE., PASAY CITY, METRO MANILA",PASAY/MANILA,0917-651-0107/ 0917-849-0638,"JOHN ARNEL H. AMATA, MD",goldmedicheck2015@yahoo.com,goldmedicheck2015@yahoo.com,,2,0,2,,,PASSED,Excellent,SDTLPT-24-0130652,E
14,13-1363-24-PFSS-R,13,GOOD SHEPHERD LABORATORY AND HEALTH DIAGNOSTICS SERVICES INC,"G/F J&F., 19 BAYAN-BAYANAN AVENUE, CONCEPCION UNO, MARIKINA CITY",CONCEPCION UNO / MARIKINA CITY,0917-568-3180/ 0922-864-8115,"TILBE, MARIA LOURDES A.",gslhdsi.26@gmail.com,gslhdsi.26@gmail.com,,0,2,2,,,PASSED,Excellent,SDTLPT-24-0130653,E
14,13-0055-24-PIBS-R,13,GRAMCARE DIAGNOSTIC CENTER INCORPORATED,"2ND-3RD FLOOR, PHILTRUST BANK, MABINI BLDG., A. MABINI STREET, CORNER UN AVENUE, ERMITA, MANILA",ERMITA / MANILA,0998-861-9730,"YABUT, VOLTAIRE C.",gramcarediagnosticcenter@yahoo.com,gramcarediagnosticcenter@yahoo.com,,3,4,7,,,PASSED,Acceptable,SDTLPT-24-0130654,A
14,13-0676-23-PIBS-R,13,GREPA MEDICAL AND DIAGNOSTIC CENTER (SUN LIFE GREPA FINANCIAL INC.),"MEZZANINE FLOOR, TOWER 2, RCBC PLAZA, 6819 AYALA AVE., BEL-AIR, MAKATI CITY, METRO MANILA",METRO MANILA,9277736101,"SIERRA ROMA S. HERNANDEZ, MD",gmdclaboratory@sunlifegrepa.com,gmdclaboratory@sunlifegrepa.com,,2,2,4,,,PASSED,Highly Satisfactory,SDTLPT-24-0130655,HS
14,13-0056-24-PFSS-R,13,GUADAHEALTH,"WIGWAM PLACE, 2014 R. MAGSAYSAY AVENUE, GUADALUPE NUEVO2, MAKATI CITY",MAKATI,0995-536-6873/ 0917-849-0638,JOHN ARNEL HIDALGO AMATA,lab.klinik1@gmail.com,lab.klinik1@gmail.com,,1,2,3,,,PASSED,Highly Satisfactory,SDTLPT-24-0130656,HS
14,13-1210-23-PIBS-R,13,"HALCYON HEALTH NETWORK, INC.","G/F MARIA CORNELIA BLDG., 222 SEN. GIL PUYAT AVE., PIO DEL PILAR, MAKATI CITY",MAKATI/MANILA,9778360536,"MA. VICTORIA V. LONTOC, MD",judy.riverahalago@halcyconmarine.com.ph,judy.riverahalago@halcyconmarine.com.ph,,3,0,3,,,PASSED,Highly Satisfactory,SDTLPT-24-0130657,HS
14,13-0747-24-PFSS-R,13,HEALTH DELIVERY SYSTEM INC.-HEALTHFIRST CLINIC BGC,"RETAIL #10 G/F AVIDA TOWERS, 34TH ST., COR. 11TH AVE. & LANE T. BRGY. FORT BONIFACIO, TAGUIG, TAGUIG CITY",TAGUIG CITY / METRO MANILA,0917-844-5706,"LIM, RODELIO D.",hfbgc@healthfirst.com.ph,hfbgc@healthfirst.com.ph,,0,5,5,,,PASSED,Highly Satisfactory,SDTLPT-24-0130658,HS
14,13-1364-24-PFSS-R,13,HEALTH DELIVERY SYSTEM INC.-HEALTHFIRST CLINIC CUBAO,"UNIT 322 & 323, 3RD FLOOR, P. SPARK PLACE, P. TUAZON BLVD., SOCORRO, QUEZON CITY",SOCORRO / QUEZON CITY,0977-835-3833,"LIM, RODELIO D.",cubaobranch@healthfirst.com.ph,cubaobranch@healthfirst.com.ph,,0,0,0,,,PASSED,Excellent,SDTLPT-24-0130659,E
14,13-0685-23-PIBS-R,13,HEALTH GUARD DIAGNOSTIC LABORATORY AND MEDICAL SERVICES,"55 KARUHATAN ROAD, KARUHATAN, VALENZUELA CITY",VALENZUELA/MANILA,0917-817-2153/ 0943-286-3921,"VLADIMIR C. SIANGHO, MD",healthguarddiagnosticlaboratory@yahoo.com,healthguarddiagnosticlaboratory@yahoo.com,,2,2,4,,,PASSED,Highly Satisfactory,SDTLPT-24-0130660,HS
14,13-1391-22-PIBS-R,13,HEALTH METRICS INC. - MAKATI ,"1157 DON CHINO ROCES AVE., SAN ANTONIO VILLAGE, MAKATI CITY",MAKATI/MANILA,0917-834-9289,"GRACE C. KING, MD",coro@healthmetrics.com.ph,coro@healthmetrics.com.ph,,1,1,2,,,PASSED,Excellent,SDTLPT-24-0130661,E
14,13-1108-23-PIBS-R,13,HEALTH METRICS INC. - PASAY,"4/F PRISM PLAZA, TWO E-COM BLDG., MALL OF ASIA COMPLEX, PASAY CITY, METRO MANILA",PASAY/MANILA,0908-941-1327/ 0927-468-7403,"FRANK GERALD C. PAGDUNZULAN, MD",hmi.moa.laboratory@healthmetrics.com.ph,hmi.moa.laboratory@healthmetrics.com.ph,,1,5,6,,,PASSED,Acceptable,SDTLPT-24-0130662,A
14,13-1816-24-PIBS-R,13,"HEALTH QUEST DIAGNOSTIC LABORATORY AND MULTI-SPECIALTY CLINIC, INC.","11 A & B TOLENTINO ST., CORNER DEL MONTE AVENUE, BRGY. DAMAYAN, QUEZON CITY",BRGY. DAMAYAN / QUEZON CITY,0923-541-7264,"TORRES, REYNALDO G.",healthquestlab@hotmail.com,healthquestlab@hotmail.com,,0,4,4,,,PASSED,Highly Satisfactory,SDTLPT-24-0130663,HS
14,13-0627-24-PFSS-R,13,HEALTH SCREEN LABORATORY AND DIAGNOSTIC CENTER - MAKATI CITY,"G/F ANSA II BLDG., CHINO ROCES AVE., BRGY. TEJEROS, MAKATI CITY, METRO MANILA",MAKATI,0939-888-5389/ 0917-528-5266,SARAH H.  CASIO,healthscreenmakatilabmanage@gmail.com,healthscreenmakatilabmanage@gmail.com,,2,1,3,,,PASSED,Highly Satisfactory,SDTLPT-24-0130664,HS
14,13-0628-24-PFSS-R,13,HEALTH SCREEN LABORATORY AND DIAGNOSTIC CENTER-CALOOCAN,"NO 3. ASUNCION ST., MORNING BREEZE SUBDIVISION, CALOOCAN CITY",CALOOCAN CITY,0968-851-3290/0917-142-4778,"LUNA, ALBERT M.",hscaloocan.labdept@gmail.com,hscaloocan.labdept@gmail.com,,2,2,4,,,PASSED,Highly Satisfactory,SDTLPT-24-0130665,HS
14,13-0758-24-PFSS-R,13,"HEALTH STAT DIAGNOSTIC AND MEDICAL CLINIC, CO.","2ND FLOOR ADV BLDG. #4 J.P LAUREL SAN ROQUE STREET, MARIKINA CITY, METRO MANILA",MARIKINA,0917-539-4484/0921-442-0106,NOEL C. SANTOS,healthstatlab2015@gmail.com,healthstatlab2015@gmail.com,,4,1,5,,,PASSED,Highly Satisfactory,SDTLPT-24-0130666,HS
14,13-1439-21-PFSS-R,13,HEALTH TRENDS MEDICAL CLINIC AND DIAGNOSTIC CENTER,"LIFESTYLE SECTION, HOBBIES OF ASIA #8 PRESIDENT DIOSDADO MACAPAGAL AVE PASAY CITY ",PASAY CITY,0917-103-8389,"SILVA, AZEUS O.",info@healthtrendsclinic.com,info@healthtrendsclinic.com,,1,0,1,,,PASSED,Excellent,SDTLPT-24-0130667,E
14,13-1906-24-PIBS-I,13,HEALTHCUBE MEDICAL CLINICS - GREENHILLS SAN JUAN,"5TH FLOOR GREENHILLS MALL, GREENHILLS SHOPPING CENTER, GREENHILLS, SAN JUAN, METRO MANILA",SAN JUAN CITY,0912-478-2329/0917-885-2062,SUSANA C. PINILI-QUIAOIT,maryjoysangal@gmail.com,maryjoysangal@gmail.com,,1,2,3,,,PASSED,Highly Satisfactory,SDTLPT-24-0130668,HS
14,13-1601-24-PFFS-R,13,HEALTHCUBE MEDICAL CLINICS- SHAW,"241 SHAW BLVD. COR. M. YULO ST., BARANGAY BAGONG SILANG (HIGH POINTE MEDICAL HUB), MANDALUYONG CITY, METRO MANILA",MANDALUYONG CITY / METRO MANILA,0916-734-4335/ 0917-885-2062,"PINILI-QUIAOIT, SUSANA C.",justinemay.noguera@gmail.com,justinemay.noguera@gmail.com,,1,1,2,,,PASSED,Excellent,SDTLPT-24-0130669,E
14,13-1366-24-PIBS-R,13,HEALTHFIRST CLINICS- WILLIAMS BRANCH,"WILLIAMS BLDG., WILLIAMS ST., COR. MAYFLOWER ST., GREENFIELD DISTRICT, MANDALUYONG, METRO MANILA",MANDALUYONG / METRO MANILA,0917-703-4629/ 0917-856-9887,"ROA, ALAN D.",central.laboratory@healthfirst.com,central.laboratory@healthfirst.com,,2,2,4,,,PASSED,Highly Satisfactory,SDTLPT-24-0130670,HS
14,13-0368-23-CL-2,13,"HEALTHLAB AND MEDICAL SERVICES, INC.","UNIT 1601 MEDICAL PLAZA MAKATI BLDG., AMORSOLO COR. DELA ROSA ST., BRGY. SAN LORENZO LEGASPI VILL., MAKATI CITY (NEAR MAKATI MED)",MAKATI/MANILA,0932-887-2069/ 0928-869-2141,"NEILA D. CEJUDO, MD",healthlabinc@gmail.com,healthlabinc@gmail.com,,2,2,4,,,PASSED,Highly Satisfactory,SDTLPT-24-0130671,HS
14,13-0813-24-PIBS-R,13,MEDLINE DIAGNOSTIC CENTER INC. ,"2ND FLOOR UNIT, 10 & 11 CYT BUILDING 180 PASO DE BLAS, VALENZUELA CITY",VALENZUELA/METRO MANILA,09664371703/ 86513072,"CARINGAL,  EXALTACION  A.",medline08@yahoo.com,medline08@yahoo.com,,0,1,1,,,PASSED,Excellent,SDTLPT-24-0130672,E
14,13-XXXX-XX-XXXX-X,13,HEALTHLINE MEDICAL HEALTH SERVICES,"1125 ABENIDA MARIA OROSA ST., BRGY. 670 ERMITA, MANILA",MANILA,0915-433-0797/ 0977-803-9661,SUZETTE A. BABAGAY,healthlinemedicalservices@gmail.com,healthlinemedicalservices@gmail.com,,3,5,8,,,PASSED,Acceptable,SDTLPT-24-0130673,A
14,13-0757-24-PIBS-R,13,"HEALTHPLUS DIAGNOSTIC CLINIC, INC.","4TH FLOOR SOLEMIL BLDG., 1248 J. BOCOBO ST., COR. P. FAURA ST., ERMITA, MANILA",ERMITA / MANILA,0977-628-4600,"BAUSA, OLGA M.",laboratory@hpdci.com,laboratory@hpdci.com,,0,3,3,,,PASSED,Highly Satisfactory,SDTLPT-24-0130674,HS
14,13-0691-23-PIBS-R,13,HEALTHRIGHT INC.,"UNIT 1-9, 2/F WILCON CITY CENTER, VISAYAS AVENUE, BRGY. BAHAY TORO, QUEZON CITY, MANILA",QUEZON CITY/MANILA,0927-465-0350/ 8277-6995,"ROSALINDA COSMAS R. BENITEZ, MD",laboratory.healthright@gmail.com,laboratory.healthright@gmail.com,,3,0,3,,,PASSED,Highly Satisfactory,SDTLPT-24-0130675,HS
14,13-1888-23-PIBS-I,13,HEALTHWAY MEDICAL,"3/F UNIT 326 AYALA MALLS CLOVERLEAF, A. BONIFACIO AVENUE, BALINGASA, QUEZON CITY, METRO MANILA",QUEZON CITY/MANILA,9688766864,"MA. TERESA A. BARZAGA, MD",lab.clv@healthway.com.ph,lab.clv@healthway.com.ph,,2,0,2,,,PASSED,Excellent,SDTLPT-24-0130676,E
14,13-1952-23-PFSS-I,13,HEALTHWAY MEDICAL,"4L-32E EAST WING ESTANCIA MALL, CAPITOL COMMONS, MERALCO AVE., ORANBO, PASIG CITY",PASIG CITY/MANILA,9209294624,"MA. THERESA A. BARZAGA, MD",est@healthway.com.ph,est@healthway.com.ph,,2,1,3,,,PASSED,Highly Satisfactory,SDTLPT-24-0130677,HS
14,13-1719-24-PIBS-R,13,HEALTHWAY QUALIMED MANILA ,"UPM-PGH, FACULTY MEDICAL ARTS BUILDING (FMAB)., PGH COMPOUND, TAFT AVE., MANILA",TAFT AVE. / MANILA,0997-210-0441,"DAMIAN, KAREN B.",laboratory.qualimed@gmail.com,laboratory.qualimed@gmail.com,,0,2,2,,,PASSED,Excellent,SDTLPT-24-0130678,E
14,13-0060-24-PIBS-R,13,HEALTHWELL DIAGNOSTIC CLINIC CO.,"5TH FLOOR 1431 MRS BLDG. A. MABINI ST. ERMITA, MANILA",METRO MANILA,9989756936,"MARLENE S. ONTOG, MD",info@healthwellclinic.net,info@healthwellclinic.net,,2,0,2,,,PASSED,Excellent,SDTLPT-24-0130679,E
14,13-0753-24-PIBS-R,13,HEARTLAND MEDICAL AND DIAGNOSTIC CENTER,"1853 LEON GUINTO ST. MALATE, MANILA (NEAR SALVATION ARMY, BETWEEN J. NAKPIL ST AND REMEDIOS ST.)",METRO MANILA,0920-238-3782/ 0916-447-6974,"DEFENSOR, DARIO D.",heartland.medical@yahoo.com,heartland.medical@yahoo.com,,0,2,2,,,PASSED,Excellent,SDTLPT-24-0130680,E
14,13-0751-24-PIBS-R,13,HEARTLAND MEDICAL AND DIAGNOSTIC CENTER,"B5 L2 D. MACAPAGAL BLVD. COR. CORAL ST., CENTRAL BUSINESS PARK 1, (INFRONT OF WMALL), PASAY CITY",PASAY CITY / METRO MANILA,0917-301-2312,"DEFENSOR, DARIO D.",pasay@heartland.ph,pasay@heartland.ph,,0,1,1,,,PASSED,Excellent,SDTLPT-24-0130681,E
14,13-0764-24-PIBS-R,13,"HELAL MEDICAL LABORATORY, PHARMACY & DIAGNOSTIC TRADING","1679 VAREB MANSION COR. MALVAR, MALATE, MANILA, METRO MANILA",MANILA / METRO MANILA,0939-333-3334/ 0905-509-2766,"MUNAR, VENERACION P.",johelal@yahoo.com,johelal@yahoo.com,,2,3,5,,,PASSED,Highly Satisfactory,SDTLPT-24-0130682,HS
14,13-0084-23-PFSS-R,13,HI-PRECISION DIAGNOSTIC PLUS - MOA,"G/F UNIT 114, CORAL WAY J.W DIOKNO BLVD. MALL OF ASIA COMPLEX, PASAY CITY",PASAYCITY / METRO MANILA,0968-860-2625/ 0920-973-9859,"RIBO, MARICEL R.",hpmoa.lab@hi-precision.com.ph,hpmoa.lab@hi-precision.com.ph,,2,5,7,,,PASSED,Acceptable,SDTLPT-24-0130683,A
14,13-1086-23-PIBS-R,13,HI-PRECISION DIAGNOSTICS - COMMONWEALTH BRANCH,"2/F CPE MULTI-RESOURCES INC. BLDG. EAST FAIRVIEW, COMMONWEALTH AVENUE, QUEZON CITY, METRO MANILA",QUEZON CITY / METRO MANILA,0917-806-2890/ 0917-840-8791/ 0908-816-5722,"DEMAISIP, EVETTE LILYBELLE A.",hpcommonwealthlab@hi-precision.com.ph,hpcommonwealthlab@hi-precision.com.ph,,2,1,3,,,PASSED,Highly Satisfactory,SDTLPT-24-0130684,HS
14,13-1092-23-PFSS-R,13,HI-PRECISION DIAGNOSTICS - EAST AVENUE BRANCH,"#18 EAST AVENUE COR. VLUNA ROAD, BARANGAY PINYAHAN DILIMAN, QUEZON CITY",QUEZON CITY / METRO MANILA,0917-578-2198/ 0933-819-3853,"DEMAISIP, EVETTE LILYBELLE A.",hpeastave.lab@hi-precision.com.ph,hpeastave.lab@hi-precision.com.ph,,0,4,4,,,PASSED,Highly Satisfactory,SDTLPT-24-0130685,HS
14,13-1098-23-PFSS-R,13,HI-PRECISION DIAGNOSTICS - KALAW,"SAN LUIS TERRACES 638 T.M. KALAW ST.,ERMITA, MANILA",METRO MANILA,09175782256/09338193852,"IRMA GRACE B. BAUTISTA-CAPING, MD",hpkalaw.lab@hi-precision.com.ph,hpkalaw.lab@hi-precision.com.ph,,2,0,2,,,PASSED,Excellent,SDTLPT-24-0130686,E
14,13-1082-23-PFSS-R,13,HI-PRECISION DIAGNOSTICS - LACSON,"MEZZANINE & 2ND FLOOR PACIFIC SKYLOFF BLDG. 1160 GOVERNOR FORBES, LACSON AVENUE, MANILA",METRO MANILA,09176289073/09175771197,"MARIA LOURDES P. SANTOS, MD",hplacson.lab@hi-precision.com.ph,hplacson.lab@hi-precision.com.ph,,2,3,5,,,PASSED,Highly Satisfactory,SDTLPT-24-0130687,HS
14,13-1097-23-PIBS-R,13,HI-PRECISION DIAGNOSTICS - LAS PI•AS BRANCH,"LOT 2 D1-D3, ALABANG-ZAPOTE ROAD, TALON II (LANDMARK: IN FRONT OF LOLA NENA'S LAS PI•AS BRANCH), LAS PI•AS",LAS PI•AS/MANILA,09178140530/09338193854,"PAULO ANTONIO E. CLEMENTE, MD",hplp.lab@hi-precision.com.ph,hplp.lab@hi-precision.com.ph,,3,5,8,,,PASSED,Acceptable,SDTLPT-24-0130688,A
14,13-1084-23-PFSS-R,13,HI-PRECISION DIAGNOSTICS - MALABON,"1ST FLOOR FISHER MALL, MALABON C4. ROAD LONGOS DISTRICT 2, MALABON CITY, METRO MANILA",MALABON CITY / METRO MANILA,0917-829-3164/ 0920-973-9859,"RIBO, MARICEL R.",hpmalabon.lab@hi-precision.com.ph,hpmalabon.lab@hi-precision.com.ph,,0,2,2,,,PASSED,Excellent,SDTLPT-24-0130689,E
14,13-1080-23-PFSS-R,13,HI-PRECISION DIAGNOSTICS - PASIG BRANCH,"102-202 ARMAL BLDG. II F. LEGASPI ST. COR. C. RAYMUNDO AVE, MAYBUNGA, PASIG CITY, ",PASIG / METRO MANILA,0906-267-6027/ 0920-961-0407,"TAGAYUNA, PEDRITO Y.",hppasig.lab@hi-precision.com.ph,hppasig.lab@hi-precision.com.ph,,0,3,3,,,PASSED,Highly Satisfactory,SDTLPT-24-0130690,HS
14,13-1289-23-PFSS-R,13,HI-PRECISION DIAGNOSTICS - STA. ANA BRANCH,"G/F RIVERGREEN RESIDENCES, 2217 PEDRO GIL ST. BRGY.880, ZONE 97, STA. ANA, MANILA",STA. ANA / MANILA,0917-803-2504/ 0998-967-2274,"RIBO, MARICEL R.",hpstaana.lab@hi-precision.com.ph,hpstaana.lab@hi-precision.com.ph,,2,5,7,,,PASSED,Acceptable,SDTLPT-24-0130691,A
14,13-1096-23-PFSS-R,13,HI-PRECISION DIAGNOSTICS - SUCAT BRANCH,"UNIT 4-AB JAKA PLAZA MALL, 8288 DR. A. SANTOS AVE., SAN ANTONIO, PARA•AQUE CITY, METRO MANILA",PARA•AQUE CITY / METRO MANILA,0933-819-3855/ 0922-697-0629/ 0917-822-7109,"MONTENEGRO, MONINA C.",hpsucat.lab@hi-precision.com.ph,hpsucat.lab@hi-precision.com.ph,,1,5,6,,,PASSED,Acceptable,SDTLPT-24-0130692,A
14,13-XXXX-XX-XXXX-X,13,HI-PRECISION DIAGNOSTICS - TAFT BRANCH,"1850 TAFT AVENUE, BARANGAY 693, MALATE, MANILA",MALATE / MANILA,0933-869-0041/ 0917-256-9010,"CAPINIG, IRMA GRACE B.",hptaft.lab@hi-precision.com.ph,hptaft.lab@hi-precision.com.ph,,3,1,4,,,PASSED,Highly Satisfactory,SDTLPT-24-0130693,HS
14,13-1100-23-PIBS-R,13,HI-PRECISION DIAGNOSTICS - V.LUNA BRANCH,"31B COR . MABILIS ST ., V. LUNA AVE. BRGY. PINYAHAN, QUEZON CITY",QUEZON CITY / METRO MANILA,0933-819-3799/ 0917-656-6623,"DEMAISIP, EVETTE LILYBELLE A.",hpvluna.lab@hi-precision.com.ph,hpvluna.lab@hi-precision.com.ph,,1,3,4,,,PASSED,Highly Satisfactory,SDTLPT-24-0130694,HS
14,13-1085-23-PFSS-R,13,HI-PRECISION DIAGNOSTICS - VALENZUELA,"UNITS 3 AND 4 ARCA NORTH COMPOUND, 286 MACARTHUR HI-WAY, KARUHATAN, VALENZUELA CITY, METRO MANILA",VALENZUELA CITY / METRO MANILA,0917-656-7012/ 0933-819-3866,"BAUTISTA-CAPINIG, IRMA GRACE B.",hpvalenzuela.lab@hi-precision.com.ph,hpvalenzuela.lab@hi-precision.com.ph,,2,1,3,,,PASSED,Highly Satisfactory,SDTLPT-24-0130695,HS
14,13-1932-23-PFSS-I,13,HI-PRECISION DIAGNOSTICS - BINONDO BRANCH,"UNIT G01 PRINCEVIEW PARKSUITES, PARAMOUNT BLDG. 434 QUINTIN PAREDES ST., MANILA BRGY. 289 ZONE 027, MANILA",METRO MANILA,09228906671/09178861001,"PHILIP TEOMAR A. RADIN, MD",hpbinondo@hi-precision.com.ph,hpbinondo@hi-precision.com.ph,,2,0,2,,,PASSED,Excellent,SDTLPT-24-0130696,E
14,13-0365-19-PIBS-R,13,HI-PRECISION DIAGNOSTICS - DEL MONTE,"440-442 W. LONG BUILDING DEL MONTE AVENUE BARANGAY SIENNA, CORNER BIAK NA BATO, QUEZON CITY, METRO MANILA",QUEZON CITY/MANILA,09178044176/09178898656,"OSCAR D. NG, MD",hpdelmonte.lab@hi-precision.com.ph,hpdelmonte.lab@hi-precision.com.ph,,2,0,2,,,PASSED,Excellent,SDTLPT-24-0130697,E
14,13-XXXX-XX-XXXX-X,13,HI-PRECISION DIAGNOSTICS - MARIKINA,"2ND FLOOR AVISHA CENTER, MAYOR GIL FERNANDO AVE. COR. MT. VERNON ST. STA. ELENA, MARIKINA CITY, METRO MANILA",MARIKINA CITY / METRO MANILA,0943-143-5009/ 0917-716-3833,"HERNANDEZ, SIERRA ROMA S.",hpmarikina.lab@hi-precision.com.ph,hpmarikina.lab@hi-precision.com.ph,,1,2,3,,,PASSED,Highly Satisfactory,SDTLPT-24-0130698,HS
14,13-1101-23-PFSS-R,13,HI-PRECISION DIAGNOSTICS - PIONEER,"8006 PIONEER CENTER CORNER UNITED AND BRIXTON STREETS BARANGAY KAPITOLYO, PASIG",PASIG / METRO MANILA,0933-819-3859/ 0917-856-9010,"BAUTISTA-CAPINIG, IRMA GRACE B.",hppioneer.lab@hi-precision.com.ph,hppioneer.lab@hi-precision.com.ph,,1,3,4,,,PASSED,Highly Satisfactory,SDTLPT-24-0130699,HS
14,13-1099-23-PFSS-R,13,HI-PRECISION DIAGNOSTICS PLUS - ORTIGAS,"UNIT G20-23 ORTIGAS TECHNOPOINT ONE, DO•A JULIA VARGAS AVE., PASIG CITY",PASIG / METRO MANILA,0966-338-4499/ 0917-577-1197,"SANTOS, MARIA LOURDES P.",hportigas.lab@hi-precision.com.ph,hportigas.lab@hi-precision.com.ph,,2,5,7,,,PASSED,Acceptable,SDTLPT-24-0130700,A
14,13-1110-23-PFSS-R,13,HI-PRECISION DIAGNOSTICS PLUS - ROCKWELL,"R3-324A POWERPLANT MALL, ROCKWELL CENTER, POBLACION, MAKATI CITY",MAKATI CITY / METRO MANILA,0917-848-1765/ 0920-961-0407,"TAGAYUNA, PEDRITO Y.",hprockwell.lab@hi-precision.com.ph,hprockwell.lab@hi-precision.com.ph,,2,3,5,,,PASSED,Highly Satisfactory,SDTLPT-24-0130701,HS
14,13-1091-23-PFSS-R,13,HI-PRECISION DIAGNOSTICS PLUS - SAN JUAN BRANCH,"UNIT G01, G02 & M01JOSE ABAD SANTOS ST. BRGY. LITTLE BAGUIO, SAN JUAN CITY (IN FRONT OF LITTLE STORE ON THE HILL)",SAN JUAN CITY / METRO MANILA,0917-869-9250/ 0993-135-1863,"CAPINIG, IRMA GRACE B.",hpsanjuan.lab@hi-precision.com.ph,hpsanjuan.lab@hi-precision.com.ph,,1,2,3,,,PASSED,Highly Satisfactory,SDTLPT-24-0130702,HS
14,13-1087-23-PFSS-R,13,HI-PRECISION DIAGNOSTICS PLUS - SM AURA,"364-365 LEVEL 3 SM AURA PREMIER, MCKINLEY PARKWAY, BRGY. FORT BONIFACIO, TAGUIG CITY, METRO MANILA",TAGUIG/MANILA,09177143942/09209610407,"PEDRITO Y. TAGAYUNA, MD",hpaura.lab@hi-precision.com.ph,hpaura.lab@hi-precision.com.ph,,0,0,0,,,PASSED,Excellent,SDTLPT-24-0130703,E
14,13-1089-23-PFSS-R,13,HI-PRECISION DIAGNOSTICS PLUS - THE FORT BRANCH,"3/F COMMERCENTER BLDG., 31ST ST. COR 4TH AVE. BONIFACIO GLOBAL CITY, TAGUIG, METRO MANILA",TAGUIG / METRO MANILA,0917-633-6071/ 0933-825-9504/ 0917-883-7269,"MORIA, FRANCIS G.",hpfort.lab@hi-precision.com.ph,hpfort.lab@hi-precision.com.ph,,0,2,2,,,PASSED,Excellent,SDTLPT-24-0130704,E
14,13-1823-23-PFSS-I,13,HI-PRECISION DIAGNOSTICS PLUS -  ALABANG,"SPACE NOS. 2214 TO 2216 UPPER GROUND FLOOR, FESTIVAL SUPERMALL, FILINVEST CORPORATE, MUNTINLUPA",MUNTINLUPA/MANILA,09338690057/09226970629,"MONNA C. MONTENEGRO, MD",hpalabang.lab@hi-precision.com.ph,hpalabang.lab@hi-precision.com.ph,,3,4,7,,,PASSED,Acceptable,SDTLPT-24-0130705,A
14,13-1083-23-PFSS-R,13,HI-PRECISION DIAGNOSTICS PLUS - AYALA,"UNIT 3 GF SHOPS AT AYALA NORTH EXCHANGE, BPO TOWER AYALA AVE. COR SALCEDO ST., SAN LORENZO, MAKATI",MAKATI/MANILA,09176374849/09178837269,"FRANCIS G. MORIA, MD",hpayala.lab@hi-precision.com.ph,hpayala.lab@hi-precision.com.ph,,2,4,6,,,PASSED,Acceptable,SDTLPT-24-0130706,A
14,13-1095-23-PFSS-R,13,HI-PRECISION DIAGNOSTICS PLUS - BF HOMES,"64 AGUIRRE AVENUE, PARA•AQUE CITY, METRO MANILA",PARA•AQUE/MANILA,09338231118/09178337726,"PAULO ANTONIO E. CLEMENTE, MD",hpbfhomes.lab@hi-precision.com.ph,hpbfhomes.lab@hi-precision.com.ph,,2,3,5,,,PASSED,Highly Satisfactory,SDTLPT-24-0130707,HS
14,13-1079-23-PFSS-R,13,HI-PRECISION DIAGNOSTICS PLUS INC. -  KATIPUNAN BRANCH,"LG/F, THE ARTON STRIP, KATIPUNAN AVE., COR. HIGHLAND DRIVE, BLUERIDGE A, QUEZON CITY",QUEZON CITY/MANILA,09177113512/09431280187,"MARIA LOURDES P. SANTOS, MD",hpkatipunan.lab@hi-precision.com.ph,hpkatipunan.lab@hi-precision.com.ph,,0,0,0,,,PASSED,Excellent,SDTLPT-24-0130708,E
14,13-1088-23-PFSS-R,13,HI-PRECISION DIAGNOSTICS PLUS -  MANDALUYONG,"11, NORKIS BLDG. CALBAYOG ST. COR DM GUEVARRA, HIGHWAY HILLS, MANDALUYONG CITY",MANDALUYONG CITY / METRO MANILA,0917-832-7313,"BAUTISTA-CAPINIG, IRMA GRACE B.",hpmandaluyong.lab@hi-precision.com.ph,hpmandaluyong.lab@hi-precision.com.ph,,1,1,2,,,PASSED,Excellent,SDTLPT-24-0130709,E
14,13-0081-23-PFSS-R,13,HI-PRECISION DIAGNOSTICS PLUS -  ROBINSON MAGNOLIA,"UNIT 01136, UG ROBINSONS MAGNOLIA, AURORA BLVD., COR. DO•A HEMADY & N. DOMINGO ST. NEW MANILA, QUEZON CITY",QUEZON CITY / METRO MANILA,0917-633-7440/ 0939-915-5120/ 0920-961-0407,"TAGAYUNA, PEDRITO Y.",hpmagnolia.lab@hi-precision.com.ph,hpmagnolia.lab@hi-precision.com.ph,,3,5,8,,,PASSED,Acceptable,SDTLPT-24-0130710,A
14,13-1090-23-PIBS-R,13,HI-PRECISION DIAGNOSTICS PLUS -VERTIS NORTH,"LEVEL 3 R3-L3 - 034 AYALA MALLS VERTIS NORTH, PHASE 1&2, BRGY. PAG ASA, QUEZON CITY",QUEZON CITY / METRO MANILA,0917-707-1955/ 0920-973-9859,"RIBO, MARICEL R.",hpvertis.lab@hi-precision.com.ph,hpvertis.lab@hi-precision.com.ph,,0,3,3,,,PASSED,Highly Satisfactory,SDTLPT-24-0130711,HS
14,13-1904-23-PFSS-I,13,HI-PRECISION DIAGNOSTICS - ZABARTE,"LOWER GROUND, KAI MALL, ZABARTE, CORNER CAMARIN ROAD, BARANGAY 174, CALOOCAN CITY, METRO MANILA",CALOOCAN CITY / METRO MANILA,0917-869-8409/ 0917-856-9010,"BAUTISTA-CAPINIG, IRMA GRACE B.",hpzabarte.lab@hi-precision.com.ph,hpzabarte.lab@hi-precision.com.ph,,2,0,2,,,PASSED,Excellent,SDTLPT-24-0130712,E
14,13-0082-23-PFSS-R,13,"HI-PRECISION DIAGNOSTICS, INC. - STO. DOMINGO","722 N.S. AMORANTO SR. AVE. BRGY. STO. DOMINGO, QUEZON CITY, METRO MANILA",QUEZON CITY / METRO MANILA,0956-921-5604/ 0947-890-7925,"YA•EZ, SOCORRO C.",hpretiro.lab@hi-precision.com.ph,hpretiro.lab@hi-precision.com.ph,,1,5,6,,,PASSED,Acceptable,SDTLPT-24-0130713,A
14,13-0733-23-PIBS-R,13,HMC INC. - MANDALUYONG,"5TH LEVEL, WELLNESS ZONE, SHANGRI-LA PLAZA MALL, EDSA COR. SHAW BLVD., WACK WACK, MANDALUYONG CITY",MANDALUYONG/MANILA,9955585815,"MA. THERESA A. BARZAGA, MD",ianpaulo.petrasanta@healthway.com.ph,ianpaulo.petrasanta@healthway.com.ph,,2,0,2,,,PASSED,Excellent,SDTLPT-24-0130714,E
14,13-0731-23-PIBS-R,13,HMC INC. - TAGUIG,"4TH FLOOR MARKET MARKET, BONIFACIO GLOBAL CITY, TAGUIG",TAGUIG/MANILA,9171573930,"MA. THERESA A. BARZAGA, MD",mm.lab@healthway.com.ph,mm.lab@healthway.com.ph,,4,2,6,,,PASSED,Acceptable,SDTLPT-24-0130715,A
14,13-1281-23-PIBS-R,13,"HMC, INC. - MAKATI CITY","4TH LEVEL, GREENBELT 5, AYALA CENTER, SAN LOREZO, MAKATI CITY, METRO MANILA",METRO MANILA,9178746054,"MA. THERESA A. BARZAGA, MD",gb.lab@healthway.com.ph,gb.lab@healthway.com.ph,,2,2,4,,,PASSED,Highly Satisfactory,SDTLPT-24-0130716,HS
14,13-0726-23-PIBS-R,13,HMC INC. - MUNTINLUPA CITY,"L-2 PIXIE FOREST ENTRANCE, FESTIVAL SUPERMALL, FILINVEST, ALABANG, MUNTINLUPA CITY",MUNTINLUPA/MANILA,9603916869,"MA. THERESA A. BARZAGA, MD",fm.lab@healthway.com.ph,fm.lab@healthway.com.ph,,1,1,2,,,PASSED,Excellent,SDTLPT-24-0130717,E
14,13-0179-20-PIBS-R,13,HMC INC. - ALABANG TOWN CENTER,"2F ALABANG TOWN CENTER, ALABANG ZAPOTE RD., ALABANG, MUNTINLUPA CITY",MUNTINLUPA/MANILA,9166660051,"MA. THERESA A. BARZAGA, MD",atc.lab@healthway.com.ph,atc.lab@healthway.com.ph,,1,0,1,,,PASSED,Excellent,SDTLPT-24-0130718,E
14,13-1305-23-PIBS-R,13,"HMC, INC. - MANILA","G/F 8 ADRIATICO TOWER PADRE FAURA ST., COR. J. BOCOBO ST., ERMITA, MANILA",METRO MANILA,9178479722,"MA. THERESA A. BARZAGA, MD",rm.lab@healthway.com.ph,rm.lab@healthway.com.ph,,1,1,2,,,PASSED,Excellent,SDTLPT-24-0130719,E
14,13-0730-23-PIBS-R,13,HMC INC. - SM NORTH EDSA ,"5F, THE BLOCK, SM CITY NORTH EDSA, QUEZON CITY",QUEZON CITY/MANILA,9178078380,"ARTURO JR. C. LOPEZ, MD",sm.lab@healthway.com.ph,sm.lab@healthway.com.ph,,2,0,2,,,PASSED,Excellent,SDTLPT-24-0130720,E
14,13-0059-24-PIBS-R,13,"HMICARE, INC - MAKATI","1152 CHINO ROCES AVENUE, BRGY. SAN ANTONIO VILLAGE, MAKATI; HMI CORPORATE CENTER",MAKATI CITY,0917-7677-559/ 0917-116-7013,"USMAN, ALMUHIMIN M.",raymondreyes07p@gmail.com,raymondreyes07p@gmail.com,,0,5,5,,,PASSED,Highly Satisfactory,SDTLPT-24-0130721,HS
14,13-XXXX-XX-XXXX-X,13,HOLY NAME OF JESUS MULTI-SPECIALIST AND DIAGNOSTIC CLINIC,"2ND FLOOR UNIT 21-23, ETON CENTRIS MALL EDSA COR QUEZON AVENUE, PINYAHAN, QUEZON CITY",PINYAHAN / QUEZON CITY,0977-785-3949,"BAUSA, OLGA M.",drugtest@hnj2001.com,drugtest@hnj2001.com,,0,5,5,,,PASSED,Highly Satisfactory,SDTLPT-24-0130722,HS
14,13-1370-24-PIBS-R,13,HOPE LOVE FAITH MEDICAL CLINIC AND LABORATORY INC.,"35-C WILLIAM BUILDING QUEZON AVENUE, BARANGAY LOURDES, QUEZON CITY",BARANGAY LOURDES / QUEZON CITY,0905-526-6004/ 8749-9589,"MUNAR, VENERACION P.",hlf_laboratory@yahoo.com,hlf_laboratory@yahoo.com,,2,3,5,,,PASSED,Highly Satisfactory,SDTLPT-24-0130723,HS
14,13-0625-24-PIBS-R,13,IMS WELLTH CARE- MUNTINLUPA,"NO. 49 NATIONAL RD. PUTUTAN CITY, MUNTINLUPA",CITY / MUNTINLUPA,0969-525-7163/ 88611598/ 88624969,"DAMIAN, KAREN B.",imswellthcare@gmail.com,imswellthcare@gmail.com,,1,5,6,,,PASSED,Acceptable,SDTLPT-24-0130724,A
14,13-XXXX-XX-XXXX-X,13,INB DRUGTESTING CENTER,"RM. 304 3RD FLOOR, ARRHELYN BLDG. MAYSAN ROAD, MALINTA, VALENZUELA CITY",VALENZUELA/MANILA,0917-511-0522/ 8 952 0512,"EXALTACION A. CARINGAL, MD",isidrosalvaterra@gmail.com,isidrosalvaterra@gmail.com,,0,2,2,,,PASSED,Excellent,SDTLPT-24-0130725,E
14,13-0564-24-PIBS-R,13,INTEGRITY DIAGNOSTIC CENTER,"#6 12TH AVENUE, BRGY. SOCORRO, CUBAO, QUEZON CITY",QUEZON CITY,0995-571-0851,GABRIEL J. CRUZ,integrity_lab@yahoo.com,integrity_lab@yahoo.com,,0,5,5,,,PASSED,Highly Satisfactory,SDTLPT-24-0130726,HS
14,13-0740-23-PIBS-R,13,"INTER INDUSTRIAL PHYSICIAN MEDICAL SERVICES,INC. ","NUESTRA SE•ORA DELA PAZ ST. SAN ANTONIO VALLEY 1 SUCAT, PARA•AQUE CITY, METRO MANILA",PARA•AQUE CITY/MANILA,09178321401/8546-2355,"EDNA MAY L. GO, MD",iipmsi_main@yahoo.com,iipmsi_main@yahoo.com,,2,2,4,,,PASSED,Highly Satisfactory,SDTLPT-24-0130727,HS
14,13-0741-23-PIBS-R,13,INTERNATIONAL HEALTH SCREENING CORPORATION,"4TH FLOOR ALOHA BLDG., MADRE IGNACIA ST., MALATE MANILA",METRO MANILA,7496607,"EXALTACION A. CARINGAL, MD",admin@ihscphilippines.com,admin@ihscphilippines.com,,2,2,4,,,PASSED,Highly Satisfactory,SDTLPT-24-0130728,HS
14,13-0742-23-PFSS-R,13,"JAGB DRUG TESTING CENTER, INC.","UNIT 118, LEVEL 3, ROBINSONS, NOVALICHES, QUIRINO HI-WAY, BRGY. PASONG PUTIK, NOVALICHES, QUEZON CITY",NOVALICHES/MANILA,09171230325/83727776,"VICTORY J. SASTRE, MD",jagb.dtc@yahoo.com,jagb.dtc@yahoo.com,,2,1,3,,,PASSED,Highly Satisfactory,SDTLPT-24-0130729,HS
14,13-XXXX-XX-XXXX-X,13,JAR MEDICAL NETWORKERS AND MOBILE DIAGNOSTIC SERVICES,"UNIT 207  2ND FLR. RESIDENCIALE  BLDG., KALAYAAN AVE. CENTRAL, QUEZON CITY, METRO MANILA",QUEZON CITY/MANILA,0953-354-2688/ 0945-7548-085,"LUIS RAMON V. RODRIGUEZ, MD",jarmed.manila1@gmail.com,jarmed.manila1@gmail.com,,1,0,1,,,PASSED,Excellent,SDTLPT-24-0130730,E
14,13-0744-23-PIBS-R,13,JED DIAGNOSTIC CENTER,"3RD FLR. GODINO BLDG. 350 ARROCEROS ST. ERMITA, MANILA",METRO MANILA,0917-505-5743/ 02-85225086,"EDITH S. TRIA, MD",jeddiagnostic_center@yahoo.com,jeddiagnostic_center@yahoo.com,,2,3,5,,,PASSED,Highly Satisfactory,SDTLPT-24-0130731,HS
14,13-0587-23-PIBS-R,13,JED'S CLINICAL LABORATORY,"BLOCK 1 LOT 3 ST., FRANCIS STREET MRT AVE. PUROK 14 ZONE 38. BRGY. CENTRAL SIGNAL VILLAGE, TAGUIG CITY",TAGUIG CITY / METRO MANILA,0928-666-3023/ 0909-778-9027,"TAGAYUNA, PEDRITO Y.",jedsclinlab@gmail.com,jedsclinlab@gmail.com,,2,2,4,,,PASSED,Highly Satisfactory,SDTLPT-24-0130732,HS
14,13--0772-24-PFSS-R,13,JESUS CARESS DIAGNOSTIC LABORATORY ,2ND FLOOR ALSAN BUILDING KM17 MC ARTHUR HIWAY VALENZUELA METRO MANILA,METRO / MANILA,9294379679,"LLANERA, FREDERICK R.",jesuscares2k19@yahoo.com ,jesuscares2k19@yahoo.com ,,2,2,4,,,PASSED,Highly Satisfactory,SDTLPT-24-0130733,HS
14,13-0775-24-PIBS-R,13,JL QUALITY CLINICAL LABORATORY CO.,"95-B EDSA GUADALUPE NUEVO, MAKATI CITY, METRO MANILA (NEAR PHOENIX GAS STATION)",MAKATI CITY,0975-143-7947,"CARINGAL, EXALTACION A.",jlqualitylaboratory@gmail.com,jlqualitylaboratory@gmail.com,,4,2,6,,,PASSED,Acceptable,SDTLPT-24-0130734,A
14,13-0065-24-PIFS-R,13,JOSE L. GUTIERREZ CLINIC CO.,"3RD FLOOR UNITS 4, 5, AND 6 2507, UNIVERSITY MALL, TAFT AVENUE, MALATE, MANILA",MALATE / MANILA,0919-806-2641/ 0917-123-8741,"PADUA, ROBERTO JR. D.",medtech@jlgclinic.com,medtech@jlgclinic.com,,4,1,5,,,PASSED,Highly Satisfactory,SDTLPT-24-0130735,HS
14,13-1270-23-PIBS-R,13,K LINE CLINIC,"8/F OCEAN BREEZE BLDG., CORAL WAY DRIVE, CENTRAL BUSINESS PARK 1, ISLANDA, PASAY CITY",PASAY/MANILA,9155882811,"DEXTER A. LEDESMA, MD",leizelsalmamon@gmail.com,leizelsalmamon@gmail.com,,3,2,5,,,PASSED,Highly Satisfactory,SDTLPT-24-0130736,HS
14,13-0775-24-PIBS-R,13,KAIROS HEALTH MEDICAL DIAGNOSTICS,"1123-25 ORIENTAL HANDICRAFT BDLG., A. MABINI ST., ERMITA, MANILA",ERMITA / MANILA,0935-424-8589,"MANAOIS, HERBERT Z.",kairosermita.lab@gmail.com,kairosermita.lab@gmail.com,,3,2,5,,,PASSED,Highly Satisfactory,SDTLPT-24-0130737,HS
14,13-0781-23-PIBS-R,13,"KAISER MEDICAL CENTER, INC. ","UNIT 143-145 GF, TOWER 5,  NORTH TOWERS, BRGY. BAGONG PAG-ASA, QUEZON CITY",QUEZON CITY/MANILA,9173186288,"RODRIGO C. RODRIGO, MD",smnorthedsa.lab@kaisermedcenter.com,smnorthedsa.lab@kaisermedcenter.com,,4,3,7,,,PASSED,Acceptable,SDTLPT-24-0130738,A
14,13-0067-24-PIBS-R,13,"KAISER MEDICAL CENTER, INC. ROBINSON GALLERIA","UNIT 01487, 2ND FLOOR ROBINSONS GALLERIA EDSA COR. ORTIGAS, QUEZON CITY",QUEZON CITY,0917-183-5788/0916-608-5434,VICTORIA T. VITO-LONTOC,robgalleria.patientcare@kaisermedcenter.com,robgalleria.patientcare@kaisermedcenter.com,,2,2,4,,,PASSED,Highly Satisfactory,SDTLPT-24-0130739,HS
14,13-0777-24-PFSS-R,13,KERALTY CLINIC GATEWAY,"LEVEL 2, GATEWAY MALL, GATEWAY TOWER, GEN. AGUINALDO AVENUE, QUEZON CITY, METRO MANILA",QUEZON CITY / METRO MANILA,0920-962-1390,"ZEPEDA, MONINA MAE A.",kirk.soriano@keralty.com.ph,kirk.soriano@keralty.com.ph,,2,4,6,,,PASSED,Acceptable,SDTLPT-24-0130740,A
14,13-0780-23-PFSS-R,13,KERALTY CLINIC-FESTIVAL MALL ALABANG,UG FESTIVAL MALL ALABANG MUNTINLUPA CITY,MUNTINLUPA/MANILA,9086988286,"FERDINAND B. GALANG, MD",laboratory.festival@keralty.com.ph,laboratory.festival@keralty.com.ph,,0,5,5,,,PASSED,Highly Satisfactory,SDTLPT-24-0130741,HS
14,13-0110-22-PIBS-R,13,KEYHEALTH DIAGNOSTIC LABORATORY ,"UNIT 102/104, COLUMBIAN BLDG, 160 WEST AVENUE., QUEZON CITY",QUEZON CITY/MANILA,09102550573/7002-7352,"OLGA M. BAUSA, MD",keyhealthlab@gmail.com,keyhealthlab@gmail.com,,1,1,2,,,PASSED,Excellent,SDTLPT-24-0130742,E
14,13-0779-24-PIBS-R,13,KSC FAMILY CLINIC,"LEVEL 2 JEEPNEY MARKET, LOT 663-C, MCARTHUR HI-WAY, COR. A PABLO ST., VALENZUELA, METRO MANILA",VALENZUELA,0917-311-8326/0916-608-5434,MA. VICTORIA V. LONTOC,kscfamilyclinic@gmail.com,kscfamilyclinic@gmail.com,,2,2,4,,,PASSED,Highly Satisfactory,SDTLPT-24-0130743,HS
14,13-0787-24-PIBS-R,13,"L-R MEDICAL & X-RAY CLINIC, INC.","2113 VOLTA ST., BRGY. SAN ISIDRO, MAKATI CITY, METRO MANILA",MAKATI CITY / METRO MANILA,0998-969-8926,"NEMIS, CORA S.",paulacalma28@yahoo.com,paulacalma28@yahoo.com,,2,1,3,,,PASSED,Highly Satisfactory,SDTLPT-24-0130744,HS
14,13-0380-23-PFSS-R,13,L.E.R. ST. PAUL DRUG TESTING AND MEDICAL SERVICES,"10322 PINALAD ROAD CENT. 2-A NAGPAYONG PINAGBUHATAN, PASIG CITY",PASIG CITY/MANILA,0968-6987-360," FREDERICK R. LLANERA, MD",l.e.rmedics@gmail.com,l.e.rmedics@gmail.com,,2,0,2,,,PASSED,Excellent,SDTLPT-24-0130745,E
14,13-0092-23-PIBS-R,13,"LA SANTE MEDICAL AND DIAGNOSTIC CENTER, INC.","UNIT 103-104 AUSSIE TOWER, 1418 MH DEL PILAR ST. ERMITA, MANILA",ERMITA / MANILA,0960-484-6980,"CARINGAL, EXALTACION A.",lasantemedicalclinic@gmail.com,lasantemedicalclinic@gmail.com,,0,5,5,,,PASSED,Highly Satisfactory,SDTLPT-24-0130746,HS
14,13-1842-24-PIBS-R,13,LABNET DIAGNOSTIC AND MEDICAL CLINIC AND WATER TESTING LAB. INC.,"2F RESIDENCIALE BOUTIQUE APARTMENT, #132 KALAYAAN AVENUE, QUEZON CITY",QUEZON CITY,0923-429-6337,VENERACION PACIS MUNAR,labnetdiagnostic@gmail.com,labnetdiagnostic@gmail.com,,0,4,4,,,PASSED,Highly Satisfactory,SDTLPT-24-0130747,HS
14,13-XXXX-XX-XXXX-X,13,LABORATORY OF COMPUTER MEDICINE PHILIPPINES INC.,"GROUND FLOOR UNIT F., MAKATI CURB BLDG., 7433 YAKAL ST., SAN ANTONIO VILLAGE, MAKATI CITY",MAKATI/MANILA,88446828,"MARIE MICHELLE Y. SO, MD",Lcmdiagnostics@yahoo.com.ph,Lcmdiagnostics@yahoo.com.ph,,1,0,1,,,PASSED,Excellent,SDTLPT-24-0130748,E
14,13-XXXX-XX-XXXX-X,13,LABTALK DIAGNOSTICS CORP.,"GROUND FLOOR MEDICAL ARTS BUILDING, PBM COMPOUND, 22 EAST AVENUE, QUEZON CITY",QUEZON CITY,0917-471-6797/ 0932-889-9224,JESSICA NICOLE  C. SABIDO,labtalkdiagnosticscorp@yahoo.com,labtalkdiagnosticscorp@yahoo.com,,1,1,2,,,PASSED,Excellent,SDTLPT-24-0130749,E
14,13-0766-23-PIBS-R,13,LAKAMBINI DIAGNOSTIC CENTER CORPORATION,"#1991 UNIT E & F, WARDLEY BLDG., PASAY CITY, METRO MANILA",PASAY/MANILA,9178089963,"GRIG D. MISIONA, MD",lakambinidiagnosticcenter@yahoo.com,lakambinidiagnosticcenter@yahoo.com,,2,0,2,,,PASSED,Excellent,SDTLPT-24-0130750,E
14,13-1679-24-GIBS-I,13,LAS PINAS GENERAL HOSPITAL AND SATELLITE TRAUMA CENTER DRUG TESTING LABORATORY,"LAS PINAS GENERAL HOSPITAL AND SATELLITE TRAUMA CENTER LABORATORY DIVISION DRUG TESTING LABORATORY, BERNABE COMPOUND, PULANG LUPA",LAS PINAS CITY / METRO MANILA,0917-848-0028,"GO, EDNA MAY L.",lpghdrugtesting@gmail.com,lpghdrugtesting@gmail.com,,0,5,5,,,PASSED,Highly Satisfactory,SDTLPT-24-0130751,HS
14,13-XXXX-XX-XXXX-X,13,LDC DIAGNOSTICS,"UNIT 123 DISCOVERY BUILDING, PASIG CITY, METRO MANILA",PASIG CITY/MANILA,0917-717-0626/ 0977-815-2378/ (02) 7004-68-91,"HERBERT Z. MANAOIS, MD",ldcdiagnostics.pasidlab@gmail.com,ldcdiagnostics.pasidlab@gmail.com,,2,0,2,,,PASSED,Excellent,SDTLPT-24-0130752,E
14,13-0765-23-PFSS-R,13,LEANN-DREW DRUGTESTING AND DIAGNOSTIC CENTER,"1503 B TAYUMAN ST., BRGY 353, STA CRUZ MANILA",METRO MANILA,0928-779-9997 /,"ALBERT M. ALEGRE, MD",leandrewdrugtestingcenter@gmail.com,leandrewdrugtestingcenter@gmail.com,,0,0,0,,,PASSED,Excellent,SDTLPT-24-0130753,E
14,13-XXXX-XX-XXXX-X,13,"LLN MEDICAL SERVICES, INC.","#1627 AGONCILLO TOWNHOMES II, AGONCILLO ST., MALATE, MANILA",MALATE,0922-356-6352/0917-840-9972,RHODERICK M. CRUZ,llnmedical95@gmail.com,llnmedical95@gmail.com,,2,1,3,,,PASSED,Highly Satisfactory,SDTLPT-24-0130754,HS
14,13-0640-24-PIBS-R,13,MAEZELLE PSYCHO METIER AND DIAGNOSTIC CENTER,"#102 2F METROLANE COMPLEX P. TUAZON BLVD., COR. 20TH AVE. BRGY. TAGUMPAY PROJ. 4, QUEZON CITY.",QUEZON CITY,0969-223-2845/ 0977-628-4600,"BAUSA, OLGA M.",cubaompmdc@yahoo.com,cubaompmdc@yahoo.com,,4,2,6,,,PASSED,Acceptable,SDTLPT-24-0130755,A
14,13-1659-23-PIBS-R,13,MAGNIFICAT DIAGNOSTIC INC.,"UNIT 2A F RESIDENCES, 217 MALINAO ST. CORNER SIERRA MADRE ST. BRGY. HIGHWAY HILLS, MANDALUYONG",MANDALUYONG,0906-408-8534/ 0998-457-0097,JINALYN T. NOH,magnificatdiagnostic@gmail.com,magnificatdiagnostic@gmail.com,,2,3,5,,,PASSED,Highly Satisfactory,SDTLPT-24-0130756,HS
14,13-0761-23-PFSS-R,13,MAHOGANY DRUG TESTING CENTER,"KM 29 NATIONAL ROAD, TUNASAN, MUNTINLUPA CITY, MANILA",MUNTINLUPA/MANILA,9297567438,"JAIME A. BARRON, MD",mahogany8b_dt@yahoo.com,mahogany8b_dt@yahoo.com,,2,0,2,,,PASSED,Excellent,SDTLPT-24-0130757,E
14,13-0074-24-GIBS-R,13,MAKATI DISTRICT HEALTH LABORATORY,"7TH FLR BLDG. 1, J.P RIZAL ST, POBLACION, MAKATI CITY, METRO MANILA",MAKATI CITY / METRO MANILA,0956-759-7036,"COLOMA, JOHN A.",screeninglab@makati.gov.ph,screeninglab@makati.gov.ph,,4,4,8,,,PASSED,Acceptable,SDTLPT-24-0130758,A
14,13-0407-23-PIBS-R,13,MAKATI MEDICAL CENTER DRUG TESTING UNIT,"#2 AMORSOLO ST., LEGASPI, VILLAGE SAN LORENZO, MAKATI CITY",MAKATI/MANILA,0923-956-5786/ 0917-528-5266,"NEILA D. CEJUDO, MD",Judy.Padilla@makatimed.net.ph,Judy.Padilla@makatimed.net.ph,,1,1,2,,,PASSED,Excellent,SDTLPT-24-0130759,E
14,13-0076-24-GFSS-R,13,MALABON ANTI-DRUG ABUSE CENTER,"2/F DHO BLDG. PBM COMPOUND. DAGAT DAGATAN AVENUE, LONGOS, MALABON, METRO MANILA",MALABON / METRO MANILA,0977-654-9924,"SUTIANGSO, REMEDIOS A.",malaboncitynadac@gmail.com,malaboncitynadac@gmail.com,,1,2,3,,,PASSED,Highly Satisfactory,SDTLPT-24-0130760,HS
14,13-0408-23-PIBS-R,13,MANILA DOCTORS HOSPITAL DRUGTESTING LABORATORY,"#667 UNITED NATIONS AVENUE, ERMITA, MANILA",METRO MANILA,0927-852-9847/ 0920-902-4357,"MARIA CECILIA F. LIM, MD",admacanlay@maniladoctors.com.ph,admacanlay@maniladoctors.com.ph,,4,0,4,,,PASSED,Highly Satisfactory,SDTLPT-24-0130761,HS
14,13-0077-24-PFSS-R,13,MANILA HEALTH DEPARTMENT-PUBLIC HEALTH LABORATORY,"1559 ALVAREZ ST., BRGY. 334 STA. CRUZ, MANILA, METRO MANILA",MANILA / METRO MANILA,0917-757-1197,"SANTOS, MARIA LOURDES P.",manilalab_phl@yahoo.com,manilalab_phl@yahoo.com,,1,2,3,,,PASSED,Highly Satisfactory,SDTLPT-24-0130762,HS
14,13-0748-23-GIBS-R,13,MARIKINA CITY DRUG TESTING LABORATORY ,MARIKINA HEALTHY CITY CENTRE BLG. G/F SHOE AVENUE STO.NI•O MARIKINA CITY,MARIKINA / CITY,0927-678-3919/ 0920-981-6447,"SAMONTE, ROSALIE SABINA MICHIKO S.",ronicanavarro@gmail.com,ronicanavarro@gmail.com,,3,5,8,,,PASSED,Acceptable,SDTLPT-24-0130763,A
14,13-0081-24-PIBS-R,13,"MARIKINA DOCTORS HOSPITAL AND MEDICAL CENTER, INC","#10 EVANGELISTA ST., SANTOLAN, PASIG CIITY, METRO MANILA",PASIG CIITY / METRO MANILA,0945-485-5300,"SANCHEZ, FRANCES S.",mdhmclaboratory@mardocs.com.ph,mdhmclaboratory@mardocs.com.ph,,2,2,4,,,PASSED,Highly Satisfactory,SDTLPT-24-0130764,HS
14,13-0082-24-PIBS-R,13,MARIKINA MEDICAL DOCTORS CLINIC AND LABORATORY,"2ND FLOOR BLUEWAVE MARQUINTON SUMULONG HIGHWAY, MARIKINA CITY",MARIKINA / MARIKINA CITY,0966-914-8885,"LEDESMA, DEXTER A.",marmedinternal@yahoo.com,marmedinternal@yahoo.com,,0,1,1,,,PASSED,Excellent,SDTLPT-24-0130765,E
14,13-1113-23-PIBS-R,13,"MARIKINA MULTISPECIALTY HEALTHCARE SERVICES, INC.","#865 JOCEVIL BUILDING J.P. RIZAL STREET, CONCEPCION UNO, MARIKINA CITY",MARIKINA/MANILA,0917-145-2052/ 0922-864-8115,"MA. LOURDES A. TILBE, MD",marikinamultispecialtylab2020@gmail.com,marikinamultispecialtylab2020@gmail.com,,0,0,0,,,PASSED,Excellent,SDTLPT-24-0130766,E
14,13-0736-23-PIBS-R,13,"MARITIME CLINIC FOR INTERNATIONAL SEAFARERS, INC.","7TH FLOOR INTRAMUROS CORPORATE PLAZA BLDG., RECOLETOS ST. INTRAMUROS, MANILA CITY",METRO MANILA,0969-225-3375,"ANDRES S. BONIFACIO, MD",maritimeclinic.ph@gmail.com,maritimeclinic.ph@gmail.com,,2,0,2,,,PASSED,Excellent,SDTLPT-24-0130767,E
14,13-0084-24-PIBS-R,13,"MARITIME MEDICAL & LABORATORY CLINIC, INC.","2ND FLOOR PARAGON TOWER 531 A. FLORES ST., ERMITA, MANILA",ERMITA / MANILA,0915-155-1159,"LEDESMA, DEXTER A.",mmlcilabdoh@gmail.com,mmlcilabdoh@gmail.com,,0,3,3,,,PASSED,Highly Satisfactory,SDTLPT-24-0130768,HS
14,13-0389-23-PIBC-R,13,MAYON CLINICAL LABORATORY AND MEDICAL SERVICES,"857 LOT 3 MAYON ST. NS AMORANTO, QUEZON CITY, METRO MANILA",QUEZON CITY/MANILA,0906-203-3079/ 8708-3520,"VENERACION P. MUNAR, MD",mayonlab18@gmail.com,mayonlab18@gmail.com,,4,2,6,,,PASSED,Acceptable,SDTLPT-24-0130769,A
14,13-0390-23-PIBS-R,13,MAYON CLINICAL LABORATORY AND MEDICAL SERVICES,"UNIT 105 G/F M PLACE @ SOUTH TRIANGLE, 116 PANAY AVENUE,  SOUTH TRIANGLE, QUEZON CITY, METRO MANILA",QUEZON CITY/MANILA,0906-203-3079/ 8283-6959,"MARILYN C. BARZA, MD",mayonmplace@gmail.com,mayonmplace@gmail.com,,4,2,6,,,PASSED,Acceptable,SDTLPT-24-0130770,A
14,13-0554-24-PFSS-R,13,"MC LAB HEALTH CARE SOLUTIONS, INC.","UPPER GROUND FLOOR WORLDWIDE CORPORATE CENTER, SHAW BLVD. HIGHWAY HILLS, MANDALUYONG CITY",MANDALUYONG CITY / METRO MANILA,0917-325-2457/ 0929-946-9906,"MUNAR, VENERACION P.",mclab2017@gmail.com,mclab2017@gmail.com,,2,1,3,,,PASSED,Highly Satisfactory,SDTLPT-24-0130771,HS
14,13-0792-24-PIBS-R,13,MCSA MEDICAL AND DIAGNOSTIC CLINIC,"1020 ST., JUDE BLDG. GENERAL MALVAR COR. MODESTO, MALATE MANILA",MALATE MANILA,0960-279-1216/ 0917-885-2062,"QUIAOIT, SUSANA P.",mcsa2022.management@gmail.com,mcsa2022.management@gmail.com,,2,1,3,,,PASSED,Highly Satisfactory,SDTLPT-24-0130772,HS
14,13-0734-23-PIBS-R,13,"MCU-FDT MEDICAL FOUNDATION, INC. ","MCU HOSPITAL COMPOUND. MORNING BREEZE SUBDIVISION, BRGY. 84, CALOOCAN CITY, CITY OF MANILA",CALOOCAN/MANILA,09171051019/83633084,"ESTELA MARIE C. TANCHOCO, MD",lab_mcuhospital@yahoo.com,lab_mcuhospital@yahoo.com,,0,0,0,,,PASSED,Excellent,SDTLPT-24-0130773,E
14,13-0667-24-PFSS-R,13,MD CLINICAL LABOATORY ,"RM 205 VICTORIA BLDG. 11TH AVE. GRACE PARK CALOOCAN CITY, METRO MANILA",METRO / METRO MANILA,89315950,"PAGDUNZULAN, FRANK GERALD C.",mymddmlabco@gmail.com,mymddmlabco@gmail.com,,2,3,5,,,PASSED,Highly Satisfactory,SDTLPT-24-0130774,HS
14,13-0795-24-PIBS-R,13,MD PLUS CLINIC AND DIAGNOSTIC CENTER-ALABANG,"2F WESTGATE HUB. COMMERCE AVE. FILINVEST AVE., ALABANG, MUNTINLUPA CITY, METRO MANILA",MUNTINLUPA CITY / METRO MANILA,0917-143-8231,"CARINGAL, EXALTACION A.",laboratoryalabang.mdplusclinics@gmail.com,laboratoryalabang.mdplusclinics@gmail.com,,2,2,4,,,PASSED,Highly Satisfactory,SDTLPT-24-0130775,HS
14,13-0798-24-PFSS-R,13,MDMC DRUG TESTING LABORATORY,"#42 5TH AVENUE, BRGY. SOCORRO CUBAO, QUEZON CITY",BRGY. SOCORRO CUBAO / QUEZON CITY,0956-903-9313,"MESINA, MARIA JOSEFA DL.",murphydiagnosticcenter_mdmc@yahoo.com.ph,murphydiagnosticcenter_mdmc@yahoo.com.ph,,4,3,7,,,PASSED,Acceptable,SDTLPT-24-0130776,A
14,13-0573-24-PIBS-R,13,MED 101 DIAGNOSTIC CENTER CO.,"#74 VILLONGCO ST. BRGY., COMMONWEALTH, QUEZON CITY, MANILA",QUEZON CITY / MANILA,0951-936-8162,"KATAPANG,MELVIN JUDE G.","laboratory,med101@gmail.com","laboratory,med101@gmail.com",,1,1,2,,,PASSED,Excellent,SDTLPT-24-0130777,E
14,13-0800-24-PIBS-R,13,"MED ASIA INDUSTRIAL CLINIC AND DIAGNOSTIC CENTER, INC.","2F ALL NATIONS CARGO BLDG. 606, QUIRINO AVE., PARANAQUE CITY, METRO MANILA",PARANAQUE CITY / METRO MANILA,0917-188-8192/ 0928-682-0086,"ANDRADE, JEANNE I.",medasiaclinic@gmail.com,medasiaclinic@gmail.com,,0,0,0,,,PASSED,Excellent,SDTLPT-24-0130778,E
14,13-0818-24-PIBS-R,13,MED OPTIONS DRUG TESTING LABORATORY,"157 P. DIEGO CERA AVE., DANIEL FAJARDO, LAS PINAS CITY, METRO MANILA",LAS PINAS CITY / METRO MANILA,0917-808-5697/ 0928-682-0086,"ANDRADE, JEANNE I.",medoptions2002@yahoo.com,medoptions2002@yahoo.com,,0,1,1,,,PASSED,Excellent,SDTLPT-24-0130779,E
14,13-1745-23-PIBS-R,13,MED V MEDICAL CLINIC INC.,"UNIT 3-A CORNER COMPLEX BLDG., 12 NEW YORK ST. BGY IMMACULATE CONCEPCION, QUEZON CITY",QUEZON CITY/MANILA,0917-126-8757/ 0917-549-1120,"JANETTE S. TOLENTINO, MD",medvclinic@yahoo.com.ph,medvclinic@yahoo.com.ph,,2,1,3,,,PASSED,Highly Satisfactory,SDTLPT-24-0130780,HS
14,13-0087-24-PFSS-R,13,MEDHEALTH DIAGNOSTIC SERVICES INC. ,"1670 UPPER GROUND FLOOR VICTORIA ONE BLDG. SOUTH TRIANGLE QUEZON AVENUE, QUEZON CITY",QUEZON / QUEZON CITY,09434327505 / 8-7095725 ,"CAJA, JOCELYN MYRA R.",medhealth_lab@yahoo.com,medhealth_lab@yahoo.com,,4,2,6,,,PASSED,Acceptable,SDTLPT-24-0130781,A
14,13-XXXX-XX-XXXX-X,13,MEDHELP CLINIC & DIAGNOSTICS INC. ,"UNIT S2 ARMAL CENTER BLDG .CARUNCHO AVE.MALINAO, PASIG CITY",PASIG,09674726269/ 79036114,HORACIO A. SAGUIL JR,medhelpcd@yahoo.com.ph,medhelpcd@yahoo.com.ph,,1,5,6,,,PASSED,Acceptable,SDTLPT-24-0130782,A
14,13-1971-23-PIBS-I,13,MEDI LINX LABORATORY INC,"2ND FLOOR AVIRE TOWER, 27 P. TUAZON BLVD., COR LAKANDULA, BRGY. PROJECT 4, QUEZON CITY",QUEZON CITY/MANILA,0939-922-7341/ 0917-865-5775,"WARREN WELBY O. KOA, MD",results@medilinx.com.ph,results@medilinx.com.ph,,1,5,6,,,PASSED,Acceptable,SDTLPT-24-0130783,A
14,13-1408-23-PIBS-R,13,"MEDICAL AND DIAGNOSTIC COSMEDERME HUB INC.,","760 A.H. LACSON AVENUE, SAMPALOC, MANILA, METRO MANILA",MANILA / METRO MANILA,0947-831-2685,"VALDES, MARIA ANGELICA B.",medicaldiagnosticcosmederme@gmail.com,medicaldiagnosticcosmederme@gmail.com,,0,1,1,,,PASSED,Excellent,SDTLPT-24-0130784,E
14,13-0088-24-PIBS-R,13,MEDICAL BENEFIT CLEARINGHOUSE INC.,"6/F CITYSTATE CENTRE 709 SHAW BLVD., BRGY. OBANDO, PASIG CITY, METRO MANILA",PASIG CITY / METRO MANILA,0999-377-4982,"TAGAYUNA, PEDRITO Y.",mbcilab2020@gmail.com,mbcilab2020@gmail.com,,2,5,7,,,PASSED,Acceptable,SDTLPT-24-0130785,A
14,13-1375-24-PIBS-R,13,"MEDICAL CENTER OF TAGUIG CITY, INC.","LOT 1B LEVI MARIANO AVE., BRGY. USUSAN, TAGUIG CITY, METRO MANILA",TAGUIG/MANILA,09176384924/09175619927,"ROBERTO JR D. PADUA, MD",dplm.mct2016@gmail.com,dplm.mct2016@gmail.com,,4,0,4,,,PASSED,Highly Satisfactory,SDTLPT-24-0130786,HS
14,13-0803-24-PIBS-R,13,"MEDICAL CENTER PARA•AQUE, INC.","OLD BLDG, LABORATORY DEPT., DR. A. SANTOS AVE, BRGY. SAN ANTONIO, SUCAT RD., PARA•AQUE CITY",PARA•AQUE,0917-825-2945,HUMPREY G. BITUN,mcplaboratory@gmail.com,mcplaboratory@gmail.com,,2,1,3,,,PASSED,Highly Satisfactory,SDTLPT-24-0130787,HS
14,13-0805-24-PFSS-R,13,"MEDICAL DENTAL TESTS CENTER, INC. (MEDTEST)","4TH FLOOR DALLCON II BLDG., 164, AURORA BLVD., SAN JUAN CITY",AURORA BLVD. / SAN JUAN CITY,(7) 744-2639,"MONTEFALCON, PRISCILLA G.",mtmed164aurora@yahoo.com,mtmed164aurora@yahoo.com,,2,0,2,,,PASSED,Excellent,SDTLPT-24-0130788,E
14,13-1374-24-PFSS-R,13,"MEDICAL EXECUTIVE CHECK-UP CENTER, INC. (MEDEX LABORATORIES)","#270 N. DOMINGO ST., BRGY. PASADENA, SAN JUAN CITY, MANILA",SAN JUAN CITY / MANILA,0917-528-4241,"YA•EZ, SOCORRO C.",medexlab@gmail.com,medexlab@gmail.com,,0,1,1,,,PASSED,Excellent,SDTLPT-24-0130789,E
14,13-0578-24-PFSS-R,13,"MEDICAL TRENDS, INC. ","UNIT 2A-D LMN BLDG. DR. A SANTOS AVE., SUCAT PARANAQUE CITY",PARANAQUE / SUCAT PARANAQUE CITY,0922-810-4478,"LIM, FREDERICK G.",medicaltrends_inc@yahoo.com.ph,medicaltrends_inc@yahoo.com.ph,,1,1,2,,,PASSED,Excellent,SDTLPT-24-0130790,E
14,13-0722-23-PIBS-R,13,"MEDICARD PHILIPPINES INC. - GIL PUYAT, MAKATI","#51 PASEO DE ROXAS COR. SEN GIL PUYAT AVENUE, MAKATI CITY",MAKATI/MANILA,0998-963-2538/ (02) 88230379,"ARTURO C. LOPEZ, MD",lnash@medicardphils.com,lnash@medicardphils.com,,1,1,2,,,PASSED,Excellent,SDTLPT-24-0130791,E
14,13-0719-23-PIBS-R,13,MEDICARD PHILIPPINES INC. - ALABANG ,"3L WELLNESS LANE FESTIVAL MALL FILINVEST CORP. ALABANG, MUNTINLUPA CITY, METRO MANILA",MUNTINLUPA/MANILA,0998-849-3117/ 0920-922-7612/(02) 8807-9219,"ARTURO C. LOPEZ, MD",alabang.laboratory@medicardphils.com,alabang.laboratory@medicardphils.com,,4,0,4,,,PASSED,Highly Satisfactory,SDTLPT-24-0130792,HS
14,13-0720-23-PFSS-R,13,MEDICARD PHILIPPINES INC. - ETON CENTRIS,"UNIT D.E.F.G TWO CYBERPOD CENTRIS, ETON CENTRIS, EDSA COR. Q. AVE, QUEZON CITY",QUEZON CITY/MANILA,0917-106-0057/ (02) 89205164,"ARTURO JR. C. LOPEZ, MD",centris.lab@medicardphils.com,centris.lab@medicardphils.com,,2,0,2,,,PASSED,Excellent,SDTLPT-24-0130793,E
14,13-0104-23-PIBS-R,13,MEDICARD PHILIPPINES INC. - ORTIGAS,"UNIT 105 PARC ROYALE CONDOMINIUM J. VARGAS AVE., ORTIGAS CENTER, MANILA",ORTIGAS/MANILA,0908-886-4776/ (02) 88633056,"ARTURO JR. C. LOPEZ, MD",ortigas.lab@medicardphils.com,ortigas.lab@medicardphils.com,,2,0,2,,,PASSED,Excellent,SDTLPT-24-0130794,E
14,13-0103-23-PIBS-R,13,"MEDICARD PHILIPPINES INC. - LEGASPI VILLAGE, MAKATI","GF RAM PLAZA, 145 DELA ROSA COR. ADELANTADO, ST. LEGASPI VILLAGE, MAKATI CITY",MAKATI/MANILA,0915-186-5734/ 0920-922-7612,"ARTURO C. LOPEZ, MD",ramplaza.laboratory@medicardphils.com,ramplaza.laboratory@medicardphils.com,,4,0,4,,,PASSED,Highly Satisfactory,SDTLPT-24-0130795,HS
14,13-0809-24-PFSS-R,13,"MEDICHECK DIAGNOSTIC LABORATORY, INC.","2329 BURGOS ST., BARANGAY 59, PASAY CITY",PASAY/MANILA,9055694013,"KAREN O. BONGAS, MD",medichecklaboratory@gmail.com,medichecklaboratory@gmail.com,,2,0,2,,,PASSED,Excellent,SDTLPT-24-0130796,E
14,13-0717-23-PIBS-R,13,MEDICUS DIAGNOSTIC CENTER- PARA•AQUE BRANCH,"177 DONA SOLEDAD AVENUE BETTERLIVING SUBDIVISION BRGY. DON PARA•AQUE CITY, MANILA",CITY / MANILA,0917-516-5325,"TURINGAN, MARK ANTHONY C.",laboratory@medicusparanaque.com,laboratory@medicusparanaque.com,,3,3,6,,,PASSED,Acceptable,SDTLPT-24-0130797,A
14,13-0093-24-PFSS-R,13,"MEDISENSE LABORATORY CENTER, INC - MANILA","3RD - 5TH FLOOR, BDO KALAW AVENUE BUILDING, KALAW CORNER CHURUCCA STREET, BRGY. 666 ERMITA, MANILA",BRGY. 666 ERMITA / MANILA,0918-683-5035/ 0917-885-2062,"QUIAOIT, SUSANA P.",mslkalaw.lab@gmail.com,mslkalaw.lab@gmail.com,,2,5,7,,,PASSED,Acceptable,SDTLPT-24-0130798,A
14,13-1696-24-PFSS-R,13,"MEDISURE ONLINE, INC.","928 LUNA MENCIAS ST., ADDITION HILLS, MANDALUYONG CITY, METRO MANILA",MANDALUYONG CITY / METRO MANILA,0966-876-9058,"BAUSA, OLGA M.",mso.lab@medisureonline.com,mso.lab@medisureonline.com,,0,2,2,,,PASSED,Excellent,SDTLPT-24-0130799,E
14,13-1376-24-PFSS-R,13,MEDITRUST DIAGNOSTIC MEDICAL CLINIC AND LABORATORY,"2ND FLOOR 109 V.LUNA EXTENSION, SIKATUNA VILLAGE, QUEZON CITY 1101",QUEZON CITY,0968-310-6095/0921-819-6555,JEFFERSON B. MENDOZA,meditrustdiagnosticmedical@gmail.com,meditrustdiagnosticmedical@gmail.com,,1,1,2,,,PASSED,Excellent,SDTLPT-24-0130800,E
14,13-XXXX-XX-XXXX-X,13,"MEDOCARE HEALTH SYSTEMS, INC. ","30 E.U. STATE TOWER, QUEZON AVENUE, BRGY. DONA JOSEFA, QUEZON CITY, METRO MANILA",QUEZON CITY / METRO MANILA,0905-343-2688,"HERNAEZ, GODWIN N.",medocaredtl23@yahoo.com,medocaredtl23@yahoo.com,,3,5,8,,,PASSED,Acceptable,SDTLPT-24-0130801,A
14,13-1378-24-PIBS-R,13,MEDWAY HEALTHCARE INC,"G/F 1636 F. AGONCILLO STREET, MALATE MANILA",MALATE,8536-2042/ 8404-0530/ 09285201872/ 09175359350,MARLENE S. ONTOG,info@medway.com.ph,info@medway.com.ph,,2,5,7,,,PASSED,Acceptable,SDTLPT-24-0130802,A
14,13-1187-24-PIBS-R,13,MEDX DIAGNOSTIC AND DRUG TESTING CENTER,"GE, 2ND AVENUE BAGONG LIPUNAN NG CRAME, QUEZON CITY, SECOND DISTRICT",QUEZON CITY,0917-452-2433,FREDERICK R. LLANERA,medxclinic2019@gmail.com,medxclinic2019@gmail.com,,2,5,7,,,PASSED,Acceptable,SDTLPT-24-0130803,A
14,13-0094-24-PIBS-R,13,MEGASON DIAGNOSTIC CLINIC,"GROUND FLOOR, THE BANYAN PLACE BUILDING, 366 JP. RIZAL STREET, BRGY. TEJEROS, MAKATI CITY",BRGY. TEJEROS / MAKATI CITY,0915-425-7557/ 0917-879-6543,"NOVEROS, NEIL U.",megasontejeros@gmail.com,megasontejeros@gmail.com,,2,2,4,,,PASSED,Highly Satisfactory,SDTLPT-24-0130804,HS
14,13-0711-23-PIBS-R,13,MERITA DIAGNOSTIC CLINIC INC,"6TH FLOOR MERITA, DIAGNOSTIC CLINIC INC, BRGY. 692, JETTAC BUILDING, 920 PRES AQUINO COR. SAN ANTONIO","MALATE, MANILA",0917-152-4541/ 8460-9906,"NOEL C. SANTOS, MD",hr@meritaclinic.ph,hr@meritaclinic.ph,,3,0,3,,,PASSED,Highly Satisfactory,SDTLPT-24-0130805,HS
14,13-XXXX-XX-XXXX-X,13,MICAH MEDICAL CLINIC AND DIAGNOSTIC LABORATORY,"1923 SAN MARCELINO ST., MALATE, MANILA ",MALATE / MANILA,0920-953-8561,"BENITEZ, ROSALINDA COSMAS R.",micahmedicallab@gmail.com,micahmedicallab@gmail.com,,4,3,7,,,PASSED,Acceptable,SDTLPT-24-0130806,A
14,13-0820-24-PIBS-R,13,"MMC MEDICAL AND DIAGNOSTICS CENTER, INC.","4TH FLOOR GHR BLDG., 713 REMEDIOS ST., MALATE, MANILA",MALATE / MANILA,0906-058-8804,"CABUDOY, RONALD D.",mmcmedclinic@gmail.com,mmcmedclinic@gmail.com,,2,2,4,,,PASSED,Highly Satisfactory,SDTLPT-24-0130807,HS
14,13-0543-24-PIBS-R,13,MONTE ZION DIAGNOSTIC AND MEDICAL CENTER CORPORATION,"G/F ICC-MTC BUILDING, #699 TANDANG SORA AVE., MATANDANG BALARA, QUEZON CITY",MATANDANG BALARA / QUEZON CITY,0922-848-2043/ 0917-5094-004,"VALDEZ, ANNE LIZBETH B.",mzlaboratory01@gmail.com,mzlaboratory01@gmail.com,,2,2,4,,,PASSED,Highly Satisfactory,SDTLPT-24-0130808,HS
14,13-0097-24-GIBS-R,13,MUNTINLUPA DRUG TESTING LABORATORY,"GROUND FLOOR OSPITAL NG MUNTINLUPA CIVIC DRIVE, FILINVEST, CORPORATE CITY, ALABANG, MUNTINLUPA CITY",ALABANG / MUNTINLUPA CITY,(8) 831-22-15,"DIZON, FLORENCIO C.",muntinlupadtl@gmail.com,muntinlupadtl@gmail.com,,0,0,0,,,PASSED,Excellent,SDTLPT-24-0130809,E
14,13-0705-23-PFSS-R,13,MY HEALTH CLINIC - VENICE,"2ND LEVEL 108B VENICE GRAND CANAL MALL, UPPER MCKINLEY, BRGY. PINAGSAMA, TAGUIG CITY, METRO MANILA",TAGUIG/MANILA,0917-510-9291,"BU C. CASTRO, MD",myhealthvenice@gmail.com,myhealthvenice@gmail.com,,2,0,2,,,PASSED,Excellent,SDTLPT-24-0130810,E
14,13-0188-20-PIBS-R,13,MY HEALTH CLINIC - SM NORTH,"2/F BLDG., F. SM NORTH EDSA, QUEZON CITY, METRO MANILA",QUEZON CITY/MANILA,0917-510-9250,"BU C. CASTRO, MD",myhealthnorthedsa@gmail.com,myhealthnorthedsa@gmail.com,,0,5,5,,,PASSED,Highly Satisfactory,SDTLPT-24-0130811,HS
14,13-0704-23-PIBS-R,13,MYHEALTH CLINIC - ALABANG,"2073-3 2ND LEVEL, STYLE BOULEVARD, FESTIVAL SUPERMALL, ALABANG, MUNTINLUPA, METRO MANILA",MUNTINLUPA/MANILA,0917-627-3266,"BU C. CASTRO, MD",myhealthclinicalabang@gmail.com,myhealthclinicalabang@gmail.com,,4,1,5,,,PASSED,Highly Satisfactory,SDTLPT-24-0130812,HS
14,13-0707-23-PIBS-R,13,MYHEALTH CLINIC - MANILA,"3RD LEVEL PEDRO GIL WING ROBINSONS PLACE MANILA, BRGY 669, ERMITA, CITY OF MANILA",METRO MANILA,0917-702-4409,"BU C. CASTRO, MD",mhermita.dtl@gmail.com,mhermita.dtl@gmail.com,,1,3,4,,,PASSED,Highly Satisfactory,SDTLPT-24-0130813,HS
14,13-0702-23-PIBS-R,13,MYHEALTH CLINIC - MANDALUYONG CITY,"UNIT 146, SHANGRI-LA PLAZA MALL, EDSA COR. SHAW, WACK WACK GREENHILLS, MANDALUYONG CITY, METRO MANILA",MANDALUYONG/MANILA,0917-510-9322,"BU C. CASTRO, MD",myhealth.shangrila17@gmail.com,myhealth.shangrila17@gmail.com,,2,5,7,,,PASSED,Acceptable,SDTLPT-24-0130814,A
14,13-0135-22-GIBS-R,13,NATIONAL CENTER FOR MENTAL HEALTH,"9 DE PEBRERO ST. BRGY. MAUWAY, MANDALUYONG CITY, METRO MANILA",MANDALUYONG/MANILA,0917-832-0021/ 0918-4788-160,"RICHARDSON M. CARMEN, MD",ncmh18dtl@yahoo.com,ncmh18dtl@yahoo.com,,2,0,2,,,PASSED,Excellent,SDTLPT-24-0130815,E
14,13-0699-23-GIBS-R,13,NATIONAL CHILDREN'S HOSPITAL,"264 E. RODRIGUEZ SR. AVE., QUEZON CITY",QUEZON CITY/MANILA,0942-342-2175/ 87247-0656-LOC. 216,"JOHN HAROLD S. LIM, MD",labdept@nch.doh.gov.ph,labdept@nch.doh.gov.ph,,1,1,2,,,PASSED,Excellent,SDTLPT-24-0130816,E
14,13-1116-23-GFSS-R,13,NAVOTAS MEDICAL AND WELLNESS CENTER DRUG TESTING LABORATORY,"M. NAVAL ST., SAN JOSE, NAVOTAS CITY",SAN JOSE / NAVOTAS CITY,0915-583-7383/ 0917-865-5775,"KOA, WARREN WELBY O.",navotasdrugtesting@gmail.com,navotasdrugtesting@gmail.com,,0,1,1,,,PASSED,Excellent,SDTLPT-24-0130817,E
14,13-0108-24-PIBS-R,13,NEOMEDICA HEALTH SERVICES INC.,"LOT 4G BLK 71 CONGRESSIONAL AVENUE, BGY. BAHAY TORO, QUEZON CITY",BGY. BAHAY TORO / QUEZON CITY,0969-148-3492,"YASON, JOSE III V.",neomedica@gmail.com,neomedica@gmail.com,,0,1,1,,,PASSED,Excellent,SDTLPT-24-0130818,E
14,13-1547-24-PIBS-R,13,"NEW WORLD DIAGNOSTICS, INC-ORTIGAS/PREMIUM MEDICAL","2/F VALUECARE BLDG., 33 MERALCO AVE., BRGY, SAN ANTONIO, PASIG CITY, METRO MANILA",PASIG CITY / METRO MANILA,0991-391-3948,"ANG, DAPHNE C.",kristel.dionisio@nwdi.com.ph,kristel.dionisio@nwdi.com.ph,,1,5,6,,,PASSED,Acceptable,SDTLPT-24-0130819,A
14,13-1539-24-PIBS-R,13,"NEW WORLD DIAGNOSTICS, INC.- MIRASOL","854 MIRASOL BLDG APACIBLE ST., TAFT AVENUE BRGY. 676, PACO MANILA",TAFT AVENUE BRGY. 676 / PACO MANILA,0991-391-3948,"MENDOZA, PAULO GIOVANNI L.",kristel.dionisio@nwdi.com.ph,kristel.dionisio@nwdi.com.ph,,2,5,7,,,PASSED,Acceptable,SDTLPT-24-0130820,A
14,13-0418-24-PFSS-I,13,"NEW WORLD DIAGNOSTICS, INC.-BAESA","UNIT 3-5, OLYMPIA COMMERCIAL PLAZA, 131 QUIRINO HIGHWAY, BAESA, QUEZON CITY, METRO MANILA",QUEZON CITY / METRO MANILA,0991-391-3948,"TRIA, FRANCISCO IV P.",kristel.dionisio@nwdi.com.ph,kristel.dionisio@nwdi.com.ph,,0,2,2,,,PASSED,Excellent,SDTLPT-24-0130821,E
14,13-XXXX-XX-XXXX-X,13,"NEW WORLD DIAGNOSTICS, INC.-D. TUAZON","205 D. TUAZON ST. BRGY. MAHARLIKA, STA. MESA HEIGHTS, QUEZON CITY, METRO MANILA",QUEZON CITY / METRO MANILA,0991-391-3948,"MENDOZA, PAULO GIOVANNI L.",kristel.dionisio@nwdi.com.ph,kristel.dionisio@nwdi.com.ph,,0,2,2,,,PASSED,Excellent,SDTLPT-24-0130822,E
14,13-1540-24-PIBS-R,13,"NEW WORLD DIAGNOSTICS, INC.-LAS PI•AS","IMPERIAL APPLIANCE PLAZA BLDG., ALABANG-ZAPOTE ROAD, TALON UNO, LAS PI•AS CITY",TALON UNO / LAS PI•AS CITY,0991-391-3948,"MENDOZA, PAULO GIOVANNI L.",kristel.dionisio@nwdi.com.ph,kristel.dionisio@nwdi.com.ph,,1,4,5,,,PASSED,Highly Satisfactory,SDTLPT-24-0130823,HS
14,13-1546-24-PIBS-R,13,"NEW WORLD DIAGNOSTICS, INC.-MALABON","UNIT 101-102 MEZZANINE FLOOR, PANCO SQUARE BLDG., 67 MCARTHUR, POTRERO, MALABON CITY",POTRERO / MALABON CITY,0991-391-3948,"MENDOZA, PAULO GIOVANNI L.",kristel.dionisio@nwdi.com.ph,kristel.dionisio@nwdi.com.ph,,4,4,8,,,PASSED,Acceptable,SDTLPT-24-0130824,A
14,13-1544-24-PFSS-R,13,"NEW WORLD DIAGNOSTICS, INC.-NOVALICHES","188 HIPOLITO BLDG., BRGY. NAGKAISANG NAYON, NOVALICHES",BRGY. NAGKAISANG NAYON / NOVALICHES,0991-391-3948,"MENDOZA, PAULO GIOVANNI L.",kristel.dionisio@nwdi.com.ph,kristel.dionisio@nwdi.com.ph,,4,3,7,,,PASSED,Acceptable,SDTLPT-24-0130825,A
14,13-1538-24-PIBS-R,13,"NEW WORLD DIAGNOSTICS, INC.-ONGPIN","UNIT M4-M8, MEZZANINE FLOOR, STRATA GOLD BLDG., ONGPIN ST. BINONDO, MANILA",ONGPIN ST. BINONDO / MANILA,0991-391-3948,"MENDOZA, PAULO GIOVANNI L.",kristel.dionisio@nwdi.com.ph,kristel.dionisio@nwdi.com.ph,,1,3,4,,,PASSED,Highly Satisfactory,SDTLPT-24-0130826,HS
14,13-1545-24-PFSS-R,13,"NEW WORLD DIAGNOSTICS, INC.-PARA•AQUE","#35 PRESIDENT'S AVE., BF HOMES, PARA•AQUE CITY, METRO MANILA",PARA•AQUE CITY / METRO MANILA,0991-391-3948,"ANG, DAPHNE C.",kristel.dionisio@nwdi.com.ph,kristel.dionisio@nwdi.com.ph,,0,5,5,,,PASSED,Highly Satisfactory,SDTLPT-24-0130827,HS
14,13-1549-24-PIBS-R,13,"NEW WORLD DIAGNOSTICS, INC.-PCS NORTH EDSA","992 G/F PCS BLDG., EDSA, STO. CRISTO, QUEZON CITY, METRO MANILA",QUEZON CITY / METRO MANILA,0991-391-3948,"MENDOZA, PAULO GIOVANNI L.",kristel.dionisio@nwdi.com.ph,kristel.dionisio@nwdi.com.ph,,3,5,8,,,PASSED,Acceptable,SDTLPT-24-0130828,A
14,13-1939-23-PFSS-R,13,"NEWPORT X-RAY, LABORATORY, AND MEDICAL CENTER INC. ","867 MACEDA ST., UNIT B&E BARANGAY 523, SAMPALOC, MANILA",METRO MANILA,0968-879-8379/ 7746-2740,"HORACIO JR. A. SAGUIL, MD",newportxlmc@yahoo.com,newportxlmc@yahoo.com,,2,0,2,,,PASSED,Excellent,SDTLPT-24-0130829,E
14,13-1813-23-PFSS-R,13,NICATTO HEALTH DYNAMICS- MAKATI,"501-502 SECOND FLOOR, SOUTHDATE MALL, CHINO ROCES AVE., COR. EDSA, MAKATI CITY",MAKATI/MANILA,0918-943-9437/ 0917-883-7269,"FRANCIS G. MORIA, MD",nicattomakati.lab@gmail.com,nicattomakati.lab@gmail.com,,2,0,2,,,PASSED,Excellent,SDTLPT-24-0130830,E
14,13-0110-23-PFSS-R,13,NICATTO HEALTH DYNAMICS- QC,"C3 WALKWAY EXTENSION, CENTRIS MALL, EDSA COR., QUEZON AVENUE, QUEZON CITY ",QUEZON CITY/MANILA,0917-804-2644/ 0917-883-7269,"FRANCIS G. MORIA, MD",nicatto.labqc@gmail.com,nicatto.labqc@gmail.com,,2,5,7,,,PASSED,Acceptable,SDTLPT-24-0130831,A
14,13-0688-23-PFSS-R,13,NICATTO HEALTH DYNAMICS-ORTIGAS,"1405 JOLLIBEE CENTER CONDOMINIUM, SAN MIGUEL AVE. BRGY. SAN ANTONIO, ORTIGAS, PASIG CITY, MANILA",PASIG CITY/MANILA,0945-773-9930/ 0917-883-7269,"FRANCIS G. MORIA, MD",nicatto.lab@gmail.com,nicatto.lab@gmail.com,,1,4,5,,,PASSED,Highly Satisfactory,SDTLPT-24-0130832,HS
14,13-0325-24-PFSS-I,13,NORDIC MEDICAL CLINIC INC. - MALATE,"UNIT 1-B, MARIA DANIEL BLDG., SAN ANDRES ST. COR. M.H. DEL PILAR ST., BRGY 701, MALATE, MANILA",MALATE / MANILA,0939-282-7173,"DIWA, MICHELE H.",nmc.laboratory@nordicmedical.no,nmc.laboratory@nordicmedical.no,,0,0,0,,,PASSED,Excellent,SDTLPT-24-0130833,E
14,13-XXXX-XX-XXXX-X,13,"NOTRE DAME MEDICO DENTAL CLINICS, INC.","MD EJMAN BLDG., 1036 S. NAKPIL ST., MANILA",1036 S. NAKPIL ST. / MANILA,0915-933-4539,"VILLANUEVA, EMILIO III Q.",laboratory@notredameclinic.com,laboratory@notredameclinic.com,,4,3,7,,,PASSED,Acceptable,SDTLPT-24-0130834,A
14,13-0844-24-PFSS-R,13,NOVA DRUG TESTING LABORATORY,"1A 1131 QUIRINO HIGHWAY NOVALICHES, QUEZON CITY",QUEZON CITY/MANILA,9195396442,"RAYMUNDO F. FELICIANO, MD",novadrugtestinglaboratory@yahoo.com,novadrugtestinglaboratory@yahoo.com,,2,0,2,,,PASSED,Excellent,SDTLPT-24-0130835,E
14,13-1190-21-GIBS-R,13,NOVALICHES DISTRICT HOSPITAL,"683 QUIRINO HI-WAY SAN BARTOLOME, NOVALICHES, QUEZON CITY",QUEZON CITY/MANILA,0922-862-1142/ 0943-481-6833,"AIDA D. LAT, MD",ndhdtl2019@gmail.com,ndhdtl2019@gmail.com,,0,0,0,,,PASSED,Excellent,SDTLPT-24-0130836,E
14,13-0113-24-PIBS-R,13,"O'CARE DIAGNOSTIC MEDICAL CENTER, INC.","3RD FLOOR, STWLP BUILDING, 338 SENATOR GIL J. PUYAT AVENUE, BARANGAY 49, PASAY CITY, METRO MANILA",PASAY CITY / METRO MANILA,0918-683-5035/ 0917-885-2062,"QUIAOIT, SUSANA P.",ocare.laboratory@gmail.com,ocare.laboratory@gmail.com,,0,4,4,,,PASSED,Highly Satisfactory,SDTLPT-24-0130837,HS
14,13-0845-24-PFSS-R,13,OAMCP MEDICAL CLINIC,"2462 URDANETA ST. GUADALUPE NUEVA, MAKATI, FOURTH DISTRICT",MAKATI / FOURTH DISTRICT,0939-923-9703/0923-447-5132,"TAN, ANGELINE RINA P.",oamcpmedclinic@gmail.com,oamcpmedclinic@gmail.com\,,0,2,2,,,PASSED,Excellent,SDTLPT-24-0130838,E
14,13-0585-24-PFSS-R,13,OC TIAMZON DIAGNOSTIC CLINIC ,"441 PADRE DIEGO CERA AVENUE, PULANGLUPA UNO, LAS PINAS, METRO MANILA",LAS PINAS,0927-352-9139/0917-893-0741,AMADO III O. TANDOC,octiamzonlaboratory@gmail.com,octiamzonlaboratory@gmail.com,,1,0,1,,,PASSED,Excellent,SDTLPT-24-0130839,E
14,13-0119-24-PIBS-R,13,"OCW MEDICAL CLNIC, INC.","3RD FLOOR REGENT BUILDING, 1415 GENERAL LUISA STREET, EMITA, MANILA",EMITA / MANILA,0949-588-3598/ 0917-582/1757,"LEDESMA, DEXTER A.",ocwmedlaboratory@yahoo.com.ph,ocwmedlaboratory@yahoo.com.ph,,0,2,2,,,PASSED,Excellent,SDTLPT-24-0130840,E
14,13-0122-24-PIBS-R,13,"OLAYN MEDICAL LABORATORY, INC.","3RD FLOOR, BDO TAFT - VITO CRUZ BUILDING, 2422 TAFT AVENUE, BRGY., 727,MALATE, MANILA",MALATE / MANILA,0918-683-5035/ 0917-885-2062,"QUIAOIT, SUSANA P.",olayntaft.lab@gmail.com,olayntaft.lab@gmail.com,,2,4,6,,,PASSED,Acceptable,SDTLPT-24-0130841,A
14,13-0123-24-PFSS-R,13,OLYMPUS MEDICAL AND DIAGNOSTIC LABORATORY,"#333 A. MABINI ST., BRGY. 18, CALOOCAN CITY",CALOOCAN/MANILA,9350531211,"JANETTE S. TOLENTINO, MD",olympusmedical2005@gmail.com,olympusmedical2005@gmail.com,,4,4,8,,,PASSED,Acceptable,SDTLPT-24-0130842,A
14,13-0872-24-PIBS-R,13,ON TARGET HEALTHCARE AND DIAGNOSTICS,"TOWER 2-701 133 BENITEZ, C. BENITEZ ST., KAUNLARAN, QUEZON CITY",KAUNLARAN / QUEZON CITY,0917-856-6466,"MENDOZA, PAULO GIOVANNI L.",othdlaboratory@gmail.com,othdlaboratory@gmail.com,,0,4,4,,,PASSED,Highly Satisfactory,SDTLPT-24-0130843,HS
14,13-0124-24-PFSS-R,13,"ONE HEALTH MEDICAL SERVICES, INC.","OHM BLDG. ANDREWS AVE., MINA ZONE, BRGY. 184, PASAY",PASAY/MANILA,09177046205/09177046205,"CONNIE L. BERNARDO, MD",medical.ohm2012@gmail.com,medical.ohm2012@gmail.com,,0,1,1,,,PASSED,Excellent,SDTLPT-24-0130844,E
14,13-0125-24-PIBS-R,13,ONE RAD MEDICAL AND X-RAY CLINIC,"PUROK 4 LOT 10 BLK 7 KATIPUNAN ST. BRGY. COMMONWEALTH, QUEZON CITY, METRO MANILA",QUEZON CITY,0998-864-6392,OLGA MUNAR BAUSA,oneradmed@gmail.com,oneradmed@gmail.com,,2,3,5,,,PASSED,Highly Satisfactory,SDTLPT-24-0130845,HS
14,13-0625-23-PIBS-R,13,PACIFIC GLOBAL MEDICAL CENTER,"L2B MINDANAO AVENUE, BARANGAY TALIPAPA, NOVALICHES, QUEZON CITY",QUEZON CITY/MANILA,0956-8444-753,"JANETTE S. TOLENTINO, MD",LAB.PGMC@GMAIL.COM,LAB.PGMC@GMAIL.COM,,2,0,2,,,PASSED,Excellent,SDTLPT-24-0130846,E
14,13-XXXX-XX-XXXX-X,13,"PARA•AQUE ULTRASOUND DIAGNOSTIC CENTER, INC-BACLARAN","2150 CASQUEJO BUILDING, AIRPORT ROAD, BACLARAN, PARA•AQUE CITY",PARA•AQUE/MANILA,0917-890-7471,"MINNIE JANE A. PINEDA, MD",pudci.baclab@gmail.com,pudci.baclab@gmail.com,,0,1,1,,,PASSED,Excellent,SDTLPT-24-0130847,E
14,13-1459-23-PFSS-R,13,"PARA•AQUE ULTRASOUND DIAGNOSTIC CENTER, INC-DONGALO","0459 QUIRINO AVENUE, DONGALO-NEAR ST. ANDREW'S CATHEDRAL, PARA•AQUE CITY",PARA•AQUE/MANILA,9666535150,"MINNIE JANE A. PINEDA, MD",pudcdongalolab@gmail.com,pudcdongalolab@gmail.com,,1,2,3,,,PASSED,Highly Satisfactory,SDTLPT-24-0130848,HS
14,13-0619-23-GIBS-R,13,PASIG CITY DRUG TESTING LABORATORY,"5/F PASIG CITY HALL BLDG. CARUNCHO AVE. SAN NICOLAS, PASIG CITY",PASIG CITY/MANILA,0943-728-0959/ 0917-856-2060,"ROCYLENE C. ROQUE, MD",pasigcitydrugtestinglab@yahoo.com.ph,pasigcitydrugtestinglab@yahoo.com.ph,,3,3,6,,,PASSED,Acceptable,SDTLPT-24-0130849,A
14,13-XXXX-XX-XXXX-X,13,"PASIG DOCTORS MEDICAL CENTER, INC.","254 AMANG RODRIGUEZ AVE. MANGGAHAN PASIG CITY, METRO MANILA",METRO / METRO MANILA,0917-126-8087/ 0917-561-9927,"PADUA, ROBERTO JR. D.",dplm.pdmc@gmail.com,dplm.pdmc@gmail.com,,2,0,2,,,PASSED,Excellent,SDTLPT-24-0130850,E
14,13-0127-24-PIBS-R,13,PATIENT FIRST MEDICAL CLINIC AND DIAGNOSTICS CENTER CORPORATION,"1418 KAMIAS RD COR ANONAS ROAD EXTESION, SIKATUNA VILLAGE, QUEZON CITY",SIKATUNA VILLAGE / QUEZON CITY,0975-359-6494,"TEJADA, GERALD VILLANUEVA",kamias.laboratory@patientfirstphil.com,kamias.laboratory@patientfirstphil.com,,4,3,7,,,PASSED,Acceptable,SDTLPT-24-0130851,A
14,13-0614-23-PIBS-R,13,PATIENT'S CHOICE MEDICAL & INDUSTRIAL LABORATORY,"508-F JCG BLDG. BONI AVENUE, BGRY. PLAINVIEW, MANDALUYONG CITY, METRO MANILA",MANDALUYONG/MANILA,9613830173,"ARLENE L. SANTOS, MD",patientschoiceboni@hotmail.com,patientschoiceboni@hotmail.com,,2,2,4,,,PASSED,Highly Satisfactory,SDTLPT-24-0130852,HS
14,13-1805-23-GFSS-I,13,PCGH SCREENING DRUG TESTING LABORATORY,"2/F PCGH MRI BLDG., EUSEBIO AVE., MAYBUNGA, PASIG CITY",PASIG CITY/MANILA,0917-319-0734/ 0917-856-2060,"ROCYLENE C. ROQUE, MD",pcghdrugtestinglab@gmail.com,pcghdrugtestinglab@gmail.com,,2,1,3,,,PASSED,Highly Satisfactory,SDTLPT-24-0130853,HS
14,13-0129-24-PIBS-R,13,"PERPETUAL SUCCOR HOSPITAL AND MATERNITY, INC.","G/F PERPETUAL SUCCOR HOSPITAL AND MATERNITY INC ACROSS CPAR REVIEW CENTER NEAR UST ESPANA 836 F CAYCO ST.457, SAMPALOC MANILA, METRO MANILA (ACROSS CPAR REVIEW CENTER, NEAR UST MANILA)",METRO MANILA,0917-118-3769/ 0917-811-0130,"ALEGRE, ALBERT M.",laboratory.pshm@gmail.com,laboratory.pshm@gmail.com,,6,2,8,,,PASSED,Acceptable,SDTLPT-24-0130854,A
14,13-0874-24-PIBS-R,13,PHI SANTE DIAGNOSTIC,"GROUND FLOOR MEGA ONE BUILDING, ESPANA BOULEVARD CORNERN MAYON STREET, BARANGAY SANTA TERESITA",QUEZON CITY,0975-226-0220,GRIG D. MISIONA,rachelr@nederlandsdiagnostics.com,rachelr@nederlandsdiagnostics.com,,1,6,7,,,PASSED,Acceptable,SDTLPT-24-0130855,A
14,13-0612-23-PIBS-R,13,"PHILHEALTHCARE, INC.","2ND FLOOR STI HOLDINGS CENTER 6764 AYALA AVENUE, MAKATI CITY, METRO MANILA",MAKATI/MANILA,9999122921,"JOHN ARNEL H. AMATA, MD",PMdiagnostics@philcare.com.ph,PMdiagnostics@philcare.com.ph,,2,5,7,,,PASSED,Acceptable,SDTLPT-24-0130856,A
14,13-1117-23-PIBS-R,13,"PHILHEALTHCARE, INC.(MOA) ","UNIT408 H FIVE E-COM BUILDING, MALL OF ASIA COMPLEX, PASAY, METRO MANILA",PASAY/MANILA,9457919316,"JOHN ARNEL H. AMATA, MD",MOAlaboratory@philcare.com.ph,MOAlaboratory@philcare.com.ph,,2,0,2,,,PASSED,Excellent,SDTLPT-24-0130857,E
14,13-0875-24-GIBS-R,13,PHILIPPINE CHILDREN'S MEDICAL CENTER DRUG TESTING LABORATORY,"PATHOLOGY DEPARTMENT, GROUND FR., PHILIPPINE CHILDREN'S MEDICAL CENTER, AGHAM ROAD CORNER QUEZON AVE.",DILIMAN / QUEZON CITY,0961-693-6489/ 0917-855-0673,"HEMEDEZ, CLAIRE ANNE THERESE M.",sdtl.pcmc@gmail.com,sdtl.pcmc@gmail.com,,1,1,2,,,PASSED,Excellent,SDTLPT-24-0130858,E
14,13-1603-23-GIBS-R,13,PHILIPPINE HEART CENTER- BLOOD BANK SECTION,"MAB ANNEX MEZZANINE, EAST AVENUE, DILIMAN, QUEZON CITY, METRO MANILA",QUEZON CITY/MANILA,0917-1002-103/ 8-929-16-38,"FREDERICK R. LLANERA,MD",phc_bb@yahoo.com,phc_bb@yahoo.com,,4,4,8,,,PASSED,Acceptable,SDTLPT-24-0130859,A
14,13-0114-23-PIBS-R,13,PHILIPPINE MEDICAL DIAGNOSTICS AND LABORATORY CENTER CORPORATION,"1932-A TAFT AVENUE, MALATE, MANILA",METRO MANILA,0977-8506-929/ 0977-815-23-78,"HERBERT Z. MANAOIS, MD",philmedlab@gmail.com,philmedlab@gmail.com,,1,5,6,,,PASSED,Acceptable,SDTLPT-24-0130860,A
14,13-0877-24-PIBS-R,13,PHILIPPINE MEDICAL TESTS SYSTEM,"GOLDEN SUN REALTY BLDG. #29 MINDANAO AVE., BRGY. BAGONG PAG-ASA, QUEZON CITY, METRO MANILA",QUEZON CITY / METRO MANILA,0932-614-2516/ 02-83744299,"VALDEZ, MA. ANGELICA V.",pmts.laboratory@gmail.com,pmts.laboratory@gmail.com,,2,2,4,,,PASSED,Highly Satisfactory,SDTLPT-24-0130861,HS
14,13-1828-24-PIBS-I,13,PHILIPPINE OVERSEAS WORKERS MEDICAL & DIAGNISTIC CENTER INC.,"UNIT 6-11 2ND FLOOR MARANAW PLAZA 187 EDSA BRGY. WACKWACK GREENHILLS EAST, MANDALUYONG CITY",MANDALUYONG,0976-039-3191,SIERRA ROMA SALAZAR HERNANDEZ,powmadci1@yahoo.com,powmadci1@yahoo.com,,2,0,2,,,PASSED,Excellent,SDTLPT-24-0130862,E
14,13-0605-23-PIBS-R,13,"PHILIPPINE-CHINESE CHARITABLE ASSOCIATION, INC.","286 BLUMENTRITT STREET, STA. CRUZ, MANILA",METRO MANILA,0956-854-0840/ 8711-4141 LOC. 1017,"EVELINA N. LAGANAYO, MD",cghdrugtestinglab@gmail.com,cghdrugtestinglab@gmail.com,,0,5,5,,,PASSED,Acceptable,SDTLPT-24-0130863,A
14,13-0402-23-PIBS-R,13,"PHYSICIANS' DIAGNOSTIC SERVICES CENTER, INC.","533 PHYSICIANS TOWER, UN AVENUE, ERMITA, MANILA ",METRO MANILA,5214967,"DEXTER A. LEDESMA, MD",dexteraledesma@yahoo.com,dexteraledesma@yahoo.com,,1,0,1,,,PASSED,Excellent,SDTLPT-24-0130864,E
14,13-1319-23-PIBS-R,13,PMP DIAGNOSTIC CENTER INC.- MAKATI,"GR FLR THE ZONE BUILDING 7224 MALUGAY STREET, BRGY. BEL-AIR, MAKATI, METRO MANILA",MAKATI / METRO MANILA,0917-800-5856,"CABUDOY, RONALD D.",pmpdci.labmakati@gmail.com,pmpdci.labmakati@gmail.com,,3,3,6,,,PASSED,Acceptable,SDTLPT-24-0130865,A
14,13-1309-22-PIBS-R,13,PMP DIAGNOSTIC CENTER INC.- MANILA,"1428 GROUND FLOOR, JOSHUA CENTER, TAFT AVENUE, ERMITA, MANILA CITY, METRO MANILA",MANILA CITY / METRO MANILA,0956-157-2340,"CABUDOY, RONALD D.",pmpdiagnostic_taft@yahoo.com,pmpdiagnostic_taft@yahoo.com,,0,4,4,,,PASSED,Highly Satisfactory,SDTLPT-24-0130866,HS
14,13-0878-24-PIBS-R,13,POLY HEALTH PRACTICE CORPORATION,"239 GEN. LUNA CORNER BURGOS ST., MALABON CITY",MALABON / MALABON CITY,0917-582-1757,"LEDESMA, DEXTER A.",laboratory@polyhealth.ph,laboratory@polyhealth.ph,,1,3,4,,,PASSED,Highly Satisfactory,SDTLPT-24-0130867,HS
14,13-0135-24-PIBS-R,13,POPE JOHN PAUL II HOSPITAL AND MEDICAL CENTER,"545-E ALABANG-ZAPOTE ROAD, TALON UNO, LAS PI•AS CITY",TALON UNO / LAS PI•AS CITY,0917-625-7310/ 0921-819-6555,"MENDOZA, JEFFERSON BARTOLOME",pjpsdtl@gmail.com,pjpsdtl@gmail.com,,1,1,2,,,PASSED,Excellent,SDTLPT-24-0130868,E
14,13-0168-22-PIBS-R,13,PREMIER 101 MEDICAL AND DIAGNOSTIC CENTER,"2F VALENZUELA TOWN CENTER, KARUHATAN, VALENZUELA CITY",KARUHATAN / VALENZUELA CITY,0917-861-6027,"FIBRA, AMELIA CO",drugtesting.premier101@gmail.com,drugtesting.premier101@gmail.com,,2,5,7,,,PASSED,Acceptable,SDTLPT-24-0130869,A
14,13-0136-24-PIBS-R,13,PREMIERE MEDICAL AND CARDIOVASCULAR LABORATORY INC.,"G/F MANCORA BLDG. #6 MAYOR GIL FERNANDO, MARIKINA",MARIKINA/MANILA,9459911629,"FLORIDO JR. A. ATIBAGOS, MD",premiere.marikina_clinlab@yahoo.com,premiere.marikina_clinlab@yahoo.com,,2,2,4,,,PASSED,Highly Satisfactory,SDTLPT-24-0130870,HS
14,13-1838-23-PIBS-R,13,"PROBE POLYCLINIC & DIAGNOSTIC CENTER, INC.","UNIT 102 MARIBELLA BLDG. II 2071 ROXAS BLVD. MALATE, MANILA",METRO MANILA,0926-044-5793/ 0918-552-5281,"ANAROSE C. ALVARADO, MD",siphurm.tuan@gmail.com,siphurm.tuan@gmail.com,,2,1,3,,,PASSED,Highly Satisfactory,SDTLPT-24-0130871,HS
14,13-XXXX-XX-XXXX-X,13,PROLAB DIAGNOSTIC CO. ,"UNIT MC2 VICTORIA STATION 1, 793 EDSA KAMUNING SOUTH TRIANGLE DILIMAN, QUEZON CITY",QUEZON CITY,0956-351-1079,"SANTOS, NOEL C.",prolabqc0809@yahoo.com.ph ,prolabqc0809@yahoo.com.ph ,,1,2,3,,,PASSED,Highly Satisfactory,SDTLPT-24-0130872,HS
14,13-0591-24-PIBS-R,13,PROLAB DIAGNOSTIC CO. ,"UNIT 202, 2ND FLOOR MAKATI EXECUTIVE TOWER 4 CITYLAND SQUARE SEN GIL PUYAT AVE BUENDIA COR P. MEDINA ST",MAKATI CITY,0917-839-3382,"SANTOS, NOEL C.",prolab_op@yahoo.com.ph ,prolab_op@yahoo.com.ph ,,2,3,5,,,PASSED,Highly Satisfactory,SDTLPT-24-0130873,HS
14,13-0147-23-PIBS-R,13,PROSPERITY MEDICAL CLINIC AND LABORATORY INC,"RVA BLDG., # 858 REMEDIOS ST.,BARANGAY 708  MALATE,MANILA",MALATE/MANILA,0917-821-1627/ 0285212252,"RONALD C. CABUDOY, MD",pmcli_2000@yahoo.com,pmcli_2000@yahoo.com,,2,0,2,,,PASSED,Excellent,SDTLPT-24-0130874,E
14,13-1119-23-PIBS-R,13,"PROVIDENCE HOSPITAL, INC.","1515 QUEZON AVENUE, WEST TRIANGLE, QUEZON CITY",QUEZON CITY/MANILA,9088137239,"RAYMUND R. INOCENCIO, MD",lab1515.phi@gmail.com,lab1515.phi@gmail.com,,2,2,4,,,PASSED,Highly Satisfactory,SDTLPT-24-0130875,HS
14,13-0138-24-PIBS-R,13,"QUALICARE POLYCLINIC AND LABORATORY, INC.","47-A BAYAN-BAYANAN AVENUE, BRGY. CONCEPCION, MARIKINA CITY",MARIKINA CITY,0929-501-1032/ 0977- 628-4600,"OLGA, BAUSA M.",qualicarepolyclinic@gmail.com,qualicarepolyclinic@gmail.com,,1,4,5,,,PASSED,Highly Satisfactory,SDTLPT-24-0130876,HS
14,13-1381-24-GIBS-R,13,QUEZON CITY GENERAL HOSPITAL,"SEMINARY RD., EDSA, BRGY. BAHAY TORO, QUEZON CITY, METRO MANILA",QUEZON CITY / METRO MANILA,0915-136-2149/ 0917-632-5846,"TAN, ALVIN REY B.",qcghdtl@gmail.com,qcghdtl@gmail.com,,1,1,2,,,PASSED,Excellent,SDTLPT-24-0130877,E
14,13-0139-24-GIBS-R,13,QUIRINO MEMORIAL MEDICAL CENTER,"JP RIZAL COR. P TUAZON STS, PROJECT 4 QUEZON CITY, METRO MANILA 1109",QUEZON CITY,0933-964-6165,"PASCUAL, ERWIN F.",erwin_md@yahoo.com,erwin_md@yahoo.com,,2,2,4,,,PASSED,Highly Satisfactory,SDTLPT-24-0130878,HS
14,13-1652-24-PIBS-R,13,R.E MALLARI CLINICAL LABORATORY,"3F-4 DIANNE BLDG. COR. 746 RIZAL AVE EXT, GRACE PARK, MONUMENTO, CALOOCAN CITY",CALOOCAN,0922-777-6822/0977-855-0572,CARL CHESTER FLOYD L. GO,remallariclinicaldiagnosticlab@gmail.com,remallariclinicaldiagnosticlab@gmail.com,,3,5,8,,,PASSED,Acceptable,SDTLPT-24-0130879,A
14,13-0369-23-PIBS-R,13,R.G.O LABORATORY & INDUSTRIAL DIAGNOSTIC CENTER INC. - BGC BRANCH,"UNIT 7A, ICON PLAZA, 26TH ST., FORT BGC TAGUIG CITY, METRO MANILA",TAGUIG/MANILA,0917-549-1517/ 8838-7178,"HERBERT Z. MANAOIS, MD",rgobgc@gmail.com,rgobgc@gmail.com,,2,3,5,,,PASSED,Highly Satisfactory,SDTLPT-24-0130880,HS
14,13-0371-23-PIBS-R,13,R.G.O LABORATORY & INDUSTRIAL DIAGNOSTIC CENTER INC. - PARA•AQUE BRANCH,"UNIT 2E & 2F, AIRPORT GLOBAL PLAZA, NAIA ROAD ,TAMBO, PARA•AQUE CITY, MANILA",PARA•AQUE/MANILA,0917-549-1517/ 53283071,"HERBERT Z. MANAOIS, MD",rgoparanaque@gmail.com,rgoparanaque@gmail.com,,1,2,3,,,PASSED,Highly Satisfactory,SDTLPT-24-0130881,HS
14,13-0370-22-PIBS-R,13,R.G.O LABORATORY & INDUSTRIAL DIAGNOSTIC CENTER INC. (MAKATI),"EMILUZ BLDG. 1980 M. REYES ST. BANGKAL, MAKATI CITY, METRO MANILA",MAKATI/MANILA,0917-549-1517/ 8843-1853,"HERBERT Z. MANAOIS, MD",rgolaboratory@gmail.com,rgolaboratory@gmail.com,,3,2,5,,,PASSED,Highly Satisfactory,SDTLPT-24-0130882,HS
14,13-0630-24-PIBS-R,13,REAL CARE LABORATORY AND MEDICAL CLINIC,"323 AMANG RODRIGUEZ AVENUE BRGY. MANGGAHAN, PASIG CITY (BESIDE MOTORTRADE IN FRONT OF PASIG DOCTORS HOSPITAL)",PASIG CITY,0933-866-2320,"LLANERA, FREDERICK R.",realcarepasig@gmail.com,realcarepasig@gmail.com,,2,3,5,,,PASSED,Highly Satisfactory,SDTLPT-24-0130883,HS
14,13-0880-24-PIBS-R,13,RG MEDICAL CLINIC INC.,"1714 EVANGELISTA ST., BANGKAL, MAKATI CITY, METRO MANILA",MAKATI CITY / METRO MANILA,0915-695-7563/ 0977-815-2378,"MANAOIS, HERBERT Z.",rgmclaboratory@gmail.com,rgmclaboratory@gmail.com,,0,1,1,,,PASSED,Excellent,SDTLPT-24-0130884,E
14,13-1745-24-GIBS-R,13,RIZAL MEDICAL CENTER,"PASIG BLVD,BAGONG ILOG PASIG CITY",PASIG / CITY,0995-718-3624/0922-233-5058,"LIM, THOMAS JEFF C.",rmcdrugtestinglab@gmail.com,rmcdrugtestinglab@gmail.com,,3,5,8,,,PASSED,Acceptable,SDTLPT-24-0130885,A
14,13-1683-24-PIBS-R,13,"RNL MEDICAL AND DIAGNOSTIC CENTER, INC. ","LOT 1 530 TALISAY ST., BRGY. COMEMBO, MAKATI CITY",MAKATI,0966-398-9177/0920-670-5363,RONALD D. CABUDOY,rnlmedical2016@gmail.com,rnlmedical2016@gmail.com,,2,0,2,,,PASSED,Excellent,SDTLPT-24-0130886,E
14,13-1406-23-PIBS-R,13,RSS CITI HEALTH SERVICES,"#21 PASIG BLVD., EXT.,ROTONDA, CANIOGAN, PASIG CITY, METRO MANILA",PASIG CITY/MANILA,09551022638/ 86281311,"MENNEN A. ALSOL, MD",rsscitihealthservicescorp@gmail.com,rsscitihealthservicescorp@gmail.com,,4,2,6,,,PASSED,Acceptable,SDTLPT-24-0130887,A
14,13-0121-24-PIBS-R,13,"S.M. LAZO MEDICAL CLINIC, INC.","1755 TAFT AVE CORNER J. NAKPIL ST., MALATE, MANILA",MALATE / MANILA,0976-135-2485,"ABELARDO, AGUSTINA D.",smlazolaboratory@yahoo.com,smlazolaboratory@yahoo.com,,2,2,4,,,PASSED,Highly Satisfactory,SDTLPT-24-0130888,HS
14,13-XXXX-XX-XXXX-X,13,"SACRED HEART DIAGNOSTIC MEDICAL CENTER, INC.","2ND FLR RIGHT WING MAGA CENTER BLDG. PASEO DE MAGALLANES, MAKATI CITY",MAKATI / MAKATI CITY,0917-543-2761,"FIBRA, AMELIA CO",results.sacredheart@gmail.com,results.sacredheart@gmail.com,,1,1,2,,,PASSED,Excellent,SDTLPT-24-0130889,E
14,13-XXXX-XX-XXXX-X,13,SAFEWAY DIAGNOSTICS AND MEDICAL CLINIC INC.,"2ND FLOOR, CENTILLION CENTRE BLDG., 2972 RAMON MAGSAYSAY BLVD. STA. MESA, MANILA",STA. MESA / MANILA,0917-145-0866/0926-534-0414,"CUDAL, MARIA ANTONIO V.",safewaylab@yahoo.com,safewaylab@yahoo.com,,2,3,5,,,PASSED,Highly Satisfactory,SDTLPT-24-0130890,HS
14,13-0770-23-PIBS-R,13,SAGRADA CORAZON MEDICAL & ALLIED SERVICES CENTER INC.,"1057 M.H. DEL PILAR ST., ERMITA, MANILA",METRO MANILA,9560387664/ 0917-839-9766,"RONALD D. CABUDOY, MD",laboratorysagrada@yahoo.com,laboratorysagrada@yahoo.com,,2,0,2,,,PASSED,Excellent,SDTLPT-24-0130891,E
14,13-0143-24-PIBS-R,13,"SAN JUAN DE DIOS EDUCATIONAL FOUNDATION, INC. HOSPITAL DRUG TESTING LABORATORY","2772 ROXAS BLVD. PASAY CITY, BRGY. 76, PASAY CITY",BRGY. 76 / PASAY CITY,0917-154-6033/0917-800-3911,"SOSITO, LIEZEL V.",laboratory@sanjuandedios.org,laboratory@sanjuandedios.org,,1,0,1,,,PASSED,Excellent,SDTLPT-24-0130892,E
14,13-0772-23-PIBS-R,13,SANDA DIAGNOSTIC CENTER,"2ND FLOOR SANDA BLDG. (ATOP MERCURY DRUG STORE), A. LACSON COR. LAONG-LAAN, SAMPALOC, MANILA",METRO MANILA,0951-109-9223/ (8) 256-3337,"BU C. CASTRO, MD",sandadxcenter1994@yahoo.com,sandadxcenter1994@yahoo.com,,4,2,6,,,PASSED,Acceptable,SDTLPT-24-0130893,A
14,13-1383-24-PIBS-R,13,"SEAMED MEDICAL CLINIC, INC.","1139 31F ESPANA PLACE BLDG., ADELINA ST., BRGY. 468, SAMPALOC, MANILA",MANILA,0999-996-7228/0920-908-4066,ALMA  N. AQUILIZAN,seamed.medical@yahoo.com.ph,seamed.medical@yahoo.com.ph,,0,0,0,,,PASSED,Excellent,SDTLPT-24-0130894,E
14,13-XXXX-XX-XXXX-X,13,SEAMEN'S HOSPITAL,3F CABILDO CORNER SAN JOSE ST.INTRAMUROS MANILA,INTRAMUROS / MANILA,0917-247-5248/0917-839-9766,"CABUDOY, RONALD C.",seamenshospitalmnl@gmail.com,seamenshospitalmnl@gmail.com,,2,2,4,,,PASSED,Highly Satisfactory,SDTLPT-24-0130895,HS
14,13-0444-22-PIBS-R,13,SEATRIC MEDICAL CLINIC CORPORATION,"14TH FLOOR, MARITIME PLAZA TOWER, A. FLORES ST., COR. CORTADA ST., ERMITA, MANILA",METRO MANILA,9970685455,"JANETTE S. TOLENTINO, MD",seatriclab@gmail.com,seatriclab@gmail.com,,0,0,0,,,PASSED,Excellent,SDTLPT-24-0130896,E
14,13-1849-23-PIBS-R,13,SHINAGAWA DIAGNOSTIC AND PREVENTIVE CARE CENTER,"23RD FLOOR, ORE CENTRAL TOWER, 31ST STREET COR. 9TH AVE. BGC, TAGUIG CITY",TAGUIG CITY,0917-118-8655/ 0917-587-3951,"MENDOZA, RAYMOND R.",medtechs@shinagawa-healthcase.ph,medtechs@shinagawa-healthcase.ph,,0,3,3,,,PASSED,Highly Satisfactory,SDTLPT-24-0130897,HS
14,13-0465-23-PIBS-R,13,SINGAPORE MEDICAL LABORATORIES INC.,"4F STERLING CENTRE, 131 DELA ROSA ST., COR ORMAZA ST. LEGASPI VILLAGE, MAKATI CITY, METRO MANILA",MAKATI/MANILA,0915-806-1552/ 0917-516-9949,"PAULO GIOVANNI L. MENDOZA, MD",irish.aguila@singaporediagnostic.com,irish.aguila@singaporediagnostic.com,,0,0,0,,,PASSED,Excellent,SDTLPT-24-0130898,E
14,13-XXXX-XX-XXXX-X,13,"SMARTLAB DIAGNOSTICS AND DIALYSIS CENTER, INC.","1534 SALVICTORIA CONDOMINIUM, RIZAL AVENUE, STA. CRUZ, MANILA",METRO MANILA,0999-872-1014/ 0925-557-5552,"CHRISTINE MAE G. OLIVAR, MD",drugtestlab.sddci@gmail.com,drugtestlab.sddci@gmail.com,,0,0,0,,,PASSED,Excellent,SDTLPT-24-0130899,E
14,13-0147-24-PIBS-R,13,SONIC SOLUTIONS MEDICAL AND DIAGNOSTICS LABORATORY CENTER INC.,"3/F SUITE 301, 1823 FMSG BLDG., E. RODRIGUEZ SR., AVENUE CORNER, NEW YORK AVENUE, QUEZON CITY, METRO MANILA",QUEZON CITY / METRO MANILA,0917-818-2393/0917-527-5363,"VALDES, MARIA ANGELICA B.",sonicmedicalclinic@gmail.com,sonicmedicalclinic@gmail.com,,3,1,4,,,PASSED,Highly Satisfactory,SDTLPT-24-0130900,HS
14,13-1280-24-PFSS-R,13,SOUTH PEEPZ MD MEDICAL AND DIAGNOSTIC CLINIC,"OJCCC CASQUERO PLAZA LOT 22-A 6B, E. RODRIGUEZ AVENUE, BARANGAY MOONWALK, PARANAQUE CITY, METRO MANILA",PARANAQUE CITY / METRO MANILA,0917-145-4752/ 0917-833-7726,"CLEMENTE, PAULO ANTONIO E.",southpeepzmd@gmail.com,southpeepzmd@gmail.com,,0,2,2,,,PASSED,Excellent,SDTLPT-24-0130901,E
14,13-1434-23-PIBS-R,13,SOUTH SUPERHIGHWAY MEDICAL CENTER,"KM 17 WEST SERVICE ROAD BRGY. MARCELO GREEN, PARA•AQUE CITY, MANILA",PARA•AQUE CITY / MANILA,0916-570-9638,"HARON, IFTIZAR N.",ssmc.lab@yahoo.com,ssmc.lab@yahoo.com,,4,3,7,,,PASSED,Acceptable,SDTLPT-24-0130902,A
14,13-0148-24-PIBS-R,13,SOUTHPORT MEDICAL HUB INC.,"UNIT 262-266 PITX 1, KENNEDY ROAD, BRGY. TAMBO, PARA•AQUE CITY",PARA•AQUE/MANILA,9088886647,"CONNIE L. BERNARDO, MD",southportmedicalhub2021@gmail.com,southportmedicalhub2021@gmail.com,,1,5,6,,,PASSED,Acceptable,SDTLPT-24-0130903,A
14,13-0368-23-PFSS-R,13,SSMC HEALTH INC.,"G/F CROSSWIND OCEAN HOTEL, 3993 AIRPORT ROAD, BACLARAN, PARA•AQUE CITY, METRO MANILA",PARA•AQUE/MANILA,0916-704-1039/ 8816-02-05,"MARLENE S. ONTOG, MD",ssmcbaclaran2020@gmail.com,ssmcbaclaran2020@gmail.com,,4,3,7,,,PASSED,Acceptable,SDTLPT-24-0130904,A
14,13-1386-24-PFSS-R,13,ST. ANNE MEDICAL CLINIC,"UNIT GE-1, 8101 PEARL PLAZA, PEARL DRIVE, ORTIGAS CENTER, PASIG",ORTIGAS CENTER / PASIG,0933-851-9277/ 0917-528-1755,"ORTEGA, MICHAEL M.",saintannemedicalclinic2021@gmail.com,saintannemedicalclinic2021@gmail.com,,2,4,6,,,PASSED,Acceptable,SDTLPT-24-0130905,A
14,13-0877-21-PIBS-R,13,ST. CAMILLUS MEDICAL CENTER,"116 EULOGIO AMANG RODRIGUEZ AVENUE, SANTOLAN, PASIG CITY, MANILA",PASIG CITY/MANILA,0917-132-4032/ 8645-37-42,"ROZANI O. NAVARRO,MD",scmclab@gmail.com,scmclab@gmail.com,,1,4,5,,,PASSED,Highly Satisfactory,SDTLPT-24-0130906,HS
14,13-0839-24-PFSS-R,13,ST. CECILIA DIAGNOSTIC CLINIC,"2F BRITTANY SQUARE BLDG. MINDANAO AVE., COR. EXT. BELFAST ST. BRGRY. PASONBG PUTIK, QUEZON CITY",QUEZON CITY,0995-166-1127/ 0925-854-1347,"SAGUIL, HORACIO JR. A.",stceciliaclinic@gmail.com,stceciliaclinic@gmail.com,,1,1,2,,,PASSED,Excellent,SDTLPT-24-0130907,E
14,13-0608-24-PFSS-R,13,ST. GEORGE CLINICAL LABORATORY SERVICES,"704 2/F PUREGOLD BLDG. RIZAL AVE. EXT., CALOOCAN, METRO MANILA",CALOOCAN / METRO MANILA,0917-689-9980,"ABARRO, GEORGE III C.",rmtchel20@gmail.com,rmtchel20@gmail.com,,0,2,2,,,PASSED,Excellent,SDTLPT-24-0130908,E
14,13-0611-24-PIBS-R,13,ST. GEORGE CLINICAL LABORATORY SERVICES- KALAYAAN BRANCH,"3RD FLOOR NO. 132 KALAYAAN AVENUE, BRGY. CENTRAL, DILIMAN, QUEZON CITY",DILIMAN / QUEZON CITY,0997-405-3887,"ABARRO, GEORGE III C.",st.georgecclinic@yahoo.com,st.georgecclinic@yahoo.com,,2,0,2,,,PASSED,Excellent,SDTLPT-24-0130909,E
14,13-1250-22-PIBS-R,13,ST. IGNATIUS DE LOYOLA HEALTH CARE SERVICES,"131 PASIG BLVD. BRGY., PINEDA, PASIG CITY, METRO MANILA",PASIG CITY/MANILA,0977-826-0637/ 8671-83-70,"FREDERICK R. LLANERA,MD",stignatiuspasig@gmail.com,stignatiuspasig@gmail.com,,2,1,3,,,PASSED,Highly Satisfactory,SDTLPT-24-0130910,HS
14,13-XXXX-XX-XXXX-X,13,ST. IGNATIUS DE LOYOLA HEALTH CARE SERVICES,"253 SHOE AVENUE, BRGY. STO. NI•O, MARIKINA CITY",MARIKINA/MANILA,0927-927-5680/ 0922-864-8115,"MARIA LOURDES A. TILBE, MD",stignaciushcs_19@yahoo.com,stignaciushcs_19@yahoo.com,,0,0,0,,,PASSED,Excellent,SDTLPT-24-0130911,E
14,13-0912-24-PIBS-R,13,ST. ISABEL POLYCLINIC AND LABORATORY,"3RD FLOOR 417 JP RIZAL ST., MARIKINA CITY, METRO MANILA",MARIKINA CITY / METRO MANILA,0917-500-8271/0916-512-5585,"GARRIDO, TITO GATA",st.isabel_lab@yahoo.com,st.isabel_lab@yahoo.com,,3,4,7,,,PASSED,Acceptable,SDTLPT-24-0130912,A
14,13-0152-24-PIBS-R,13,ST. JUDE MEDICAL CLINIC AND DIAGNOSTIC CENTER,"BLK 51 LOT 3 PH 3 F2 DAGAT-DAGATAN, CALOOCAN CITY, METRO MANILA",CALOOCAN,0933-826-7432,ROSALINDA COSMAS R. BENITEZ,stcaloocan@gmail.com,stcaloocan@gmail.com,,2,3,5,,,PASSED,Highly Satisfactory,SDTLPT-24-0130913,HS
14,13-0151-24-PIBS-R,13,ST. JUDE MEDICAL CLINIC AND DIAGNOSTIC CENTER,"RLN BLDG. 153 GOV. PASCUAL ACE. COR. M H DEL PILAR ST., BRGY. TINAJEROS, MALABON, METRO MANILA",MALABON,0976-238-4509/ 0917-1270-542,ROSALINDA COSMAS R. BENITEZ,stjudemedcen@gmail.com,stjudemedcen@gmail.com,,2,2,4,,,PASSED,Highly Satisfactory,SDTLPT-24-0130914,HS
14,13-1369-23-PIBS-R,13,ST. LUKE'S MEDICAL CENTER- GLOBAL CITY,"RIZAL DRIVE CORNER, 32ND STREET AND 5TH AVENUE, BONIFACIO GLOBAL CITY, TAGUIG",TAGUIG/MANILA,0920-902-4357/ 789-77-00 LOC. 2074,"MARIA CECILIA F. LIM, MD",chemistryslmcgc@gmail.com,chemistryslmcgc@gmail.com,,2,0,2,,,PASSED,Excellent,SDTLPT-24-0130915,E
14,13-1121-23-PIBS-R,13,ST. LUKE'S MEDICAL CENTER-QUEZON CITY,"279 E. RODGIGUEZ SR. AVE, QUEZON CITY",QUEZON CITY/MANILA,0998-582-1336/ 0918-906-8919/ 0922-837-8395,"MARIA CECILIA F. LIM, MD",bcguirindola@stlukes.com.ph,bcguirindola@stlukes.com.ph,,4,0,4,,,PASSED,Highly Satisfactory,SDTLPT-24-0130916,HS
14,13-1391-24-PIBS-R,13,"ST. MARTIN POLYCLINIC, INC","1455 LEON GUINTO ST., MALATE, MANILA (NEAR CHERRY MOBILE BUILDING), MANILA CITY, METRO MANILA",MANILA CITY / METRO MANILA,0917-979-2305,"PAULINO, ERISTOTEL GREGORIO M.",josephbona53@yahoo.com,josephbona53@yahoo.com,,3,4,7,,,PASSED,Acceptable,SDTLPT-24-0130917,A
14,13-1753-24-PIBS-I,13,ST. MICHAEL MEDICAL CLINIC AND DIAGNOSTIC CENTER,"2F ANDOKS GUADALUPE, 2208 MANGGAHAN ST., COR. MAGSAYSAYST., GUADALUPE NUEVO, MAKATI",GUADALUPE NUEVO / MAKATI,0917-436-1641,"CASTRO, BU C.",smmcguadamakati2023@gmail.com,smmcguadamakati2023@gmail.com,,2,3,5,,,PASSED,Highly Satisfactory,SDTLPT-24-0130918,HS
14,13-0802-23-PFSS-R,13,ST. MICHAEL'S MEDICAL AND DIAGNOSTIC CENTER,"2F TRINISIA CENTER, EDSA ARAYAT, CUBAO, QUEZON CITY",QUEZON CITY/MANILA,8705-1676,"BU C. CASTRO, MD",smmc_cubao@yahoo.com,smmc_cubao@yahoo.com,,1,0,1,,,PASSED,Excellent,SDTLPT-24-0130919,E
14,13-0804-23-PIBS-R,13,"ST. PETER PAUL MEDICAL CLINIC, INC.","1182 GREY ST., ERMITA, MANILA",METRO MANILA,0969-2285-223/ 85251608,"MARIMIN A. LAPUEBLA, MD",stpeterpaulmedicalclinic@yahoo.com,stpeterpaulmedicalclinic@yahoo.com,,2,0,2,,,PASSED,Excellent,SDTLPT-24-0130920,E
14,13-1392-24-PFSS-R,13,ST. RITA MEDICAL AND DIAGNOSTIC CENTER,"1705 DIAN COR FINLANDIA ST., SAN ISIDRO, MAKATI CITY, METRO MANILA",MAKATI,0975-968-9684,SUSANA P. QUIAOIT,srmdcceba13@yahoo.com,srmdcceba13@yahoo.com,,2,1,3,,,PASSED,Highly Satisfactory,SDTLPT-24-0130921,HS
14,13-XXXX-XX-XXXX-X,13,ST. THOMAS DIAGNOSTIC MEDICAL AND DENTAL CLINIC INC.,"1724 2ND FLR PWU UNLAD BLDG LEON GUINTO ST. COR. MALVAR MALATE, MANILA",METRO MANILA,09274052512/2540683,JANETTE,lab.stthomasclinicinc@gmail.com,lab.stthomasclinicinc@gmail.com,,4,2,6,,,PASSED,Acceptable,SDTLPT-24-0130922,A
14,13-0483-23-PFSS-R,13,STAR ALLIANCES DIAGNOSTICS & MARKETING SERVICES,"DAVID BLDG. SHAW BLVD., MANDALUYONG CITY, METRO MANILA",MANDALUYONG/MANILA,0942-744-1485,"FLORECITA LUDIVINA T. SOLIS, MD",vittstar@yahoo.com,vittstar@yahoo.com,,5,0,5,,,PASSED,Highly Satisfactory,SDTLPT-24-0130923,HS
14,13-0157-24-PFSS-R,13,"STATELAB CLINICS & DIAGNOSTIC CENTER, INC.","UNIT 220 2ND/F SAINT ANTHONY BLDG. 891 AURORA BLVD. CUBAO, QUEZON CITY, METRO MANILA",QUEZON CITY / METRO MANILA,0917-126-1339,"BAUSA, OLGA M.",statelab_2009@yahoo.com,statelab_2009@yahoo.com,,0,5,5,,,PASSED,Highly Satisfactory,SDTLPT-24-0130924,HS
14,13-0158-24-PIBS-R,13,STO. DOMINGO DIAGNOSTIC & MEDICAL CENTER CORP,"UNIT A WILMART BLDG 3104 REDEMPTORIST RD. BRGY BACLARAN, PARA•AQUE, METRO MANILA",PARA•AQUE / METRO MANILA,0915-321-2541,"SIONZON, MELANI H.",sto.domingo.baclaran@gmail.com,sto.domingo.baclaran@gmail.com,,0,1,1,,,PASSED,Excellent,SDTLPT-24-0130925,E
14,13-XXXX-XX-XXXX-X,13,STO. DOMINGO DIAGNOSTIC & MEDICAL CENTER CORP.,"303-305 LUZ BLDG. III, QUEZON AVENUE, QUEZON CITY, METRO MANILA",QUEZON CITY/MANILA,9178343587,"MELANI H. SIONZON, MD",sddmcc.drugtest@gmail.com,sddmcc.drugtest@gmail.com,,1,2,3,,,PASSED,Highly Satisfactory,SDTLPT-24-0130926,HS
14,13-0129-24-PFSS-R,13,STO. DOMINGO DIAGNOSTIC AND MEDICAL CENTER CORP.,"LGF STARMALL, BRGY. WACK WACK, GREENHILLS, EAST EDSA COR. SHAW BLVD. MANDALUYONG CITY",MANDALUYONG/MANILA,86544651/86503743,"MELANI H. SIONZON, MD",sto.domingodiagnostic2@gmail.com,sto.domingodiagnostic2@gmail.com,,2,0,2,,,PASSED,Excellent,SDTLPT-24-0130927,E
14,13-0893-23-PFSS-R,13,SULIT MEDLAB CLINIC,"F. SEVILLA BLVD., BRGY. TANONG, MALABON CITY, METRO MANILA",MALABON/MANILA,0968-879-5419,"JESSICA NICOLE C. SABIDO, MD",sulitmedlabbranch2@gmail.com,sulitmedlabbranch2@gmail.com,,1,0,1,,,PASSED,Excellent,SDTLPT-24-0130928,E
14,13-1393-24-PFSS-R,13,SUNRISE HEALTH CHECK DIAGNOSTIC CENTER CORP.,"JLB BLDG., KM 12, MCARTHUR HIGHWAY, BRGY MARULAS, VALENZUELA CITY",VALENZUELA CITY,0917-145-1877,"BENITEZ, ROSALINDA COSMAS R.",sunrisehealthcheck@yahoo.com,sunrisehealthcheck@yahoo.com,,3,3,6,,,PASSED,Acceptable,SDTLPT-24-0130929,A
14,13-0813-23-PIBS-R,13,SUPERCARE MEDICAL SERVICES INC. - MAKATI,"2F DON CHUA LAMKO BUILDING H.V. DELA COSTA COR. L.P. LEVISTE ST. BEL-AIR, MAKATI CITY",MAKATI / MAKATI CITY,09062431949/886-6503-05 loc. 213,"NEE-ESRIYE EVANGELISTA, CYRIL KIM E.",lab.makati@supercare.com.ph,lab.makati@supercare.com.ph,,1,3,4,,,PASSED,Highly Satisfactory,SDTLPT-24-0130930,HS
14,13-0161-24-PIBS-R,13,"SUPERCARE MEDICAL SERVICES, INC. - MANILA ","4TH FLOOR, 573 PATRIA BUILDING,MARIA OROSA ST. COR. ARKANSAS ST. BRGY. 670, ERMITA, MANILA CITY",ERMITA / MANILA CITY,0933-342-8815,"DE LA ROSA, ROLAN R.",idtomis.supercare@gmail.com,idtomis.supercare@gmail.com,,0,5,5,,,PASSED,Highly Satisfactory,SDTLPT-24-0130931,HS
14,13-0397-23-PFSS-R,13,SUPERSCAN DRUG TESTING LABORATORY,"1918 IPIL ST., COR. TAYUMAN ST., STA. CRUZ, MANILA",METRO MANILA,9336373377,"ALVIN D. ARQUILLANO, MD",jonathanco95@gmail.com,jonathanco95@gmail.com,,4,2,6,,,PASSED,Acceptable,SDTLPT-24-0130932,A
14,13-1394-24-GIBS-R,13,TAGUIG-PATEROS DISTRICT HOSPITAL,"EAST SERVICE RD,WESTERN BICUTAN TAGUIG CITY, METRO MANILA",TAGUIG,0961-704-4326,NEIL UY NOVEROS,tpdhlabneqas@gmail.com,tpdhlabneqas@gmail.com,,2,4,6,,,PASSED,Acceptable,SDTLPT-24-0130933,A
14,13-0824-23-PIBS-R,13,"THE MEDICAL CITY - ORTIGAS, PASIG","MERALCO AVENUE, ORTIGAS CENTER, PASIG CITY",PASIG CITY,0961-858-6606/ 0915-376-6093,"CORTEZ III, GREGORIO B.",jbmatibag@themedicalcity.com,jbmatibag@themedicalcity.com,,2,2,4,,,PASSED,Highly Satisfactory,SDTLPT-24-0130934,HS
14,13-1395-24-PFSS-R,13,THE MEDICAL CITY CLINIC - UP TOWN CENTER,"PHASE 1A, 2ND LEVEL, UP TOWN CENTER, KATIPUNAN AVENUE, DILIMAN, QUEZON CITY",QUEZON CITY/MANILA,9258040553/09153766093,"GREGORIO III B. CORTEZ, MD",tmcuptown@themedicalcity.com,tmcuptown@themedicalcity.com,,3,4,7,,,PASSED,Acceptable,SDTLPT-24-0130935,A
14,13-1969-23-PIBS-I,13,THE MEDICAL CITY CLINIC - MARKET MARKET MALL,"M24 2ND FLOOR-MEDICAL ZONE, MARKET MARKET, FORT BONIFACIO, TAGUIG CITY, METRO MANILA",TAGUIG/MANILA,9178640813,"SARAH JANE L. DATAY-LIM, MD",tmcmarketmarket@themedicalcity.com,tmcmarketmarket@themedicalcity.com,,4,4,8,,,PASSED,Acceptable,SDTLPT-24-0130936,A
14,13-0164-24-PIBS-R,13,THE MEDICAL CITY CLINIC - TIMOG,"56 TIMOG AVENUE, BRGY. LAGING HANDA, QUEZON CITY, METRO MANILA",QUEZON CITY,9365867004,"FRANCES A. SAURA-SANCHEZ, MD",tmctimog@themedicalcity.com,tmctimog@themedicalcity.com,,2,5,7,,,PASSED,Acceptable,SDTLPT-24-0130937,A
14,13-0821-23-PIBS-R,13,THE MEDICAL CITY CLINIC - SM LIGHT MALL,"2/F SM LIGHT MALL, EDSA CORNER MADISON AVENUE BRGY. BARANGKA ILAYA, MANDALUYONG, METRO MANILA",MANDALUYONG/MANILA,9274984143,"SARAH JANE L. DATAY-LIM, MD",tmcsmlightmall@themedicalcity.com,tmcsmlightmall@themedicalcity.com,,0,5,5,,,PASSED,Highly Satisfactory,SDTLPT-24-0130938,HS
14,13-1376-23-PIBS-R,13,THE MEDICAL CITY CLINIC - SM MALL OF ASIA ,"2/F SM MALL OF ASIA WELLNESS ZONE, J.W. DIOKNO BLVD., MOA COMPLEX, PASAY CITY, METRO MANILA ",PASAY/MANILA,0927-508-9159/ 0915-376-6093,"GREGORIO III B. CORTEZ, MD",tmcsmmoa@themedicalcity.com,tmcsmmoa@themedicalcity.com,,4,0,4,,,PASSED,Highly Satisfactory,SDTLPT-24-0130939,HS
14,13-0815-23-PFSS-R,13,THE MEDICAL CITY CLINIC - SM NOVALICHES,"2/F UNIT, 205-356 40/41B SM NOVALICHES, QUIRINO HIGHWAY, SAN BARTOLOME, QUEZON CITY",QUEZON CITY/MANILA,0925-713-9687,"JOANA PAULA S. ARTAIZ-PIDO, MD",tmc.smnovaliches@themedicalcity.com,tmc.smnovaliches@themedicalcity.com,,2,0,2,,,PASSED,Excellent,SDTLPT-24-0130940,E
14,13-0817-23-PIBS-R,13,THE MEDICAL CITY CLINIC - TRINOMA,"G003 TRINOMA MALL, EDSA COR. NORTH AVE., BRGY. BAGONG PAG -ASA, QUEZON CITY, METRO MANILA",QUEZON CITY/MANILA,0995-295-4039/ 0923-935-7895,"FARRAH KRISTINE F. SANTIAGO, MD",tmctrinoma@themedicacity.com,tmctrinoma@themedicacity.com,,2,2,4,,,PASSED,Highly Satisfactory,SDTLPT-24-0130941,HS
14,13-0755-23-PIBS-R,13,THE MEDICAL CITY CLINIC - FAIRVIEW,"LG, 106 SM FAIRVIEW, REGALADO AVENUE, QUEZON CITY, METRO MANILA",QUEZON CITY / METRO MANILA,0917-830-8600,"SANTIAGO, FARRAH KRISTINE F.",tmcsmfairview@themedicalcity.com,tmcsmfairview@themedicalcity.com,,1,2,3,,,PASSED,Highly Satisfactory,SDTLPT-24-0130942,HS
14,13-1370-23-PIBS-R,13,"THE MEGACLINIC, INC.","UNIT 552, SM MEGAMALL, BLDG. A, DO•A JULIA VARGAS AVE., COR. EDSA, MANDALUYONG CITY",MANDALUYONG/MANILA,0998-961-2450,"SIERRA ROMA S. HERNANDEZ, MD",laboratory.mega@keralty.com.ph,laboratory.mega@keralty.com.ph,,1,4,5,,,PASSED,Highly Satisfactory,SDTLPT-24-0130943,HS
14,13-1400-24-PIBS-R,13,THE PERLAS POLYCLINIC,"#171-173 F. ROXAS ST. 4TH AVE. GRACE PARK, CALOOCAN CITY, METRO MANILA",CALOOCAN CITY / METRO MANILA,0916-419-1541,"SANTOS, LOURDES P.",mellendresm@yahoo.com,mellendresm@yahoo.com,,2,3,5,,,PASSED,Highly Satisfactory,SDTLPT-24-0130944,HS
14,13-0636-24-PFSS-R,13,TLCC MEDICAL HEALTH SERVICES,"UNIT 201 JEMCO BLDG. C. RAYMUNDO CORNER BERNAL ST., ROSARIO, PASIG",PASIG,0928-493-7208/0917-856-2060,ROCYLENE C. ROQUE,tlccmedserv@gmail.com,tlccmedserv@gmail.com,,2,2,4,,,PASSED,Highly Satisfactory,SDTLPT-24-0130945,HS
14,13-0167-24-PFSS-R,13,TOKYO HEALTHLINK INC.,"UNIT R2 EL MONTO BLDG. MADRIGAL AVE. AYALA, ALABANG, MUNTINLUPA CITY",ALABANG CITY/MUNTINLUPA CITY,0999-843-2485/0999-843-2485,AZEUS O. SILVA,lab.tokyo@yahoo.com,lab.tokyo@yahoo.com,,0,4,4,,,PASSED,Highly Satisfactory,SDTLPT-24-0130946,HS
14,13-0870-23-GIBS-R,13,TONDO MEDICAL CENTER,"KALAKAL ST., BALUT, TONDO, MANILA",METRO MANILA,0917-886-5949/ 0917-513-0560,"JOHN A. COLOMA, MD",ayapanaaida@gmail.com,ayapanaaida@gmail.com,,2,0,2,,,PASSED,Excellent,SDTLPT-24-0130947,E
14,13-1402-24-PFSS-R,13,TOPHEALTH MEDICAL CLINICS INC. ,"2ND FLOOR. SM CITY SAN LAZARO, FELIX HUERTAS STREET., CORNER A.H. LACSON, MANILA",MANILA,0927-856-3756/ 0917-823-9562,"SIONZON, MELANI H.",tophealthmcidtl@gmail.com,tophealthmcidtl@gmail.com,,2,0,2,,,PASSED,Excellent,SDTLPT-24-0130948,E
14,13-1762-23-PFSS-I,13,TOPMED DIAGNOSTICS AND ANIMAL BITE CENTER,"130 FERSAL HOTEL, KALAYAAN AVE., QUEZON CITY, METRO MANILA",QUEZON CITY/MANILA,9683797409,"LARA MAE A. ANGELES, MD",topmedlaboratoryqc@gmail.com,topmedlaboratoryqc@gmail.com,,3,0,3,,,PASSED,Highly Satisfactory,SDTLPT-24-0130949,HS
14,13-1352-24-PIBS-R,13,"TRANSGLOBAL HEALTH SYSTEM, INC. ","8833 SAMPALOC ST., SAN ANTONIO VILLAGE, MAKATI CITY, METRO MANILA",MAKATI CITY / METRO MANILA,0926-677-5107,"AXIBAL, MAXIMO JR. B.",transgloballab@gmail.com,transgloballab@gmail.com,,2,1,3,,,PASSED,Highly Satisfactory,SDTLPT-24-0130950,HS
14,13-0874-23-PIBS-R,13,TRANSNATIONAL MEDICAL AND DIAGNOSTIC CENTER INC.,"3RD FLOOR. LABORATORY, 557 CABILDO ST. INTRAMUROS, MANILA",METRO MANILA,0918-959-6113,"ELIA P. CABRERA, MD",marjohn.gerero@tmdc.ph,marjohn.gerero@tmdc.ph,,4,1,5,,,PASSED,Highly Satisfactory,SDTLPT-24-0130951,HS
14,13-1458-23-PIBS-R,13,"TRICITY MEDICAL CENTER, INC.","UG TRICITY MEDICAL CENTER INC., 269 C. RAYMUNDO AVENUE, MAYBUNGA, PASIG CITY, METRO MANILA",PASIG CITY/MANILA,9176284537,"ATURO JR. C. LOPEZ, MD",tcmclab@gmail.com,tcmclab@gmail.com,,1,5,6,,,PASSED,Acceptable,SDTLPT-24-0130952,A
14,13-1859-23-PIBS-I,13,"TRUHEALTH DIAGNOSTICS CENTRE, CORPORATION","1963 MINERVA BUILDING, TAFT AVENUE, MALATE, BRGY. 703, MANILA",METRO MANILA,9985949412,"FRANK GERALD C. PAGDUNZULAN, MD",chiefmedtech@truhealthcorp.com,chiefmedtech@truhealthcorp.com,,1,2,3,,,PASSED,Highly Satisfactory,SDTLPT-24-0130953,HS
14,13-1404-24-PIBS-R,13,TULAY LINGAP NI PADRE PIO INC. ,"#11 ST. FRANCIS STREET (ST. FRANCIS CHURCH/LOURDES SCHOOL OF MANDALUYONG), MANDALUYONG",MANDALUYONG,0953-138-5797/0917-856-2060,ROCYLENE C. ROQUE,tlp_laboratory2k17@yahoo.com,tlp_laboratory2k17@yahoo.com,,0,4,4,,,PASSED,Highly Satisfactory,SDTLPT-24-0130954,HS
14,13-1409-24-PFSS-R,13,"UNIFIED HEALTH POLYCLINIC, DIAGNOSTIC & DRUG TESTING ",2154-B NARRA ST. UNITED HILLS SAN MARTIN DE PORRES PARA•AQUE CITY METRO MANILA ,METRO / MANILA,0917-322-8639,"MACAPAGAL, JOHN DENNIS D.",upolyclinic@yahoo.com,upolyclinic@yahoo.com,,2,3,5,,,PASSED,Highly Satisfactory,SDTLPT-24-0130955,HS
14,13-1234-23-PFSS-R,13,UNIFIED MEDICAL SERVICES INC.,#103 SGT. J CATOLOS ST. BRGY IMMACULATE CONCEPCION CUBAO QUEZON CITY,QUEZON CITY/MANILA,0995-466-4921/ 0917-561-2488/ 734-22085,"TITO G. GARRIDO, MD",unif.medicalservices@gmail.com,unif.medicalservices@gmail.com,,1,0,1,,,PASSED,Excellent,SDTLPT-24-0130956,E
14,13-0171-24-PIBS-R,13,UNIMED DIAGNOSTIC CENTER CORP.,2ND FLOOR JLC BLDG 8 N. RAMIREZ ST. BRGY DON MANUEL QUEZON CITY,QUEZON / CITY,0908-581-2243/ 0922-233-5058,"LIM, THOMAS JEFF C.",lab.unimed.diagnostic@gmail.com,lab.unimed.diagnostic@gmail.com,,0,3,3,,,PASSED,Highly Satisfactory,SDTLPT-24-0130957,HS
14,13-0876-23-PIBS-R,13,UNITED DOCTORS SERVICE CORPORATION (METROPOLITAN MEDICAL CENTER),"1357 G. MASANGKAY ST., STA. CRUZ, BRGY. 262, MANILA, METRO MANILA",METRO MANILA,9562191856,"DENNIS JOSE S. CARBONELL, MD",Laboratorymetromed@gmail.com,Laboratorymetromed@gmail.com,,3,0,3,,,PASSED,Highly Satisfactory,SDTLPT-24-0130958,HS
14,13-XXXX-XX-XXXX-X,13,UNIVERSITY OF PERPETUAL HELP DALTA MEDICAL CENTER INC.,"UNIVESITY OF PERPETUAL HELP DALTA MEDICAL CENTER, ALABANG ZAPOTE, RD. PAMPLONA, LAS PI•AS CITY, MANILA",LAS PI•AS/MANILA,0917-130-8124/ 88748515 LOC. 151,"ARTURO JR. C. LOPEZ, MD",uphdmc_lab@yahoo.com,uphdmc_lab@yahoo.com,,2,0,2,,,PASSED,Excellent,SDTLPT-24-0130959,E
14,13-1714-24-PIBS-R,13,UNIVERSITY OF SANTO TOMAS HOSPITAL,"CLINICAL PATHOLOGY UPPER GROUND, ST. JOHN PAUL II BLDG., SAMPALOC CITY OF MANILA",MANILA,0926-615-9329,MONTANO,usth_qa@yahoo.com,usth_qa@yahoo.com,,2,4,6,,,PASSED,Acceptable,SDTLPT-24-0130960,A
14,13-0459-21-PIBS-R,13,UNLAB MEDICAL CLINICAL CORP.,"1334 TAFT AVENUE BRGY., 667, ERMITA, MANILA",METRO MANILA,84005129/ 8 672-3833,"ROMMEL P. DOMALAON, MD",unlab1992@yahoo.com,unlab1992@yahoo.com,,4,3,7,,,PASSED,Acceptable,SDTLPT-24-0130961,A
14,13-0880-23-GIBS-R,13,VALENZUELA MEDICAL CENTER ,"PADRIGAL ST. KARUHATAN, VALENZUELA CITY",VALENZUELA/MANILA,0956-153-9610,"ARNELL G. BAYOTAS, MD",vmc_lab1@yahoo.com,vmc_lab1@yahoo.com,,2,0,2,,,PASSED,Excellent,SDTLPT-24-0130962,E
14,13-1832-24-PFSS-I,13,VALIANT-CARE MEDICAL AND LABORATORY SERVICES,"UNIT 102, R PLACE BLDG. #12 FAUSTINO ST., BRGY. HOLY SPIRIT, QUEZON CITY",QUEZON CITY,0917-126-6212/0932-851-0256,FRANK GERALD C. PAGDUNZULAN,valiantcare.laboratory@gmail.com,valiantcare.laboratory@gmail.com,,0,0,0,,,PASSED,Excellent,SDTLPT-24-0130963,E
14,13-0895-23-PIBS-R,13,VALLEYMED DIAGNOSTIC AND AMBULATORY SURGICAL CENTER,"UNIT 2C CITI CENTRE BUILDING JP RIZAL ST. COR. PUERTO RICO ST. NANGKA, MARIKINA CITY, MANILA",MARIKINA/MANILA,0917-899-8259/ 7576-6622,CATHERINE KAORI D. KALINGO,valleymedmultispecialtyclinic@gmail.com,valleymedmultispecialtyclinic@gmail.com,,0,4,4,,,PASSED,Highly Satisfactory,SDTLPT-24-0130964,HS
14,13-1578-22-PFSS-R,13,VALULIFE MOBILE XRAY &LABORATORY SERVICES,"G/F AURORA BUILDING, ALABANG-ZAPOTE RD., CUPANG, MUNTINLUPA, METRO MANILA",MUNTINLUPA/MANILA,0917-701-5963/ 8772-51-31,"JOCELYN MYRA R. CAJA, MD",valulifelab@yahoo.com,valulifelab@yahoo.com,,4,2,6,,,PASSED,Acceptable,SDTLPT-24-0130965,A
14,13-0125-23-PIBS-R,13,VICTORY MEDICAL CLINIC,"RBAP BUILDING, A. SORIANO COR. ARZOPISPO ST., INTRAMUROS, MANILA",INTRAMUROS MANILA,0921-820-5900,"FREDERICK R. LLANERA,MD",victorymedicalclinic71@gmail.com,victorymedicalclinic71@gmail.com,,2,0,2,,,PASSED,Excellent,SDTLPT-24-0130966,E
14,13-XXXX-XX-XXXX-X,13,VIZCARRA DIAGNOSTIC CENTER,"SEGUNDINA BLDG., 464 UNITED NATIONS AVE., ERMITA",METRO MANILA,9992215516,"FREDERICK G. LIM, MD",vdclaboratory@vizcarrapharma.com,vdclaboratory@vizcarrapharma.com,,4,3,7,,,PASSED,Acceptable,SDTLPT-24-0130967,A
14,13-XXXX-XX-XXXX-X,13,W.RAMOS DIAGNOSTIC LABORATORY,"LOT 194 A. G. LAZARO ST. BRGY. DALANDANAN, VALENZUELA CITY, METRO MANILA",VALENZUELA CITY / METRO MANILA,0917-578-6270 ,"TORRES, REYNALDO G.",wramosdiagnosticlaboratory@gmail.com,wramosdiagnosticlaboratory@gmail.com,,3,1,4,,,PASSED,Highly Satisfactory,SDTLPT-24-0130968,HS
14,13-0174-24-PIBS-R,13,WELLNEST DIAGNOSTIC CENTER,"#5864 ALFONSO ST., BRGY. POBLACION, MAKATI CITY, MAKATI, METRO MANILA",MAKATI / METRO MANILA,0991-440-0749,"ABIBA, RUDOLPH D.",wellnestdc@gmail.com,wellnestdc@gmail.com,,1,2,3,,,PASSED,Highly Satisfactory,SDTLPT-24-0130969,HS
14,13-143-24-PIBS-R,13,"WINDSOR INTERNATIONAL MARITIME CLINIC, INC.","2F PALACIO GRANDE BLDG. A. LUNA cor ANDA ST. INTRAMUROS, MANILA CITY",MANILA / MANILA CITY,0995-522-1966,"SABIDO, JESSICA NICOLE C.",wincilab@gmail.com,wincilab@gmail.com,,2,2,4,,,PASSED,Highly Satisfactory,SDTLPT-24-0130970,HS
14,13-1414-24-PIBS-R,13,WMOC MEDICAL AND DIAGNOSTIC CLINIC,"1945 ESTHER BLDG., TAFT AVENUE, MALATE, MANILA, METRO MANILA",MALATE/METRO MANILA,0939-859-9320/0917-850-8839,AUDIE G. SILVA,wmocmdclab@gmail.com,wmocmdclab@gmail.com,,3,5,8,,,PASSED,Acceptable,SDTLPT-24-0130971,A
14,13-0911-23-PIBS-R,13,YGEIA MEDICAL CENTER INC. - MANILA BRANCH,"2081 PRES. QUIRINO AVE., BRGY. 833, PANDACAN, MANILA CITY",METRO MANILA,0998-939-2532/ 0919663-6577,"WALTER G. JUAREZ, MD",deahlatade@gmail.com,deahlatade@gmail.com,,4,0,4,,,PASSED,Highly Satisfactory,SDTLPT-24-0130972,HS
15,14-XXXX-XX-XXXX-X,14,ALMORA GENERAL HOSPITAL DRUGTESTING LABORATORY,"SILAO STREET, PUROK 4, BULANAO, TABUK CITY, KALINGA",TABUK/KALINGA,0938-252-4107/ 0999-992-4951,"EMMYLOU B. AKIA, MD",lab@almorageneralhospital.com,lab@almorageneralhospital.com,,1,1,2,,,PASSED,Excellent,SDTLPT-24-0140973,E
15,14-1927-23-PIBS-I,14,ASSUMPTA FAMILY HOSPITAL,"MAGALLANES ST., ZONE 5, BANGUED, ABRA",BANGUED CITY / ABRA,0917-124-8089,"PASCUA, WILFREDO B.",assumptacliniclab@gmail.com ,assumptacliniclab@gmail.com ,,0,4,4,,,PASSED,Highly Satisfactory,SDTLPT-24-0140974,HS
15,14-1330-24-PFSS-R,14,BAGUIO FDC MEDICAL & DIAGNOSTIC CENTER CORPORATION ,"85 K'S LOFT BLDG. T. ALONZO ST., NEW LUCBAN, BAGUIO CITY, BENGUET",BAGUIO/BENGUET,(074) 4225861,JERILYN  LINGGON  DULAY ,fdclaboratory@gmail.com ,fdclaboratory@gmail.com ,,3,3,6,,,PASSED,Acceptable,SDTLPT-24-0140975,A
15,14-1705-23-PIBS-R,14,"BENGUET CORP LABORATORIES, INC","4A & B01 SM BAGUIO CITY, CYBERZONE BLDG, UPPER HARRISON ROAD, BAGUIO CITY, BENGUET",BAGUIO CITY /  BENGUET,0928-1919-024,"DE JOYA, VIRGINIA V.",ajdaguids@gmail.com,ajdaguids@gmail.com,,4,2,6,,,PASSED,Acceptable,SDTLPT-24-0140976,A
15,14-1350-24-GIBS-R,14,BENGUET GENERAL HOSPITAL DRUG TESTING LABORATORY,"KM 5 PICO LA TRINIDAD,BENGUET",LA TRINIDAD/BENGUET,9196866520,BERNADETTE L. BALDO,beghdrugtestlab@gmail.com,beghdrugtestlab@gmail.com,,4,2,6,,,PASSED,Acceptable,SDTLPT-24-0140977,A
15,14-0990-23-PIBS-R,14,BENGUETCORP LABORATORIES INC.  (CENTERMALL BRANCH),"BAGUIO CENTERMALL, 4F-022 & 4F-024, MAGSAYSAY AVENUE, KAGITINGAN, BAGUIO CITY, BENGUET",BAGUIO CITY /  BENGUET,09161968787; 0744424528,"DE JOYA, VIRGINIA V.",bclicm_lab@yahoo.com.ph,bclicm_lab@yahoo.com.ph,,5,1,6,,,PASSED,Acceptable,SDTLPT-24-0140978,A
15,14-1620-24-GIBS-R,14,BGHMC -ODTRC DRUG TESTING LABORATORY ,"OUTPATIENT DRUG TREATMENT REHABILITATION CENTER BUILDING, BGH COMPOUND, GOVERNOR PACK ROAD, BAGUIO CITY, BENGUET",BAGUIO/BENGUET,0916-974-2411/ 0967-360-1176,CLARETTE ROSARIO P. DY,bghmcodtrcdtl@gmail.com,bghmcodtrcdtl@gmail.com,,1,4,5,,,PASSED,Highly Satisfactory,SDTLPT-24-0140979,HS
15,14-1332-24-GIBS-R,14,FAR NORTH LUZON GENERAL HOSPITAL AND TRAINING CENTER,"LABORATORY DEPARTMENT, FAR NORTH LUZON GENERAL HOSPITAL & TRAINING CENTER, QUIRINO LUNA CITY, APAYAO",LUNA CITY/APAYAO,0977-830-8437/ 0936-191-3802,JUANITA T. LACUESTA,fnlghtc.lab.dtl@gmail.com,fnlghtc.lab.dtl@gmail.com,,2,4,6,,,PASSED,Acceptable,SDTLPT-24-0140980,A
15,14-XXXX-XX-XXXX-X,14,HI-PRECISION DIAGNOSTICS - BAGUIO BRANCH,"2ND FLOOR CYA CENTRUM, MILITARY CUT-OFF, KENNON ROAD, BAGUIO CITY, BENGUET, CAR",BAGUIO CITY / BENGUET,09469973644/09175685998,"ASUNCION, BABY LYNNE C.",hpbaguio.lab@hi-precision.com.ph,hpbaguio.lab@hi-precision.com.ph,,1,2,3,,,PASSED,Highly Satisfactory,SDTLPT-24-0140981,HS
15,14-XXXX-XX-XXXX-X,14,KONSULTA MEDICA AND DIAGNOSTIC CENTER,"RT35 4TH FLOOR MAHARLIKA LIVELIHOOD COMPLEX BRGY., AZCKO, BAGUIO CITY, BENGUET",BAGUIO CITY,0951-339-9160,VIRGINIA V. DE JOYA,konsultamed88@gmail.com,konsultamed88@gmail.com,,3,2,5,,,PASSED,Highly Satisfactory,SDTLPT-24-0140982,HS
15,14-XXXX-XX-XXXX-X,14,L AND A DIAGNOSTIC AND DRUG TESTING CENTER,"PUROK A, PROPER, POBLACION SOUTH, LAGAWE, IFUGAO",LAGAWE/IFUGAO,0917-829-5423/ 0917-635-2402,"NELIA S. BANDAO, MD",nelia_bandao@yahoo.com,nelia_bandao@yahoo.com,,2,4,6,,,PASSED,Acceptable,SDTLPT-24-0140983,A
15,14-XXXX-XX-XXXX-X,14,LUIS HORA MEMORIAL REGIONAL HOSPITAL DRUG TESTING LABORATORY,"LUIS HORA MEMORIAL REGIONAL HOSPITAL LABORATORY, JUNCTION ABATAN, BAUKO, MOUNTAIN PROVINCE",BAUKO CITY/MT. PROVINCE,0995-223-4310,CHRISTINE P. AYOCHOK,johnjanjoven@gmail.com,johnjanjoven@gmail.com,,4,1,5,,,PASSED,Highly Satisfactory,SDTLPT-24-0140984,HS
15,14-1587-24-PFSS-R,14,MAEZELLE PSYCHO METIER AND DIAGNOSTIC CENTER,"C-17 CAMP DANGWA, BRGY. BAHONG, LA TRINIDAD CITY, BENGUET",LA TRINIDAD/BENGUET,0912-783-9614,OLGA M. BAUSA,mpmdcbenguet@gmail.com,mpmdcbenguet@gmail.com,,4,3,7,,,PASSED,Acceptable,SDTLPT-24-0140985,A
15,14-1869-23-PIBS-R,14,"METROBAGUIO LABORATORIES, INC. ","146 KISAD ROAD, BAGUIO, BENGUET, CAR",BAGUIO CITY / BENGUET,9178346857,"WI, RUDOLF CONSTANTINO T.",metrobaguioLabInc@yahoo.com,metrobaguioLabInc@yahoo.com,,2,2,4,,,PASSED,Highly Satisfactory,SDTLPT-24-0140986,HS
15,14-1000-23-PFSS-R,14,MPSi DRUG TESTING LABORATORY,"24 MCKINLEY ST. ALZATE BLDG. ZONE 4, BANGUED,ABRA",BANGUED CITY / ABRA,0917-648-2301/ 0915-285-0102/ (074) 614-6640,"ALZATE, MILAGROS F.",mpsi_dtl@yahoo.com,mpsi_dtl@yahoo.com,,2,1,3,,,PASSED,Highly Satisfactory,SDTLPT-24-0140987,HS
15,14-XXXX-XX-XXXX-X,14,PRECISE DIAGNOSTIC LABORATORY,"RM 3I, 3RD BASEMENT, PALANGDAO, BRGY. LOWER GENERAL LUNA RD., BAGUIO CITY, BENGUET",BAGUIO/BENGUET,0917-867-4297/ 0919-686-6520,BERNADETTE L. BALDO,precisediagnostic.talonzo@gmail.com,precisediagnostic.talonzo@gmail.com,,3,1,4,,,PASSED,Highly Satisfactory,SDTLPT-24-0140988,HS
15,14-XXXX-XX-XXXX-X,14,PRECISE DIAGNOSTIC LABORATORY-BRANCH,"UNIT 1, #130 T. ALONZO ST., BRGY. TEODORA ALONZO, BAGUIO CITY, BENGUET",BAGUIO/BENGUET,0917-867-4297/ 0919-686-6520,BERNADETTE L. BALDO,precisediagnosticlab.talonzo@gmail.com,precisediagnosticlab.talonzo@gmail.com,,3,3,6,,,PASSED,Acceptable,SDTLPT-24-0140989,A
15,14-1342-24-PIBS-R,14,QA DIAGNOSTIC LABORATORY ,"2ND FLOOR DANES BLDG., KAYANG ST. COR. CHUGUM ST. AZCKO BRGY. BAGUIO CITY",BAGUIO CITY,0975-130-4717/ 0920-945-8564,GERALDINE MOYAMOY AGPES,qa.dxlab@gmail.com,qa.dxlab@gmail.com,,2,3,5,,,PASSED,Highly Satisfactory,SDTLPT-24-0140990,HS
15,14-1344-24-PFSS-R,14,ST. ALOYSIUS DRUG TESTING LABORATORY,"260 LAYAD ST., EYEB, POBLACION, BONTOC, MT. PROVINCE ",BONTOC CITY/MT. PROVINCE,0927-193-2637/ 0917-559-6378,JOHN ALEX M. MOSUELA,jaimexc7@gmail.com,jaimexc7@gmail.com,,2,2,4,,,PASSED,Highly Satisfactory,SDTLPT-24-0140991,HS
15,14-1007-23-PIBS-R,14,T. ALONZO DIAGNOSTIC CENTER AND DRUG TESTING LABORATORY,"19 TEODORA ALONZO, BAGUIO, BENGUET",BAGUIO CITY / BENGUET,09153585938/(074)4422730,"DE JOYA, VIRGINIA V.",tadcdtl@gmail.com,tadcdtl@gmail.com,,4,2,6,,,PASSED,Acceptable,SDTLPT-24-0140992,A
15,14-XXXX-XX-XXXX-X,14,TRULAB MEDICAL AND DIAGNOSTIC CENTER INC. ,"PF4B CEDAR PEAK GENERAL LUNA COR. MABINI ST. BRGY. KABAYANIHAN, BAGUIO CITY, BENGUET",BAGUIO/BENGUET,0938-125-6636/ 0917-887-5312,KAREN  C. TUBA-ANG ,trulab.laboratory@gmail.com,trulab.laboratory@gmail.com,,3,5,8,,,PASSED,Acceptable,SDTLPT-24-0140993,A
15,14-1348-24-PIBS-R,14,ZION PRIME MEDICAL LABORATORY CO.,"TOWN PROPER, ALS BUILDING, POBLACION, LA TRINIDAD BENGUET",LA TRINIDAD/BENGUET,0919-695-3017/0919-686-6520,BERNADETTE L. BALDO,zionprimemedlab@yahoo.com,zionprimemedlab@yahoo.com,,2,1,3,,,PASSED,Highly Satisfactory,SDTLPT-24-0140994,HS
16,15-1222-22-GIBS-R,15,CAMP SIONGCO STATION HOSPITAL,"CAMP SIONGCO STATION HOSPITAL, AWANG DOS, MAGUINDANAO DEL NORTE, DATU ODIN SINSUAT, MAGUINAO DEL NORTE (NEAR AIRPORT)",MAGUINDANAO/DEL NORTE,0919-868-8826,"SHEJAN P. KALIM, MD",sheleelaban.18@gmail.com,sheleelaban.18@gmail.com,,2,4,6,,,PASSED,Acceptable,SDTLPT-24-0150995,A
16,15-1265-23-GIBS-R,15,COTABATO REGIONAL AND MEDICAL CENTER,"COTABATO REGIONAL AND MEDICAL CENTER, SINSUAT AVENUE, ROSARY HEIGHTS 10, COTABATO CITY",COTABATO CITY,9770231966,"KALIM, SHERJAN P.",laboratory@crmc.doh.gov.ph,laboratory@crmc.doh.gov.ph,,0,4,4,,,PASSED,Highly Satisfactory,SDTLPT-24-0150996,HS
16,15-1595-24-PIBS-R,15,DAVAO SPECIALISTS CLINIC AND DIAGNOSTIC LABORATORY INC.,"2ND FLOOR, MARQUEZ BLDG., DON RUFINO ALONZO ST., CORNER DON ROMAN VILO ST., COTABATO CITY, MAGUINDANAO",COTABATO/MAGUINDANAO,0955-794-5040,ALEJANDRO L. DOMINGO,sdclcotabatolab@gmail.com,sdclcotabatolab@gmail.com,,0,5,5,,,PASSED,Highly Satisfactory,SDTLPT-24-0150997,HS
16,15-1294-24-GIBS-R,15,DOH-AMAI PAKPAK MEDICAL CENTER,"1199 AMAI PAKPAK AVE., BRGY. DATU SABER, MARAWI CITY, LANAO DEL SUR",MARAWI/LANAO DEL SUR,0917-311-2138/0917-158-2120,ASLIA M. MAPANDI,apmclab@gmail.com,apmclab@gmail.com,,1,1,2,,,PASSED,Excellent,SDTLPT-24-0150998,E
16,15-1937-23-PFSS-I,15,H-LAB DRUG TESTING LABORATORY,"B-10, L-149 UPPER SAN RAYMUNDO, JOLO, SULU (FRONTING MASJID TARBIYA), JOLO, SULU, BARMM",JOLOCITY / SULU,9564987218,"BUSTAMANTE, CZAM FAITH G.",hlab.dtl@yahoo.com,hlab.dtl@yahoo.com,,2,2,4,,,PASSED,Highly Satisfactory,SDTLPT-24-0150999,HS
16,15-1733-23-PIBS-R,15,"HEALTH CARE DIAGNOSTIC LABORATORIES, INC","DON ROMAN VILO ST. COTABATO CITY, POBLACION 6, COTABATO CITY, MAGUINDANAO (BESIDE FILIDIAN BAZAAR/ NEAR OLD CITY HALL) ",COTABATO CITY / MAGUINDANAO,09177-708-343/ 0920-9137-727,"SALCEDO-LINGAYON, NENA C.",healthcarediagnosticlab@yahoo.com,healthcarediagnosticlab@yahoo.com,,2,2,4,,,PASSED,Highly Satisfactory,SDTLPT-24-0151000,HS
16,15-1766-23-PFSS-R,15,SMA MEDICAL LABORATORY DRUGTEST AND DIAGNOSTIC CENTER,"AMAI PAKPAK AVENUE, MATAMPAY, MARAWI CITY, LANAO DEL SUR",MARAWI/LANAO DEL SUR,0917-435-6157/0945-572-7620,CHONILO O. RUIZ,smadrugtest@gmail.com,smadrugtest@gmail.com,,2,3,5,,,PASSED,Highly Satisfactory,SDTLPT-24-0151001,HS
16,15-1360-24-GIBS-R,15,SULU PROVINCIAL HOSPITAL,"SCOTT ROAD, BARANGAY ASTURIAS JOLO, SULU",JOLO/SULU,0917-301-0266/ 0916-442/7968,AL-ZAMZAM A. ABUBAKAR,sphcl2016@gmail.com,sphcl2016@gmail.com,,4,4,8,,,PASSED,Acceptable,SDTLPT-24-0151002,A
17,16-XXXX-XX-XXXX-X,16,ACH POLYCLINIC LABORATORY AND DRUG TESTING CENTER,"MARCOS CALO STREET, DATU SILONGAN, BUTUAN CITY, AGUSAN DEL NORTE",BUTUAN CITY / AGUSAN DEL NORTE,9174332438,"LIMCANGCO, PONCIANO S.",achpolycliniclabdtc@gmail.com,achpolycliniclabdtc@gmail.com,,3,0,3,,,PASSED,Highly Satisfactory,SDTLPT-24-0161003,HS
17,16-1367-23-GIBS-R,16,ADELA SERRA TY MEMORIAL MEDICAL CENTER ,"CAPITOL HILLS, BRGY. TELAJE TANDAG CITY SURIGAO DEL SUR",TANDAG CITY / SURIGAO DEL SUR,0963-568-2457/ 0917-583-2712,"DELOS REYES-RENDON, JANELLE R.",astmmclaboratory17@gmail.com,astmmclaboratory17@gmail.com,,0,3,3,,,PASSED,Highly Satisfactory,SDTLPT-24-0161004,HS
17,16-1624-23-PIBS-R,16,BAYUGAN DIAGNOSTIC AND DRUG TESTING CENTER,"P-20 ESPERANZA ROAD, POBLACION, BAYUGAN CITY, AGUSAN DEL SUR",BAYUGAN/AGUSAN DEL SUR,0917-135-7683,RAUL VENERANDO JR. B. ATUPAN,bddtc2010@gmail.com,bddtc2010@gmail.com,,1,1,2,,,PASSED,Excellent,SDTLPT-24-0161005,E
17,16-0617-19-PIBS-R,16,BUTUAN DIAGNOSTIC AND MEDICAL CLINIC AND DRUG TESTING CENTER,"R CALO ST., BRGY. SIKATUNA (BACK OF FATHER SATURNINO URIOS UNIVERSITY) BUTUAN CITY, AGUSAN DEL NORTE, CARAGA",BUTUAN/AGUSAN DEL NORTE,0917-165-2277/ 0920-960-0365,JERRY  C. ABROGUE•A,bxudiagnostic@yahoo.com,bxudiagnostic@yahoo.com,,2,1,3,,,PASSED,Highly Satisfactory,SDTLPT-24-0161006,HS
17,16-1298-24-PIBS-R,16,BUTUAN HEALTHCARE CLINICS AND LABORATORY,"103 MONTILLA BOULEVARD, BRGY. DIEGO SILANG, BUTUAN, AGUSAN DEL NORTE, CARAGA",AGUSAN DEL NORTE/CARAGA,0915-356-1049/0919-749-8137/ 0920-905-2058,PONCIANO S. LIMCANGCO,butuanhealthcare07@gmail.com,butuanhealthcare07@gmail.com,,1,4,5,,,PASSED,Highly Satisfactory,SDTLPT-24-0161007,HS
17,16-1234-22-GIBS-R,16,BUTUAN MEDICAL CENTER DRUG TESTING LABORATORY,"KM 5, BAAN, BUTUAN CITY, AGUSAN DEL NORTE",BUTUAN CITY / AGUSAN DEL NORTE,0945-977-0295,"ABADIANO, DINO RAPHAEL K.",bmcdrugtestinglab@gmail.com,bmcdrugtestinglab@gmail.com,,3,0,3,,,PASSED,Highly Satisfactory,SDTLPT-24-0161008,HS
17,16-1016-23-PFSS-R,16,CABADBARAN DIAGNOSTIC CENTER,"FUNCION ST., BRGY. 4, CABADBARAN CITY, AGUSAN DEL NORTE, CARAGA",CABADBARAN CITY / AGUSAN DEL NORTE,9225856233,"ATUPAN, RAUL VENERACION JR. B.",cabadbarandiagnostic@gmail.com,cabadbarandiagnostic@gmail.com,,3,1,4,,,PASSED,Highly Satisfactory,SDTLPT-24-0161009,HS
17,16-1640-23-GIBS-R,16,CARAGA REGIONAL HOSPITAL DTL,"RIZAL ST., BRGY. WASHINGTON, SURIGAO CITY, SURIGAO DEL NORTE",SURIGAO CITY / SURIGAO DEL NORTE,0946-195-3759 / (086)-826-0134,"ATUPAN, RAUL VENERACION JR. B.",quaker_mt@yahoo.com,quaker_mt@yahoo.com,,2,2,4,,,PASSED,Highly Satisfactory,SDTLPT-24-0161010,HS
17,16-1017-23-PIBS-R,16,HEALTHWAY LABORATORY,"G/F GEORENZ BLDG., G. DELOS REYES ST POBLACION 4 CABADBARAN,AGUSAN DEL NORTE",CABADBARAN/AGUSAN DEL NORTE,0948-165-9664/ 0948-002-4542/ 0917-583-2712,"JANELLE R. DELOS REYES-RENDON, MD",healthwaylaboratory@gmail.com,healthwaylaboratory@gmail.com,,0,1,1,,,PASSED,Excellent,SDTLPT-24-0161011,E
17,16-1368-23-PIBS-R,16,HI-PRECISION DIAGNOSTICS - BUTUAN CITY,"WATERGATE CENTER J. ROSALES AVE., BAYANIHAN, BUTUAN CITY, AGUSAN DEL NORTE, CARAGA",BUTUAN CITY / AGUSAN DEL NORTE,09177059765/09984751419,"MINGUITO, MA. THERESA F.",hpbutuan.lab@hi-precision.com.ph,hpbutuan.lab@hi-precision.com.ph,,3,0,3,,,PASSED,Highly Satisfactory,SDTLPT-24-0161012,HS
17,16-1321-24-PIBS-R,16,"HOLY CHILD COLLEGES OF BUTUAN HOSPITAL, INC.","2ND STREET, GUINGONA SUBDIVISION, BARANGAY J.P. RIZAL, BUTUAN CITY, AGUSAN DEL NORTE, CARAGA",AGUSAN DEL NORTE/CARAGA,0912-809-6474,RAUL VENERANDO JR. B. ATUPAN,mengulloanna@gmail.com,mengulloanna@gmail.com,,2,1,3,,,PASSED,Highly Satisfactory,SDTLPT-24-0161013,HS
17,16-1322-24-PIBS-R,16,SAINT PETER DIAGNOSTICS AND LABORATORY,"NATIONAL HIGHWAY, BRGY. LADGARON, CLAVER, SURIGAO DEL NORTE (BESIDE CLUBHOUSE CAFê)",CLAVER/SURIGAO DEL NORTE,0946-626-1609/ 0951-683-2212,PONCIANO S. LIMCANGCO,spdtl.claver2007@gamil.com,spdtl.claver2007@gamil.com,,4,1,5,,,PASSED,Highly Satisfactory,SDTLPT-24-0161014,HS
17,16-XXXX-XX-XXXX-X,16,SAN FRANCISCO DIAGNOSTIC MEDICAL CLINIC AND DRUG TESTING CENTER,"SVDP ARCADE, JOHN BOSCO DISTRICT (BESIDE PALAWAN PAWNSHOP), BISLIG CITY, SURIGAO DEL SUR, CARAGA",SURIGAO DEL SUR/CARAGA,0910-222-8679/ 0920-960-0365,JERRY  C. ABROGUE•A,bisligdiagnostic@yahoo.com,bisligdiagnostic@yahoo.com,,0,5,5,,,PASSED,Highly Satisfactory,SDTLPT-24-0161015,HS
17,16-1116-24-PIBS-R,16,SAN FRANCISCO DIAGNOSTIC MEDICAL CLINIC AND DRUG TESTING CENTER,"BARANGAY 4, CENTER ISLAND, SAN FRANCISCO, AGUSAN DEL SUR, SAN FRANCISCO, AGUSAN DEL SUR, CARAGA",AGUSAN DEL NORTE/CARAGA,0917-717-4150/ 0920-960-0365,JERRY  C. ABROGUE•A,sanfranzdiagnostic@yahoo.com,sanfranzdiagnostic@yahoo.com,,2,1,3,,,PASSED,Highly Satisfactory,SDTLPT-24-0161016,HS
4,4A-0550-24-PFSS-R,4A,A-O LINK MEDICAL AND DIAGNOSTIC CENTER,"UNIT #7 ROMANVILLE SUBD. SAN FERNANDO, MALVAR, BATANGAS",MALVAR/BATANGAS,0917-323-4402/0917-551-6858,AZEUS O. SILVA,aolinkmdc@gmail.com,aolinkmdc@gmail.com,,0,3,3,,,PASSED,Highly Satisfactory,SDTLPT-24-04A1017,HS
4,4A-0548-24-PFSS-R,4A,ABM LABORATORY AND DRUG TEST,"ARC PLACE BLDG. 1ST FLOOR ROOM, 106 #2 SUMULONG ST., DOLORES, TAYTAY, RIZAL",TAYTAY/RIZAL,0998-325-4083,JOHANNA RUBY DL. GASCON,donabelmanalo@gmail.com,donabelmanalo@gmail.com,,2,1,3,,,PASSED,Highly Satisfactory,SDTLPT-24-04A1018,HS
4,4A-XXXX-XX-XXXX-X,4A,"ABR MULTISPECIALTY CLINIC, DIAGNOSTIC & PHARMACY","TAVERNA ST., TAVERNA (POB.), PAKIL, LAGUNA",PAKIL/LAGUNA,0935-575-1649/0943-593-0254,RAYMUNDO C. SUPENA,abrclinic2010@gmail.com,abrclinic2010@gmail.com,,2,5,7,,,PASSED,Acceptable,SDTLPT-24-04A1019,A
4,4A-0182-24-PIBS-R,4A,ACCUCELL DIAGNOSTIC CENTER,"SEN. LORENZO SUMULONG MEMORIAL CIRCLE, SAN ROQUE, ANTIPOLO CITY, RIZAL",ANTIPOLO/RIZAL,0925-871-7607/ 0918-925-3901,ROMIL M. AGUIRRE,romilaguirre@yahoo.com,romilaguirre@yahoo.com,,1,5,6,,,PASSED,Acceptable,SDTLPT-24-04A1020,A
4,4A-0184-24-PIBS-R,4A,ACCUCELL DIAGNOSTIC CENTER,"RM 219-221 FEMAR BLDG. M.L. QUEZON ST., SAN ROQUE, ANTIPOLO CITY, RIZAL",ANTIPOLO/RIZAL,0925-871-7607/ 0918-925-3901,ROMIL M. AGUIRRE,accucelldiagnosticcenter@yahoo.com.ph,accucelldiagnosticcenter@yahoo.com.ph,,1,5,6,,,PASSED,Acceptable,SDTLPT-24-04A1021,A
4,4A-1224-23-PFSS-R,4A,ACCUPROBE DRUG TESTING CENTER,"UNIT 2D, AGUIRRE BLDG., 19 GARCIA ST., BRGY. NUEVA, SAN PEDRO CITY, LAGUNA",SAN PEDRO CITY / LAGUNA,0949-425-9361/ 0919-913-1604,"BARRON, JAIME A.",accuprobedtc@gmail.com,accuprobedtc@gmail.com,,2,0,2,,,PASSED,Excellent,SDTLPT-24-04A1022,E
4,4A-0167-23-PIBS-R,4A,ACCUREMED DIAGNOSTIC CLINIC AND LABORATORY,"BLOCK 34 LOT 12, NARRA, SILANG CITY, CAVITE",SILANG CITY / CAVITE,0917145-3965/ 0922-809-8868,"SILVA, AZEUS O.",accuremeddiagnostic@gmail.com,accuremeddiagnostic@gmail.com,,2,1,3,,,PASSED,Highly Satisfactory,SDTLPT-24-04A1023,HS
4,4A-0187-24-PIBS-R,4A,ADMC PHARMACY AND DIAGNOSTIC CORPORATION,"J. DE LEON ST., PAGSAWITAN, STA. CRUZ, LAGUNA",STA. CRUZ / LAGUNA,9631751378/09177907282,"PALACOL, IMELDA MARIE FREMIELLE",admc_97@yahoo.com/apdcorp2019@gmail.com,admc_97@yahoo.com/apdcorp2019@gmail.com,,3,2,5,,,PASSED,Highly Satisfactory,SDTLPT-24-04A1024,HS
4,4A-1418-24-PIBS-R,4A,ADRAMEDIX MEDICAL AND DIAGNOSTIC CENTER,"F.T CATAPUSAN ST., BRGY. PLAZA ALDEA, TANAY, RIZAL",TANAY/RIZAL,0955-732-4827/0926-889-9459,ANNA LIZA T. LIM,adramedixclinic@gmail.com,adramedixclinic@gmail.com,,4,3,7,,,PASSED,Acceptable,SDTLPT-24-04A1025,A
4,4A-0359-24-PFSS-R,4A,AIZAROSE DRUG SCREENING LABORATORY,"#07 P. TA•ADA ST., BRGY. SAN DIEGO, POBLACION, GUMACA, QUEZON",GUMACA / QUEZON,9154216928,"CRUZ, MA. LUISA ROSPI P.",aizarose_dsl@yahoo.com,aizarose_dsl@yahoo.com,,1,2,3,,,PASSED,Highly Satisfactory,SDTLPT-24-04A1026,HS
4,4A-0172-23-PIBS-R,4A,"ALANAS CARE LABORATORIES AND DIAGNOSTICS CENTER, INC.","2ND LEVEL PABO REAL BLDG., GOV. FERRER, GENERAL TRIAS CITY, CAVITE",GENERAL TRIAS/CAVITE,0933-358-4887,MARICEL R. RIBO,alanascare@gmail.com,alanascare@gmail.com,,4,4,8,,,PASSED,Acceptable,SDTLPT-24-04A1027,A
4,4A-0188-24-PIBS-R,4A,AN ARCHY CLINICAL LABORATORY,"BESIDE GAVINO LYING IN CENTER, BRGY. NARRA, SAN PEDRO, LAGUNA",SAN PEDRO/LAGUNA,0966-450-5396,VENERACION P. MUNAR,anarchylab05@yahoo.com,anarchylab05@yahoo.com,,1,0,1,,,PASSED,Excellent,SDTLPT-24-04A1028,E
4,4A-XXXX-XX-XXXX-X,4A,ANTIPOLO MULTI-CARE MEDICAL CLINIC AND LABORATORY OPC,"UNIT 4-6, EDR BUILDING (MAXBETH), P. OLIVEROS ST. BRGY. SAN ROQUE, ANTIPOLO CITY, RIZAL",ANTIPOLO/RIZAL,0939-970-9091,"MARIA MYSTICA FLODALYN T. BAUSTITA, MD",amcmedcliniclab@gmail.com,amcmedcliniclab@gmail.com,,2,2,4,,,PASSED,Highly Satisfactory,SDTLPT-24-04A1029,HS
4,4A-1515-23-GIBS-R,4A,ARESCOM INFIRMARY DRUG TESTING LABORATORY,"CAMP RIEGO DE DIOS, PARADAHAN II, TANZA CITY, CAVITE",TANZA CITY / CAVITE,0916-3206-024/ 0917-7291-334,"OROPESA, MA. LINDA E.",arescom_medicaldispensary@yahoo.com,arescom_medicaldispensary@yahoo.com,,3,2,5,,,PASSED,Highly Satisfactory,SDTLPT-24-04A1030,HS
4,4A-0189-24-GFSS-R,4A,"ARMY STATION HOSPITAL, 2 1D PA","CAMP GENERAL MATEO CAPINPIN, BRGY. SAMPALOC, TANAY CITY, RIZAL",TANAY/RIZAL,09171398198/ 091785212378,HERBERT G.  PASCUAL,khimmaquilan0025@gmail.com,khimmaquilan0025@gmail.com,,2,2,4,,,PASSED,Highly Satisfactory,SDTLPT-24-04A1031,HS
4,4A-0411-23-PFSS-R,4A,ASHER DRUG TESTING LABORATORY,117 M.L QUEZON ST. BRGY. SAN ROQUE ANTIPOLO CITY,ANTIPOLO CITY / RIZAL,0920-586-4072,"LLANERA, FREDERICK R.",asher_imaging@yahoo.com,asher_imaging@yahoo.com,,2,5,7,,,PASSED,Acceptable,SDTLPT-24-04A1032,A
4,4A-0176-23-PFSS-R,4A,ASJ MEDICAL & DIAGNOSTIC CLINIC,"2/F CENTENNIAL BLDG, DIEZMO RD., BRGY. PULO, CABUYAO CITY, LAGUNA",CABUYAO CITY / LAGUNA,0932-594-2844/ (049) 544-7323,"ONTOG, MARLENE S.",asjmd_clinic@yahoo.coK26:K43,asjmd_clinic@yahoo.coK26:K43,,1,2,3,,,PASSED,Highly Satisfactory,SDTLPT-24-04A1033,HS
4,4A-1602-24-PIBS-R,4A,ASSUMPTION SPECIALTY HOSPITAL AND MEDICAL CENTER INC.,"SUMULONG HIGHWAY, BRGY. DELA PAZ, ANTIPOLO CITY (BESIDE SEA OIL GAS STATION), ANTIPOLO CITY, RIZAL",ANTIPOLO/RIZAL,0917-625-2958,VENERACION D. PACIS-MUNAR,dtlab.ashmc@gmail.com,dtlab.ashmc@gmail.com,,2,5,7,,,PASSED,Acceptable,SDTLPT-24-04A1034,A
4,4A-1601-23-PIBS-R,4A,AVALON DIAGNOSTIC CENTER,"BLOCK 3 LOT 20, CAMIA ST., VENICE HOMES SUBDIVISION, CAINTA, RIZAL",CAINTA/RIZAL,0917-940-6918,ALEXANDER B. DIAZ,avalondiagnosticcenter12@gmail.com,avalondiagnosticcenter12@gmail.com,,4,4,8,,,PASSED,Acceptable,SDTLPT-24-04A1035,A
4,4A-0478-23-PIBS-R,4A,"AVENTUS MEDICAL CARE INC. - STA. ROSA, LAGUNA",2/F CARVAJAL BUILDING 2 NATIONAL HIGHWAY BALIBAGO STA. ROSA LAGUNA,STA. ROSA CITY / LAGUNA,0926-746-0717/ 0905-140-1842,"LOPEZ, ARTURO JR. C.",laboratory.starosa@aventusmedical.com.ph,laboratory.starosa@aventusmedical.com.ph,,2,1,3,,,PASSED,Highly Satisfactory,SDTLPT-24-04A1036,HS
4,4A-1837-23-PFSS-I,4A,"AVENTUS MEDICAL CARE INC. - DASMARI•AS CITY, CAVITE","ANTLERS SQUARE II, COMMERCIAL SPACE 1 & 2 GF, PASONG LAWIN, BUROL MAIN, DASMARI•AS CITY, CAVITE",DASMARI•AS CITY / CAVITE,09062421604/ 0468943225,"BAUSA, OLGA M.",laboratory.cavite@aventusmedical.com.ph,laboratory.cavite@aventusmedical.com.ph,,1,4,5,,,PASSED,Highly Satisfactory,SDTLPT-24-04A1037,HS
4,4A-0479-23-PIBS-R,4A,AVENTUS MEDICAL CARE INC. - CALAMBA,"MARCHI SQ. NATIONAL HIGH WAY PACIANO RIZAL, CALAMBA CITY, LAGUNA ",CALAMBA CITY / LAGUNA,0917-841-3173,"LOPEZ, ARTURO JR. C.",laboratory.calamba@aventusmedical.com.ph,laboratory.calamba@aventusmedical.com.ph,,2,0,2,,,PASSED,Excellent,SDTLPT-24-04A1038,E
4,4A-XXXX-XX-XXXX-X,4A,BACANI MEDICAL AND DIAGNOSTIC CENTER,"BILLA SAN GABRIEL AREA, B1 LGA GOVERNOR'S DRIVE, GENERAL MARIANO ALVAREZ, CAVITE",GENERAL MARIANO ALVAREZ CITY / CAVITE,9052531700,"TOLENTINO, BERNARDO N.",ontopmedicalservices@gmail.com,ontopmedicalservices@gmail.com,,3,5,8,,,PASSED,Acceptable,SDTLPT-24-04A1039,A
4,4A-0196-24-PFSS-R,4A,"BALAYAN MEDICAL CLINIC, LABORATORY SERVICES & DRUG TESTING CENTER","TOLENTINO BLVD., BRGY. 10, BALAYAN, BATANGAS",BALAYAN/BATANGAS,0925-729-1047/0917-620-4143,MEMARIBEL P. MARTINEZ,balayanlab.dtc@gmail.com,balayanlab.dtc@gmail.com,,1,2,3,,,PASSED,Highly Satisfactory,SDTLPT-24-04A1040,HS
4,4A-1421-24-PFSS-R,4A,BATANGAS CLINICAL LABORATORY,"32 RAMOS BLDG., D. SILANG. BRGY. 19, BATANGAS CITY, BATANGAS",BATANGAS,0917-571-6785/ 0918-922-8133,CELSO S. RAMOS,bats_clinicalab@yahoo.com,bats_clinicalab@yahoo.com,,1,2,3,,,PASSED,Highly Satisfactory,SDTLPT-24-04A1041,HS
4,4A-0197-24-PIBS-R,4A,BATANGAS HEALTHCARE SPECIALISTS' MEDICAL CENTER DRUG TESTING LABORATORY,"BATANGAS HEALTHCARE SPECIALISTS' MEDICAL CENTER LABORATORY DEPARTMENT DIVERSION ROAD BARANGAY ALANGILAN, BATANGAS CITY, BATANGAS",BATANGAS,0916-767-4575,FRANK GERALD C. PAGDUNZULAN,drugtestlab.bhsmc@gmail.com,drugtestlab.bhsmc@gmail.com,,0,2,2,,,PASSED,Excellent,SDTLPT-24-04A1042,E
4,4A-1422-24-GIBS-R,4A,BATANGAS MEDICAL CENTER DRUG TESTING LABORATORY,"RM 20 OPD BUILDING CAPITOL SITE, KUMINTANG IBABA, BATANGAS CITY, BATANGAS",BATANGAS,0906-634-8653,FRANK GERALD C. PAGDUNZULAN,batmc_dtl@yahoo.com,batmc_dtl@yahoo.com,,2,5,7,,,PASSED,Acceptable,SDTLPT-24-04A1043,A
4,4A-0198-24-PIBS-R,4A,BCA MEDICAL DISTRIBUTION AND DIAGNOSTIC CENTER,"NO. 3525, GEN. MALVAR AVE., BRGY. POBLACION II, STO. TOMAS CITY, BATANGAS",STO. TOMAS/BATANGAS,0932-527-3558 / 0943-139-2368 / (043) 430-5841,DEXTER A. LEDESMA,bcamedclinic@gmail.com,bcamedclinic@gmail.com,,1,5,6,,,PASSED,Acceptable,SDTLPT-24-04A1044,A
4,4A-0361-24-PIBS-R,4A,BEYOND MEDICAL HUB INC.,"G/F EJ DONA CONCHA PASTOR ROAD, PALLOCAN WEST, BATANGAS CITY, BATANGAS",BATANGAS,0998-957-0487,SPENCER S. WATANABE,laboratorybeyondmedicalhubinc@gmail.com,laboratorybeyondmedicalhubinc@gmail.com,,2,2,4,,,PASSED,Highly Satisfactory,SDTLPT-24-04A1045,HS
4,4A-0180-23-PIBS-R,4A,"BINAKAYAN HOSPITAL AND MEDICAL CENTER, INC.","175 COVELANDIA ROAD BRGY BALSAHAN-BISITA, BINAKAYAN, KAWIT CITY, CAVITE",KAWIT/CAVITE,09175285266/09565232584/04651560500,NEILA D. CEJUDO,bhmclaboratory@gmail.com,bhmclaboratory@gmail.com,,0,0,0,,,PASSED,Excellent,SDTLPT-24-04A1046,E
4,4A-0181-23-PIBS-R,4A,BINANGONAN LAKEVIEW HOSPITAL INC.,"KM 31 MANILA EAST ROAD, BRGY. TAGPOS, BINANGONAN, RIZAL",BINANGONAN CITY / RIZAL,0917-531-1633/ 8570-0791,"ALVARADO, ANAROSE C.",blhlab.dtl@yahoo.com ,blhlab.dtl@yahoo.com ,,2,2,4,,,PASSED,Highly Satisfactory,SDTLPT-24-04A1047,HS
4,4A-XXXX-XX-XXXX-X,4A,BIO-AID DIAGNOSTIC CENTER,"2/F-LABORATORY DEPT., FABELLA-NARCISO MEDICAL AND MATERNITY CLINIC AND INFIRMARY, BLOCK 1 LOT 4, FATIMA 1, DBB, DASMARI•AS, CAVITE",DASMARI•AS CITY / CAVITE,09176333238/(046)8510703,"FABELLA-NARCISO, CHARLENE G.",bioaid.cnnhealthcare@gmail.com,bioaid.cnnhealthcare@gmail.com,,1,0,1,,,PASSED,Excellent,SDTLPT-24-04A1048,E
4,4A-1928-23-PFSS-R,4A,BIOHEALTH MEDICAL CLINIC AND DIAGNOSTICS CORPORATION,"LOT 1395-B-I-A GEN TRIAS DRIVE, TEJEROS CONVENTION, ROSARIO, CAVITE",ROSARIO / CAVITE,0933-820-0566,"SOLIS, FLORECITA LUDIVINA T.",biohealth.laboratory@gmail.com,biohealth.laboratory@gmail.com,,2,2,4,,,PASSED,Highly Satisfactory,SDTLPT-24-04A1049,HS
4,4A-0962-22-PIBS-R,4A,BIOTEKNIQUE DIAGNOSTIC LABORATORY CORPORATION,"GROUND FLOOR RM BUILDING, JP LAUREL HIGHWAY, MATAAS NA LUPA, LIPA CITY, BATANGAS",LIPA CITY/BATANGAS,0905-760-3464/0927-468-7403,FRANK GERALD C. PAGDUNZULAN,05.biotek@gmail.com,05.biotek@gmail.com,,4,1,5,,,PASSED,Highly Satisfactory,SDTLPT-24-04A1050,HS
4,4A-1719-23-PFSS-I,4A,BREEZE MEDICAL SERVICES,"UNIT 218 PARK PLACE BLDG., MARCOS HIGHWAY, MAYAMOT, ANTIPOLO CITY, RIZAL",ANTIPOLO CITY / RIZAL,9157623676,"AGUIRRE, ROMIL M.",breezemedicalservices@gmail.com,breezemedicalservices@gmail.com,,1,3,4,,,PASSED,Highly Satisfactory,SDTLPT-24-04A1051,HS
4,4A-0196-23-PFSS-R,4A,C.P. REYES SATELLITE CLINIC,"2F, BARANGAY SANTIAGO, MALVAR, BATANGAS",MALVAR / BATANGAS,9171077623,"RAMOS, CELSO S.",tmcidtl@yahoo.com,tmcidtl@yahoo.com,,2,4,6,,,PASSED,Acceptable,SDTLPT-24-04A1052,A
4,4A-0197-23-PIBS-R,4A,CABUYAO MEDICAL CLINIC & PHARMACY,"#083 LIMCAOCO SUBD., BARANGAY 3, CABUYAO CITY, LAGUNA",CABUYAO CITY / LAGUNA,0932-564-0648/ 0942-543-4155/ 0915-670-1429,"BONGAT, ROGELDA G.",cabuyao_medicallab@yahoo.com,cabuyao_medicallab@yahoo.com,,1,0,1,,,PASSED,Excellent,SDTLPT-24-04A1053,E
4,4A-0366-22-PIBS-R,4A,CALAMBA DOCTORS' HOSPITAL,"KM 49, NATIONAL HIGHWAY, PARIAN, CALAMBA CITY, LAGUNA",CALAMBA CITY / LAGUNA,0915-924-0992,"CABRERA, MARY ANN O.",amsi.cdhlaboratory@gmail.com,amsi.cdhlaboratory@gmail.com,,2,3,5,,,PASSED,Highly Satisfactory,SDTLPT-24-04A1054,HS
4,4A-0199-23-PIBS-R,4A,CALAMBA MEDICAL CENTER DRUG TESTING LABORATORY,"CROSSING, BRGY. REAL, CALAMBA CITY, LAGUNA",CALAMBA CITY / LAGUNA,0932-669-1832/ (049) 545-1740,"TORRES, JENNIFER B.",cmclaboratory01@gmail.com,cmclaboratory01@gmail.com,,2,3,5,,,PASSED,Highly Satisfactory,SDTLPT-24-04A1055,HS
4,4A-1513-23-PIBS-R,4A,"CAVITE EAST ASIA MEDICAL CENTER, INC.","MOLINO ROAD, MOLINO III, BACOOR, CAVITE",BACOOR CAVITE,0917-130-0036,MONINA C. MONTENEGRO,samcimedtech@gmail.com,samcimedtech@gmail.com,,1,3,4,,,PASSED,Highly Satisfactory,SDTLPT-24-04A1056,HS
4,4A-XXXX-XX-XXXX-X,4A,"CENTER FOR HEALTH SERVICES (CHSI), INC.","BLOCK 31A, LOT 4C, BROOKSIDE LANE, SAN FRANCISCO, GENERAL TRIAS, CAVITE",GENERAL TRIAS CITY / CAVITE,09177014427/(046)7014427,"GO, CARL CHESTER FLOYD L.",chsiclinic.cavite@gmail.com,chsiclinic.cavite@gmail.com,,0,3,3,,,PASSED,Highly Satisfactory,SDTLPT-24-04A1057,HS
4,4A-0028-23-PFSS-R,4A,"CHERONZELLE DIAGNOSTIC LABORATORY, XRAY AND MEDICAL CLINIC","290, SAN VICENTE ST., BARANGAY NUEVA, SAN PEDRO CITY, LAGUNA",SAN PEDRO CITY / LAGUNA,0917-602-2073/ 0917-548-5428,"MANERA, GODOFREDO RAINIER B.",cheronzellemedicalclinic@gmail.com,cheronzellemedicalclinic@gmail.com,,4,3,7,,,PASSED,Acceptable,SDTLPT-24-04A1058,A
4,4A-1784-24-PIBS-R,4A,CITI_CARE ULTRASOUND SERVICES AND DIAGNOSTIC CENTER,"1012 NATIONAL ROAD, TRAMO BANTAYAN, BINAKAYAN, KAWIT, CAVITE",KAWIT/CAVITE,0947-200-0493,FLORECITA T.  SOLIS,citicare08@gmail.com,citicare08@gmail.com,,2,0,2,,,PASSED,Excellent,SDTLPT-24-04A1059,E
4,4A-1603-24-PFSS-R,4A,CITI_CARE ULTRASOUND SERVICES AND DIAGNOSTIC CENTER,"002 DR. J. SALUD ST., MAGDIWANG, NOVELETA, CAVITE",NOVELETA/CAVITE,0947-200-0439,FLORECITA L. SOLIS,citicare08@gmail.com,citicare08@gmail.com,,2,1,3,,,PASSED,Highly Satisfactory,SDTLPT-24-04A1060,HS
4,4A-1429-24-PIBS-R,4A,"CLINICA ANTIPOLO HOSPITAL AND WELLNESS CENTER, INC.","LOT 4 SEN. LORENZO SUMULONG MEMORIAL CIRCLE, BRGY. DELA PAZ, ANTIPOLO CITY, RIZAL",ANTIPOLO/RIZAL,0926-984-9422/ 0921-442-0106,NOEL C. SANTOS,cahwci.laboratory@gmail.com,cahwci.laboratory@gmail.com,,0,5,5,,,PASSED,Highly Satisfactory,SDTLPT-24-04A1061,HS
4,4A-XXXX-XX-XXXX-X,4A,CLINICA LAGUNA MULTISPECIALTY CENTER AND DIAGNOSTIC INC,"1F UNIT 108, PARIAN COMMERCE CENTER, BRGY. PARIAN CALAMBA LAGUNA",CALAMBA/LAGUNA,0917-813-6647/ 0917-548-5428,"GODOFREDO RAINIER B. MANERA, MD",clinicalagunaparian2021@gmail.com,clinicalagunaparian2021@gmail.com,,4,4,8,,,PASSED,Acceptable,SDTLPT-24-04A1062,A
4,4A-0216-24-PFSS-R,4A,CLS DIAGNOSTIC AND MEDICAL CLINIC,"UNIT 8 JOHN-MYR APARTMENT PUROK 5, NEW CANLUBANG VILL. PACIANA RIZAL, CALAMBA CITY, LAGUNA",CALAMBA CITY / LAGUNA,09659807604/09175516858,"SILVA, AZEUS O.",clsdiagnostic2022@gmail.com,clsdiagnostic2022@gmail.com,,2,0,2,,,PASSED,Excellent,SDTLPT-24-04A1063,E
4,4A-0981-23-PIBS-R,4A,COMMON CARE MEDICAL CLINIC AND LABORATORY,"PLAZA-S COMMERCIAL CENTER SILANG- TAGAYTAY RD., PURIN KAHOY, SILANG CAVITE",SILANG/CAVITE,9228399733,MARICEL  REGINO RIBO,commoncareputingkahoy2020@gmail.com,commoncareputingkahoy2020@gmail.com,,3,4,7,,,PASSED,Acceptable,SDTLPT-24-04A1064,A
4,4A-0558-24-PIBS-R,4A,"CRM CINICAL LABORATORY, DRUG TESTING CENTER AND MEDICAL CLINIC","MARANAN BLDG, GEN MALVAR AVENUE, POBLACION 4, STO TOMAS CITY, BATANGAS",BATANGAS,0908-320-4684/ 0917-551-6858,"AZEUS O. SILVA, MD",crmcynthia@gmail.com,crmcynthia@gmail.com,,3,1,4,,,PASSED,Highly Satisfactory,SDTLPT-24-04A1065,HS
4,4A-0209-23-PFSS-R,4A,CROSS DRUG TESTING CENTER,"2ND FLOOR CRDM BLDG. CONGRESSIONAL RD., BRGY. GAVINO, MADERAN, GEN. MARIANO ALVAREZ CITY, CAVITE",GEN. MARIANO ALVAREZ CITY / CAVITE,0917-886-6591/ (046) 840-2061,"LEGACION, ANNA LIZA L.",crossdrugtesting@yahoo.com,crossdrugtesting@yahoo.com,,4,4,8,,,PASSED,Acceptable,SDTLPT-24-04A1066,A
4,4A-0382-22-PIBS-R,4A,CYGNETMED HEALTH SYSTEM,"UNIT 1 HS BERON  TRI CENTER NATIONAL HIGHWAY BRGY TAGAPO, SANTA ROSA CITY, LAGUNA",SANTA ROSA CITY / LAGUNA,0932-851-2134/ 0917-100-2103/ (049) 302-3017,"LLANERA, FREDERICK R.",chs.drugtestingdept@gmail.com,chs.drugtestingdept@gmail.com,,4,2,6,,,PASSED,Acceptable,SDTLPT-24-04A1067,A
4,4A-1502-23-PFSS-R,4A,DASMA-MEDICA DRUG TESTING CENTER,"H50 DON PLACIDO CAMPOS AVE, COR. J. RAMIREZ, ZONE 1, DASMARI•AS, CAVITE",DASMARI•AS CITY / CAVITE,9338130522,"CRUZ, LUIS P.",dasmamedica2019@gmail.com,dasmamedica2019@gmail.com,,1,5,6,,,PASSED,Acceptable,SDTLPT-24-04A1068,A
4,4A-1431-24-PIBS-R,4A,DASMARI•AS CITY MEDICAL CENTER,"2ND FLOOR LABORATORY DEPT DASMARI•AS CITY MEDICAL CENTER SALAWAG CROSSING, BRGY. SALAWAG, CITY OF DASMARI•AS, CAVITE",DASMARINAS CITY/CAVITE,0917-637-1409/ 0917-876-0600,"JOANNE MARIE R. PASCUAL, MD",dcmc_drugtest@yahoo.com,dcmc_drugtest@yahoo.com,,2,0,2,,,PASSED,Excellent,SDTLPT-24-04A1069,E
4,4A-0214-23-PFSS-R,4A,"DCLC HEALTHCARE DIAGNOSTICS, INC.","TRC PLACE, SUMULONG HIGHWAY, BRGY. SAN ISIDRO, CAINTA, RIZAL",CAINTA CITY / RIZAL,9228444819,"LLANERA, FREDERICK R.",lab@dclc.wsc.ph,lab@dclc.wsc.ph,,1,2,3,,,PASSED,Highly Satisfactory,SDTLPT-24-04A1070,HS
4,4A-1024-23-PFSS-R,4A,DE LA SALLE MEDICAL AND HEALTH SCIENCES INSTITUTE-DRUG TESTING LABORATORY,"ANGELO KING BUILDING, MEDICAL RESEARCH CENTER, GOV. D. MANGUBAT AVE., BRGY. BUROL, CITY OF DASMARI•AS, CAVITE",DASMARI•AS CITY / CAVITE,0915-293-8067/ 0917-926-0142,"SOLIS, FLORECITA LUDIVINA T.",delasalle_mhsi_dtl@dlsmhsi.edu.ph,delasalle_mhsi_dtl@dlsmhsi.edu.ph,,2,2,4,,,PASSED,Highly Satisfactory,SDTLPT-24-04A1071,HS
4,4A-1775-23-PIBS-I,4A,DIAGNOSTICS PLUS INC.,"G/F LEGENDA BLDG., L.SUMULONG ROAD, MEMORIAL CIRCLE, BRGY. SAN ROQUE, ANTIPOLO CITY, RIZAL",ANTIPOLO CITY / RIZAL,09778070256/(02) 70070256,"ROBILLOS, ANGELI JOANA F.",labdept.dpi@gmail.com,labdept.dpi@gmail.com,,1,5,6,,,PASSED,Acceptable,SDTLPT-24-04A1072,A
4,4A-0225-24-PIBS-R,4A,DOC JITZ FAMILY CLINIC AND LABORATORY FACILITY,"157 ML QUEZON AVE. BRGY. SAN ROQUE, ANTIPOLO CITY, RIZAL",ANTIPOLO/RIZAL,0923-702-7340/ 0917-525-0842,BERNADETTE R. ESPIRITU,docjitzlaboratory@yahoo.com,docjitzlaboratory@yahoo.com,,0,5,5,,,PASSED,Highly Satisfactory,SDTLPT-24-04A1073,HS
4,4A-XXXX-XX-XXXX-X,4A,E.R. SAN JUAN CLINICAL LABORATORY,"64 RIZAL AVE., BRGY. SAN ISIDRO, TAYTAY CITY RIZAL",TAYTAY CITY / RIZAL,0923-7275824/ 0917-833-7726,"CLEMENTE, PAULO ANTONIO E.",sjlab87@yahoo.com,sjlab87@yahoo.com,,4,2,6,,,PASSED,Acceptable,SDTLPT-24-04A1074,A
4,4A-0227-24-PFSS-R,4A,ELITE MEDICAL AND DIAGNOSTIC CENTER INC.,"G/F J.E.C. BLDG., NATIONAL ROAD, BRGY. BANAY-BANAY, CABUYAO, LAGUNA",CABUYAO/LAGUNA,0927-902-3762/ 0922-900-3755,FERDINAND B. GALANG,info@elite.mdc.com/fbgalangmd@gmail.com,info@elite.mdc.com/fbgalangmd@gmail.com,,0,0,0,,,PASSED,Excellent,SDTLPT-24-04A1075,E
4,4A-0646-24-PIBS-R,4A,ELITECARE LABORATORY AND DIAGNOSTIC CENTER,"PANTAIPAN BLDG ( FORMERLY NANAY NORA BLDG ) CENTENNIAL ROAD GAHAK, KAWIT CAVITE",KAWIT/CAVITE,0968-851-2716/ 0906-331-4557,"EDNA MAY L. GO, MD",elitecarelaboratory@gmail.com,elitecarelaboratory@gmail.com,,2,0,2,,,PASSED,Excellent,SDTLPT-24-04A1076,E
4,4A-0217-23-PIBS-R,4A,EMILIO AGUINALDO COLLEGE MEDICAL CENTER-CAVITE,"BRGY. SALITRAN II, DASMARI•AS, CAVITE CITY",DASMARI•AS CITY / CAVITE,0917-703-0263/ (034) 416-3010,"SOLIS, FLORECITA LUDIVINA T.",lab@eacmed.org.ph,lab@eacmed.org.ph,,0,2,2,,,PASSED,Excellent,SDTLPT-24-04A1077,E
4,4A-0229-24-PFSS-R,4A,FAIRMED INDUSTRIAL N WELLNESS CLINIC CORP (BATANGAS BRANCH),"BAGONG UMAGA BUILDING, JOSE P. LUREL HIGHWAY, BRGY SAN PIOQUINTO, MALVAR BATANGAS",MALVAR/BATANGAS,0938-388-8882/ 0999-882-9548,JENNIFER B. TORRES,fairmedclinic@gmail.com,fairmedclinic@gmail.com,,5,3,8,,,PASSED,Acceptable,SDTLPT-24-04A1078,A
4,4A-0561-24-PIBS-R,4A,FAR DIAGNOSTIC CENTER,"2ND FLR OSCELM A SORIANO HIWAY BLD. TIMALAN,CONCEPCION NAIC CAVITE",NAIC/CAVITE,0916-745-0574,"DOREEN L. DOTOLLO, MD",fardiagnostic2019@gmail.com,fardiagnostic2019@gmail.com,,5,3,8,,,PASSED,Acceptable,SDTLPT-24-04A1079,A
4,4A-1146-23-PIBS-R,4A,FATIMA UNIVERSITY MEDICAL CENTER ANTIPOLO CORP.,"KM. 23 SUMULONG HIGHWAY BARANGAY, STA. CRUZ, ANTIPOLO CITY, RIZAL",ANTIPOLO CITY / RIZAL,0915-699-4285,"PASCUAL, HERBERT G.",laboratoryant@fumc.fatima.edu.ph,laboratoryant@fumc.fatima.edu.ph,,1,1,2,,,PASSED,Excellent,SDTLPT-24-04A1080,E
4,4A-0232-24-PIBS-R,4A,FIRST CABUYAO HOSPITAL AND MEDICAL CENTER INC.,"KM 44 NATIONAL HI-WAY ROTONDA, PUROK 5, BRGY. SALA, CITY OF CABUYAO, LAGUNA",CITY OF CABUYAO / LAGUNA,9171353067,"SILVA, AZEUS O.",laboratory@fchmci.com,laboratory@fchmci.com,,2,1,3,,,PASSED,Highly Satisfactory,SDTLPT-24-04A1081,HS
4,4A-0224-23-PIBS-R,4A,"FIRSTCARE MEDICAL SERVICES, INC.","UNITS 1&2 IJF BLDG. STA. LUCIA DRIVE COSTA VERDE, ROSARIO, CAVITE",ROSARIO CITY / CAVITE,09055679062/ (046) 440-0949/ 09328905305,"CABRERA, MARY ANN O.",first_care2@yahoo.com,first_care2@yahoo.com,,2,2,4,,,PASSED,Highly Satisfactory,SDTLPT-24-04A1082,HS
4,4A-0225-23-PIBS-R,4A,"FIRSTCARE MEDICAL SERVICES, INC.","130 CM DELOS REYES ST. MANGGAHAN, GENERAL TRIAS CAVITE",GENERAL TRIAS CITY / CAVITE,09328976468/ (046) 5200324,"CABRERA, MARY ANN O.",fcmed_services@yahoo.com,fcmed_services@yahoo.com,,0,3,3,,,PASSED,Highly Satisfactory,SDTLPT-24-04A1083,HS
4,4A-0226-23-PIBS-R,4A,FORTMED MEDICAL CLINICS INC.-STA. ROSA,"FORTMED BUILDING, UNITED BOULEVARD, STA. ROSA BUSINESS PARK, GREENFIELD CITY, BRGY. DON JOSE , STA. ROSA LAGUNA (BESIDE THE MEDICAL CITY HOSPITAL)",STA. ROSA CITY / LAGUNA,0999-135-0955/ 0995-466-4537,"DE ALBAN, AMY ROSE E.",starosafortmed@yahoo.com,starosafortmed@yahoo.com,,2,1,3,,,PASSED,Highly Satisfactory,SDTLPT-24-04A1084,HS
4,4A-0755-24-PIBS-R,4A,"FRIENDLYCARE FOUNDATION, INC - MASINAG ","GROUND FLOOR SILICONE BUILDING SUMULONG HIGHWAY BRGY. MAYAMOT ANTIPOLO CITY, RIZAL",ANTIPOLO/RIZAL,0936-943-4005/ 0918-925-9899,REYNALDO  GARCIA  TORRES ,fcmasinag@gmail.com,fcmasinag@gmail.com,,1,3,4,,,PASSED,Highly Satisfactory,SDTLPT-24-04A1085,HS
4,4A-0230-23-PFSS-R,4A,FRNJ DRUG TEST LABORATORY,"3/F UNIT B. IDI BLDG. (LANDMARK: AT THE TOP OF ROPALI MOTORS), SILANG, CAVITE",SILANG/CAVITE,0917-126-7840/0922-828-4424,EMILIANO GUILLERMO JR. U. MALUTO,laboratory.drugtest@gmail.com,laboratory.drugtest@gmail.com,,0,5,5,,,PASSED,Highly Satisfactory,SDTLPT-24-04A1086,HS
4,4A-0473-24-GFSS-I,4A,GAVINO ALVAREZ LYING IN CENTER,"GAVINO ALVAREZ LYING-IN CENTER, NARRA RD. BGRY. NARRA, SAN PEDRO , LAGUNA",SAN PEDRO/LAGUNA,0917-851-4968,VENERACION P. MUNAR,galicdt.2023@gmail.com,galicdt.2023@gmail.com,,1,5,6,,,PASSED,Acceptable,SDTLPT-24-04A1087,A
4,4A-1716-24-PIBS-R,4A,"GLOBAL CARE MEDICAL CENTER OF BAY, INC.","GLOBAL CARE MEDICAL CENTER OF BAY, LAGUNA, BAY, LAGUNA",LAGUNA BAY/LAGUNA,0919-071-7015/0917-728-6023,ALEXANDER C. FLORENTINO,gcmcbaylaboratory@gmail.com,gcmcbaylaboratory@gmail.com,,2,4,6,,,PASSED,Acceptable,SDTLPT-24-04A1088,A
4,4A-XXXX-XX-XXXX-X,4A,GLOBAL CARE MEDICAL CENTER OF CANLUBANG,"J-YULO AVE., BRGY. CANLUBANG, CALAMBA, LAGUNA",CALAMBA CITY / LAGUNA,495544262,"FLORENTINO, ALEXANDER C.","laboratory,gcmcc@gmail.com","laboratory,gcmcc@gmail.com",,3,3,6,,,PASSED,Acceptable,SDTLPT-24-04A1089,A
4,4A-0565-24-PIBS-R,4A,"GLOBAL CARE MEDICAL CENTER OF TALISAY, INC.","MABINI HIGHWAY BRGY. AYA (NEAR ANGEL'S BURGER ALONG THE HIGHWAY), TALISAY, BATANGAS",TALISAY/BATANGAS,09985767318/ 778-4888,ALEXANDER C. FLORENTINO,laboratory.talisay@gmail.com,laboratory.talisay@gmail.com,,2,3,5,,,PASSED,Highly Satisfactory,SDTLPT-24-04A1090,HS
4,4A-0405-22-PIBS-R,4A,"GLOBAL MEDICAL CENTER OF LAGUNA, INC. ","GLOBAL MEDICAL CENTER OF LAGUNA, INC., NATIONAL HIGHWAY, BRGY. BANLIC CABUYAO CITY LAGUNA ",CABUYAO CITY / LAGUNA,0999-228-6087/ 0920-920-3439/ (049) 554-4325 LOC. 106,"CRUZ, LUIS P.",gmcl.laboratorydt@gmail.com,gmcl.laboratorydt@gmail.com,,3,1,4,,,PASSED,Highly Satisfactory,SDTLPT-24-04A1091,HS
4,4A-0241-23-PIBS-R,4A,GREEN PASTURE SPECIALISTS CLINIC AND PHARMACY,"BLOCK 5 LOT 31 PHASE 4, GOLDEN CITY SUBDIVISION, BRGY. DILA, CITY OF SANTA ROSA, LAGUNA",CITY OF SANTA ROSA / LAGUNA,9424797784,"SUPE•A, RAYMUNDO C.",greenpasturespecialistsclinic@gmail.com,greenpasturespecialistsclinic@gmail.com,,1,1,2,,,PASSED,Excellent,SDTLPT-24-04A1092,E
4,4A-0239-24-PFSS-R,4A,GREENGATE MEDICAL AND DIAGNOSTIC CLINIC,"BLOCK 12 LOT 38 PHASE 3, GREENGATE HOMES, BRGY. MALAGASANG II-A, IMUS CITY, CAVITE",IMUS/CAVITE,0915-216-7028,DEXTER A. LEDESMA,greengatemdc20@yahoo.com,greengatemdc20@yahoo.com,,1,1,2,,,PASSED,Excellent,SDTLPT-24-04A1093,E
4,4A-570-24-PIBS-R,4A,GRT DIAGNOSTIC CENTER ,"2F REYES BLDG., RIZAL AVE BRGY. SAN ISIDRO, TAYTAY RIZAL ",TAYTAY/RIZAL,0915-261-9578/ 0917-100-2103,"FREDERICK R. LLANERA, MD",grttaytay30@gmail.com,grttaytay30@gmail.com,,4,4,8,,,PASSED,Acceptable,SDTLPT-24-04A1094,A
4,4A-1728-23-PIBS-R,4A,HEALTH EXPERT CLINICAL LABORATORY,"30 E. RODRIGUEZ HI-WAY, SAN JOSE, RODRIGUEZ, RIZAL",RODRIGUEZ CITY / RIZAL,89972239,"AGUIRRE, ROMIL M.",healthexpertcl@yahoo.com,healthexpertcl@yahoo.com,,0,1,1,,,PASSED,Excellent,SDTLPT-24-04A1095,E
4,4A-XXXX-XX-XXXX-X,4A,HEALTHMED SPECIALISTS MULTI-SPECIALTY CLINIC & DIAGNOSTIC CENTER CORP.,"GF MPH BLDG. INDANG TRECE ROAD BRGY. LUCIANO, TRECE MARTIRES CITY, CAVITE",TRECE MARTIRES/CAVITE,0999-410-7907,RONALD C. CABUDOY,healthmed_specialist@yahoo.com,healthmed_specialist@yahoo.com,,4,0,4,,,PASSED,Highly Satisfactory,SDTLPT-24-04A1096,HS
4,4A-XXXX-XX-XXXX-X,4A,HEALTHPRO DIAGNOSTIC CENTER,"9008  CATTLEYA COR. ROSAL ST., LM SUBD. BRGY MARKET AREA, STA. ROSA CITY, LAGUNA",STA ROSA/LAGUNA,0932-913-7680,VOLTAIRE  C. YABUT,healthprodiagnosticcenter@gmail.com,healthprodiagnosticcenter@gmail.com,,1,1,2,,,PASSED,Excellent,SDTLPT-24-04A1097,E
4,4A-0244-23-PIBS-R,4A,HEALTHSERV LOS BA•OS MEDICAL CENTER,"8817 NATIONAL ROAD BATONG MALAKE, LOS BA•OS, LAGUNA",LOS BA•OS CITY / LAGUNA,9178448267,"GO, EDNA MAY L.",labhealthserv@gmail.com,labhealthserv@gmail.com,,3,2,5,,,PASSED,Highly Satisfactory,SDTLPT-24-04A1098,HS
4,4A-0220-24-PIBS-R,4A,HEALTHWAY DANIEL O. MERCADO MEDICAL CENTER,"#1 PRESIDENT LAUREL HIGHWAY, TANAUAN CITY, BATANGAS",TANAUAN/BATANGAS,0949-374-9484,"ROZANI O. NAVARRO, MD",dmmcdt.2021@gmailcom,dmmcdt.2021@gmailcom,,2,3,5,,,PASSED,Highly Satisfactory,SDTLPT-24-04A1099,HS
4,4A-1855-23-PIBS-I,4A,HEALTHWAY MEDICAL ,"208-209 THE DISTRICT IMUS AYALA MALL, EMILIO AGUINALDO HIGHWAY COR., DAANG HARI ROAD",IMUS CITY / CAVITE,9985395377,"BARZAGA, MA. THERESA A.",lab.tdi@healthway.com.ph,lab.tdi@healthway.com.ph,,2,4,6,,,PASSED,Acceptable,SDTLPT-24-04A1100,A
4,4A-0245-23-PIBS-R,4A,HEALTHWEALTH MEDICAL SPECIALIST CO.,"G/F UNIT 106, RETAIL 3 BLOG, THE SQUARE LANCASTER NEW CITY, ALAPAN II-B, IMUS CITY, CAVITE",IMUS CITY /CAVITE,0917-140-3534/ 0929-230-9724,"DOTOLLO, DOREEN L.",healthwealthmedical@gmail.com,healthwealthmedical@gmail.com,,2,3,5,,,PASSED,Highly Satisfactory,SDTLPT-24-04A1101,HS
4,4A-0575-24-PIBS-R,4A,"HI-CARE DIAGNOSTIC CENTER - SILANG, CAVITE","2nd FLOOR JC LEONIE BLDG., BRGY. MAGUYAM SILANG CITY, CAVITE",SILANG/CAVITE,0997-679-1432,DEXTER A. LEDESMA,nicarediagnosticscenter@gmail.com,nicarediagnosticscenter@gmail.com,,1,3,4,,,PASSED,Highly Satisfactory,SDTLPT-24-04A1102,HS
4,4A-0328-23-PFSS-R,4A,HI-PRECISION DIAGNOSTICS - ANTIPOLO,"B1L1 CIRCUMFERENTIAL ROAD BRGY. SAN ROQUE, ANTIPOLO CITY, RIZAL",ANTIPOLO CITY / RIZAL,09176343213/09338182037,"SANTOS, MARIA LOURDES P.",hpantipolo.lab@hi-precision.com.ph,hpantipolo.lab@hi-precision.com.ph,,1,2,3,,,PASSED,Highly Satisfactory,SDTLPT-24-04A1103,HS
4,4A-0325-23-PFSS-R,4A,HI-PRECISION DIAGNOSTICS - BACOOR BRANCH,"UNIT A GROUND FLR. E.V.Y. COMMERCIAL BLDG., GEN. EMILIO, AGUINALDO, HI-WAY, BACOOR, CAVITE",BACOOR / CAVITE,09088165716/09178227109,"MONTENEGRO, MONINA C.",hpbacoor.lab@hi-precision.com.ph,hpbacoor.lab@hi-precision.com.ph,,4,4,8,,,PASSED,Acceptable,SDTLPT-24-04A1104,A
4,4A-XXXX-XX-XXXX-X,4A,HI-PRECISION DIAGNOSTICS - KAWIT BRANCH,"UNIT 101, LOKAL MALL, CENTENNIAL ROAD, KAWIT, CAVITE",KAWIT / CAVITE,09431351866/09178399766,"CABUDOY, RONALD D.",hpkawit.lab@hi-precision.com.ph,hpkawit.lab@hi-precision.com.ph,,4,3,7,,,PASSED,Acceptable,SDTLPT-24-04A1105,A
4,4A-0254-24-PFSS-R,4A,HI-PRECISION DIAGNOSTICS - TAYTAY BRANCH,"GF UNIT 1-8 & 2ND FLOOR UNIT 9-10 MANILA EAST ROAD BRGY. DOLORES, TAYTAY RIZAL",TAYTAY/RIZAL,0917-634-4728/ 0968-895-8620,"SIERRA ROMA S. HERNANDEZ, MD",hptaytay.lab@hi-precision.com.ph,hptaytay.lab@hi-precision.com.ph,,1,4,5,,,PASSED,Highly Satisfactory,SDTLPT-24-04A1106,HS
4,4A-0248-24-PFSS-R,4A,HI-PRECISION DIAGNOSTICS - CAINTA BRANCH,"UNIT 1G, 1H, 1I, & 2J THE GARDENWALK FELIX AVE., BRGY. STO. DOMINGO, CAINTA, RIZAL",CAINTA / RIZAL,09176343152/09209222722,"HERNANDEZ, SIERRA ROMA S.",hpcainta.lab@hi-precision.com.ph,hpcainta.lab@hi-precision.com.ph,,2,2,4,,,PASSED,Highly Satisfactory,SDTLPT-24-04A1107,HS
4,4A-0332-23-PIBS-R,4A,"HI-PRECISION DIAGNOSTICS PLUS - ROSARIO, BATANGAS","NATIONAL ROAD, BRGY. SAN ROQUE, ROSARIO, BATANGAS",ROSARIO / BATANGAS,09338259509/09175026776,"HERNANDEZ-CUETO, MARICAR C.",hprosario.lab@hi-precision.com.ph,hprosario.lab@hi-precision.com.ph,,2,4,6,,,PASSED,Acceptable,SDTLPT-24-04A1108,A
4,4A-0329-23-PFSS-R,4A,"HI-PRECISION DIAGNOSTICS PLUS - LIPA CITY, BATANGAS","GROUND FLOOR ANFA BLDG. JM KATIGBAK ST., MATAAS NA LUPA, LIPA CITY, BATANGAS",LIPA CITY / BATANGAS,09088165718/09189235098,"HERNANDEZ-CUETO, MARICAR C.",hplipa.lab@hi-precision.com.ph,hplipa.lab@hi-precision.com.ph,,2,2,4,,,PASSED,Highly Satisfactory,SDTLPT-24-04A1109,HS
4,4A-0326-23-PFSS-R,4A,"HI-PRECISION DIAGNOSTICS PLUS - DASMARI•AS, CAVITE","LOT 4A AGUINALDO HIGHWAY PASONG TALA ZONE 4, DASMARI•AS CITY, CAVITE",DASMARINAS CITY/CAVITE,0933-819-3882/ 0917-832-7251,"RONALD DC. CABUDOY, MD",hppasongtala.lab@hi-precision.com.ph,hppasongtala.lab@hi-precision.com.ph,,0,1,1,,,PASSED,Excellent,SDTLPT-24-04A1110,E
4,4A-0333-23-PFSS-R,4A,HI-PRECISION DIAGNOSTICS PLUS - CALAMBA,"G/F ANDERSON BLDG 3 NATIONAL HIGHWAY, BRGY. PARIAN, CALAMBA, LAGUNA",CALAMBA / LAGUNA,09285595334/09178227109,"MONTENEGRO, MONINA C.",hpcalamba@hi-precision.com.ph/ningmontenegro@gmail.com,hpcalamba@hi-precision.com.ph/ningmontenegro@gmail.com,,2,4,6,,,PASSED,Acceptable,SDTLPT-24-04A1111,A
4,4A-1776-23-PFSS-I,4A,HI-PRECISION DIAGNOSTICS PLUS - STA. ROSA,"UNIT 01-05, 16-20 G/F, LAGUNA CENTRAL BLDG., PASEO OUTLETS, GREENFIELD CITY, STA. ROSA, LAGUNA",STA ROSA/LAGUNA,0933-825-9508/ 0917-839-9766,"RONALD DC. CABUDOY, MD",hpstarosa.lab@hi-precision.com.ph,hpstarosa.lab@hi-precision.com.ph,,1,4,5,,,PASSED,Highly Satisfactory,SDTLPT-24-04A1112,HS
4,4A-0255-24-PIBS-R,4A,"HMICARE, INC. - CAVITE","9179 GENERAL EMILIO AGUINALDO HIGHWAY, SAMPALO, DASMARI•AS CITY, CAVITE",DASMARINAS CITY/CAVITE,0917-505-5878/ 0917-303-9394,"FELIPE S. TEMPLO, MD",emy.borja@hmi.com.ph,emy.borja@hmi.com.ph,,1,3,4,,,PASSED,Highly Satisfactory,SDTLPT-24-04A1113,HS
4,4A-0037-23-PFSS-R,4A,"HRD SPECIALTY CLINIC AND DIAGNOSTIC SERVICES, INC.","250, CON MAMATID, BANLIC, CABUYAO, LAGUNA",CABUYAO CITY / LAGUNA,09172593333 (049) 5025114,"OROPILLA, ANGELIE ERISTELA L.",hrd.clinic@yahoo.com/aeristela@gmail.com,hrd.clinic@yahoo.com/aeristela@gmail.com,,2,1,3,,,PASSED,Highly Satisfactory,SDTLPT-24-04A1114,HS
4,4A-1147-23-PIBS-R,4A,"HRD SPECIALTY CLINIC AND DIAGNOSTIC SERVICES, INC.","G/F ANNIE'S PLAZA BLDG., E. AGUINALDO HI-WAY SAN AGUSTIN 1, DASMAR•AS CITY, CAVITE",DASMAR•AS CITY / CAVITE,0925-611-2540,"SILVA, AZEUS O.",hrdclinicdasmaii@gmail.com,hrdclinicdasmaii@gmail.com,,0,5,5,,,PASSED,Highly Satisfactory,SDTLPT-24-04A1115,HS
4,4A-XXXX-XX-XXXX-X,4A,IHCDL DRUG TESTING CENTER,"UNIT 2C 2ND FLR. AQUINO BLDG., GARCIA ST., BRGY. NUEVA, SAN PEDRO, LAGUNA",SAN PEDRO/LAGUNA,0917-871-3712,CYNTHIA CRISTINA A. DE GUIA,ihcdl.dtl@gmail.com,ihcdl.dtl@gmail.com,,2,5,7,,,PASSED,Acceptable,SDTLPT-24-04A1116,A
4,4A-1743-24-PFSS-R,4A,IMMACULATE CLINICAL DIAGNOSTICS LABORATORY,"BRGY. GUMAMELA (BESIDES MARZ GASOLINE STATION), BALAYAN, BATANGAS",BALAYAN/BATANGAS,0995-364-9064/0916-522-0421,MARICAR C. HERNANDEZ-CUETO,immaculatediagnostics@gmail.com,immaculatediagnostics@gmail.com,,2,1,3,,,PASSED,Highly Satisfactory,SDTLPT-24-04A1117,HS
4,4A-0580-24-PIBS-R,4A,JADE MEDICAL & DIAGNOSTIC CENTER,"3RD FLOOR DRQ BLDG. JM LOYOLA ST., BRGY. MADUYA, CARMONA, CAVITE",CARMONA/CAVITE,0998-995-4736,ALEXANDER C. FLORENTINO,jadedrugtesting@gmail.com,jadedrugtesting@gmail.com,,4,2,6,,,PASSED,Acceptable,SDTLPT-24-04A1118,A
4,4A-1919-23-PFSS-I,4A,JARO MEDICAL AND DIAGNOSTIC CENTER,"1ST FLOOR GRJ JARO BLDG. KM27 AGUINALDO HIGHWAY, SALITRAN I, DASMARINAS, CAVITE",DASMARINAS CITY / CAVITE,9260681092,"SARINO, TALITHA JENNA T.",laboratoryjaromed@gmail.com,laboratoryjaromed@gmail.com,,2,4,6,,,PASSED,Acceptable,SDTLPT-24-04A1119,A
4,4A-0260-24-PFSS-R,4A,JAZ FAMILY CLINIC AND DIAGNOSTIC CENTER,"24 M. SANTOS ST., (BESIDE ANTIPOLO CITY HEALTH OFFICE), ANTIPOLO CITY, RIZAL",ANTIPOLO/RIZAL,0917-840-1449,ROMIL M. AGUIRRE,jasmin_magnotesoro@yahoo.com,jasmin_magnotesoro@yahoo.com,,1,2,3,,,PASSED,Highly Satisfactory,SDTLPT-24-04A1120,HS
4,4A-0114-24-PFSS-R,4A,JDJ DRUG TESTING CENTER,"LOT 1B, M. SANTOS COR. P BURGOS ST., SAN JOSE, ANTIPOLO CITY, RIZAL",ANTIPOLO/RIZAL,0923-270-0618/ 0917-840-0261,"MAXIMO B. AXIBAL JR., MD",jdjdrugtestingcenter@yahoo.com.ph,jdjdrugtestingcenter@yahoo.com.ph,,3,1,4,,,PASSED,Highly Satisfactory,SDTLPT-24-04A1121,HS
4,4A-XXXX-XX-XXXX-X,4A,LABSERVE DIAGNOSTIC CENTER,"G/F SCBC BLDG. RIZAL AVENUE BRGY. SAN JUAN, TAYTAY, RIZAL",TAYTAY/RIZAL,0917-558-5248/ 0917-525-0842,BERNADETTE ROJAS ESPIRITU,labservedc@gmail.com,labservedc@gmail.com,,4,4,8,,,PASSED,Acceptable,SDTLPT-24-04A1122,A
4,4A-1279-23-PFSS-R,4A,LACOSTA-RMC MEDICAL AND DIAGNOSTIC CENTER,"KM 25 ORTIGAS AVE. EXT.,SAN ISIDRO, TAYTAY, RIZAL",TAYTAY/RIZAL,0919-866-7981,DARIO D. DEFENSOR,lacosta.RMC@gmail.com,lacosta.RMC@gmail.com,,1,5,6,,,PASSED,Acceptable,SDTLPT-24-04A1123,A
4,4A-0256-23-PIBS-R,4A,LAGUNA DIAGNOSTIC CENTER,"3999 QUEZON AVENUE, STO ANGEL SUR, STA. CRUZ CITY, LAGUNA", STA. CRUZ CITY / LAGUNA,0976-028-0527/ (049) 501-0675,"LEE, ARISTOTLE PETER T.",ldcsc21@yahoo.com,ldcsc21@yahoo.com,,2,3,5,,,PASSED,Highly Satisfactory,SDTLPT-24-04A1124,HS
4,4A-0257-23-PIBS-R,4A,LAGUNA DIAGNOSTIC CENTER & MULTISPECIALTY CLINIC,"NATIONAL HIGHWAY BRGY.1 (POB) CROSSING, CALAMBA CITY LAGUNA",CALAMBA CITY / LAGUNA,0995-953-8357/ 545-72-06,"OROPILLA, ANGELIE ERISTELA L.",ldc_diagnostic@yahoo.com,ldc_diagnostic@yahoo.com,,2,0,2,,,PASSED,Excellent,SDTLPT-24-04A1125,E
4,4A-0252-23-PIBS-R,4A,LAGUNA DIAGNOSTIC CENTER & MULTISPECIALTY CLINIC - STA. ROSA,"LDC BUILDING (INFRONT OF CALTEX TAGAPO), SANTA ROSA CITY, LAGUNA",SANTA ROSA CITY / LAGUNA,0949-434-8134/ (049) 827-4753,"MANAOIS, HERBERT Z.",ldcstarosa@yahoo.com,ldcstarosa@yahoo.com,,0,3,3,,,PASSED,Highly Satisfactory,SDTLPT-24-04A1126,HS
4,4A-0253-23-PIBS-R,4A,LAGUNA HOLY FAMILY HOSPITAL INC.,"#1824 J. DE LEON ST. BRGY. PAGSAWITAN, STA. CRUZ CITY, LAGUNA",STA. CRUZ CITY / LAGUNA,0915-942-1755/ 0918-922-8133/ (049) 501-1278,"RAMOS, CELSO S.",lhfhlaboratory@gmail.com,lhfhlaboratory@gmail.com,,2,3,5,,,PASSED,Highly Satisfactory,SDTLPT-24-04A1127,HS
4,4A-0254-23-PFSS-R,4A,"LAGUNA INDUSTRIAL HEALTH CLINIC, INC","MERCADO VILLAGE, BRGY. PULONG STA. CRUZ, SANTA ROSA CITY, LAGUNA",SANTA ROSA CITY / LAGUNA,0975-796-7991,"DALMACIO, LEOVIC C.",pulong@lihci.com.ph,pulong@lihci.com.ph,,2,3,5,,,PASSED,Highly Satisfactory,SDTLPT-24-04A1128,HS
4,4A-0255-23-PFSS-R,4A,"LAGUNA INDUSTRIAL HEALTH CLINIC, INC.-PACIANO RIZAL CALAMBA BRANCH","LIHCI BLDG NATIONAL ROAD, BRGY. PACIANO RIZAL, CALAMBA CITY, LAGUNA",CALAMBA CITY / LAGUNA,0975-682-6153,"DALMACIO, LEOVIC C.",LAGIND900@yahoo.com,LAGIND900@yahoo.com,,1,0,1,,,PASSED,Excellent,SDTLPT-24-04A1129,E
4,4A-0270-24-PFSS-R,4A,LC DIAGNOSTIC CENTER,"230 MERCHAN ST. BRGY IX, LUCENA CITY, QUEZON",LUCENA/QUEZON,0933-811-1415,OSCAR D. NG,lcdiagnostic21@gmail.com,lcdiagnostic21@gmail.com,,3,4,7,,,PASSED,Acceptable,SDTLPT-24-04A1130,A
4,4A-0324-23-PIBS-R,4A,"LDC DIAGNOSTIC AND MULTISPECIALTY CLINIC, INC","#6607 TM PLACE BUILDING, BRGY SAN ANTONIO (ABOVE CHINABANK), LOS BA•OS CITY, LAGUNA",LOS BA•OS CITY / LAGUNA,0991- 692-3435  / (049) 5577347`,"MANAOIS, HERBERT Z.",ldc.lbdiagnostic@gmail.com,ldc.lbdiagnostic@gmail.com,,2,4,6,,,PASSED,Acceptable,SDTLPT-24-04A1131,A
4,4A-0258-23-PIBS-R,4A,"LDC DIAGNOSTIC AND MULTISPECIALTY CLINIC, INC",B&G BLDG S. CASTILLO ST. TANAUAN CITY BATANGAS,TANAUAN CITY / BATANGAS,0995-953-8357,"CUSTODIO, EMAR C.",ldctanauan@gmail.com,ldctanauan@gmail.com,,4,4,8,,,PASSED,Acceptable,SDTLPT-24-04A1132,A
4,4A-1865-24-PIBS-I,4A,"LIFESPAN MEDICAL CLINIC AND DIAGNOSTIC CENTER, INC. ","WINDSOR BUILDING, 605 GENERAL LUNA AVE., MALY SAN MATEO, RIZAL",SAN MATEO/RIZAL,0917-104-1915/ 0960-448-1787,MELVIN JUDE  G. KATAPANG,lifespan.labdept@gmail.com,lifespan.labdept@gmail.com,,0,5,5,,,PASSED,Highly Satisfactory,SDTLPT-24-04A1133,HS
4,4A-0273-24-PIBS-R,4A,LIPA MEDIX MEDICAL CENTER,"J.P. LAUREL HIGHWAY, BALINTAWAK, LIPA CITY, BATANGAS (BESIDE KENNY ROGERS)",BATANGAS,0933-852-6522,CELSO S. RAMOS,lab.dept_lmmc@yahoo.com,lab.dept_lmmc@yahoo.com,,2,3,5,,,PASSED,Highly Satisfactory,SDTLPT-24-04A1134,HS
4,4A-0274-24-PIBS-R,4A,LIVING MYTH INDUSTRIAL CLINIC,"2ND FLOOR SEMFIN BUSINESS CENTER, NATIONAL HIGHWAY, BANLIC, CABUYAO CITY, LAGUNA",CABUYAO/LAGUNA,0920-631-1130,DEXTER A. LEDESMA,mars_reso2003@yahoo.com,mars_reso2003@yahoo.com,,0,2,2,,,PASSED,Excellent,SDTLPT-24-04A1135,E
4,4A-0261-23-PIBS-R,4A,LUCBAN MMG HOSPITAL,"NATIONAL HIGHWAY, BARANGAY TINAMNAN, LUCBAN, QUEZON",LUCBAN / QUEZON,9778504520,"BILOG, RIA L.",kristyallensy@gmail.com,kristyallensy@gmail.com,,2,1,3,,,PASSED,Highly Satisfactory,SDTLPT-24-04A1136,HS
4,4A-0275-24-PFSS-R,4A,LUCENA UNITED DOCTORS HOSPITAL AND MEDICAL CENTER,"BRGY. ISABANG, 2ND DISTRICT (BESIDE NATIONAL FOOD AUTHORITY) LUCENA CITY, QUEZON",LUCENA/QUEZON,0966-177-5194,CELSO S. RAMOS,ludhmc.sdtl@gmail.com,ludhmc.sdtl@gmail.com,,3,1,4,,,PASSED,Highly Satisfactory,SDTLPT-24-04A1137,HS
4,4A-0043-23-PFSS-R,4A,M.R DRUG TESTINGAND MEDICAL SERVICES,"BRGY. PINAGBAYANAN CALAUAG, QUEZON (IN FRONT OF BFP STATION, NEAR NEW MUNICIPAL HALL )",QUEZON,0915-272-8240/ 0917-657-5757,"LUNA, ALBERT M.",margaretteruby1006@gmail.com,margaretteruby1006@gmail.com,,0,2,2,,,PASSED,Excellent,SDTLPT-24-04A1138,E
4,4A-0293-24-PIBS-R,4A,M.V MASANGKAY X-RAY & LABORATORY CLINIC,"174 GENERAL MALVAR AVENUE POBLACION, BRGY. III, STO. TOMAS CITY, BATANGAS",STO. TOMAS/BATANGAS,0915-878-0562,AZEUS O. SILVA,m.vmasangkayclinic@gmail.com,m.vmasangkayclinic@gmail.com,,0,1,1,,,PASSED,Excellent,SDTLPT-24-04A1139,E
4,4A-0367-24-GIBS-R,4A,MABINI COMMUNITY HOSPITAL,"A. MAGNAYE ST., PULONG NIOGAN, MABINI, BATANGAS",MABINI/BATANGAS,0963-245-5800/0916-608-5434,MA. VICTORIA V. LONTOC,mchlaboratory@gmail.com,mchlaboratory@gmail.com,,2,5,7,,,PASSED,Acceptable,SDTLPT-24-04A1140,A
4,4A-XXXX-XX-XXXX-X,4A,MAKILING MEDICAL CLINIC AND DIAGNOSTIC CENTER INC,"LOT 5 BLOCK 3 KM 53 PAN PHILIPPINE HIGHWAY MILAGROSA (TULO), CALAMBA CITY, LAGUNA",CALAMBA CITY / LAGUNA,0906-540-6705,"SOLIS, FLORECITA LUDIVINA T.",makilingmed.laboratory@gmail.com,makilingmed.laboratory@gmail.com,,2,2,4,,,PASSED,Highly Satisfactory,SDTLPT-24-04A1141,HS
4,4A-0419-23-PIBS-R,4A,MARY IMMACULATE LABORATORY  - IMUS CAVITE,"2F EXODUS BLDG., NUE•O AVE.,IMUS CAVITE",IMUS CITY / CAVITE,0926-0667644/ 09175821751/ (042) 471-4022,"LEDESMA, DEXTER A.",icma_lab@yahoo.com,icma_lab@yahoo.com,,1,2,3,,,PASSED,Highly Satisfactory,SDTLPT-24-04A1142,HS
4,4A-0420-23-PIBS-R,4A,MARY IMMACULATE LABORATORY- GEN TRIAS,328 CM DELOS REYES ST. MANGGAHAN GEN. TRIAS CAVITE,GENERAL TRIAS CITY / CAVITE,09155618392 / (046) 4436257,"LEDESMA, DEXTER A.",mil.manggahan@gmail.com,mil.manggahan@gmail.com,,1,4,5,,,PASSED,Highly Satisfactory,SDTLPT-24-04A1143,HS
4,4A-XXXX-XX-XXXX-X,4A,MARY IMMACULATE MEDICAL CLINIC AND LABORATORY,"329 CM DELOS REYES ST., MANGGAHAN, GENERAL TRIAS, CAVITE",GENERAL TRIAS/CAVITE,0928-973-1667/ 0917-582-1757,DEXTER A. LEDESMA,mil_manggahan@yahoo.com,mil_manggahan@yahoo.com,,2,2,4,,,PASSED,Highly Satisfactory,SDTLPT-24-04A1144,HS
4,4A-0279-24-PIBS-R,4A,MARY MEDIATRIX MEDICAL CENTER,"J.P. LAUREL HIGHWAY,, MATAAS NA LUPA, LIPA CITY, BATANGAS",LIPA/BATANGAS,0998-405-2175,ROZANI O. NAVARRO,mmmc.dtolab@gmail.com,mmmc.dtolab@gmail.com,,0,1,1,,,PASSED,Excellent,SDTLPT-24-04A1145,E
4,4A-0281-24-PIBS-R,4A,"MDLINK HEALTHCARE, INC.","G/F ROBINSON'S PLACE LIPA, JP LAUREL HIGHWAY, LIPA CITY, BATANGAS",LIPACITY / BATANGAS,9228280357,"PAGDUNZULAN, FRANK GERALD C.",mdlinklaboratory2017@gmail.com,mdlinklaboratory2017@gmail.com,,3,2,5,,,PASSED,Highly Satisfactory,SDTLPT-24-04A1146,HS
4,4A-XXXX-XX-XXXX-X,4A,MEDCITY DIAGNOSTIC AND MEDICAL CENTER OPC,"DAO COMMERCIAL BLDG., P. DANDAN ST., POB 2, BATANGAS CITY, BATANGAS",BATANGAS,0977-125-5404/0998-573-4916,MA. VICTORIA V. LONTOC,medcitylab2022@gmail.com,medcitylab2022@gmail.com,,1,3,4,,,PASSED,Highly Satisfactory,SDTLPT-24-04A1147,HS
4,4A-XXXX-XX-XXXX-X,4A,"MEDIC 8 MEDICAL AND DIAGNOSTIC CENTER, INC. ","G/F CALACA HEALTHCARE, NATIONAL HIGHWAY, POB.4 , CALACA, BATANGAS",CALACA/BATANGAS,0917-528-5757,GABRIEL J. CRUZ,calacamedic8@gmail.com,calacamedic8@gmail.com,,3,2,5,,,PASSED,Highly Satisfactory,SDTLPT-24-04A1148,HS
4,4A-0264-23-PIBS-R,4A,MEDICAL CENTER WESTERN BATANGAS,"NATIONAL HIGHWAY, BRGY. LANATAN, BALAYAN CITY, BATANGAS",BALAYAN CITY / BATANGAS,0917-627-9422,"DALAWAMPU-LOYOLA, HAIDE C.",laboratory@mcwb.com.pha,laboratory@mcwb.com.pha,,2,2,4,,,PASSED,Highly Satisfactory,SDTLPT-24-04A1149,HS
4,4A-0282-28-PFSS-I,4A,MEDICARD PHILIPPINES INC. - CAINTA RIZAL,"G/L BLDG., 1 STA. LUCIA EAST MALL, CAINTA RIZAL",CAINTA/RIZAL,0998-591-5201/ 0917-836-4129,ARTURO C. LOPEZ,stalucia.laboratory@medicardphils.com,stalucia.laboratory@medicardphils.com,,1,4,5,,,PASSED,Highly Satisfactory,SDTLPT-24-04A1150,HS
4,4A-0265-23-PIBS-R,4A,MEDICARD PHILIPPINES INC. - CALAMBA,"G/F ANDENSON BLDG. II, NATIONAL HIGHWAY, BRGY. PARIAN, CALAMBA CITY, LAGUNA", CALAMBA CITY / LAGUNA,0919-082-8775/ 0920-922-7612/ (02) 8-584-4288,"LOPEZ, ARTURO JR. C.",calamba.laboratory@medicardphils.com,calamba.laboratory@medicardphils.com,,0,5,5,,,PASSED,Highly Satisfactory,SDTLPT-24-04A1151,HS
4,4A-1768-22-PIBS-R,4A,MEDICARD PHILIPPINES INC. - STA. ROSA,"2ND FLOOR HUMANA WELLNESS CENTER, STA. ROSA CITY, LAGUNA",STA. ROSA CITY / LAGUNA,0945-096-2099/ 0920-922-7602/ (049) 544 0635,"LOPEZ, ARTURO JR. C.",starosa.laboratory@medicardphils.com,starosa.laboratory@medicardphils.com,,0,2,2,,,PASSED,Excellent,SDTLPT-24-04A1152,E
4,4A-1219-23-PFSS-R,4A,MEDICROSS HEALTHCARE AND DIAGNOSTIC CENTER,"#225 SALUD BLDG., SAN RAFAEL I, NOVELETA, CAVITE",NOVELETA CITY / CAVITE,9053573621,"DOTOLLO, DOREEN L.",medicross.healthcarezozo@gmail.com,medicross.healthcarezozo@gmail.com,,2,2,4,,,PASSED,Highly Satisfactory,SDTLPT-24-04A1153,HS
4,4A-1806-24-PFSS-I,4A,"MEDIKO KAPITOLYO MULTISPECIALTY AND DIAGNOSTIC, INC.","L1-3, B2 MARVILLE SUBDIVICION CIRCUMFERENTIAL ROAD, BRGY. SAN ROQUE (BESIDE YNARES), ANTIPOLO CITY, RIZAL",ANTIPOLO/RIZAL,0926-078-6038,VENERACION D.  PACIS-MUNAR,mkdt2019@medikokapitolyo.com.ph,mkdt2019@medikokapitolyo.com.ph,,2,1,3,,,PASSED,Highly Satisfactory,SDTLPT-24-04A1154,HS
4,4A-0638-24-PFSS-R,4A,MEDITEST DRUG TESTING LABORATORY,"CASIMIRO YNARES SR., AUDITORIUM, MUNICIPALITY COMPOUND, BINANGONAN, RIZAL",BINANGONAN/RIZAL,0905-194-8079,DARIO D. DEFENSOR,ornedogelyn@gmail.com,ornedogelyn@gmail.com,,4,2,6,,,PASSED,Acceptable,SDTLPT-24-04A1155,A
4,4A-XXXX-XX-XXXX-X,4A,MEDITROOPS LABORATORY AND DIAGNOSTICS,"LOT 1 BLK 1 MAYON DRIVE MONTA•A SUBD., BURGOS, MONTALBAN, RIZAL",MONTALBAN / RIZAL,9227155473,"DEMATERA, FRANCIS F.",meditroops@yahoo.com,meditroops@yahoo.com,,0,1,1,,,PASSED,Excellent,SDTLPT-24-04A1156,E
4,4A-1015-24-PFSS-R,4A,MEDSERVE DIAGNOSTIC LABORATORY,"ESCUDERO ST. POB II, TIAONG, QUEZON",TIAONG/QUEZON,0917-113-9697,MELVINE JUDE  KATAPANG,medservdiagnosticlaboratory@gmail.com,medservdiagnosticlaboratory@gmail.com,,1,2,3,,,PASSED,Highly Satisfactory,SDTLPT-24-04A1157,HS
4,4A-0589-24-PIBS-R,4A,METRO ANTIPOLO HOSPITAL AND MEDICAL CENTER INC. ,"1348 MARCOS HIGHWAY BRGY MAYAMOT ANTIPOLO CITY, RIZAL",ANTIPOLO/RIZAL,0919-086-6544,"JANETTE S. TOLENTINO, MD",mahmci_laboratory@yahoo.com,mahmci_laboratory@yahoo.com,,2,3,5,,,PASSED,Highly Satisfactory,SDTLPT-24-04A1158,HS
4,4A-1436-24-PIBS-R,4A,METRO BALAYAN MEDICAL CENTER,"NATIONAL HIGHWAY BRGY. CALOOCAN, BALAYAN CITY, BATANGAS",BALAYAN/BATANGAS,0916-900-6100/ 0997-461-7710,"THOMAS JEFF C. LIM, MD",mbmcdtl@gmail.com,mbmcdtl@gmail.com,,2,1,3,,,PASSED,Highly Satisfactory,SDTLPT-24-04A1159,HS
4,4A-0270-23-PIBS-R,4A,METRO LIPA MEDICAL CENTER,"J.P. LAUREL HIGHWAY, BARANGAY MARAWOY, LIPA CITY, BATANGAS", LIPA CITY /  BATANGAS,0939-221-4065/ 0917-109-0942,"TORIO, MARITESS TERESITA M.",mlmc.laboratory@gmail.com,mlmc.laboratory@gmail.com,,1,1,2,,,PASSED,Excellent,SDTLPT-24-04A1160,E
4,4A-0368-24-PIBS-R,4A,MONTALBAN MEDICAL AND DIAGNOSTIC LABORATORY,"181-A COL. S. CRUZ STREET, BRGY. BALITE, RODRIGUEZ (MONTALBAN), RIZAL",RODRIGUEZ/RIZAL,0947-813-3696,JEFFERSON B. MENDOZA,montalban.mds@gmail.com,montalban.mds@gmail.com,,1,2,3,,,PASSED,Highly Satisfactory,SDTLPT-24-04A1161,HS
4,4A-0271-23-PIBS-R,4A,MQ DIAGNOSTIC CENTER,"Q PLAZA COMMERCIAL CENTER, FELIX AVE., COR. MARCOS HIGHWAY, SAN ISIDRO, CAINTA CITY, RIZAL",CAINTA CITY / RIZAL,0926-626-1085/ 0917-258-3333/ 8524-7570,"OROPILLA, ANGELIE ERISTELA L.",mq.diagnostics@gmail.com,mq.diagnostics@gmail.com,,0,2,2,,,PASSED,Excellent,SDTLPT-24-04A1162,E
4,4A-0272-23-PIBS-R,4A,MULTILAB DIAGNOSTIC AND HEALTH SERVICES,"#52 TRECE-INDANG ROAD, LUCIANO (BITANGAN) HI-WAY, TRECE MARTIRES CITY, CAVITE",TRECE MARTIRES CITY / CAVITE,9175050084,"FELICIANO, RAYMUNDO F.",dmultilab@gmail.com,dmultilab@gmail.com,,2,2,4,,,PASSED,Highly Satisfactory,SDTLPT-24-04A1163,HS
4,4A-XXXX-XX-XXXX-X,4A,MY LAB CLINICAL LABORATORY,"KAPITAN DAYO BLDG, GENERAL LUNA ST. POBLACION SAN JUAN BATANGAS",SAN JUAN/BATANGAS,0999-226-2399,"MARIA MYSTICA FLODALYN T. BAUSTITA, MD",mylabclinic@gmail.com,mylabclinic@gmail.com,,2,3,5,,,PASSED,Highly Satisfactory,SDTLPT-24-04A1164,HS
4,4A-1759-24-PFSS-I,4A,MYDOCTORS LABORATORY AND DIAGNOSTIC CENTER ,"286 GENERAL LUNA STREET (INFRONT OF CLINICA MAYUGA DENTAL CLINIC), SAN MATEO, RIZAL",SAN MATEO/RIZAL,0917-148-2798/0921-819-5555,JEFFERSON B. MENDOZA,mydoctors.laboratory@yahoo.com,mydoctors.laboratory@yahoo.com,,4,3,7,,,PASSED,Acceptable,SDTLPT-24-04A1165,A
4,4A-0273-23-PIBS-R,4A,N.L. VILLA MEMORIAL MEDICAL CENTER,"F. MANALO ST.,BRGY 8, LIPA CITY, BATANGAS",LIPA CITY / BATANGAS,9457401485,"MANGUIAT, MAY M.",nlvmmc_laboratory@yahoo.com,nlvmmc_laboratory@yahoo.com,,2,3,5,,,PASSED,Highly Satisfactory,SDTLPT-24-04A1166,HS
4,4A-1448-24-PFSS-R,4A,NBZ LABORATORY AND DIAGNOSTIC DRUG TESTING CENTER,"2/F, #75 EMILIA BLDG., QUEZON AVE., BRGY. SAN ISIDRO, ANGONO, RIZAL",ANGONO/RIZAL,0917-51-1665 / 0932-620-3727 / (8) 403-06-02,MA. MYSTICA FLODALYN T. BAUTISTA,nbzlab@gmail.com,nbzlab@gmail.com,,2,3,5,,,PASSED,Highly Satisfactory,SDTLPT-24-04A1167,HS
4,4A-0275-23-PIBS-R,4A,NCLABS DIAGNOSTIC LABORATORY AND MEDICAL CLINIC,"CAMP RIEGO DE DIOS, PARADAHAN II, TANZA CITY, CAVITE",TANZA CITY / CAVITE,0927-924-2941/ 0917-582-1757,"LEDESMA, DEXTER A.",nclabsnuenoclinicallaboratory@gmail.com,nclabsnuenoclinicallaboratory@gmail.com,,2,3,5,,,PASSED,Highly Satisfactory,SDTLPT-24-04A1168,HS
4,4A-1641-23-PIBS-R,4A,NEW SINAI MDI HOSPITAL,"BRGY. TAGAPO, NATIONAL HIGHWAY, STA. ROSA, LAGUNA",STA. ROSA CITY / LAGUNA,9171743513,"LOPEZ, ARTURO JR. C.",mdilab818eqas@gmail.com,mdilab818eqas@gmail.com,,2,0,2,,,PASSED,Excellent,SDTLPT-24-04A1169,E
4,4A-0592-24-PIBS-R,4A,"NEW WORLD DIAGNOSTICS, INC.-TAGAYTAY","UNIT 2 PETROCHEMICAL INVESTMENT BLDG., BRGY. MAHARLIKA WEST, TAGAYTAY CITY, CAVITE",TAGAYTAY/CAVITE,0991-391-3948,PAULO GIOVANNI L. MENDOZA,kristel.dionisio@nwdi.com.ph,kristel.dionisio@nwdi.com.ph,,3,5,8,,,PASSED,Acceptable,SDTLPT-24-04A1170,A
4,4A-0647-24-PIBS-R,4A,"NEWPORT X-RAY, LABORATORY & MEDICAL CENTER INC.","UNIT B & C CASITA STA. ROSA BLDG., 1669 OLD NATIONAL HI-WAY, BRGY. DILA, SANTA ROSA CITY, LAGUNA",SANTA ROSA CITY / LAGUNA,9171309252,"SAGUIL, HORACIO JR. A.",joff888@yahoo.com,joff888@yahoo.com,,2,1,3,,,PASSED,Highly Satisfactory,SDTLPT-24-04A1171,HS
4,4A-1744-24-PIBS-R,4A,NICOLAS-BANAL HEALTH SERVICES,"40 E. ROD. HI-WAY ST. SAN JOSE, RODRIGUEZ CITY, RIZAL",RODRIGUEZ/RIZAL,0947-786-3124,ROMIL MILLAN AGUIRRE,joybanal25@yahoo.com,joybanal25@yahoo.com,,2,2,4,,,PASSED,Highly Satisfactory,SDTLPT-24-04A1172,HS
4,4A-0296-24-PIBS-R,4A,NONATO MULTI-SPECIALTY CLINIC AND DIAGNOSTIC CENTER,"TRECE-INDANG ROAD, BARANGAY LUCIANO, TRECE-MARTIRES, CAVITE",TRECE MARTIRES/CAVITE,0936-769-4586/0995-583-4556,FLORECITA T. SOLIS,nonato_lab@yahoo.com,nonato_lab@yahoo.com,,1,2,3,,,PASSED,Highly Satisfactory,SDTLPT-24-04A1173,HS
4,4A-XXXX-XX-XXXX-X,4A,OCCUMEDICA  HEALTHCARE SYSTEM CORPORATION,"1045 ME GOVERNOR'S DRIVE, OREGANO STREET, BARANGAY MADUYA, CARMONA, CAVITE",CARMONA CITY / CAVITE,9778547577,"ECON, MICHAEL SAM E.",occumedica.clinic@yahoo.com,occumedica.clinic@yahoo.com,,4,3,7,,,PASSED,Acceptable,SDTLPT-24-04A1174,A
4,4A-0491-23-PIBS-R,4A,OPTIMUM HEALTH DIAGNOSTIC AND MEDICAL SERVICES,"147 ESTEBAN MAYO ST., BRGY. 6, LIPA CITY, BATANGAS", LIPA CITY / BATANGAS,9126234300,"WATANABE, SPENCER S.",ohdiagnostic@gmail.com,ohdiagnostic@gmail.com,,1,3,4,,,PASSED,Highly Satisfactory,SDTLPT-24-04A1175,HS
4,4A-1606-23-PIBS-R,4A,ORTIGAS HOSPITAL & HEALTHCARE CENTER INC.,"RM 21, ORTIGAS AVE. EXT., BROOKSIDE HILLS SUBD., BRGY. SAN ISIDRO, CAINTA, RIZAL",CAINTA/RIZAL,0909-977-7055/ 0928-682-0086,JEANNIE I. ANDRADE,ramdtl.ohhc@gmail.com,ramdtl.ohhc@gmail.com,,1,1,2,,,PASSED,Excellent,SDTLPT-24-04A1176,E
4,4A-XXXX-XX-XXXX-X,4A,"OUR LADY OF CAYSASAY MEDICAL CENTER, INC.","V. ILUSTRE AVE., LEMERY, BATANGAS, 4209",LEMERY/BATANGAS,0961-832-5061/ 0935-562-6268,ARISTOTLE PETER TAN LEE,olmclab@gmail.com,olmclab@gmail.com,,5,0,5,,,PASSED,Highly Satisfactory,SDTLPT-24-04A1177,HS
4,4A-XXXX-XX-XXXX-X,4A,OUR LADY OF PROMPT SUCCOR MEDICAL CLINIC ,"MOLINO BLDG. SITIO ILOG PUGAD NATIONAL ROAD SAN JUAN, TAYTAY RIZAL CITY",TAYTAY CITY / RIZAL,0922-680-2127/ 0920-908-4066,"AQUILIZAN, ALMA N.",zaferrer72@yahoo.com,zaferrer72@yahoo.com,,3,2,5,,,PASSED,Highly Satisfactory,SDTLPT-24-04A1178,HS
4,4A-0279-23-PFSS-R,4A,"OXFORD LABORATORY AND DIAGNOSTIC CENTER, INC","ROOM 105 ENTREPRENEUR CENTER, ORTIGAS AVENUE EXTENSION CAINTA RIZAL",CAINTA CITY / RIZAL,0917-882-5556/ 8584-26-74,"BARZA, MARILYN C.",oxford_lab@yahoo.com.ph,oxford_lab@yahoo.com.ph,,4,3,7,,,PASSED,Acceptable,SDTLPT-24-04A1179,A
4,4A-0280-23-GIBS-R,4A,PAGAMUTAN NG DASMARI•AS DRUG TESTING LABORATORY,"PAGAMUTANG DASMARI•AS CONGRESSIONAL AVENUE BUROL III, DASMARI•AS CITY, CAVITE",DASMARI•AS CITY / CAVITE,09485009922/046-481-4400,"GNILO, IRMA VERONICA M.",pagamutandtl@gmail.com,pagamutandtl@gmail.com,,0,2,2,,,PASSED,Excellent,SDTLPT-24-04A1180,E
4,4A-0302-24-PIBS-R,4A,PAMANA MEDICAL CENTER,"NATIONAL HIGHWAY BRGY. HALANG, CALAMBA CITY, LAGUNA",CALAMBA/LAGUNA,0915-435-1130,MARLENE S. ONTOG,pamanadrugtesting2016@gmail.com,pamanadrugtesting2016@gmail.com,,4,0,4,,,PASSED,Highly Satisfactory,SDTLPT-24-04A1181,HS
4,4A-0494-22-PFSS-R,4A,PANAPAAN LABORATORY AND DIAGNOSTIC CENTER,"MGG BLDG., UNIT B KM. 17 AGUINALDO HIGHWAY, PANAPAAN IV, BACOOR CAVITE",PANAPAAN/BACOOR CAVITE,0921-645-5134,JOHN ARNEL DALGO AMATA,panapaanlab@gmail.com,panapaanlab@gmail.com,,2,1,3,,,PASSED,Highly Satisfactory,SDTLPT-24-04A1182,HS
4,4A-0450-23-PFSS-R,4A,"PARA•AQUE ULTRASOUND AND DIAGNSOTIC CENTER, INC.","RM8 2/F OCAMPO COMMERCIAL CENTER, ANIBAN, BACOOR CITY, CAVITE",BACOOR CITY / CAVITE,09238765089/ 09175551087/ (046) 4163956,"PINEDA, MINNIE JANE A.",pudci_aniban@yahoo.com,pudci_aniban@yahoo.com,,0,3,3,,,PASSED,Highly Satisfactory,SDTLPT-24-04A1183,HS
4,4A-0451-23-PFSS-R,4A,"PARA•AQUE ULTRASOUND AND DIAGNSOTIC CENTER, INC.-MOLINO","#321 MOLINO ROAD, MOLINO 3, BACOOR CITY, CAVITE",BACOOR CITY / CAVITE,09175551087 /09989124572,"PINEDA, MINNIE JANE A.",pudc.molino@yahoo.com.ph,pudc.molino@yahoo.com.ph,,0,3,3,,,PASSED,Highly Satisfactory,SDTLPT-24-04A1184,HS
4,4A-0449-23-PFSS-R,4A,PARA•AQUE ULTRASOUND DIAGNOSTIC  CENTER INC.,"379 EMILIO AGUINALDO HIGHWAY TALABA IV, BACOOR, CAVITE",BACOOR CITY / CAVITE,09219761083/ 09175551087/ (046) 3416-1965,"PINEDA, MINNIE JANE A.",pudc_bacoor@yahoo.com/mjaneabalos@yahoo.com,pudc_bacoor@yahoo.com/mjaneabalos@yahoo.com,,2,4,6,,,PASSED,Acceptable,SDTLPT-24-04A1185,A
4,4A-1605-24-PIBS-R,4A,PAREDES MEDICAL CENTER,"PAREDES BUILDING., AGUINALDO HIGHWAY BAYAN LUMA IV, IMUS CITY, CAVITE",IMUS/CAVITE,0917-980-7434/ (046) 515-1890,FLORECITA  L. SOLIS,ppcc_lab@yahoo.com,ppcc_lab@yahoo.com,,3,0,3,,,PASSED,Highly Satisfactory,SDTLPT-24-04A1186,HS
4,4A-0596-24-PFSS-R,4A,PDP DRUGTECH DRUG TESTING LABORATORY,"2/F #15 A. BONIFACIO AVENUE LANDMARK: NEAR CAINTA ELEMENTARY SCHOOL PAROLA CORNER SAVEMORE PAROLA, 2ND FLOOR OF CEBUANA, CAINTA, RIZAL",CAINTA/RIZAL,0919-970-9083,MARIA LEAL M. REYES,pdpdrugtech@gmail.com,pdpdrugtech@gmail.com,,4,1,5,,,PASSED,Highly Satisfactory,SDTLPT-24-04A1187,HS
4,4A-1669-23-PIBS-R,4A,"PETER PAUL MEDICAL CENTER OF CANDELARIA, INC.","BRGY. POBLACION, REGIDOR ST., CANDELARIA, QUEZON, CANDELARIA, QUEZON",CANDELARIA CITY / QUEZON,9279549155,"TAGAYUNA, PEDRITO Y.",ppmcci_lab@yahoo.com.ph,ppmcci_lab@yahoo.com.ph,,1,3,4,,,PASSED,Highly Satisfactory,SDTLPT-24-04A1188,HS
4,4A-0284-23-PIBS-R,4A,PHILIPPINE GEOTHERMAL PRODUCTION COMPANY INC. -MAKBAN CLINIC,"RIZAL AVENUE, BRGY. BITIN, BAY, LAGUNA",BAY / LAGUNA,9178810173,"SUNAGAWA, FRANCIS TERURAZU S.",philippinegeothermalcompany@yahoo.com,philippinegeothermalcompany@yahoo.com,,1,2,3,,,PASSED,Highly Satisfactory,SDTLPT-24-04A1189,HS
4,4A-0305-24-PIBS-R,4A,PIONEER CLINICAL LABORATORY AND MEDICAL CLINIC INC.,"PCLI BLDG NO. 1 P. NOBLE ST. BARANGAY 10, BATANGAS CITY, BATANGAS",BATANGAS,0942-568-3329/ 0908-143-6890/ 0926-674- 1090,"RAYMUNDO F. FELICIANO, MD",pclmi.laboratory@gmail.com,pclmi.laboratory@gmail.com,,1,1,2,,,PASSED,Excellent,SDTLPT-24-04A1190,E
4,4A-0306-24-PIBS-R,4A,PMP DIAGNOSTIC CENTER INC. - LAGUNA,"#1241 A-1 NATIONAL HIGHWAY, BRGY. DILA, CITY OF SANTA ROSA, LAGUNA",SANTA ROSA/LAGUNA,0975-915-5091/ 0917-839-9766,RONALD D. CABUDOY,labdeptstarosa@yahoo.com,labdeptstarosa@yahoo.com,,2,0,2,,,PASSED,Excellent,SDTLPT-24-04A1191,E
4,4A-0422-23-PFSS-R,4A,POLICARPIO-MANESE DRUG TESTING LABORATORY,"137 A-2 MAHOGANY AVE. MAHARLIKA WEST, TAGAYTAY CITY, CAVITE ",TAGAYTAY CITY / CAVITE,09176307460 0464236413,"MALUTO, EMILIANO U.",policarpiodtl@gmail.com,policarpiodtl@gmail.com,,0,1,1,,,PASSED,Excellent,SDTLPT-24-04A1192,E
4,4A-1156-23-PIBS-R,4A,PRIMACARE MEDICAL LABORATORY & CLINIC,"GROUND FLR., ROSARIO COMMERCIAL CENTER, GENERAL TRIAS DRIVE, EPZA, ROSARIO CITY, CAVITE",ROSARIO CITY / CAVITE,9771399524,"GO, EDNA MAY L.",primacaremedicalclinic@yahoo.com,primacaremedicalclinic@yahoo.com,,2,2,4,,,PASSED,Highly Satisfactory,SDTLPT-24-04A1193,HS
4,4A-1600-24-PIBS-R,4A,"PRIME LABORATORY AND DOCTORS CLINIC, INC","UNIT 101, DENCRIS BUSINESS CENTER, BRGY. HALANG, CALAMBA CITY, LAGUNA",CALAMBA/LAGUNA,0969-108-8003/ 0999-537-6014,"SHIELA MARIE C, DELOS REYES ",primelabclinic.laboratory@gmail.com,primelabclinic.laboratory@gmail.com,,1,2,3,,,PASSED,Highly Satisfactory,SDTLPT-24-04A1194,HS
4,4A-1766-24-PFSS-I,4A,PROMEDICA MEDICAL CLINIC AND LABORATORY CORPORATION,"BLK 4 LOT 12 M.D. CONSUELO BLDG., PNOC DRIVE, COSTA VERDE SUBD., BRGY. TEJEROS CONVENTION, ROSARIO, CAVITE",ROSARIO/CAVITE,0975-071-6978/ 0977-855-0572,CARL CHESTER FLOYD  L. GO ,dtl.promedicamedical@gmail.com,dtl.promedicamedical@gmail.com,,2,1,3,,,PASSED,Highly Satisfactory,SDTLPT-24-04A1195,HS
4,4A-0423-23-PIBS-R,4A,PROVEN CARE DIAGNOSTIC LABORATORY AND MEDICAL CLINIC,"3RD FLOOR FAUSTINO BLDG. 149 DON BOSCO ST. MAYAPA, CALAMBA CITY, LAGUNA",CALAMBA/LAGUNA,0969-205-1892/0917-816-1487,MARY ANN  O. CABRERA,provencare_diagnostic@yahoo.com.ph,provencare_diagnostic@yahoo.com.ph,,3,4,7,,,PASSED,Acceptable,SDTLPT-24-04A1196,A
4,4A-0450-23-PFSS-R,4A,PUREHEALTH DIAGNOSTIC CENTER INC. - DASMARI•AS ,"B1 L17, 2ND FLOOR,  STERLING MILES BLDG., BRGY. SALAWAG, DASMARI•AS CITY, CAVITE",DASMARI•AS CITY / CAVITE,0966-8823-465/ (046) 416 5043,"PINEDA, MINNIE JANE A.",purehealthsalawag@yahoo.com,purehealthsalawag@yahoo.com,,3,4,7,,,PASSED,Acceptable,SDTLPT-24-04A1197,A
4,4A-1910-23-PFSS-R,4A,PUREHEALTH DIAGNOSTIC CENTER INC. - GEN. MARIANO ALVAREZ,"PYT BLDG. B2 L17&19 TEACHERS VILL. SAN GABRIEL AREA K. GENERAL MARIANO ALVAREZ, CAVITE",GENERAL MARIANO ALVAREZ CITY / CAVITE,0966-8823-465/ (046) 435-8685,"PINEDA, MINNIE JANE A.",purehealthgma@yahoo.com,purehealthgma@yahoo.com,,3,5,8,,,PASSED,Acceptable,SDTLPT-24-04A1198,A
4,4A-0452-23-PFSS-R,4A,"PUREHEALTH DIAGNOSTIC CENTER, INC. - TALABA IV BACOOR","MDSW BLDG. EMILIO AGUINALDO HIGHWAY, TALABA IV, BACOOR CITY, CAVITE",BACOOR CITY / CAVITE,0966-8823-465/ (046) 416-22-15,"PINEDA, MINNIE JANE A.",purehealthtalaba@yahoo.com,purehealthtalaba@yahoo.com,,4,2,6,,,PASSED,Acceptable,SDTLPT-24-04A1199,A
4,4A-0453-23-PIBS-R,4A,"PUREHEALTH DIAGNOSTIC CENTER, INC. - MOLINO","2ND FLOOR GLO'S BLDG. B4L4 VILLA MARIA SUBD. GSIS ROAD MOLINO 3, BACOOR CITY, CAVITE",BACOOR CITY / CAVITE,0966-8823-465/ (046) 424-7680,"PINEDA, MINNIE JANE A.",purehealthdiagnostic48@yahoo.com,purehealthdiagnostic48@yahoo.com,,2,2,4,,,PASSED,Highly Satisfactory,SDTLPT-24-04A1200,HS
4,4A-1547-22-PIBS-R,4A,QMMG DIAGNOSTIC CENTER CLINICAL LABORATORY,"MEDICAL PLAZA I, 13 QUEZON AVENUE, BRGY. 1, LUCENA CITY, QUEZON PROVINCE",LUCENA CITY / QUEZON,0908-293-4763/ 0921-436-9166,"SUPE•A, RAYMUNDO C.",mmgdiagnosticlaboratory@yahoo.com,mmgdiagnosticlaboratory@yahoo.com,,2,2,4,,,PASSED,Highly Satisfactory,SDTLPT-24-04A1201,HS
4,4A-0289-23-PIBS-R,4A,QUALIMED HEALTH NETWORK SANTA ROSA,"WEST NATURE AVENUE, NUVALI NORTH, BRGY. STO. DOMINGO, STA. ROSA, LAGUNA",STA. ROSA CITY / LAGUNA,9152257846,"DIMACALI, ANDREW D.",laboratory.str@gmail.com,laboratory.str@gmail.com,,2,5,7,,,PASSED,Acceptable,SDTLPT-24-04A1202,A
4,4A-0507-22-GIBS-R,4A,QUEZON MEDICAL CENTER,"QUEZON AVE., BRGY. XI, LUCENA CITY, QUEZON",LUCENA CITY / QUEZON,(042) 717 6323 loc 246,"SUPE•A, RAYMUNDO C.",qmclaboratory23@gmail.com,qmclaboratory23@gmail.com,,1,1,2,,,PASSED,Excellent,SDTLPT-24-04A1203,E
4,4A-0314-24-PIBS-R,4A,R.B. LIRIO MEDICAL AND DIAGNOSTIC CLINIC,"R.B. LIRIO MEDICAL AND DIAGNOSTIC CLINIC, NATIONAL ROAD, BRGY. MAYAPA, CALAMBA CITY, LAGUNA",CALAMBA CITY / LAGUNA,9189157353/ 0956-471-2344,"BONGAT, ROGELDA G.",rblmedical@yahoo.com,rblmedical@yahoo.com,,4,3,7,,,PASSED,Acceptable,SDTLPT-24-04A1204,A
4,4A-0413-23-PIBS-R,4A,R.G.O LABORATORY AND INDUSTRIAL DIAGNOSTIC CENTER INC. (CAVITE),"UNIT 103/104/205 H-SQUARE, CENTENNIAL ROAD. BRGY. BACO GENERAL TRIAS CAVITE",GENERAL TRIAS CITY / CAVITE,0917-5491-517/ (046) 484-7732,"MANAOIS, HERBERT Z.",rgo.gtcavite@gmail.com,rgo.gtcavite@gmail.com,,3,0,3,,,PASSED,Highly Satisfactory,SDTLPT-24-04A1205,HS
4,4A-0601-24-PFSS-R,4A,R.S. PUNZALAN MULTISPECIALTY AND DIAGNOSTIC CLINIC,"PUROK I, SAN AGUSTIN, TRECE MARTIRES CITY, CAVITE (NEAR IGLESIA NI CRISTO)",TRECE MARTIRES/CAVITE,0994-886-7389/ 0917-868-5058,DOREEN L. DOTOLLO,rspunzalan081015@gmail.com,rspunzalan081015@gmail.com,,3,5,8,,,PASSED,Acceptable,SDTLPT-24-04A1206,A
4,4A-1736-23-PIBS-I,4A,RAMOS-PARRA MEDICAL AND DIAGNOSTIC CENTER,"ILANO COMPOUND, CONGRESSIONAL ROAD, BRGY. H2, (IN FRONT OF ROYAL STAR), DASMARI•AS, CAVITE",DASMARI•AS CITY / CAVITE,9976039372/(046)4840128,"SOLIS, FLORECITA LUDIVINA T.",ramosmedicalclinic@yahoo.com,ramosmedicalclinic@yahoo.com,,3,3,6,,,PASSED,Acceptable,SDTLPT-24-04A1207,A
4,4A-XXXX-XX-XXXX-X,4A,RANNY MEDICAL AND DIAGNOSTIC CLINIC,"FILSYN COMPOUND, BRGY. DON JOSE, STA. ROSA, LAGUNA",STA. ROSA / LAGUNA,9613509664,"PAGDUNZULAN, FRANK GERALD C.",rmdc.dtl@gmail.com,rmdc.dtl@gmail.com,,4,3,7,,,PASSED,Acceptable,SDTLPT-24-04A1208,A
4,4A-0315-24-PIBS-R,4A,REAL CARE LABORATORY AND MEDICAL CLINIC,"EUNIARC PLAZA 081 TOMAS CLAUDIO BRGY. SAN JUAN, MORONG RIZAL",MORONG/RIZAL,0933-866-2321,FREDERICK R. LLANERA,realcarelaboratory@gmail.com,realcarelaboratory@gmail.com,,2,5,7,,,PASSED,Acceptable,SDTLPT-24-04A1209,A
4,4A-0316-24-PFSS-R,4A,REALAB MEDICAL AND DIAGNOSTIC CENTER,"213 NATIONAL HIGHWAY BRGY REAL, CALAMBA CITY, LAGUNA",CALAMBA/LAGUNA,09084301916/ 09998829848,RAYMUNDO C. SUPE•A,realabmedicalanddiagnostic@gmail.com,realabmedicalanddiagnostic@gmail.com,,3,0,3,,,PASSED,Highly Satisfactory,SDTLPT-24-04A1210,HS
4,4A-1374-23-PIBS-R,4A,RNR MEDICAL CLINIC AND LABORATORY FACILITY,"LOT2 BLK21 NHA AVE. BRGY DELA PAZ ANTIPOLO CITY, RIZAL (INFRONT OF RPHS ANTIPOLO ANNEX 1)",ANTIPOLO/RIZAL,0943-020-1463,"PAULO ANTONIO E. CLEMENTE, MD",RNRdiagnosticClinic@yahoo.com,RNRdiagnosticClinic@yahoo.com,,3,5,8,,,PASSED,Acceptable,SDTLPT-24-04A1211,A
4,4A-0759-24-PFSS-R,4A,ROSARIO SHALOM MEDICAL DIAGNOSTIC CENTER,"BARANGAY C. (POB.), ROSARIO, BATANGAS",ROSARIO / BATANGAS,9750222676,"CABIC, ALPHA GRACE B.",rosario@shalom.ph,rosario@shalom.ph,,0,3,3,,,PASSED,Highly Satisfactory,SDTLPT-24-04A1212,HS
4,4A-1933-23-PFSS-I,4A,SAINT FAUSTA MEDICAL DIAGNOSTIC AND PHARMACY CO,"OL LUCBAN, OLALIA ROAD, BRGY. DELA PAZ, ANTIPOLO CITY, RIZAL",ANTIPOLO CITY / RIZAL,9951221292,"LEDESMA, DEXTER A.",stfausta.laboratory@gmail.com,stfausta.laboratory@gmail.com,,1,1,2,,,PASSED,Excellent,SDTLPT-24-04A1213,E
4,4A-0373-24-PIBS-R,4A,SAINT PATRICK'S HOSPITAL MEDICAL CENTER,"LOPEZ JAENA ST.,  POBLACION II, BATANGAS CITY, BATANGAS (NEAR PLAZA MABINI)",BATANGAS,0916-586-2269,"ABEGAYLE MACHELLE P. CHUA, MD",sphdtl@yahoo.com,sphdtl@yahoo.com,,2,3,5,,,PASSED,Highly Satisfactory,SDTLPT-24-04A1214,HS
4,4A-1459-24-PIBS-R,4A,SAINTS BRIGIT AND ROCH MEDICAL LAB AND BIRTHING CENTER,"UNIT 2B-5 ONE SANTA ROSA PRIME NATIONAL HIGHWAY, BRGY. DILA, SANTA ROSA, LAGUNA",SANTA ROSA/LAGUNA,0968-679-6425/0977-352-5540,GABRIEL J. CRUZ,sbrmedicallab@gmail.com/anatomical@gammacaremsi.com,sbrmedicallab@gmail.com/anatomical@gammacaremsi.com,,5,3,8,,,PASSED,Acceptable,SDTLPT-24-04A1215,A
4,4A-0292-23-PIBS-R,4A,"SAN ANTONIO MEDICAL CENTER OF LIPA, INC.","#2 C.M. RECTO AVENUE, BRGY. 9A LANDMARK: NEAR SAN SEBASTIAN CATHEDRAL(IN FRONT OF YAMAHA), LIPA CITY", LIPA CITY / BATANGAS,0917-630-0360/ (043)- 756-2522,"BAUTISTA, NINA NATALIA L.",schistosomajaponicum31@yahoo.com,schistosomajaponicum31@yahoo.com,,1,0,1,,,PASSED,Excellent,SDTLPT-24-04A1216,E
4,4A-0293-23-PIBS-R,4A,SAN PABLO COLLEGES MEDICAL CENTER,"SAN PABLO COLLEGES MEDICAL CENTER, GROUND FLOOR CENTRAL BUILDING, MAHARLIKA HIGHWAY, BRGY. SAN RAFAEL",SAN PABLO CITY / LAGUNA,09672975654/09991635696,"MONTANO, ROSELLA L.",spcmc.laboratory@gmail.com/rosellamontano@gmail.com,spcmc.laboratory@gmail.com/rosellamontano@gmail.com,,1,3,4,,,PASSED,Highly Satisfactory,SDTLPT-24-04A1217,HS
4,4A-0637-24-PFSS-R,4A,SARREAL DRUG TESTING CENTER,"188 TUCLONG 2B, CITY OF IMUS, CAVITE",IMUS/CITY,0929-280-0408/ 0917-822-7109,MONINA C. MONTENEGRO,sarreal_dtc@yahoo.com,sarreal_dtc@yahoo.com,,2,0,2,,,PASSED,Excellent,SDTLPT-24-04A1218,E
4,4A-0050-23-PFSS-R,4A,SEQUEL QUEST DRUG TESTING LABORATORY,RT3 BLDG. 2/F BLK 141 LOT 12 GOV. DRIVE OLD BULIHAN SILANG CAVITE,SILANG CITY / CAVITE,09995-102-3073,"LEDESMA, DEXTER A.",drugtestinglaboratorysequelque@gmail.com,drugtestinglaboratorysequelque@gmail.com,,4,4,8,,,PASSED,Acceptable,SDTLPT-24-04A1219,A
4,4A-0319-24-PFSS-R,4A,SHALOM DYNAMIC HEALTH CARE CO.,"JP RIZAL ST., POBLACION 1 (BESIDE ROBINSONS EASY MART), BAUAN, BATANGAS",BAUAN / BATANGAS,9171167418,"CABIC, ALPHA GRACE B.",shalombauan1@gmail.com,shalombauan1@gmail.com,,3,2,5,,,PASSED,Highly Satisfactory,SDTLPT-24-04A1220,HS
4,4A-0322-24-PIBS-R,4A,SHALOM DYNAMIC HEALTH CARE CO. ,"2ND FLOOR MAPITAN BLDG. (NEAR SM CITY BATANGAS, ACROSS SHELL GAS STATION) , NATIONAL ROAD, PALLOCAN, KANLURAN, BATANGAS CITY, BATANGAS",BATANGAS CITY / BATANGAS,9563084945,"CABIC, ALPHA GRACE B.",dynamichealth@shalom.ph,dynamichealth@shalom.ph,,4,4,8,,,PASSED,Acceptable,SDTLPT-24-04A1221,A
4,4A-0318-24-PIBS-R,4A,"SHECHEM LABORATORY AND POLYMEDICAL CENTER, INC.","2F ISA. INA. IRA BLDG. J.P LAUREL ST. COR. C. ALVAREZ ST., BRGY 3, NASUGBU CITY, BATANGAS",NASUGBU/BATANAS,9162650295,MEMARIBEL P. MARTINEZ,shechemlab.2016@yahoo.com,shechemlab.2016@yahoo.com,,2,3,5,,,PASSED,Highly Satisfactory,SDTLPT-24-04A1222,HS
4,4A-0323-24-PIBS-R,4A,SIERRA MAKILING HEALTH CORPORATION,"SIERRA MAKILING BLDG., KM 61 MAHARLIKA HIGHWAY, BRGY. SAN ANTONIO, SANTO TOMAS CITY, BATANGAS",SANTO TOMAS/BATANGAS,0949-143-0722,FERDINAND B. GALANG,sierrahealthdiagnosticcenter@gmail.com,sierrahealthdiagnosticcenter@gmail.com,,0,5,5,,,PASSED,Highly Satisfactory,SDTLPT-24-04A1223,HS
4,4A-0603-24-PFSS-R,4A,SILANG MEDICAL LABORATORY DRUGTEST,"152 J.P RIZAL STREET, POBLACION 2, SILANG, CAVITE",SILANG / CAVITE,9615399667,"BANTOLINAO, FELICIDAD R.",smldrugtest2019@gmail.com,smldrugtest2019@gmail.com,,0,4,4,,,PASSED,Highly Satisfactory,SDTLPT-24-04A1224,HS
4,4A-0053-23-PFFS-R,4A,SMARTGUYS COMMUNITY HEALTHCARE INC.,"2ND FLOOR F.P PEREZ BLDG., PARIAN, CALAMBA CITY, LAGUNA",CALAMBA/LAGUNA,0967-864-9442,"AZEUS O. SILVA, MD",smartguys.drugtest@gmail.com,smartguys.drugtest@gmail.com,,3,0,3,,,PASSED,Highly Satisfactory,SDTLPT-24-04A1225,HS
4,4A-0326-24-PIBS-R,4A,SOUTH CITY HOSPITAL AND MEDICAL CENTER,"115 DAANGHARI ROAD, MOLINO 4, BACOOR CITY, CAVITE",BACOOR/CAVITE,0919-075-0478,MARLENE S. ONTOG,schmclab@gmail.com,schmclab@gmail.com,,2,4,6,,,PASSED,Acceptable,SDTLPT-24-04A1226,A
4,4A-0327-24-PFSS-R,4A,SSMC HEALTH INC.,"2ND FLOOR ALCASID BUSINESS CENTER, ALCASID BUILDING CROSSING, CALAMBA CITY, LAGUNA`",CALAMBA/LAGUNA,0949-535-8729/ 0917-886-0063,"IFTIZAR N. HARON, MD",ssmc_calamba@yahoo.com,ssmc_calamba@yahoo.com,,2,0,2,,,PASSED,Excellent,SDTLPT-24-04A1227,E
4,4A-0329-24-PIBS-R,4A,SSMC HEALTH INC.-ROSARIO BRANCH,"2ND FLOOR, ANDICO BLDG., GEN. TRIAS DRIVE, TEJEROS CONVENTION, ROSARIO CITY, CAVITE",ROSARIO/CAVITE,0935-298-1574/0917-886-0063,IFTIZAR N. HARON,ssmcepza@gmail.com,ssmcepza@gmail.com,,1,3,4,,,PASSED,Highly Satisfactory,SDTLPT-24-04A1228,HS
4,4A-1277-24-PFSS-R,4A,"ST, JOHN DIAGNOSTIC AND MEDICAL CLINIC","122 GF GONZALES BUILDING (NEAR WATER DISTRICT) J. GONZALES ST. DISTRICT 3, TANAUAN, BATANGAS",TANAUAN/BATANGAS,0945-270-5488/0922-900-3755,FERDINAND B. GALANG,drugtestsjdmc2023@gmail.com,drugtestsjdmc2023@gmail.com,,4,4,8,,,PASSED,Acceptable,SDTLPT-24-04A1229,A
4,4A-0368-21-PIBS-R,4A,ST. ANNE GENERAL HOSPITAL INC.,"P. GOMEZ EXT. RED V IBA. DUPAY LUCENA CITY, QUEZON",LUCENA CITY / QUEZON,0995-842-1508/042-710-2218/ 710-2218,"RAMOS, CELSO S.",saghilabsdtl@gmail.com,saghilabsdtl@gmail.com,,2,3,5,,,PASSED,Highly Satisfactory,SDTLPT-24-04A1230,HS
4,4A-0607-24-PFSS-R,4A,ST. BERNADETTE DRUG TESTING CENTER,"SITIO MASIKAP, BRGY. 3RD DISTRICT JALAJALA, RIZAL",JALAJALA/RIZAL,0917-144-5560/ 0977-247-7146,ROSA MIA D. GOMEZ,sbmmcdrugtestingcenter@gmail.com,sbmmcdrugtestingcenter@gmail.com,,1,1,2,,,PASSED,Excellent,SDTLPT-24-04A1231,E
4,4A-0298-23-PIBS-R,4A,"ST. DOMINIC MEDICAL CENTER, INC.","EMILIO AGUINALDO HIGHWAY, TALABA IV, BACOOR, CAVITE (IN FRONT OF MCDONALD)",BACOOR CITY / CAVITE,0998-976-2530/ 0917-896-6818,"DELA ROSA, ROLAN R.",sdmc_laboratory@yahoo.com,sdmc_laboratory@yahoo.com,,1,2,3,,,PASSED,Highly Satisfactory,SDTLPT-24-04A1232,HS
4,4A-0333-24-PIBS-R,4A,ST. DOMINIC MEDICAL LABORATORY AND DRUG TESTING CENTER (CALAMBA CITY LAGUNA),"373 NATIONAL HI-WAY KRISTINE BLDG. BRGY. BUCAL CALAMBA CITY , LAGUNA",CALAMBA/LAGUNA,09189353547/ (049) 5451714,IMELDA MARIE FREMIELLE  F. PALACOL ,sdmldtc@gmail.com ,sdmldtc@gmail.com ,,0,0,0,,,PASSED,Excellent,SDTLPT-24-04A1233,E
4,4A-0299-23-PIBS-R,4A,ST. FRANCES CABRINI MEDICAL CENTER INC.,"MAHARLIKA HIGHWAY, POBLACION 2, STO. TOMAS CITY, BATANGAS",STO. TOMAS CITY / BATANGAS,0917-820-3748/ (043) 778-4811,"DE CHAVEZ, AIRA LIZA F.",dtcabrini@gmail.com,dtcabrini@gmail.com,,0,5,5,,,PASSED,Highly Satisfactory,SDTLPT-24-04A1234,HS
4,4A-0300-23-PIBS-R,4A,ST. IGNATIUS DE LOYOLA HEALTH CARE SERVICES,"81 JOAQUINA BLDG. A. BONIFACIO ST., STO. DOMINGO, CAINTA CITY, RIZAL",CAINTA CITY / RIZAL,0917-8009-568/ 0922-864-8115,"TILBE, MA. LOURDES A.",stignatiuscainta@yahoo.com,stignatiuscainta@yahoo.com,,4,4,8,,,PASSED,Acceptable,SDTLPT-24-04A1235,A
4,4A-0334-24-PIBS-R,4A,ST. JAMES HOSPITAL INC,"MARIQUITA PUEBLO, BARANGAY DITA, STA ROSA, LAGUNA",STA ROSA/LAGUNA,0933-813-9891,ANDREW D.  DIMACALI,laboratorystjamesinc@gmail.com,laboratorystjamesinc@gmail.com,,1,0,1,,,PASSED,Excellent,SDTLPT-24-04A1236,E
4,4A-XXXX-XX-XXXX-X,4A,ST. JOHN CALABRIA FOUNDATION INC. ,"CALABRIAN COMPOUND, SAN LORENZO RUIZ, SAN JUAN, TAYTAY, RIZAL",TAYTAY/RIZAL,0915-465-9330,BERNADETTE R. ESPIRITU,cliniccalabrians@gmail.com,cliniccalabrians@gmail.com,,3,5,8,,,PASSED,Acceptable,SDTLPT-24-04A1237,A
4,4A-0301-23-PIBS-R,4A,ST. JOHN OF THE CROSS LABORATORY CLINIC,"295 GEZN. LUNA ST., GITNANGBAYAN II, SAN MATEO, RIZAL",SAN MATEO/RIZAL,0956-577-0661,ANNALIZA T.  LIM,stc.labclinic@gmail.com,stc.labclinic@gmail.com,,1,4,5,,,PASSED,Highly Satisfactory,SDTLPT-24-04A1238,HS
4,4A-0616-21-PFSS-R,4A,ST. MAGDALENE POLYCLINIC,"NATIONAL ROAD, BARANGAY BANLIC, CABUYAO CITY, LAGUNA (IN FRONT OF WALTER MART )",CABUYAO CITY / LAGUNA,0922-481-8567 / 049-534-0745 / 049-534-0745,"ONTOG, MARLENE S.",st.magdalenepolyclinic@yahoo.com,st.magdalenepolyclinic@yahoo.com,,0,1,1,,,PASSED,Excellent,SDTLPT-24-04A1239,E
4,4A-0938-21-PFSS-R,4A,ST. MICHAEL'S MEDICAL CLINIC & DIAGNOSTIC CENTER,"2ND. FLR. ATDMAM BLDG. BRGY. UNO, CROSSING, CALAMBA CITY, LAGUNA",CALAMBA CITY / LAGUNA,0905-3726-829/ (049) 545-0871,"CASTRO, BU C.",smmc_calamba@yahoo.com,smmc_calamba@yahoo.com,,0,2,2,,,PASSED,Excellent,SDTLPT-24-04A1240,E
4,4A-XXXX-XX-XXXX-X,4A,ST. PEREGRINE HEALTH CARE CORP.,"G/F J. HUMARANG BLDG. PALANAS, LEMERY, BATANGAS",LEMERY / BATANGAS,09666031312/ 0917824410,"SILVA, AZEUS O.",grsalazahr@gmail.com / lina1226@yahoo.com,grsalazahr@gmail.com / lina1226@yahoo.com,,4,2,6,,,PASSED,Acceptable,SDTLPT-24-04A1241,A
4,4A-0292-24-PIBS-R,4A,ST. THOMAS AQUINAS HOSPITAL CORPORATION (METRO LEMERY MEDICAL CENTER),"PALANAS, LEMERY BATANGAS, LEMERY, BATANGAS",LEMERY/BATANGAS,0949-828-7119/ 0917-551-6858,AZEUS O. SILVA,laboratory.mlmc@gmail.com,laboratory.mlmc@gmail.com,,0,2,2,,,PASSED,Excellent,SDTLPT-24-04A1242,E
4,4A-1437-23-PIBS-R,4A,ST. VERONICA CLINICAL LABORATORY AND NEURO PSYCHIATRY TESTING AND EVALUATION CENTER,"43, QUEZON AVE., LUCENA CITY, QUEZON",LUCENA CITY / QUEZON,0951-6488-274/ 0917-109-0942,"TORIO, MARITESS TERESITA M.",sallypuertollano@yahoo.com / mtmtpathmd@gmail.com,sallypuertollano@yahoo.com / mtmtpathmd@gmail.com,,0,1,1,,,PASSED,Excellent,SDTLPT-24-04A1243,E
4,4A-0610-24-PFSS-R,4A,STANMED DIAGNOSTIC AND MEDICAL CLINIC,"SEVILLANO-HARINA BLDG., AGUILA ST., POBLACION BARANGAY III, SAN JOSE, BATANGAS",SAN JOSE/BATANGAS,0933-514-5109/0922-874-2198,ALPHA GRACE B. CABIC,stanmeddrugtest@gmail.com,stanmeddrugtest@gmail.com,,1,3,4,,,PASSED,Highly Satisfactory,SDTLPT-24-04A1244,HS
4,4A-0127-23-PIBS-R,4A,STATEN DIAGNOSTIC CENTER,"TOLENTINO BUILDING, J.P LAUREL ST., DAANGKAWAD, BRGY. XI, NASUGBU BATANGAS",NASUGBU CITY / BATANGAS,0931-823-3183,"TORIO, MARITES TERESITA M.",statendiagnostics@gmail.com,statendiagnostics@gmail.com,,2,2,4,,,PASSED,Highly Satisfactory,SDTLPT-24-04A1245,HS
4,4A-0058-23-PFSS-R,4A,STDHMC MEDICAL AND DIAGNOSTIC CENTER,"LOT 1 BLK 2E SAN BARTOLOME RD., BRGY. SAN MIGUEL, STO. TOMAS CITY, BATANGAS", STO. TOMAS CITY / BATANGAS,0917-325-3534/ 0932-851-0256/ 0927-468-7403,"PAGDUNZALAN, FRANK GERALD C.",drugtest.stotomasdoctors@gmail.com,drugtest.stotomasdoctors@gmail.com,,2,1,3,,,PASSED,Highly Satisfactory,SDTLPT-24-04A1246,HS
4,4A-1796-23-PIBS-I,4A,STO. DOMINGO DIAGNOSTIC & MEDICAL CENTER CORP.,"2F MGS BUILDING 1, GENERAL TRIAS DRIVE, BRGY. TEJEROS CONVENTION, ROSARIO, CAVITE",ROSARIO / CAVITE,9286682525,"SIONZON, MELANI H.",sddmcc.cavite@gmail.com,sddmcc.cavite@gmail.com,,0,3,3,,,PASSED,Highly Satisfactory,SDTLPT-24-04A1247,HS
4,4A-1530-23-PIBS-R,4A,TAGAYTAY MEDICAL CENTER,"EMILIO AGUINALDO HIGHWAY,SILANG CROSSING EAST TAGAYTAY, CAVITE",TAGAYTAY/CAVITE,0931-966-5710/ 0931-966-5110,"IRMA VERONICA M. GNILO, MD",tmclab@tagaytaymed.com.ph,tmclab@tagaytaymed.com.ph,,1,0,1,,,PASSED,Excellent,SDTLPT-24-04A1248,E
4,4A-0342-24-PIBS-R,4A,TANAUAN CENTRAL DRUG TESTING & DIAGNOSTIC CENTER,"RM 210 LAST BUSINESS CETER A. MABINI AVE. BRGY 6, TANAUAN CITY, BATANGAS",TANAUAN/BATANGAS,0919-567-3277,"MAY M. MANGUIAT, MD",sheilavelasco_rmt@yahoo.com,sheilavelasco_rmt@yahoo.com,,4,3,7,,,PASSED,Acceptable,SDTLPT-24-04A1249,A
4,4A-1041-23-GIBS-R,4A,TANAUAN CITY DRUG TESTING CENTER & LABORATORY,"CITY HEALTH OFFICE, MAYAPIS ST. B3, TANAUAN CITY, BATANGAS",TANAUAN CITY / BATANGAS,0921-7568-466,"BAUTISTA, IMELDA R.",mariateresitalabsan@gmail.com,mariateresitalabsan@gmail.com,,3,3,6,,,PASSED,Acceptable,SDTLPT-24-04A1250,A
4,4A-1287-23-PFSS-R,4A,"TANAUAN MEDICAL CENTER, INC.","A. MABINI, POBLACION, BRGY. 4, TANAUAN CITY, BATANGAS",TANAUAN CITY / BATANGAS,9621982843,"RAMOS, CELSO S.",charmainebenjamin2025@gmail.com,charmainebenjamin2025@gmail.com,,2,3,5,,,PASSED,Highly Satisfactory,SDTLPT-24-04A1251,HS
4,4A-0532-22-PIBS-R,4A,TAYTAY DOCTORS MULTISPECIALTY HOSPITAL,"NO. 6 RIZAL AVENUE, BRGY. SAN ISIDRO, TAYTAY, RIZAL ",TAYTAY CITY / RIZAL,9088986357,"HERNANDEZ, SIERRA ROMA S.",tdmhlaboratory2012@gmail.com,tdmhlaboratory2012@gmail.com,,1,3,4,,,PASSED,Highly Satisfactory,SDTLPT-24-04A1252,HS
4,4A-0344-24-PIBS-R,4A,THE MEDICAL CITY CLINIC - CAINTA,"2/F, ROBINSONS PLACE CAINTA, CAINTA JUNCTION CAINTA RIZAL",CAINTA/RIZAL,0991-820-0732,"MELANI H. SIONZON, MD",tmccainta@themedicalcity.com,tmccainta@themedicalcity.com,,4,2,6,,,PASSED,Acceptable,SDTLPT-24-04A1253,A
4,4A-0345-24-PIBS-R,4A,THE MEDICAL CITY CLINIC - SOUTH LUZON,"UNITED BLVD., GREENFIELD CITY, BARANGAY DON JOSE (NEAR PASEO PREMIER), SANTA ROSA CITY, LAGUNA",SANTA ROSA/LAGUNA,0943-453-1638,"JENNIFER B. TORRES, MD",tmcsl.laboratory@gmail.com,tmcsl.laboratory@gmail.com,,2,0,2,,,PASSED,Excellent,SDTLPT-24-04A1254,E
4,4A-0649-24-PIBS-I,4A,THERAMEDICA HEALTH SYSTEMS INC,"B2 L5 GOVERNORS DRIVE, BULIHAN, SILANG, CAVITE",SILANG/CAVITE,0961-037-2938,ROMIL M. AGUIRRE,theramedica99@yahoo.com,theramedica99@yahoo.com,,2,5,7,,,PASSED,Acceptable,SDTLPT-24-04A1255,A
4,4A-0056-23-PIBS-R,4A,TLC LABORATORY AND DIAGNOSTIC CENTER,"2ND FLR EAST TOWN CENTRE COMMERCIAL BLDG, 70A MANILA EAST ROAD, BRGY. MUZON, TAYTAY CITY, RIZAL",TAYTAY CITY / RIZAL,0928-941-7862,"DEMATERA, FRANCIS F.",tlc.lab2k21@gmail.com,tlc.lab2k21@gmail.com,,1,3,4,,,PASSED,Highly Satisfactory,SDTLPT-24-04A1256,HS
4,4A-0307-23-PFSS-R,4A,TRIPTORS DIAGNOSTIC CENTRE,"B-3 LUCENA GRAND CENTRAL TERMINAL, ILAYANG DUPAY, LUCENA CITY, QUEZON",LUCENA/QUEZON,0939-523-0910,JAIMAR R. SAPUNGAN,tdc.lto@yahoo.com,tdc.lto@yahoo.com,,0,2,2,,,PASSED,Excellent,SDTLPT-24-04A1257,E
4,4A-0460-23-PIBS-R,4A,ULINK MEDICAL AND DIAGNOSTIC CENTER - TANAUAN BATANGAS,"G/F LAUREL HILL CENTER, NATATAS TANUAN CITY BATANGAS",TANUAN CITY / BATANGAS,0905-999-0760/ 0922-809-8868/ (043) 723-7802,"SILVA, AZEUS O.",adm.ulink.mdc@gmail.com,adm.ulink.mdc@gmail.com,,2,2,4,,,PASSED,Highly Satisfactory,SDTLPT-24-04A1258,HS
4,4A-1164-23-PIBS-R,4A,UPH-DR. JOSE G. TAMAYO MEDICAL CENTER,"NATIONAL HIGHWAY, STO. NINO, BI•AN CITY, LAGUNA",BI•AN CITY / LAGUNA,0977-786-9519/ 0998-456-0361,"FLORENTINO, ALEXANDER C.",perpslab.07@gmail.com,perpslab.07@gmail.com,,5,0,5,,,PASSED,Highly Satisfactory,SDTLPT-24-04A1259,HS
4,4A-0462-23-PFSS-R,4A,VALUE CARE LABORATORY & DIAGNOSTIC CENTER CO. - MOLINO,"2/F LIBERT BLDG GSIS ROAD VILLA MARIA SUBD. MOLINO III, BACOOR CITY, CAVITE",BACOOR CITY / CAVITE,0908-892-7049/ 0917-582-1757,"LEDESMA, DEXTER A.",valuecaremolino@gmail.com,valuecaremolino@gmail.com,,2,4,6,,,PASSED,Acceptable,SDTLPT-24-04A1260,A
4,4A-1221-PFSS-R,4A,VALUE CARE LABORATORY AND DIAGNOSTIC CENTER CO. - AGUINALDO HI - WAY,"2ND FLR. AGUSTIN BLDG. PANAPAAN I AGUINALDO HI-WAY, BACOOR CITY, CAVITE",BACOOR CITY / CAVITE,0908-890-7049/ 0943-289-0334,"LEDESMA, DEXTER A.","drugtest.valuecarepanapaan@gmail,com","drugtest.valuecarepanapaan@gmail,com",,1,5,6,,,PASSED,Acceptable,SDTLPT-24-04A1261,A
4,4A-0622-24-PIBS-R,4A,VICKY'S PHARACY AND MEDICAL SERVICES,"56 QUEZON AVENUE BRGY. XI GULANG GULANG, LUCENA CITY, QUEZON",LUCENA/QUEZON,9985578267,ARNEL G. BAYOTAS,"vickysdiagnosticclinic@yahoo.com,","vickysdiagnosticclinic@yahoo.com,",,1,2,3,,,PASSED,Highly Satisfactory,SDTLPT-24-04A1262,HS
4,4A-0314-23-PFSS-R,4A,WELLCARE CLINICS & LAB. INC.,"MAINSTREET PLAZA 1 GOVERNOR'S DRIVE, BRGY. MANGGAHAN, GENERAL TRIAS, CAVITE",GENERAL TRIAS CITY / CAVITE,9989709530,"CRUZ, LUIS P.",manggahan_wdtc@yahoo.com,manggahan_wdtc@yahoo.com,,3,0,3,,,PASSED,Highly Satisfactory,SDTLPT-24-04A1263,HS
4,4A-0311-23-PIBS-R,4A,WELLCARE CLINICS & LAB. INC.-WALTERMART DASMARI•AS,"2ND FLOOR WALTERMART COMPOUND EMILIO AGUINALDO HIGHWAY, DASMARI•AS CITY, CAVITE",DASMARI•AS CITY / CAVITE,9158427332,"CRUZ, LUIS P.",wellcare_dasma@yahoo.com,wellcare_dasma@yahoo.com,,2,2,4,,,PASSED,Highly Satisfactory,SDTLPT-24-04A1264,HS
4,4A-0362-23-PFSS-R,4A,"WELLCARE CLINICS & LAB., INC.","GOV. D. MANGUBAT AVE., BUROL MAIN, DASMARI•AS, CAVITE",DASMARI•AS CITY / CAVITE,09975431400/09975431400,"TOLENTINO, JANETTE S.",wellcare_burol@yahoo.com,wellcare_burol@yahoo.com,,2,1,3,,,PASSED,Highly Satisfactory,SDTLPT-24-04A1265,HS
4,4A-0313-23-PIBS-R,4A,"WELLCARE CLINICS & LAB., INC.","2F WALTERMART SHOPPING CENTER, BALIBAGO, STA. ROSA CITY, LAGUNA",STA. ROSA CITY / LAGUNA,09499476840/09255505773,"CRUZ, LUIS P.",wclab_starosa@yahoo.com,wclab_starosa@yahoo.com,,2,1,3,,,PASSED,Highly Satisfactory,SDTLPT-24-04A1266,HS
4,4A-1564-22-PIBS-R,4A,WELLCARE CLINICS & LABORATORY INC.,"J.P. RIZAL ST., SAN VICENTE 1, SILANG, CAVITE",SILANG/CAVITE,0998-555-2144,JANETTE S. TOLENTINO,wellcaresilangbranch20202gmail.com,wellcaresilangbranch20202gmail.com,,2,0,2,,,PASSED,Excellent,SDTLPT-24-04A1267,E
4,4A-1880-23-PFSS-R,4A,WELLPOINT MEDICAL CLINIC & DIAGNOSTIC CENTER INC.,"UNIT 30-32 LGF SM CITY BACOOR, AGUINALDO COR. TIRONA HIWAY, BACOOR CITY, CAVITE",BACOOR CITY / CAVITE,0929-884-1429,"CAJA, JOCELYN MYRA R.",laboratory.wellpoint@yahoo.com,laboratory.wellpoint@yahoo.com,,0,3,3,,,PASSED,Highly Satisfactory,SDTLPT-24-04A1268,HS
4,4A-1803-23-PIBS-R,4A,WELLZONE DIAGNOSTICS & SPECIALTY CLINIC CO.,"A. BONIFACIO STREET, BAGONG SIKAT, LEMERY CITY, BATANGAS",LEMERY CITY / BATANGAS,09654006524/ 043-4099415,"SILVA, AZEUS O.",wellzone_angels@yahoo.com,wellzone_angels@yahoo.com,,0,3,3,,,PASSED,Highly Satisfactory,SDTLPT-24-04A1269,HS
4,4A-0651-24-PFSS-R,4A,WILBUR DRUGTESTING CENTER,"16 STO. NI•O ST., BRGY. STO. NI•O, SAN PEDRO CITY, LAGUNA",SAN PEDRO CITY / LAGUNA,09569221140/09175821757,"LEDESMA, DEXTER A.",wilbur.com@gmail.com,wilbur.com@gmail.com,,2,3,5,,,PASSED,Highly Satisfactory,SDTLPT-24-04A1270,HS
4,4A-0358-24-PIBS-R,4A,"YR- ST. MICHAEL MEDICAL HOSPITAL, INC","220 MOLINO II, BACOOR CITY, CAVITE",BACOOR/CAVITE,9274484771,RONALD C. CABUDOY,laboratory@yrstmichael.com,laboratory@yrstmichael.com,,1,1,2,,,PASSED,Excellent,SDTLPT-24-04A1271,E
5,4B-1060-23-PFSS-R,4B,CABLE TOW DRUG TESTING CENTER,"ESM BUILDING VALENCIA STREET BRGY. MASIKAP, PUERTO PRINCESA CITY, PALAWAN",PUERTO PRINCESA CITY / PALAWAN,0906-559-3099/ 0917-522-2056,"PALAO, PERLA E.",flogats@yahoo.com,flogats@yahoo.com,,4,2,6,,,PASSED,Acceptable,SDTLPT-24-04B1272,A
5,4B-1062-23-PFSS-R,4B,CLINICA PALAO DRUG TESTING LABORATORY,"GROUND FLOOR, 299C JIG BLDG., MALVAR ST. BRGY. MANDARAGAT, PUERTO PRINCESA, PALAWAN",PUERTO PRINCESA CITY / PALAWAN,0934-920-0688/ 0917-552-2056,"PALAO, PERLA E.",ela0929@gmail.com,ela0929@gmail.com,,3,3,6,,,PASSED,Acceptable,SDTLPT-24-04B1273,A
5,4A-1463-24-GIBS-R,4B,CULION SANITARIUM AND GENERAL HOSPITAL DRUG TESTING LABORATORY,"ROBERT ST., TIZA LIBIS, CULION, PALAWAN 5315",CULION/PALAWAN,0915-316-2844,KAREN O. BONGAS,culsanlab@gmail.com,culsanlab@gmail.com,,0,1,1,,,PASSED,Excellent,SDTLPT-24-04B1274,E
5,4B-0189-23-PIBS-R,4B,DR. CONRADO G MEDINA MEMORIAL MEDICAL CLINIC AND LABORATORY,"3RD FLOOR, GEMPES BLDG., J.P. RIZAL ST., SAN VICENTE EAST, CALAPAN CITY, ORIENTAL MINDORO",CALAPAN CITY / ORIENTAL MINDORO,0917-663-7048,"MEDINA, RICHARD C.",dcgm_mmc@yahoo.com,dcgm_mmc@yahoo.com,,1,4,5,,,PASSED,Highly Satisfactory,SDTLPT-24-04B1275,HS
5,4B-0676-24-PFSS-R,4B,E. ASUNCION MEDICAL CLINIC AND DIAGNOSTIC LABORATORY,"0742 ABIQUE ST., BRGY, PAG-ASA, SAN JOSE, OCCIDENTAL MINDORO",SAN JOSE/OCCIDENTAL MINDORO,0908-884-5535/0920-981-8469,ENID M. ASUNCION,easuncionmcdl2004@gmail.com,easuncionmcdl2004@gmail.com,,4,3,7,,,PASSED,Acceptable,SDTLPT-24-04B1276,A
5,4B-1064-23-PIBS-R,4B,HOLY INFANT JESUS MEDICAL & DIAGNOSTIC CLINIC,"HOLY INFANT JESUS MEDICAL AND DIAGNOSTIC CLINIC, D. REYES STREET, BOAC, MARINDUQUE ",BOAC / MARINDUQUE,(042) 3321741,"MARQUEZ, EDGARDO J.",hijmdc_boac@yahoo.com,hijmdc_boac@yahoo.com,,4,0,4,,,PASSED,Highly Satisfactory,SDTLPT-24-04B1277,HS
5,4B-1663-23-PFSS-R,4B,ISIAH MULTI-SPECIALTY CLINIC AND DIAGNOSTIC LABORATORY,"R. MAGSAYSAY  ST., BRGY. LIWAYWAY, ODIONGAN, ROMBLON 5505",ODIONGAN / ROMBLON,9399082729,"DIMAALA, JACQUELYN P.",isiah.lab2000@yahoo.com,isiah.lab2000@yahoo.com,,0,0,0,,,PASSED,Excellent,SDTLPT-24-04B1278,E
5,4B-0352-23-PFSS-R,4B,LAGRISOLA DRUG TESTING CENTER,"CIRCON BLDG., VALENCIA STREET, BRGY. MASIKAP, PUERTO PRINCESA CITY, PALAWAN",PUERTO PRINCESA CITY / PALAWAN,9661967217,"DE LEON-VITERBO, MIRIAN N.",sethofkhan@gmail.com,sethofkhan@gmail.com,,2,1,3,,,PASSED,Highly Satisfactory,SDTLPT-24-04B1279,HS
5,4B-1065-23-PIBS-R,4B,LBR CLINICAL LABORATORY AND MEDICAL SERVICES,"J.P. RIZAL ST., CAMILMIL, CALAPAN CITY, ORIENTAL MINDORO",CALAPAN CITY / ORIENTAL MINDORO,0918-450-2948/ 0917-528-1894,"LEVISTE, JONATHAN Q.",lbr_clinicalab@yahoo.com,lbr_clinicalab@yahoo.com,,2,2,4,,,PASSED,Highly Satisfactory,SDTLPT-24-04B1280,HS
5,4B-XXXX-XX-XXXX-X,4B,LIFESAVER'S DRUG TESTING CENTER,"ANNEX 9, CIRCON BUILDING CMPD, BRGY. MASIKAP, VALENCIA ST., PUERTO PRINCESA CITY, PALAWAN, MIMAROPA",PUERTO PRINCESA CITY / PALAWAN,9752685916,"PALAO, PERLA E.",lifesavers.drugtest@yahoo.com,lifesavers.drugtest@yahoo.com,,1,0,1,,,PASSED,Excellent,SDTLPT-24-04B1281,E
5,4B-1067-23-PIBS-R,4B,LUNA GOCO MEDICAL CENTER,"PATHOLOGY DEPARTMENT,LUNA GOCO MEDICAL CENTER,JP.RIZAL ST.,BRGY. LALUD., CALAPAN CITY",CALAPAN CITY / ORIENTAL MINDORO,0919-0979-152,"GOCO, MARIA LOURDES L.",lgmcpathology@gmail.com,lgmcpathology@gmail.com,,3,3,6,,,PASSED,Acceptable,SDTLPT-24-04B1282,A
5,4B-1069-23-PIBS-R,4B,"MARIA ESTRELLA GENERAL HOSPITAL, INC. ","JP RIZAL ST., TAWIRAN, CALAPAN CITY, ORIENTAL MINDORO",CALAPAN CITY / ORIENTAL MINDORO,(043) 286-7318,"LEVISTE, JONATHAN Q.",meghlaboratory23@gmail.com,meghlaboratory23@gmail.com,,2,2,4,,,PASSED,Highly Satisfactory,SDTLPT-24-04B1283,HS
5,4B-0858-24-PIBS-R,4B,MEDICAL MISSION GROUP HOSPITAL MULTIPURPOSE COOPERATIVE OF ORIENTAL MINDORO,"J.P. RIZAL STREET, BRGY. TAWIRAN, CALAPAN CITY, ORIENTAL MINDORO",CALAPAN/ORIENTAL,0997-374-5560,JONATHAN Q. LEVISTE,labdept@yahoo.com,labdept@yahoo.com,,0,3,3,,,PASSED,Highly Satisfactory,SDTLPT-24-04B1284,HS
5,4B-0672-24-PIBS-R,4B,MINDORO OCCIDENTAL PREMIER MEDICAL GROUP MULTIPURPOSE COOPERATIVE,"G/F BALMES BLDG., DIEGO SILANG ST., BRGY. 5 (SAN JOSE OCCIDENTAL MINDORO BRANCH-SSS), SAN JOSE",OCCIDENTAL/MINDORO,0966-899-7882/ 0920-9739-859,MARICEL R. RIBO,mommghsc@yahoo.com,mommghsc@yahoo.com,,0,5,5,,,PASSED,Highly Satisfactory,SDTLPT-24-04B1285,HS
5,4B-0861-24-PIBS-R,4B,ODIONGAN DIAGNOSTIC CENTER,"M. FORMILLEZA ST., BRGY. LIWAYWAY, ODIONGAN, ROMBLON",ODIONGAN CITY/ROMBLON,0908-718-9475/0968-750-3250,RUDOLPH D. ABIBA,odclab98@gmail.com,odclab98@gmail.com,,0,5,5,,,PASSED,Highly Satisfactory,SDTLPT-24-04B1286,HS
5,4B-0673-24-PIBS-R,4B,"PALAWAN MEDICAL CITY, INC. -SDTL","EASTVILLE CITYWALK, SAN PEDRO NATIONAL HIGHWAY, PUERTO PRINCESA, PALAWAN",PUERTO PRINCESA / PALAWAN,9171440417,"DE LEON-VITERBO, MIRIAN N.",docmirianviterbo@gmail.com/nieljadeborro@gmail.com,docmirianviterbo@gmail.com/nieljadeborro@gmail.com,,1,3,4,,,PASSED,Highly Satisfactory,SDTLPT-24-04B1287,HS
5,4B-0677-24-GIBS-R,4B,PUERTO GALERA MUNICIPAL HEALTH LABORATORY,"PUERTO GALERA HOSPITAL, POBLACION, PUERTO GALERA, ORIENTAL MINDORO",PUERTO GALERA/ORIENTAL MINDORO,0917-184-6845/0916-608-5434,MA. VICTORIA V. LONTOC,pghlaboratory@gmail.com,pghlaboratory@gmail.com,,2,4,6,,,PASSED,Acceptable,SDTLPT-24-04B1288,A
5,4B-0674-24-PIBS-R,4B,RTN FOUNDATION INC. HOSPITAL,"NICKEL AVENUE, RIO TUBA, BATARZA, PALAWAN",BATARZA/PALAWAN,0917-668-1594,PERLA E. PALAD,rtnfilab07c@gmail.com,rtnfilab07c@gmail.com,,1,3,4,,,PASSED,Highly Satisfactory,SDTLPT-24-04B1289,HS
4,4A-0583-24-PIBS-R,4A,JOSE TORRES MEDICAL LABORATORY SERVICES AND DIAGNOSTIC CENTER ,"KM 16 AGUINALDO HI-WAY, PANAPAAN 1, BACOOR CITY, CAVITE",BACOOR/CAVITE,09328470689/ 046-464498,"CAJA, JOCELYN MYRA R.",leonardojose99@yahoo.com,leonardojose99@yahoo.com,,0,2,2,,,PASSED,Excellent,SDTLPT-24-04A1290,E
1,01-XXXX-XX-XXXX-X,1,PADRE PIO DIAGNOSTIC CENTER,"2ND FLR MICHA-DANI BLDG. 26 R. MAGSAYSAY ST. POBLACION, MALASIQUI CITY, PANGASINAN (IN FRONT OF ANDOK'S CHICKEN)",MALASIQUI/PANGASINAN,9422561485,"FLORES, IKE MANUEL G",ppdc.laboratory@gmail.com,ppdc.laboratory@gmail.com,,2,2,4,,,PASSED,Highly Satisfactory,SDTLPT-24-011291,HS
1,01-0846-23-PIBS-R,1,LACASANDILE MEDICAL CLINIC AND DIAGNOSTIC CENTER,"MAC ARTHUR HIGHWAY, BARANGAY LACONG, TAGUDIN CITY",TAGUDIN/ILOCOS SUR,9062518009,"COLISAO, DENNIS R.",lacasandilemcdc@gmail.com,lacasandilemcdc@gmail.com,,1,0,1,,,PASSED,Excellent,SDTLPT-24-011292,E
1,01-0801-24-PIBS-R,1,PANGASINAN DOCTORS HOSPITAL CORPORATION,"RIZAL AVENUE, SAN CARLOS CITY, PANGASINAN",SAN CARLOS/PANGASINAN,09209000178 / 075-632-5870,"AQUINO, SHELDON STEVE  C.",pdh_laboratory2000@yahoo.com,pdh_laboratory2000@yahoo.com,,2,1,3,,,PASSED,Highly Satisfactory,SDTLPT-24-011293,HS
4,4A-0328-24-PFSS-R,4A,SSMC SATELITE HOSPITAL,"GATEWAY BUSINESS PARK, LINARES ST. BRGY. JAVALERA GENERAL TRIAS CITY, CAVITE",GENERAL TRIAS/ CAVITE,0905-187-2858/ 0917-886-0063,"HARON, IFTIZAR N.",labssmcgateway@gmail.com,labssmcgateway@gmail.com,,0,0,0,,,PASSED,Excellent,SDTLPT-24-04A1294,E
1,01-1206-24-PIBS-R,1,UNIVERSAL ADVANCE MEDICAL DIAGNOSTICS LABORATORY,"2ND FLOOR, THE PENTAGON BLG. MCARTHUR HIGHWAY, NANCAYASAN, URDANETA CITY, PANGASINAN",URDANETA/PANGASINAN,9177737701,"FLORES, IKE MANUEL G.",universaladvancemedical@gmail.com,universaladvancemedical@gmail.com,,5,1,6,,,PASSED,Acceptable,SDTLPT-24-011295,A
1,01-1654-24-PIBS-R,1,LORMA MEDICAL CENTER,"NATIONAL HIGHWAY BRGY CARLATAN SAN FERNANDO, LA UNION",SAN FERNANDO/LA UNION,09178326871/(072) 7000-0000,"DULAY, JERILYN L.",lorma.laboratory@yahoo.com,lorma.laboratory@yahoo.com,,0,0,0,,,PASSED,Excellent,SDTLPT-24-011296,E
1,01-0812-24-PIBS-R,1,CHRIST-BEARER CLINICAL LABORATORY,"BRGY. CABATLING (INFRONT OF MALISIQLY MUNICIPAL HOSPITAL), MALASIQUI, PANGASINAN",MALASIQUI/PANGASINAN,09230909635/09253653213,"FLORES, IKE MANUEL G.",christbearerclinicallaboratory@gmail.com,christbearerclinicallaboratory@gmail.com,,2,3,5,,,PASSED,Highly Satisfactory,SDTLPT-24-011297,HS
1,01-1044-24-PIBS-R,1,SETH MEDICAL DIAGNOSTIC CENTER,"2ND FLOOR, ORC BUILDING, POBLACION SUR, STA. BARBARA, PANGASINAN",STA. BARBARA/PANGASINAN,0910-361-4033,"FLORES, IRE MANUEL G.",sethmedicaldiagnosticcenter@gmail.com,sethmedicaldiagnosticcenter@gmail.com,,3,2,5,,,PASSED,Highly Satisfactory,SDTLPT-24-011298,HS
1,01-2007-24-PIBS-I,1,ST. REINILDIS MEDICAL CLINIC AND DIAGNOSTIC CENTER,"2ND FLOOR AOANAN BLDG., SITIO CATACDANG, BONUAN GUESET, DAGUPAN CITY, PANGASINAN",DAGUPAN CITY/ PANGASINAN,09073475691/09253653213,"FLORES, IKE MANUEL G.",reinildis48@gmail.com,ikeman_6190mmc@yahoo.com,,0,1,1,,,PASSED,Acceptable,SDTLPT-24-011299,A
1,01-XXX-XX-XXXX-X,1,LORMA LIFECHECK CLINIC,"SEVILLA, CITY OF SAN FERNANDO, LA UNION",CITY OF SAN FERNANDO/LA UNION,9178673638,"DULAY, JERILYN L.",lormalifecheckclinic@gmail.com,lormalifecheckclinic@gmail.com,,1,1,2,,,PASSED,Acceptable,SDTLPT-24-011300,A
2,02-XXXX-XX-XXXX-X,2,BEST DIAGNOSTIC CORPORATION,"GROUND FLOOR, RODAMEL BUILDING, MAHARLIKA HIGHWAY, CARIG SUR, TUGUEGARAO CITY, CAGAYAN",TUGUEGARAO/CAGAYAN,09175486551/ 09175781733,"BALISI, SARJANE U.",bestdiagnostictuguegarao@yahoo.com,bestdiagnostictuguegarao@yahoo.com,,1,2,3,,,PASSED,Highly Satisfactory,SDTLPT-24-021301,HS
2,02-XXXX-XX-XXXX-X,2,4J CLINICAL & DIAGNOSTIC LABORATORY,"#13 CITY RD., CALAO WEST, SANTIAGO CITY, ISABELA",SANTIAGO/ISABELA,08175331861/ (078) 305-0758/ 0968523484,"RONAS, SHERYL L.",jherinecruz@yahoo.com,jherinecruz@yahoo.com,,2,2,4,,,PASSED,Highly Satisfactory,SDTLPT-24-021302,HS
2,02-0005-24-PIBS-I,2,MLS DIAGNOSTIC LABORATORY & DRUG TESTING CENTER,"RAMIL BUILDING, NEAR IUDMC HOSPITAL, PUROK 3 BARANGAY CABARUAN, CAUAYAN CITY, ISABELA","CAUAYAN CITY, ISABELA",09265366305/ 0783247290,"BAUSA, DIWATA GRACE F.",mlsdiagnosticlab@yahoo.com,mlsdiagnosticlab@yahoo.com,,1,2,3,,,PASSED,Highly Satisfactory,SDTLPT-24-021303,HS
2,02-XXXX-XX-XXXX-X,2,PRIME DIAGNOSTIC LABORATORY -SOLANO BRANCH,"NO. 237 JP RIZAL ST. POBLACION, SOUTH NATIONAL HIGHWAY (INFRONT OF KFC), SOLANO CITY, NUEVA VIZCAYA",SOLANO/NUEVA VIZCAYA,09494301717/ (078) 3629719,"REYES, EMELDITA L.",primesolano03@gmail.com,primesolano03@gmail.com,,4,4,8,,,PASSED,Acceptable,SDTLPT-24-021304,A
2,02-XXXX-XX-XXXX-X,2,PRIME DIAGNOSTIC LABORATORY -SANTIAGO BRANCH,"NO.40 CAMACAM, ST. CENTRO EAST, SANTIAGO CITY, ISABELA",SANTIAGO/ISABELA,0949430171/ (078) 3050570/ 09088800125,"REYES, EMELDITA L.",primesantiago02@gmail.com,primesantiago02@gmail.com,,4,4,8,,,PASSED,Acceptable,SDTLPT-24-021305,A
2,02-XXXX-XX-XXXX-X,2,PRIME DIAGNOSTIC LABORATORY -ECHAGUE BRANCH,"POBLACION RD, JONATHANS BUILDING, SAN FABIAN, ECHAGUE CITY, ISABELA ",ECHAGUE/ISABELA,09494301717/ (078) 3056034/ 09088800125,"REYES, EMELDITA L.",primediagnosticlab@yahoo.com,primediagnosticlab@yahoo.com,,4,4,8,,,PASSED,Acceptable,SDTLPT-24-021306,A
2,02-1445-24-PFSS-R,2,LIBERTAD SPECIALTY AND DIAGNOSTIC CLINIC,"2/F, BARROGA-CUARTEROS BLDG., MAHARLIKA HIGHWAY, LIBERTAD, ABULUG CITY, CAGAYAN",ABULUG/CAGAYAN,0917-116-9220 / 078-396-7228,"CUARTEROS, ROSELYN B",lsdcclinlab@gmail.com,lsdcclinlab@gmail.com,,2,1,3,,,PASSED,Highly Satisfactory,SDTLPT-24-021307,HS
2,02-0893-24-PIBS-R,2,"ISABELA UNITED DOCTORS MEDICAL CENTER, INC. ","NATIONAL HIGHWAY, BARANGAY CABARUAN, CAUAYAN CITY, ISABELA",CAUAYAN/ISABELA,0906-313-5036; 0917-856-4911,"PAGADDU, JANE G.",iudmclaboratory@yahoo.com,iudmclaboratory@yahoo.com,,0,1,1,,,PASSED,Excellent,SDTLPT-24-021308,E
2,02-0837-24-GIBS-R,2,DEPARTMENT OF HEALTH - DRUG ABUSE TREATMENT AND REHABILITATION CENTER REGION II,"TREATMENT AND REHABILITATION CENTER REGION 2, CENTRO SAN ANTONIO, ILAGAN CITY, ISABELA",ILAGAN/ISABELA,0906-057-2905/ 0918-909-2747,"REYES, MILA AMOR V.",dohdatrc.laboratory@gmail.com ,dohdatrc.laboratory@gmail.com ,,4,3,7,,,PASSED,Acceptable,SDTLPT-24-021309,A
2,02-1123-24-PFSS-R,2,LIFELINE DIAGNOSTIC LABORATORY,"#9 M-H- DEL PILAR ST. BRGY. VIRA, ROXAS CITY, ISABELA",ROXAS/ISABELA,0917-609-0425 / 0917-829-5423,"REYES, MILA AMOR V.",lifelinediagnosticlaboratory23@yahoo.com,lifelinediagnosticlaboratory23@yahoo.com,,4,1,5,,,PASSED,Highly Satisfactory,SDTLPT-24-021310,HS
2,02-XXXX-XX-XXXX-X,2,CLINIQ DIAGNOSTIC CENTER,"PUR SIENTE BLDG., MAHARLIKA HIGHWAY, CENTRO II, TUGUEGARAO CITY, CAGAYAN VALLEY",TUGUEGARAO/CAGAYAN,0965-847-4038/ 0917-578-1733,"BALISI, SARA JANE U.",cliniqdcdt@gmail.com,cliniqdcdt@gmail.com,,4,0,4,,,PASSED,Highly Satisfactory,SDTLPT-24-021311,HS
2,02-1230-24-GIBS-R,2,REGION II TRAUMA AND MEDICAL CENTER,"AH26 MAGSAYSAY ST., NATIONAL HIGHWAY, BAYAMBANG, NUEVA VIZCAYA",BAYAMBANG/NUEVA VIZCAYA,09171820786/ (078) 8053561-64,"MANIQUIS, MICHELLE CLAIRE R.",r2tmc.pathology@gmail.com,r2tmc.pathology@gmail.com,,0,1,1,,,PASSED,Excellent,SDTLPT-24-021312,E
2,02-1218-24-GIBS-R,2,CITY HEALTH OFFICE - TUGUEGARAO ,"MAIN AVENUE, SAN GABRIEL,TUGUEGARAO CITY, CAGAYAN",TUGUEGARAO/CAGAYAN,09351107968/ 8445761,"GUZMAN, JAMES  C.",chotugcity@yahoo.com,chotugcity@yahoo.com,,0,3,3,,,PASSED,Highly Satisfactory,SDTLPT-24-021313,HS
2,02-1787-PIBS-R,2,ACCUCARE LABORATORY AND DIAGNOSTIC CENTER,"PUBLIC MARKET, STA. ROSA, AURORA, ISABELA",AURORA/ISABELA,09392032174/09175784257,"VIDAD, NATHANIEL BARTOLAZO",accucarelab2020@gmail.com,accucarelab2020@gmail.com,,3,2,5,,,PASSED,Acceptable,SDTLPT-24-021314,A
3,03-1834-24-PIBS-R,3,MERIAN DIAGNOSTIC LABORATORY,"2468 ST., JOHN ST., VILLENA SUBD SAN VICENTE, APALIT CITY, PAMPANGA",APALIT/PAMPANGA,09184979193/ 045-6520175,"ROMAN, GONZALO B.",meriandxl@gmail.com,meriandxl@gmail.com,,1,1,2,,,PASSED,Excellent,SDTLPT-24-031315,E
3,03-0431-24-PIBS-R,3,LSG DIAGNOSTIC LABORATORY AND X-RAY CLINIC,"#7 MACABULOS ST. POBLACION, FLORIDABLANCA CITY, PAMPANGA",FLORIDABLANCA/PAMPANGA,09158816422/ (045) 970-0775,"CHUA, JOSEPHINE L.",lsglaboratory2019@yahoo.com,lsglaboratory2019@yahoo.com,,2,1,3,,,PASSED,Highly Satisfactory,SDTLPT-24-031316,HS
3,03-XXXX-XX-XXXX-X,3,BONGABON MEDICAL SERVICES ,"#1, GAMILLA ST.,  MANTILE, BONGABON CITY, NUEVA ECIJA ",BONGABON/NUEVA ECIJA,09069424881/ 09399170206,"MANUEL, TERRENCE L.",BMSlaboratory@yahoo.com ,BMSlaboratory@yahoo.com ,,4,3,7,,,PASSED,Acceptable,SDTLPT-24-031317,A
3,03-1516-24-GIBS-R,3,SUBIC DISPENSARY LABORATORY,"BUILDING 280 DEWEY AVENUE, SUBIC BAY FREEPORT ZONE, OLONGAPO CITY, ZAMBALES",OLONGAPO/ZAMBALES,091038555693/09274931003,"ECLARIN, RICARDO E. ",subicdispensarylab2009@yahoo.com,subicdispensarylab2009@yahoo.com,,2,0,2,,,PASSED,Excellent,SDTLPT-24-031318,E
3,03-0397-24-PIBS-R,3,EZCARE MEDICAL AND DIAGNOSTICS,"896 J. LUNA CORNER, SALAZAR ST., SANTO CRISTO, TARLAC CITY","SANTO CRISTO, TARLAC CITY",09957692440/ 09253653213,"FLORES, IKE MANUEL G.",ezcarephl@gmail.com,ezcarephl@gmail.com,,0,0,0,,,PASSED,Excellent,SDTLPT-24-031319,E
3,03-XXXX-XX-XXXX-X,3,PARIAN DIAGNOSTIC LABORATORY- MEXICO,"JP RIZAL ST., PARIAN (POBLACION), MEXICO CITY, PAMPANGA",MEXICO/PAMPANGA,(045)9663542/ 09171026496,"ONG, REMEDIOS O,",pdlmexico@yahoo.com,pdlmexico@yahoo.com,,1,3,4,,,PASSED,Highly Satisfactory,SDTLPT-24-031320,HS
3,03-XXXX-XX-XXXX-X,3,PARIAN DIAGNOSTIC LABORATORY- EASTGATE,"EAST GATE, CITY WALK BLDG., BRGY. SAN JOSE, CITY OF SAN FERNANDO, PAMPANGA",SAN FERNANDO/PAMPANGA,(045) 9663800/09171136820,"ONG, REMEDIOS O,",pdleastgate@yahoo.com,pdleastgate@yahoo.com,,2,1,3,,,PASSED,Highly Satisfactory,SDTLPT-24-031321,HS
3,03-1508-24-PFSS-R,3,PARIAN DIAGNOSTIC LABORATORY-CLARK,"2ND FLOOR., CLARKHAUZ BLDG LOT 1, MANUEL A. ROXAS, HIGHWAY BALIBAGO, CLARK FREEPORT ZONE, ANGELES CITY, PAMPANGA",ANGELES/PAMPANGA,09171042153/ (045) 436 5834,"ONG, REMEDIOS O,",pdlclark@yahoo.com,pdlclark@yahoo.com,,1,1,2,,,PASSED,Excellent,SDTLPT-24-031322,E
3,03-1795-24-PIBS-R,3,I.P DIAGNOSTIC LABORATORY,"MAHARLIKA HIGHWAY, DISTRICT 2, SAN JOSE CITY, NUEVA ECIJA",SAN JOSE/NUEVA ECIJA,9223633663,"REYES, EMEDITA L.",ipdiagnosticlaboratory@gmail.com,ipdiagnosticlaboratory@gmail.com,,4,1,5,,,PASSED,Highly Satisfactory,SDTLPT-24-031323,HS
3,03-1511-24-PIBS-R,3,PARIAN DIAGNOSTIC LABORATORY,"LODESTONE CORE BLDG., #16 MC ARTHUR HIWAY, TELEBASTAGAN, CITY OF SAN FERNANDO, PAMPANGA",SAN FERNANDO/PAMPANGA,(045) 4581429/ 09171132542,"ONG, REMEDIOS O.",pdltelabastagan@yahoo.com,pdltelabastagan@yahoo.com,,2,1,3,,,PASSED,Highly Satisfactory,SDTLPT-24-031324,HS
3,03-1515-24-PFSS-R,3,PARIAN DIAGNOSTIC LABORATORY- STO. DOMINGO,"ST. DOMINIC SQUARE, 61, MASAGANA ST., STO. DOMINGO, MEXICO CITY",MEXICO/PAMPANGA,9171137291,"ONG, REMEDIOS O.",pdlstodomingo@yahoo.com,pdlstodomingo@yahoo.com,,4,2,6,,,PASSED,Acceptable,SDTLPT-24-031325,A
3,03-0383-24-PIBS-R,3,BATAAN ST. JOSEPH HOSPITAL & MEDICAL CENTER CORP,"DON MANUEL BANZON AVE., DONA FRANCISCA, BALANGA CITY",BALANGA/BATAAN,09054356652; (047) 2370226 LOC. 112,"CRUZ, GABRIEL J.",bsjhlaboratory@yahoo.com,bsjhlaboratory@yahoo.com,,3,4,7,,,PASSED,Acceptable,SDTLPT-24-031326,A
3,03-0441-24-PIBS-R,3,MVA CLINICAL LABORATORY AND DIAGNOSTIC CLINIC ,"MACARTHUR HIGHWAY, MARILAO CITY, BULACAN ( INFRONT OF TOYOTA MARILAO 2ND FLOOR OF RCS PHARMACY)",MARILAO/BULACAN,9176395928/ 09273569142,"CALILUNG, MARILYN  P",mvalab_8@yahoo.com,mvalab_8@yahoo.com,,0,0,0,,,PASSED,Excellent,SDTLPT-24-031327,E
3,03-XXXX-XX-XXXX-X,3,HEALTHCORE MEDICAL AND DIAGNOSTIC CLINIC,"GROUND FLOOR 558 QUIMSON ST., QUEZON DISTRICT, CABANATUAN CITY, NUEVA ECIJA",CABANATUAN/NUEVA ECIJA,0960-477-9464/ 044-329-9350,"CLEMENTE, PAULO ANTONIO E. ",healthcoremdc20@gmail.com,healthcoremdc20@gmail.com,,3,2,5,,,PASSED,Highly Satisfactory,SDTLPT-24-031328,HS
3,03-XXXX-XX-XXXX-X,3,IDEAL HEALTH MEDICAL CLINICAL AND DIAGNOSTIC CENTER INC.,"STALL 7,8,9,17,18 5Js BUILDING, MACARTHUR HIGHWAY, BARANGAY DEL PILAR, CITY OF SAN FERNANDO, PAMPANGA",SAN FERNANDO/PAMPANGA,0956-546-6667/ (047) 4076125,"MIRANDA, MICHELLE T.",idealhealthdiagnostics@gmail.com,idealhealthdiagnostics@gmail.com,,3,2,5,,,PASSED,Highly Satisfactory,SDTLPT-24-031329,HS
3,03-XXXX-XX-XXXX-X,3,PATIENT WELFARE LABORATORY AND DIAGNOSTIC CLINIC ,"#026-B MALONZO BLDG., SAN JOSE , SAN SIMON CITY PAMPANGA",SAN SIMON/PAMPANGA,0949-636-3320/ 0922-823-2343,"TORRES, REYNALDO  G. ",patientwelfarelaboratory@gmail.com,patientwelfarelaboratory@gmail.com,,2,1,3,,,PASSED,Highly Satisfactory,SDTLPT-24-031330,HS
3,03-1416-24-PIBS-R,3,MEDHUB MULTISPECIALTY AND DIAGNOSTIC CLINIC,"CAGAYAN VALLEY ROAD, OLD STA. RITA, SAN MIGUEL CITY, BULACAN (ACROSS SAN MIGUEL DISTRICT HOSPITAL)",SAN MIGUEL/BULACAN,0917-558-0222/ 0918-904-7921,"ECLARIN, RICARDO E. ",medhubsanmiguel@gmail.com,medhubsanmiguel@gmail.com,,3,3,6,,,PASSED,Acceptable,SDTLPT-24-031331,A
3,03-XXXX-XX-XXXX-X,3,MEDNET LABORATORY AND DIAGNOSTIC CENTER,"164 M.D. RODRIGUEZ BLDG., CAPITOL DRIVE, SAN JOSE, BALANGA CITY, BATAAN ",BALANGA/BATAAN,0908-534-5296/ 0917-596-1134,"CELESTINO, LUISITO  D",mednetlaboratory@gmail.com ,mednetlaboratory@gmail.com ,,0,1,1,,,PASSED,Excellent,SDTLPT-24-031332,E
3,03-0494-24-PIBS-R,3,CENTRIA MEDICAL SERVICES AND DIAGNOSTIC CENTER,"153 PASEO DEL CONGRESO STREET, BRGY. LIANG, MALOLOS CITY",MALOLOS/BULACAN,0936-384-1461/ 0905-509-2766,"MUNAR, VENERACION P.",centriamedlab@gmail.com,centriamedlab@gmail.com,,1,0,1,,,PASSED,Excellent,SDTLPT-24-031333,E
3,03-1472-24-PFSS-R,3,BIO-SCREEN DRUG TESTING CENTER,"2F ST AGATHA SQUARE POBLACION, GUIGUINTO CITY, BULACAN",GUIGUINTO/BULACAN,0943-848-1084,"ALOMESEN, AVELINO A.",bioscreen.dtc@gmail.com,bioscreen.dtc@gmail.com,,3,3,6,,,PASSED,Acceptable,SDTLPT-24-031334,A
3,03-XXXX-XX-XXXX-X,3,ABG SPECIALIST CLINIC & DIAGNOSTIC CENTER,"G-558 NATIONAL ROAD PALANGINAN, IBA CITY, ZAMBALES",IBA/ZAMBALES,0928-305-5081,"ONTOG, MARLENE S.",abg_laboratory@yahoo.com.ph,abg_laboratory@yahoo.com.ph,,5,3,8,,,PASSED,Acceptable,SDTLPT-24-031335,A
3,03-1464-24-PIBS-R,3,A.B.G. SPECIALIST CLINIC AND DIAGNOSTIC CENTER,"88C MASINLOC MALL, NORTH POBLACION, MASINLOC CITY, ZAMBALES",MASINLOC/ZAMBALES,0947-523-6680,"GONZALES, ALICE B.",abg_masinloc@yahoo.com,abg_masinloc@yahoo.com,,2,3,5,,,PASSED,Highly Satisfactory,SDTLPT-24-031336,HS
3,03-1666-24-PIBS-R,3,NORZAGARAY DIAGNOSTIC AND CLINICAL LABORATORY ,"2/F LCL BLDG. A PAYUMO ST. POBLACION , NORZAGARAY CITY",NORZAGARAY/BULACAN,0936-913-6424,"MERCADO, JENNIFER  D.",norzagaraydiagnostic@yahoo.com,norzagaraydiagnostic@yahoo.com,,2,1,3,,,PASSED,Highly Satisfactory,SDTLPT-24-031337,HS
3,03-1664-24-PIBS-R,3,JD DIAGNOSTIC & LABORATORY ,"UNIT 109-110, STA. MARIA TOWN CENTER, CORAZON DE JESUS ST., POBLACION, STA. MARIA CITY, BULACAN ", BULACAN ,0943-846-1019/ 0906-480-8873,"MERCADO, JENNIFER  D",jddiagnostic@yahoo.com,jddiagnostic@yahoo.com,,0,2,2,,,PASSED,Excellent,SDTLPT-24-031338,E
3,03-0352-24-PIBS-R,3,WESLEYAN UNIVERSITY PHILIPPINES- HOSPITAL,"TANDANG SORA ST., MABINI EXTENSION, CABANATUAN CITY, NUEVA ECIJA (GROUND FLOOR)",CABANATUAN/NUEVA ECIJA,0951-953-9848/ 0925-377-6626,"ROMAN, GONZALO B.",wesleyanhospital.bb@gmail.com,wesleyanhospital.bb@gmail.com,,0,2,2,,,PASSED,Excellent,SDTLPT-24-031339,E
3,03-XXXX-XX-XXXX-X,3,JBMA MEDICAL LABORATORY AND DIAGNOSTIC CLINIC INC.,"UNIT B21-B24, GGT CENTER 001, NATIONAL ROAD, POBLACION, PULILAN CITY, BULACAN",PULILAN/BULACAN,0927-672-2391,"ESPIRITU, JOSEPH R.",jbmalab.medtech@gmail.com,jbmalab.medtech@gmail.com,,2,3,5,,,PASSED,Highly Satisfactory,SDTLPT-24-031340,HS
3,03-0663-24-PIBS-R,3,MEDHUB LAB MULTISPECIALTY AND DIAGNOSTIC CLINIC-OLANGAPO,"UNIT 5 MEDHUB BLDG., 69 RIZAL AVE. BANICAIN, (INFRONT OF JAMES L. GORDON MEMORIAL HOSPITAL), OLONGAPO CITY, ZAMBALES",OLONGAPO/ZAMBALES,0917-525-2365,"ECLARIN, RICARDO E. ",medhubclinic@gmail.com,medhubclinic@gmail.com,,1,0,1,,,PASSED,Excellent,SDTLPT-24-031341,E
3,03-1467-24-PIBS-R,3,ANGELES MEDICAL CENTER,"641 RIZAL ST., LOURDES SUR, ANGELES CITY, PAMPANGA",ANGELES/PAMPANGA,0943-524-1532,"FLORES-PALACOL, IMELDA F.",laboratory@angelesmed.com,laboratory@angelesmed.com,,2,1,3,,,PASSED,Highly Satisfactory,SDTLPT-24-031342,HS
3,03-1829-24-PIBS-R,3,BIOCHECK MEDICAL AND DIAGNOSTIC CLINIC,"JRT BUILDING, M.H. DEL PILAR ST., LIGTASAN, TARLAC CITY",TARLAC,0966-871-4948,"MIRANDA, MICHELLE T.",biocheckmdc@gmail.com,biocheckmdc@gmail.com,,1,1,2,,,PASSED,Excellent,SDTLPT-24-031343,E
3,03-0463-24-PIBS-R,3,ST. NICOLAS DE TOLENTINO DIAGNOSTIC LABORATORY,"RUYEN ZARATE BLDG., JP. RIZAL ST., CUB CUB, CAPAS CITY, TARLAC",CAPAS/TARLAC,0968-880-0224,"GUTIERREZ, MARIA ANGELITA C.",stnicolaslab2016@gmail.com,stnicolaslab2016@gmail.com,,2,2,4,,,PASSED,Highly Satisfactory,SDTLPT-24-031344,HS
3,03-1526-24-PIBS-R,3,ZMMG COOP HOSPITAL,"#14 BRILL ST. WEST BAJAC -BAJAC, OLONGAPO CITY, ZAMBALES",OLONGAPO/ZAMBALES,0929-769-0222/,"GARCIA, EMIL BRYAN ",zmmgcoop.laboratory@yahoo.com,zmmgcoop.laboratory@yahoo.com,,0,0,0,,,PASSED,Excellent,SDTLPT-24-031345,E
3,03-0004-24-PIBS-I,3,LABLIFE MEDICAL AND DIAGNOSTIC CENTER- CAMILING,"223 ROMULO HIGHWAY, BRGY. PALIMBO-CAAROSIPAN,CAMILING, TARLAC",CAMILING/TARLAC,0969-489-7305,"FERNANDEZ, NICK R.",lablife.camilingtarlac@gmail.com,lablife.camilingtarlac@gmail.com,,2,2,4,,,PASSED,Highly Satisfactory,SDTLPT-24-031346,HS
3,03-1882-24-PIBS-I,3,LIFECHECK DIAGNOSTIC LABORATORY,"4390 UNIT 5 SANDICO ARCADE, MCARTHUR HIGHWAY, BALIBAGO, ANGELES CITY, PAMPANGA",ANGELES/PAMPANGA,0968-202-7952/ 0920-948-2425,"GALVAN, GIL BRYAN B",lifecheckdiagnostic2023@gmail.com,lifecheckdiagnostic2023@gmail.com,,1,1,2,,,PASSED,Excellent,SDTLPT-24-031347,E
3,03-1103-22-PIBS-R,3,HEALTH 1ST MEDICAL CLINIC AND DIAGNOSTIC LABORATORY,"385 ZONE II MALIWALO, TARLAC CITY",TARLAC,09178968558/(045)4910512/09173066160,"FERNANDEZ, NICK R.",health1stmedicalclinic@gmail.com,health1stmedicalclinic@gmail.com,,2,2,4,,,PASSED,Highly Satisfactory,SDTLPT-24-031348,HS
3,03-0423-24-PFSS-R,3,JETT-NELLE DRUG TESTING LABORATORY ,"3RD FLOOR LANDBANK BLDG. BAYANIHAN, GAPAN CITY, NUEVA ECIJA",GAPAN/NUEVA ECIJA,09173294187 / 044-8061147 ,"REYES, EMEDITA L.",jlen_rmt01@yahoo.com,jlen_rmt01@yahoo.com,,2,1,3,,,PASSED,Highly Satisfactory,SDTLPT-24-031349,HS
3,03-XXXX-XX-XXXX-X,3,TALON GENERAL HOSPITAL,"23 F. TA•EDO STREET, POBLACION, TARLAC CITY",TARLAC,0917-514-8151/(045)9821400,"TALON, RAYMOND NOLASCO F.",tghlabdept@gmail.com,tghlabdept@gmail.com,,1,0,1,,,PASSED,Excellent,SDTLPT-24-031350,E
3,03-0400-24-PIBS-R,3,GRACE DIAGNOSTIC LABORATORY ,"26 DEL PILAR ST. MAHARLIKA HIGHWAY, STA. ROSA CITY, NUEVA ECIJA",ST ROSA/NUEVA ECIJA,0908-863-9321,"MACAPAGAL, JOHN DENNIS DG",gracebacal20123@gmail.com,gracebacal20123@gmail.com,,2,1,3,,,PASSED,Highly Satisfactory,SDTLPT-24-031351,HS
3,03-0235-23-PIBS-R,3,FLORIDABLANCA DOCTOR'S HOSPITAL INC.,"GROUND FLOOR, LABORATORY, FLORIDABLANCA CITY, PAMPANGA",FLORIDABLANCA/PAMPANGA,09976174212/  (045) 6265360 TO 61/ 09176775510,"REYES, CARMELA T",doc_elareyes@yahoo.com/ fdhilab@gmail.com,doc_elareyes@yahoo.com/ fdhilab@gmail.com,,0,3,3,,,PASSED,Highly Satisfactory,SDTLPT-24-031352,HS
3,03-0492-24-GFSS-R,3,ARMOR DIVISION DRUG TESTING CENTER,"ARMOR DIVISION COMPOUND, CAMP ODONNELL, ARMOR C PAMBATO DIVISION , CAPAS CITY, TARLAC",CAPAS/TARLAC,0997-449-2282/ 0915-073-2888,"TALON, RAYMUND NOLASCO  F.",mikelangelosalazar@yahoo.com,mikelangelosalazar@yahoo.com,,3,5,8,,,PASSED,Acceptable,SDTLPT-24-031353,A
3,03-1362-24-PIBS-R,3,TESTA HEALTH MEDICAL AND DIAGNOSTIC CENTER,"ALEXANDRA BUILDING, TINIO ST. SAN VICENTE, GAPAN CITY",GAPAN/NUEVA ECIJA,09328778636/09175746328,"DELA CRUZ, MARY ANN V.",sheilamarieaglubat@yahoo.com,sheilamarieaglubat@yahoo.com,,0,0,0,,,PASSED,Excellent,SDTLPT-24-031354,E
3,03-0004-23-PIBS-R,3,BATOL-CANLAS DIAGNOSTIC CENTER,"LA VICTORIA PLACE, KAPARANGAN, ORANI CITY, BATAAN",ORANI/BATAAN,9475035548,"TEJADA, GERALD V.",bcdcorani@gmail.com,bcdcorani@gmail.com,,1,2,3,,,PASSED,Highly Satisfactory,SDTLPT-24-031355,HS
3,03-XXXX-XX-XXXX-X,3,JHR MEDICAL AND DIAGNOSTIC CENTER,"195 QUEZON ST., POBLACION SUR, TALAVERA CITY, NUEVA ECIJA",TALAVERA/NUEVA ECIJA,09669866259/ 09189361754,"REYES-URSUA, ELIZABETH JEREMMIE L.",laboratoryreyes@gmail.com,laboratoryreyes@gmail.com,,3,3,6,,,PASSED,Acceptable,SDTLPT-24-031356,A
3,03-XXXX-XX-XXXX-X,3,LACEDA MEDICAL CLINIC,"BLDG 494 REMYFIELD COMPOUND CBD AREA SUBIC BAY FREEPORT ZONE, OLONGAPO CITY, ZAMBALES",OLONGAPO/ZAMBALES,09178375355/ (047) 250 2380,"LACEDA, JOSEPH B.",lacedamedical2012@yahoo.com/lacedamedicalclinic2018@gmail.com,lacedamedical2012@yahoo.com/lacedamedicalclinic2018@gmail.com,,0,2,2,,,PASSED,Excellent,SDTLPT-24-031357,E
3,03-1584-24-PIBS-R,3,LABFIRST DIAGNOSTIC CLINIC,"2/F AGATE BUILDING, 0290 L. GONZALES ST., IGULOT RD. BOCAUE",BOCAUE/BULACAN,0995-770-5713,"TOLENTINO, JANETTE S.",labfirstdiagnostic@gmail.com,labfirstdiagnostic@gmail.com,,2,1,3,,,PASSED,Highly Satisfactory,SDTLPT-24-031358,HS
3,03-1495-24-PIBS-R,3,MD MEDICAL LABORATORY,"POBLACION 1, JUNCTION (IN FRONT OF SEA OIL GASOLINE STATION, ORANGE BLDG., SECOND FLOOR), GERONA, TARLAC",GERONA/TARLAC,0967-133-5564,"BONIFACIO, MARIFE J.",marife_07@yahoo.com,marife_07@yahoo.com,,0,0,0,,,PASSED,Excellent,SDTLPT-24-031359,E
3,03-0653-24-PIBS-R,3,SAINT ZACHARIA CLINICAL LABORATORY,"SR8 BUILDING, MC ARTHUR HIGHWAY, MALIGAYA TARLAC CITY",TARLAC/TARLAC,09422811004/ ,"FERNANDEZ, NICK R.",st.zacharia.cl@gmail.com,st.zacharia.cl@gmail.com,,3,5,8,,,PASSED,Acceptable,SDTLPT-24-031360,A
3,03-1510-24-PIBS-I,3,MIGUEL LABORATORY AND DIAGNOSTIC CENTER,"464 CENTRO, PANIQUI, TARLAC",PANIQUI/TARLAC,0963-214-0339/0917-306-6160,"FERNANDEZ, NICK R.",mldcmiguel@gmail.com,mldcmiguel@gmail.com,,2,1,3,,,PASSED,Highly Satisfactory,SDTLPT-24-031361,HS
3,03-1702-24-PIBS-R,3,BIOCARE LABORATORY ,"BL BLDG ARELLANO, ORION CITY, BATAAN (ACROSS SIDE 7/11) ",ORION/BATAAN,09189435108/ 0472371564,"CELESTINO, LUISITO  D.",biocarelaboratory@yahoo.com ,biocarelaboratory@yahoo.com ,,2,2,4,,,PASSED,Highly Satisfactory,SDTLPT-24-031362,HS
3,03-XXXX-XX-XXXX-X,3,"MEDICUS DIAGNOSTIC CENTER SAN RAFAEL, BULACAN","UNIT 6, CASOBEY BLDG., GALAS MAASIM, SAN RAFAEL BULACAN",SAN RAFAEL/BULACAN,9754256808,"YABUT, VOLTAIRE  C.",medicussanrafael@gmail.com,medicussanrafael@gmail.com,,4,1,5,,,PASSED,Highly Satisfactory,SDTLPT-24-031363,HS
3,03-1505-24-PIBS-R,3,NUEVA ECIJA DOCTORS HOSPITAL INC,"BRGY. H. CONCEPCION MAHARLIKA HIGHWAY CABANATUAN CITY, NUEVA ECIJA ",CABANATUAN/NUEVA ECIJA,(044)9605504; 09175127031; 09178966818,"DELA ROSA, ROLAN R.",rrrtambo@yahoo.com,rrrtambo@yahoo.com,,3,5,8,,,PASSED,Acceptable,SDTLPT-24-031364,A
3,03-XXXX-XX-XXXX-X,3,HOLY TRINITY MEDICAL CENTER INC.,"06 ROAD PLAZANG LUMA, ARAYAT, PAMPANGA",ARAYAT/PAMPANGA,09283858581/09424277487,"CHUA, JOSEPHINE LO",labhtgh123@gmail.com,lab@holytrinitymedicalcenter.com.ph,,1,1,2,,,PASSED,Acceptable,SDTLPT-24-031365,A
3,03-1793-24-PIBS-R,3,HEALTHLINK TARLAC CORPORATION,"LOT 2A, LIP BLDG., LUISITA ACCESS ROAD, SAN MIGUEL, TARLAC CITY, TARLAC",TARLAC CITY/ TARLAC,09106416674/09173066160,"FERNANDEZ, NICK R.",dt.tarlac@toplabmd.com,dt.tarlac@toplabmd.com,,4,4,8,,,PASSED,Acceptable,SDTLPT-24-031366,A
3,03-1485-24-PIBS-R,3,HEALTHFIRST DIAGNOSTIC LABORATORY,"ZECHARIAH BLDG., BRGY. SINIPIT, BONGABON, NUEVA ECIJA",BONGABON/NUEVA ECIJA,09356228577/09173066160,"FERNANDEZ, NICK R.",healthfirst2688@gmail.com,konics76@yahoo.com,,2,2,4,,,PASSED,Acceptable,SDTLPT-24-031367,A
3,03-0668-23-PFSS-R,3,HI-PRECISION DIAGNOSTICS,"UNIT 101-103 G/F G.O.P. BLDG., COR. DO•A CONSOLACION ST., DOLORES, SAN FERNANDO, PAMPANGA",SAN FERNANDO / PAMPANGA,9338193863,"TAGAYUNA, PEDRITO YABOT",hpsf.lab@hi-precision.com.ph@gmail.com,hpsf.lab@hi-precision.com.ph@gmail.com,,3,2,5,,,PASSED,Acceptable,SDTLPT-24-031368,A
3,03-0497-24-PIBS-R,3,GREEN CARE DIAGNOSTIC LABORATORY,"#43 RIZAL ST., POBLACION 2 (ACROSS CONVERGE-GERONA), GERONA CITY, TARLAC",GERONA/TARLAC,9705227817,"FERNANDEZ, NICK R.",greencaredl.2021@gmail.com,greencaredl.2021@gmail.com,,2,0,2,,,PASSED,Acceptable,SDTLPT-24-031369,A
3,03-0434-24-PIBS-R,3,MEDISENSE LABORATORY CENTER INC.,"3RD FLOOR, GARCIA PLAZA BUILDING, MCARTHUR HIGHWAY, BRGY. DOLORES, SAN FERNANDO CITY, PAMPANGA",SAN FERNANDO/PAMPANGA,0915-899-7249/ 0917-885-2062,SUSANA P. QUIAOIT,mslpampanga.lab@gmail.com,mslpampanga.lab@gmail.com,,0,1,1,,,PASSED,Excellent,SDTLPT-24-031370,E
3,03-1857-23-PIBS-R,3,LONDON DRUG MART SUPER STORE CORP.,"AVE. OF THE PHILS. MALIGAYA, MARIVELES BATAAN",MARIVELES BATAAN,(047) 633-1665,LUISITO D. CELESTINO,london.acctg@gmail.com,london.acctg@gmail.com,,5,2,7,,,PASSED,Acceptable,SDTLPT-24-031371,A
6,05-XXXX-XX-XXXX-X,5,JHUNROSE DRUG TESTING CENTER,"14 BALINTAWAK STREET, ALBAY DISTRICT, LEGAZPI, ALBAY",LEGAZPI/ALBAY,09153517009/ (052) 7420291,"ABAN, EMMANUEL R.",jhun_rosedtc@yahoo.com,jhun_rosedtc@yahoo.com,,1,1,2,,,PASSED,Excellent,SDTLPT-24-051372,E
6,05-1712-23-PFSS-I,5,JB LEGAZPI MEDICAL CLINIC AND DIAGNOSTIC LABORATORY,"G/F UNITED INSTITUTE BLDG., BRGY. SAGPON, RIZAL ST.,DARAGA CITY, ALBAY",DARAGA/ALBAY,0917-127-5252,"BINALINGBING, JOEL B.","jblegazpi@gmail,com","jblegazpi@gmail,com",,2,2,4,,,PASSED,Highly Satisfactory,SDTLPT-24-051373,HS
6,05-0689-24-PIBS-R,5,SACRED HEART CLINIC LEGAZPI CITY INC.,"114 PE•ARADA ST. BRGY. ORO SITE, LEGAZPI CITY, ALBAY",LEGAZPI/ALBAY,09687986405/ 201-8513,"PLAZA, TERESITA S.",sacredheartcliniclegazpi@yahoo.com,sacredheartcliniclegazpi@yahoo.com,,3,1,4,,,PASSED,Highly Satisfactory,SDTLPT-24-051374,HS
6,05-0678-24-PIBS-R,5,ABONAL DIAGNOSTIC LABORATORY,"ARCANGEL BLDG., UNIT 2 BAGASBAS RD., BRGY. VI, DAET CITY",DAET/CAMARINES ,9669865666,"FORNOLES, HERIBERTO B.",abonaldxlab@gmail.com,abonaldxlab@gmail.com,,0,3,3,,,PASSED,Highly Satisfactory,SDTLPT-24-051375,HS
6,05-1670-24-PFSS-R,5,GIMAIR DRUG TESTING LABORATORY,"197 BAGASBAS RD., BRGY. 6, DAET CITY, CAMARINES NORTE",DAET/CAMARINES NORTE,0905-426-9841/0906-485-0138,"GIMPAYA, ANDY V.",giancarlotarroyo5@gmail.com,giancarlotarroyo5@gmail.com,,1,1,2,,,PASSED,Excellent,SDTLPT-24-051376,E
6,05-1761-24-PIBS-R,5,FRYDT DIAGNOSTIC LABORATORY,"SAN JUAN AVENUE STREET SOUTH CENTRO, SIPOCOT, CAMARINES SUR",SIPOCOT/CAMARINES SUR,0917-701-6524,"IBARRIENTOS, RAYMUNDO B.",frydtlaboratory@gmail.com,frydtlaboratory@gmail.com,,4,2,6,,,PASSED,Acceptable,SDTLPT-24-051377,A
6,05-XXXX-XX-XXXX-X,5,PONAYO MEDICAL CLINIC AND DIAGNOSTIC LABORATORY,"J. LUKBAN CORNER TAFT STREET, BRGY III, DAET CITY, CAMARINES SUR",DAET/CAMARINES SUR,0908-888-3882,"PONAYO, EVELYN S.",eleanor_ponayo@yahoo.com,eleanor_ponayo@yahoo.com,,2,1,3,,,PASSED,Highly Satisfactory,SDTLPT-24-051378,HS
6,05-XXXX-XX-XXXX-X,5,BICOL DRUG TESTING & NEURO PSYCHIATRIC LABORATORY,"31 CAPT. F. AQUENDE DRIVE, OLD ALBAY,, BRGY. 7, LEGAZPI CITY",LEGAZPI/ALBAY,09162827909; 0522010593,"RA•OLA, MADELINE DL",bicoldrug@yahoo.com,bicoldrug@yahoo.com,,0,1,1,,,PASSED,Excellent,SDTLPT-24-051379,E
6,05-XXXX-XX-XXXX-X,5,BICOL REGION GENERAL HOSPITAL AND GERISATRIC MEDICAL CENTER,"SAN PEDRO, CABUSAO, CAMARINES SUR",CABUSAO/CAMARINES SUR,09187161853/ 09120471985,"IBARRIENTOS, RAYMUNDO B.",brghgmclab@gmail.com,brghgmclab@gmail.com,,2,2,4,,,PASSED,Highly Satisfactory,SDTLPT-24-051380,HS
6,05-1528-24-PIBS-R,5,"DR. AMANDO D. COPE MEMORIAL HOSPITAL, INC.","RUIVIVAR ST. TAYNI, TABACO CITY, ALBAY",TABACO CITY/ALBAY,9663951009,"BERCES, MARK ADVENTURE C.",dadcmhidtl2023@gmail.com,dadcmhidtl2023@gmail.com,,2,2,4,,,PASSED,Acceptable,SDTLPT-24-051381,A
7,06-XXXX-XX-XXXX-X,6,FRONTHUB MEDILAB AND CLINICS ,"2/F R&T BLDG., COR. SIMEON AGUILAR & COMMONWEALTH STS., PASSI CITY, ILOILO ",PASSI/ILOILO,09173159367/09063353994/ 033-3116344,"ABELLO, STEPHANIE  A.",fronthublaboratory@gmail.com,fronthublaboratory@gmail.com,,2,0,2,,,PASSED,Excellent,SDTLPT-24-061382,E
7,06-1511-23-PIBS-R,6,QUIKLAB DIAGNOSTICS INC. ,"J.C. ZULUETA STREET POB SOUTH, OTON CITY, ILOILO",OTON/ILOILO,9171881046/ (033) 3370504,"SALAZAR,  MA IRIS  V. ",quiklabdiagnostics@gmail.com,quiklabdiagnostics@gmail.com,,3,3,6,,,PASSED,Acceptable,SDTLPT-24-061383,A
7,06-XXXX-XX-XXXX-X,6,CENTRI CLINICAL LABORATORY,"1ST STREET, SAN MIGUEL, JORDAN CITY, GUIMARAS",JORDAN/GUIMARAS,09982830047; 025812190; 09176213088,"SOMBONG, ANNA VICTORIA J. ",bluecastle_16@yahoo.com,bluecastle_16@yahoo.com,,3,2,5,,,PASSED,Highly Satisfactory,SDTLPT-24-061384,HS
7,06-1629-24-PFSS-R,6,CTG NCR DRUG TESTING CENTER,"2/F, RM 203 CAPERNAUM BLDG. #18 LACSON ST., BACOLOD CITY",BACOLOD/NEGROS ORIENTAL,09303540877/ 467-5283,"MONTES, LENI G.",lenimontes@yahoo.com / ctgncrdtc2001@gmail.com,lenimontes@yahoo.com / ctgncrdtc2001@gmail.com,,1,2,3,,,PASSED,Highly Satisfactory,SDTLPT-24-061385,HS
7,06-XXXX-XX-XXXX-X,6,CAMP PERALTA STATION HOSPITAL,"CAMP GEN MACARIO, B. PERALTA JR. 3ID, PHIL ARMY, JAENA NORTE, JAMINDAN CITY,CAPIZ",JAMINDAN/CAPIZ,9157321410,"DURAN, ELLEN JOY F.",cpsh3idpalab@gmail.com,cpsh3idpalab@gmail.com,,2,2,4,,,PASSED,Highly Satisfactory,SDTLPT-24-061386,HS
7,06-1137-24-PIBS-R,6,"SOUTH BACOLOD GENERAL HOSPITAL AND MEDICAL CENTER, INC.","ARANETA HIGHWAY, PAHANOCOY, BACOLOD CITY, NEGROS OCCIDENTAL","BACOLOD CITY, NEGROS OCCIDENTAL",09176523933/ (034) 7042911/ 09189306221,"FERRARIS, HANS FRANCIS D.",laboratory.sbgh@gmail.com,laboratory.sbgh@gmail.com,,0,0,0,,,PASSED,Excellent,SDTLPT-24-061387,E
7,06-0283-24-PFSS-I,6,TJMC MEDICAL AND DIAGNOSTIC CENTER,"ZONE 4, BALABAG PLAZA, BRGY. BALABAG, MALAY, AKLAN",MALAY/AKLAN,0969-243-5856,"BAUSA, DIWATA GRACE F.",tjmcdrugtest@gmail.com,tjmcdrugtest@gmail.com,,3,1,4,,,PASSED,Highly Satisfactory,SDTLPT-24-061388,HS
7,06-0903-24-PIBS-R,6,SAINT JUDE MEDICAL AND CLINICAL LABORATORY,"GONZAGA ST., BRGY.1, VICTORIAS CITY, NEGROS OCCIDENTAL ",VICTORIAS/NEGROS OCCIDENTAL,0917-623-5344,"MONTES, LENI F.",stjudevictorias@yahoo.com,stjudevictorias@yahoo.com,,4,2,6,,,PASSED,Acceptable,SDTLPT-24-061389,A
7,06-0761-24-PIBS-R,6,Q DIAGNOSTIC CENTER,"LKC BLDG CORNER, LOCSIN-BURGOS STS., BRGY., 11, BACOLOD CITY, NEGROS OCCIDENTAL",BACOLOD/NEGROS ORIENTAL,09610441389; 0344416723; 09189306221,"FERRARIS, HANS FRANCIS D",qmadiagnosticcenter@gmail.com,qmadiagnosticcenter@gmail.com,,4,2,6,,,PASSED,Acceptable,SDTLPT-24-061390,A
7,06-1033-24-PIBS-R,6,HEALTHSCREEN CLINICAL LABORATORY,"LUNA ST. BRGY. BANTUD LAPAZ, ILOILO CITY (FRONTING WESTERN INSTITUTE OF TECHNOLOGY)","LAPAZ, ILOILO CITY",0917-145-5271,"LIBANAN, LYSA LYNN U.",healthscreenclin.lab@yahoo.com,healthscreenclin.lab@yahoo.com,,2,2,4,,,PASSED,Highly Satisfactory,SDTLPT-24-061391,HS
7,06-XXXX-XX-XXXX-X,6,METRO BACOLOD HOSPITAL AND MEDICAL CENTER,"BURGOS EXTENSION, CAMINGAWAN, BRGY. ESTEFANIA, BACOLOD CITY, NEGROS OCCIDENTAL",BACOLOD/NEGROS ORIENTAL,0938-089-1258/ 0918-901-2302,"VILLANUEVA, WALTER DL",mbhmclaboratory23@gmail.com,mbhmclaboratory23@gmail.com,,2,2,4,,,PASSED,Highly Satisfactory,SDTLPT-24-061392,HS
7,06-XXXX-XX-XXXX-X,6,PRIMEVIEW MEDICAL SPECIALIST AND IMAGING CENTER,"SIMEON AGUILAR ST., PASSI CITY, ILOILO (ORANGE BUILDING BESIDE ANDOKS)",PASSI/ILOILO,0991-523-3258/ 0917-302-8468,"SIRA, MA. BEMERLY J.",primeviewpassi@yahoo.com,primeviewpassi@yahoo.com,,0,2,2,,,PASSED,Excellent,SDTLPT-24-061393,E
7,06-0896-24-PFSS-R,6,ACM MEDICAL AND LABORATORY SERVICES,"#8L VS ONG&SONS BLDG., ARANETA ST., BRGY. POBLACION, BAGO CITY, NEGROS OCCIDENTAL (NEAR GRACE PHARMACY BAGO MARKET)",BAGO/NEGROS OCCIDENTAL,0956-138-3264,"BUYCO, CHARLES MICHAEL A.",acmdl2019@gmail.com,acmdl2019@gmail.com,,2,3,5,,,PASSED,Highly Satisfactory,SDTLPT-24-061394,HS
7,06-XXXX-XX-XXXX-X,6,PRIMEVIEW MEDICAL SPECIALIST AND IMAGING CENTER,"Q. ABETO STREET, MANUDRRIAO, ILOILO CITY"," MANUDRRIAO, ILOILO CITY",0917-505-0560/ 0917-302-8468,"SIRA, MA. BEMERLY J.",primeview_iloilo@yahoo.com.ph,primeview_iloilo@yahoo.com.ph,,0,5,5,,,PASSED,Highly Satisfactory,SDTLPT-24-061395,HS
7,06-1550-24-PIBS-R,6,QUBE DIAGNOSTIC LABORATORY ,"124 LOCSIN, BROCE STREET BARANGAY 2, SAN CARLOS CITY, NEGROS OCCIDENTAL",SAN CARLOS/NEGROS OCCIDENTAL,0917-832-5281/ 0956-590-6946,"GADINGAN, DONALDSON  M.",qubediagnosticlab@gmail.com ,qubediagnosticlab@gmail.com ,,2,1,3,,,PASSED,Highly Satisfactory,SDTLPT-24-061396,HS
7,06-1733-24-PIBS-R,6,MEDICUS DIAGNOSTIC CENTER AND MEDICAL CLINICS,"ZULUETA AVENUE, CORNER NONATO EXTENSION, BAYBAY NORTE, MIAGAO CITY, ILOILO",MIAGAO/ILOILO,0995-063-1561,"ZULUETA, ANNA VICTORIA J.",4+1medicusmiagao@gmail.com,4+1medicusmiagao@gmail.com,,1,0,1,,,PASSED,Excellent,SDTLPT-24-061397,E
7,06-XXXX-XX-XXXX-X,6,BLOOD CHECK CLINICAL LABORATORY AND SERVICES,"ESPINO BLDG., GONZAGA ST. CORNER, KABALAWAN ROAD, POBLACION II, SAGAY CITY, NEGROS OCCIDENTAL",SAGAY/NEGROS OCCIDENTAL,0920-503-9485/ 0917-310-6862,"MONTES, LENI G.",blood.check2@gmail.com,blood.check2@gmail.com,,4,2,6,,,PASSED,Acceptable,SDTLPT-24-061398,A
7,06-1651-24-PIBS-R,6,MEDICAL MISSION GROUP HOSPITAL AND HEALTH SERVICES COOPERATIVE OF AKLAN,"3RD FLOOR, MMG-AKLAN SPECIALTY CLINICS, SAN LORENZO RUIZ DRIVE, TOTINO REYES ST., KALIBO CITY, AKLAN",KALIBO/AKLAN,0985-50-3387,"FLORES, CHARMAINE T",rennierrelojas43@gmail.com,rennierrelojas43@gmail.com,,5,0,5,,,PASSED,Highly Satisfactory,SDTLPT-24-061399,HS
7,06-XXXX-XX-XXXX-X,6,CAPIZ DOCTORS' HOSPITAL,"BRGY. LAWA-AN, ROXAS CITY, CAPIZ","ROXAS CITY, CAPIZ",0956-071-3438,"SY-TAN, JULIA P.",shelamaeado@yahoo.com,shelamaeado@yahoo.com,,4,4,8,,,PASSED,Acceptable,SDTLPT-24-061400,A
7,06-XXXX-XX-XXXX-X,6,ESCALANTE CITY CLINICAL LABORATORY,"EAST AVENUE, BRGY. BALINTAWAK, ESCALANTE CITY, NEGROS OCCIDENTAL",ESCALANTE/NEGROS OCCIDENTAL,9050241830,"LAYDA, ERIBERTO R.",sheila.negrido@yahoo.com,sheila.negrido@yahoo.com,,4,3,7,,,PASSED,Acceptable,SDTLPT-24-061401,A
7,06-1616-24-PIBS-R,6,MEDICUS DIAGNOSTIC CENTER - SIGMA BRANCH,"REYES BLDG., POBLACION SUR, SIGMA CITY, CAPIZ",SIGMA/CAPIZ,0923-726-1746/ 0948-822-075,"SALAZAR, MA. IRIS V.",medicussigma.pemsi@gmail.com / medicussigma@yahoo.com,medicussigma.pemsi@gmail.com / medicussigma@yahoo.com,,1,2,3,,,PASSED,Highly Satisfactory,SDTLPT-24-061402,HS
7,06-XXXX-XX-XXXX-X,6,CATICLAN MEDICAL AND DIAGNOSTIC CLINIC,"CATICLAN, MALAY CITY, AKLAN (IN FRONT OF METROBANK CATICLAN)",MALAY/AKLAN,0920-976-6213,"BIEREN,  MARIANETTE NOELLE  ",caticlanmedical@gmail.com,caticlanmedical@gmail.com,,3,5,8,,,PASSED,Acceptable,SDTLPT-24-061403,A
7,06-1874-24-PIBS-R,6,HEALTH CHECK DIAGNOSTIC LABORATORY,"23 JUSTINA BLDG., HUERVANA ST., BARANGAY MCARTHUR, LAPAZ CITY, ILOILO",LAPAZ/ILOILO,0917-547-0049,"BERNADAS, IROS JAN D.",hcdl2007@gmail.com,hcdl2007@gmail.com,,4,4,8,,,PASSED,Acceptable,SDTLPT-24-061404,A
7,06-0887-24-PIBS-R,6,BORACAY ALERT MEDICAL CLINIC AND DIAGNOSTIC. INC.,"SITIO MANGGAYAD, BRGY. BALABAG, MALAY CITY, AKLAN",MALAY/AKLAN,0917-540-0012,"DURAN, ELLEN JOY F.",alertmedclinic.lab@gmail.com,alertmedclinic.lab@gmail.com,,0,2,2,,,PASSED,Excellent,SDTLPT-24-061405,E
7,06-XXXX-XX-XXXX-X,6,SOUTH HEALTH CLINICAL LAB AND SOUTH HEALTH MEDICS PHARMA,"TAN-LORENZO ST., BARANGAY 3, KABANKALAN CITY, NEGROS OCCIDENTAL",KABANKALAN/NEGROS OCCIDENTAL,09563671150/ 4712570,"LAYDA, ERIBERTO R.",shdtl2017@gmail.com,shdtl2017@gmail.com,,3,4,7,,,PASSED,Acceptable,SDTLPT-24-061406,A
7,06-1037-24-PIBS-R,6,JGN MEDICAL CLINIC AND LABORATORY,"ST. MARTINS SUBD., BRGY 21, VICTORIAS CITY, NEGROS OCCIDENTAL","VICTORIAS CITY, NEGROS OCCIDENTAL",0995-442-0057,"MONTES, LENI G.",jgnlaboratory@gmail.com,jgnlaboratory@gmail.com,,4,4,8,,,PASSED,Acceptable,SDTLPT-24-061407,A
7,06-1039-24-PIBS-R,6,JGN CLINICAL LABORATORY,"DOOR 2 LUCKY GOLD REALITY, CROSSING TABAO PROPER, VALLADOLID CITY, NEGROS OCCIDENTAL","VALLADOLID CITY, NEGROS OCCIDENTAL",0966-738-4023/ 0922-835-4626,"MONTES, LENI G.",jgndolid@gmail.com,jgndolid@gmail.com,,1,1,2,,,PASSED,Excellent,SDTLPT-24-061408,E
7,06-1035-24-PIBS-R,6,JGN CLINIC AND LABORATORY,"DOOR 1 ONLAGADA BLDG. AGUILAR ST, BRGY III, HINIGARAN CITY, NEGROS OCCIDENTAL",HINIGARAN CITY/NEGROS OCCIDENTAL,0917-156-5715/(034)7408-132/0922-835-4626,"MONTES, LENI G.",jgnclinlab@yahoo.com,jgnclinlab@yahoo.com,,0,3,3,,,PASSED,Highly Satisfactory,SDTLPT-24-061409,HS
7,06-1051-24-GIBS-R,6,MINA DRUG TESTING LABORATORY ,"PATARATA ST, MINA CITY, WEST (POB), MINA CITY, ILOILO",MINA/ILOILO,0918-624-1603/0918-624-1603/(033)5309377,"SOMBONG, ANNA VICTORIA J.",minalab5032@yahoo.com,minalab5032@yahoo.com,,0,0,0,,,PASSED,Excellent,SDTLPT-24-061410,E
7,06-1645-24-PFSS-R,6,TABORNAL DIAGNOSTIC LABORATORY,"MABINI ST., BRGY. POBLACION WEST, OTON CITY, ILOILO",OTON/ILOILO,0916-320-3057/ 0917-302-8468,"SIRA, MA, BEMERLY J.",tabornaldiagnostic@gmail.com,tabornaldiagnostic@gmail.com,,2,4,6,,,PASSED,Acceptable,SDTLPT-24-061411,A
7,06-0892-24-PFSS-R,6,GCJ DIAGNOSTIC CENTER,"57 RIZAL ST., BRGY PALA PALA 2, ILOILO CITY (IN FRONT OF IGLESIA NI CRISTO)","PALA PALA 2, ILOILO CITY",09107002092/ (033) 3325582,"MONSALE, APRIL JOY P.",gcjlaboratory@gmail.com,gcjlaboratory@gmail.com,,2,2,4,,,PASSED,Highly Satisfactory,SDTLPT-24-061412,HS
7,06-1128-23-GIBS-R,6,BACOLOD CITY GOVERNMENT UNIT/ BACOLOD CITY DRUG TESTING CENTER,"BRGY. 20 A.B. PARRE•O ST. GALO, BACOLOD CITY, NEGROS OCCIDENTAL ",BACOLOD/NEGROS OCCIDENTAL,09991925948/ 708-0634,"FERIA, MELINA G.",mgfcho@gmail.com,mgfcho@gmail.com,,2,1,3,,,PASSED,Highly Satisfactory,SDTLPT-24-061413,HS
7,06-1617-24-PIBS-R,6,HEALTHWAY QUALIMED HOSPITAL ILOILO,"3RD FLOOR, HEALTHWAY QUALIMED HOSPITAL, ATRIA PARK DISTRICT, ILOILO CITY","ATRIA PARK DISTRICT, ILOILO CITY",0966-712-2635,"SOMBONG, ANNA VICTORIA J",qualimediloilodrugtest@gmail.com,qualimediloilodrugtest@gmail.com,,1,3,4,,,PASSED,Highly Satisfactory,SDTLPT-24-061414,HS
7,06-1251-24-PIBS-R,6,JPN MEDICAL AND  LABORATORY SERVICES,"VILLA CRISTETA SUBD., BRGY. MA-AO, BARRIO, BAGO CITY, NEGROS OCCIDENTAL",BAGO/NEGROS OCCIDENTAL,0920-515-6736,"MONTES, LENI G.",jpnmedlab@gmail.com,jpnmedlab@gmail.com,,1,1,2,,,PASSED,Excellent,SDTLPT-24-061415,E
7,06-1036-24-PIBS-R,6,SILAY DIAGNOSTIC CENTER,"N10-12 PRINCE HYPERMART BLDG., ANTONIO LUNA ST., BRGY 1, SILAY CITY, NEGROS OCCIDENTAL","SILAY CITY, NEGROS OCCIDENTAL",09322370115/09985312663,"FERRARIS, HANS FRANCIS DORONILA",silaydiagnosticcenter@yahoo.com,hfdf38@yahoo.com,,0,2,2,,,PASSED,Acceptable,SDTLPT-24-061416,A
8,07-0970-24-PIBS-R,7,ZAFFJAY MEDILINES INC. ,"ANNEX 1 CENTURY PLAZA COMMERCIAL COMPLEX, JUANA OSME•A ST., CEBU CITY",CEBU,9228324104,"MALILONG, ALMA E. ",zaffjaycebu@gmail.com,zaffjaycebu@gmail.com,,1,4,5,,,PASSED,Highly Satisfactory,SDTLPT-24-071417,HS
8,07-0518-24-PIBS-R,7,EXPERTCARE MEDICAL CLINIC AND LABORATORY,"SAVERS PLAZA, BASAK-MARIGONDON ROAD, BASAK, LAPU-LAPU CITY",LAPU-LAPU/CEBU,0968-735-2371,"TIU-AYSON, JOAN C.",expertcare.laboratory@gmail.com,expertcare.laboratory@gmail.com,,4,2,6,,,PASSED,Acceptable,SDTLPT-24-071418,A
8,07-1440-23-PIBS-R,7,"STANFORD MEDICAL & DIAGNOSTIC CLINIC, INC.","G/F AVON PLAZA BLDG., OSME•A BLVD., CAPITOL SITE, CEBU CITY",CEBU,(032)2547881,"DULNUAN-NIOG, MARVI G",marketing@stanford.com.ph,marketing@stanford.com.ph,,0,1,1,,,PASSED,Excellent,SDTLPT-24-071419,E
8,07-0514-24-PIBS-R,7,CEBU NORTH GENERAL HOSPITAL,"KAUSWAGAN ROAD, BRGY TALAMBAN, CEBU CITY, CEBU",CEBU,9686507718,"YU, MARIE EMMELINE B.",cebunorthgenhospitallaboratory@gmail.com,cebunorthgenhospitallaboratory@gmail.com,,3,5,8,,,PASSED,Acceptable,SDTLPT-24-071420,A
8,07-1667-24-PFSS-R,7,BOGOLAB MEDICAL CLINIC AND LABORATORY,"SITIO PATAG, BRGY. DAMOLOG (BESIDE PALAWAN PAWNSHOP), SOGOD CITY, CEBU",SOGOD/CEBU,0917-326-8966/0906-941-6048,"CABALLERO, JUDITO G.",sogodbogolab@gmail.com,sogodbogolab@gmail.com,,0,2,2,,,PASSED,Excellent,SDTLPT-24-071421,E
8,07-XXXX-XX-XXXX-X,7,"NEGROS FAMILY HEALTH SERVICES, INC","#6 GOBONSENG BLDG., DARO HIGHWAY, DUMAGUETE CITY, NEGROS ORIENTAL",DUMAGUETE/NEGROS ORIENTAL,9756216373; (035) 225-3544; 09171443961; 09182299450,"MCINTIRE, ROGELIO S",negrosfamilylaboratory@gmail.com,negrosfamilylaboratory@gmail.com,,0,5,5,,,PASSED,Highly Satisfactory,SDTLPT-24-071422,HS
8,07-0959-24-PIBS-R,7,PHYSICIAN'S DIAGNOSTIC SERVICES CENTER-CEBU,"108 F RAMOS ST COR JUNQUERA ST COGON RAMOS (POB), CEBU CITY",CEBU,9328764622,"BIGORNIA, LYDIA ALMADRO A.",pdsc_lab7@yahoo.com,pdsc_lab7@yahoo.com,,2,2,4,,,PASSED,Highly Satisfactory,SDTLPT-24-071423,HS
8,07-1800-24-PIBS-I,7,KERALTY PRIME CEBU INCORPORATED,"CITY TIME SQUARE MACTAN, BASAK MARIGONDON ROAD, LAPU-LAPU CITY, CEBU",LAPU-LAPU/CEBU,0933-664-3217,"SON, MARK ANTHONY F.",keraltylabmactan@gmail.com,keraltylabmactan@gmail.com,,1,5,6,,,PASSED,Acceptable,SDTLPT-24-071424,A
8,07-XXXX-XX-XXXX-X,7,AQUILES MEDICAL CLINIC AND LABORATORY,"299 R. BOYLES ST. POBLACION, UBAY CITY, BOHOL",UBAY/BOHOL,09083144660/038-5012652,"MARTINEZ, SEBASTIAN GAISKA L. ",aquilesclinicallaboratory@gmail.com,aquilesclinicallaboratory@gmail.com,,2,1,3,,,PASSED,Highly Satisfactory,SDTLPT-24-071425,HS
8,07-1296-24-GIBS-R,7,DOH TREATMENT AND REHABILITATION CENTER-ARGAO LABORATORY,"DOH TRC-ARGAO, CANDABONG, BINLOD, ARGAO CITY, CEBU",ARAGAO/CEBU,9299652026,"RUSIA-U, RUBY O.",lab.trcargao@gmail.com,lab.trcargao@gmail.com,,0,2,2,,,PASSED,Excellent,SDTLPT-24-071426,E
8,07-0954-24-PIBS-R,7,OASIS DIAGNOSTIC AND LABORATORY CENTER,"FE BLDG, SIM BOGO BUSINESS PARK, BRGY. LA PURISIMA, BOGO CITY, CEBU",BOGO/CEBU,09664111201; 324345159; 09228811396,"ZAMORA, THEODORE M.",oasismedicalbogo@gmail.com,oasismedicalbogo@gmail.com,,4,3,7,,,PASSED,Acceptable,SDTLPT-24-071427,A
8,07-0523-24-PFSS-R,7,IMMACULATE CONCEPCION DRUG TESTING LABORATORY,"2F PAMUGAS BLDG., J.A CLARIN ST, BRGY. DAMPAS, TAGBILARAN CITY",TAGBILARAN/BOHOL,09603851437/ (038) 5019939,"ARCAY, JUANITA A.",immaculate282012@yahoo.com,immaculate282012@yahoo.com,,0,1,1,,,PASSED,Excellent,SDTLPT-24-071428,E
8,07-0506-24-PFSS-R,7,ALBTEC DRUG TESTING CENTER,"SAN VICENTE ST., BOGO CITY, CEBU",BOGO/CEBU,9638623796,"CABALLERO, JUDITO G. ",kate.tecson01@yahoo.com,kate.tecson01@yahoo.com,,0,1,1,,,PASSED,Excellent,SDTLPT-24-071429,E
8,07-0539-24-PIBS-R,7,ST. AGUSTINE CLINICAL LABORATORY ,"BUKING-KING ST., POBLACION, CARMEN CITY, CEBU ",CARMEN/CEBU,09235627782/ 425-7943,"MALILONG, ALMA E",st.agustine2014@gmail.com,st.agustine2014@gmail.com,,1,1,2,,,PASSED,Excellent,SDTLPT-24-071430,E
8,07-XXXX-XX-XXXX-X,7,SAN LUCAS MEDICAL ,"POBLACION WARD 1, MINGLANILLA CITY, CEBU, MARKET PLACE ",MINGLANILLA/CEBU,0949-993-1293,"SON, MARK ANTHONY  F.",lab@sanlucasmedical.com ,lab@sanlucasmedical.com ,,3,3,6,,,PASSED,Acceptable,SDTLPT-24-071431,A
8,07-1303-24-PIBS-R,7,ICODE MEDICAL LABORATORY,"PRES. M.L. QUEZON STREET, 2ND FLOOR RJL, SAN JOSE BUILDING, BANTAYAN CITY, CEBU",BANTAYAN/CEBU,0932-307-0718,"AGTUCA, CHAMBERLAIN I.",icodemedicolab@gmail.com,icodemedicolab@gmail.com,,2,5,7,,,PASSED,Acceptable,SDTLPT-24-071432,A
8,07-1306-24-PIBS-R,7,MEDICARD PHILIPPINES INC.,"UNIT 704 FLB CORPORATE CENTER, ARCH. REYES AVE., (TUPAD SA AYALA PUV TERMINAL), LUZ, CEBU CITY, CEBU",CEBU,0919-082-8741/ 0905-341-1817,"ZAMORA, THEODORE  M",CEBU.LABORATORY@MEDICARDPHILS.COM,CEBU.LABORATORY@MEDICARDPHILS.COM,,1,2,3,,,PASSED,Highly Satisfactory,SDTLPT-24-071433,HS
8,07-1600-24-PIBSR-R,7,RALS MEDICAL LABORATORY,"DOOR 4, VILLARITA APARTMENT, PJ BURGOS ST., CORNER ORLACSAN, ST. ALANG ALANG, MANDAUE CITY, CEBU",MANDAUE/CEBU,0966-286-3738,"SON, MARK ANTHONY  F.",ralsmedicallaboratory@gmail.com,ralsmedicallaboratory@gmail.com,,4,2,6,,,PASSED,Acceptable,SDTLPT-24-071434,A
8,07-1070-24-PFSS-R,7,LR MEDICAL LABORATORY & CLINIC,"2ND FLOOR ADELA BUILDING, GENERAL MAXILOM ST., COGON, RAMOS, CEBU CITY",CEBU,0932-407-6692,"NIOG, MARVI D.",diazeve2017@gmail.com,diazeve2017@gmail.com,,4,4,8,,,PASSED,Acceptable,SDTLPT-24-071435,A
8,07-1394-23-PIBS-R,7,MRH SAINT MICHAEL CLINICAL LABORATORY,"NATALIO BACALSO HIGHWAY-POBLACION, ARGAO CITY, CEBU",ARGAO/CEBU,0942-284-2709,"CAPATOY, CECILIA L",mrhargao@yahoo.com,mrhargao@yahoo.com,,2,1,3,,,PASSED,Highly Satisfactory,SDTLPT-24-071436,HS
8,07-1293-24-PIBS-R,7,CARMEN COPPER CORP DTL,"DON ANDREAS SORIANO, LUTOPAN, TOLEDO CITY, CEBU (CARMEN COPPER HOSPITAL LABORATORY)",TOLEDO/CEBU,0922-736-9400,"MALILONG, ALMA E.",ccchospitallaboratory@gmail.com,ccchospitallaboratory@gmail.com,,4,2,6,,,PASSED,Acceptable,SDTLPT-24-071437,A
8,07-0766-22-PIBS-R,7,ALLEGIANT REGIONAL CARE HOSPITALS INC.,"SITIO MALINAO, BARANGAY AGUS, LAPU-LAPU CITY, CEBU",LAPU-LAPU/CEBU,0999-990-1504/ 0932-135-8239,"SON, MARK ANTHONY F.",archlaboratorydrugtest@outlook.com,archlaboratorydrugtest@outlook.com,,2,3,5,,,PASSED,Highly Satisfactory,SDTLPT-24-071438,HS
8,07-1862-23-PIBS-R,7,"HEALTH METRICS CEBU (Operated by Cebu Healthspec Medical Diagnostic and Dental Clinic, Inc.)","2F MMA, UNIT 203, 203B-208B, DUANO AVENUE, PARKMALL, MANADAUE CITY, CEBU",MANDAUE/CEBU,0966*-255-6749/ 0922-881-1396,"ZAMORA, THEODORE M",healthspec2021@gmail.com,healthspec2021@gmail.com,,1,2,3,,,PASSED,Highly Satisfactory,SDTLPT-24-071439,HS
8,07-1543-23-PFSS-R,7,"LAPU-LAPU MEDICAL DIAGNOSTIC CENTER, INC. ","FFG ARCADE, A. TUMULAK ST., BRGY. GUN-OB, LAPU LAPU, CITY CEBU",LAPU-LAPU/CEBU,0966-638-3500,"CIMAFRANCA, JADE MARTIN F",llmdci07@gmail.com,llmdci07@gmail.com,,4,4,8,,,PASSED,Acceptable,SDTLPT-24-071440,A
8,07-XXXX-XX-XXXX-X,7,B-KRUS DRUG TESTING CENTER,"BESIDE J. CENTER MALL V., ALBANO ST., BAKILID, MANDAUE CITY, CEBU",MANDAUE/CEBU,0956-908-8482,"MARTINEZ, SEBASTIAN L. ",mavz_blisspharm@YAHOO.COM,mavz_blisspharm@YAHOO.COM,,0,2,2,,,PASSED,Excellent,SDTLPT-24-071441,E
8,07-0512-24-PFSS-R,7,CEBU EXCELLMED DIAGNOSTIC CENTER,"2ND FLOOR NG BLDG., 71 N BACALSO AVE., CEBU CITY",CEBU,09065389520/ ,"ROMERO, CHELAMARIE  T",cebex_cebu@yahoo.com,cebex_cebu@yahoo.com,,3,1,4,,,PASSED,Highly Satisfactory,SDTLPT-24-071442,HS
8,07-0929-24-PIBS-R,7,ELISHAMA MEDICAL LABORATORY,"600 F. CABATINGAN ST., POBLACION, COMPOSTELA CITY, CEBU (NEAR COMPOSTELA RHU & CATHOLIC CHURCH)",COMPOSTELLA/CEBU,09617253542/ 032-5206427,"CAPATOY, CECILIA L",elishamamedicallab@gmail.com,elishamamedicallab@gmail.com,,3,2,5,,,PASSED,Highly Satisfactory,SDTLPT-24-071443,HS
8,07-1016-24-PIBS-R,7,OUR COMMUNITY DIAGNOSTIC LABORATORY,"CANDULING, RONDA, CEBU CITY (BESIDE3 D'ACER GASOLINE STATION)",RONDA/CEBU,0968-560-2190/ 0917-326-8966,"CABALLERO, JUDITO G",ourcommunityd@gmail.com,ourcommunityd@gmail.com,,2,1,3,,,PASSED,Highly Satisfactory,SDTLPT-24-071444,HS
8,07-0526-24-GIBS-R,7,LGU-SAN REMIGIO DRUG TESTING LABORATORY,"BANDOLON ST. POBLACION, SAN REMEGIO CITY, CEBU",SAN REMEGIO/CEBU,09778179102/ 09164816447,"URSAL, ORLETA B.",rodacanetecamay@gmail.com,rodacanetecamay@gmail.com,,2,5,7,,,PASSED,Acceptable,SDTLPT-24-071445,A
8,07-1770-24-PIBS-R,7,AGUANTA MEDICAL AND DIAGNOSTIC CENTER CORPORATION,"2ND FLOOR CHRISTIANY BUILDING, D.C SANCHEZ ST., STA. CRUZ- STO. NI•O, BALAMBAN CITY, CEBU CITY (FRONT OF JUST 28 STORE)",BALAMBAN/CEBU,0932-361-2904/ 0907-789-5613,"SON, MARK ANTHONY F.",aguantamedical321@gmail.com,aguantamedical321@gmail.com,,2,2,4,,,PASSED,Highly Satisfactory,SDTLPT-24-071446,HS
8,07-0930-23-PIBS-R,7,"COR IESU CLINIC LABORATORY, X-RAY & PHARMACY","NATIONAL HIGHWAY, PONDOL, BALAMBAN CITY, CEBU",BALAMBAN/CEBU,0910-102-9733,"ZAMORA, THEODORE M.",chapuen88@gmail.com,chapuen88@gmail.com,,2,4,6,,,PASSED,Acceptable,SDTLPT-24-071447,A
8,07-XXXX-XX-XXXX-X,7,NORTHCARE DIAGNOSTICS,"GF CEDAVILLE RESIDENCES, KALUBIHAN, BRGY. TALAMBAN, CEBU CITY, CEBU",CEBU,09178965070/ 0324155765/ 09177942885,"LEPON-CAPATOY, CECILIA P.","northcarediagnostics@yahoo,com","northcarediagnostics@yahoo,com",,2,2,4,,,PASSED,Highly Satisfactory,SDTLPT-24-071448,HS
8,07-XXXX-XX-XXXX-X,7,STARS AND COMET MEDICAL CLINIC & LABORATORY ,"R. YOSOYA STREET, POTOHAN TUBIGON CITY, BOHOL",TUBIGON/BOHOL,9706502573,"CABALLERO,  JUDITO  G. ",stars.comet.41810@gmail.com,stars.comet.41810@gmail.com,,2,3,5,,,PASSED,Highly Satisfactory,SDTLPT-24-071449,HS
8,07-0509-24-PIBS-R,7,CARCAR WOMEN & CHILDREN LYING-IN POLYCLINIC & LABORATORY,"BARACCA ST., POBLACION II, CARCAR CITY, CEBU (ACROSS CEBU PROVINCIAL HOSPIAL-CARCAR)",CARCAR/CEBU,09173077447/  (032) 2612569 ,"CHI, EVEYLEN A.",lyndonvillegas@yahoo.com,lyndonvillegas@yahoo.com,,4,4,8,,,PASSED,Acceptable,SDTLPT-24-071450,A
8,07-XXXX-XX-XXXX-X,7,KAISER MEDICAL CENTER CLINIC AND DIAGNOSTICS,"2ND ST. MEZ-1 IBO, LAPU-LAPU CITY, CEBU",LAPU-LAPU/CEBU,09171926888/ 09226998945,"PABLEO, RIAN JOHN  B.",rianjohn.pableo@yahoo.com/mactan.patientcare@kaisermedcenter.com,rianjohn.pableo@yahoo.com/mactan.patientcare@kaisermedcenter.com,,1,0,1,,,PASSED,Excellent,SDTLPT-24-071451,E
8,07-0923-24-PIBS-R,7,"CENTER FOR HEALTH SERVICES, INC.","G/F UNIT 12, THE NORTH ATRIUM BLDG., M.C BRIONES ST. (HI-WAY) COR. A.S FORTUNA ST., MANDAUE CITY, CEBU",MANDAU/CEBU,9608528862,"SON, MARK ANTHONY F.",chsicebulab@gmail.com,chsicebulab@gmail.com,,0,2,2,,,PASSED,Acceptable,SDTLPT-24-071452,A
9,08-1312-24-GIBS-R,8,EASTERN VISAYAS MEDICAL CENTER-DRUG TESTING LABORATORY,"R. MAGSAYSAY BLVD., BRGYS 1&4 LIBERTAD, TACLOBAN CITY, LEYTE",TACLOBAN/LEYTE,0917714978/ 09177954304,"PORTULA, CLEOCITA P.",edessa.limoron@gmail.com,edessa.limoron@gmail.com,,3,0,3,,,PASSED,Highly Satisfactory,SDTLPT-24-081453,HS
9,08-XXXX-XX-XXXX-X,8,TACLOBAN DIALYSIS CARE INC.,"306, REAL ST., PAMPANGO DISTRICT, TACLOBAN CITY, LEYTE",TACLOBAN/LEYTE,0977-692-5714/ 09177138822,"PERILLA,  MARIA TERESITA  Z.",tdcilaboratory19@gmail.com,tdcilaboratory19@gmail.com,,1,1,2,,,PASSED,Excellent,SDTLPT-24-081454,E
9,08-1692-24-PIBS-R,8,DIVINE WORD HOSPITAL DRUGTESTING LABORATORY,"BRGY., 44A, AVENIDA VETERANOS ST, TANAUAN CITY, LEYTE",TANAUAN/LEYTE,321-4228,"ABANILLA, LORENZO M. ",dwhdrugtesting@gmail.com,dwhdrugtesting@gmail.com,,1,4,5,,,PASSED,Highly Satisfactory,SDTLPT-24-081455,HS
9,08-1139-24-PFSS-R,8,ACCU-RIGHT MEDICAL AND DIAGNOSTIC CENTER,"2ND FLOOR, ELORECHA REALTY BLDG., LUNTAD, PALO CITY, LEYTE",PALO/LEYTE,0968-549-3517,"ABIERAS, JENNIFER D.",accurightmdc22@gmail.com,accurightmdc22@gmail.com,,2,1,3,,,PASSED,Highly Satisfactory,SDTLPT-24-081456,HS
9,08-1317-24-PIBS-R,8,ST. CLARE CLINICAL AND DRUG TESTING LABORATORY,"DCPS BLDG., JP RIZAL ST., BRGY. ACACIA (IN FRONT OF FREEDOM PARK), CATARMAN CITY, NORTHERN SAMAR",CATARMAN/NORTHERN SAMAR,0905-698-5430,LUZANO GLENN ANTHONY M. ,stclaredtl@gmail.com,stclaredtl@gmail.com,,3,5,8,,,PASSED,Acceptable,SDTLPT-24-081457,A
9,08-1658-24-GIBS-R,8,DEPARTMENT OF HEALTH TREATMENT & REHABILITATION CENTER-DULAG,"BRGY. HIGHWAY, DULAG CITY, LEYTE",DULAG/LEYTE,0916-511-3755,"LICUANAN, RODRIGO  H.",trcdulagSDTL@gmail.com,trcdulagSDTL@gmail.com,,4,3,7,,,PASSED,Acceptable,SDTLPT-24-081458,A
9,08-1791-24-PIBS-R,8,ORDER OF ST. FRANCIS- ASSISTANCE COMMUNITY CENTER INC.,"ZONE 1 A. BONIFACIO ST., FCIC COMPOUND, BAYBAY CITY, LEYTE",BAYBAY/LEYTE,0991-755-6632/ 0922-214-0685,"HINUNANGAN, THADDEUS C.",bonzelclinicallaboratory@gmail.com,bonzelclinicallaboratory@gmail.com,,4,4,8,,,PASSED,Acceptable,SDTLPT-24-081459,A
9,08-1446-24-PIBS-R,8,UNITED SHALOM HOSPITAL ,"UCCP COMPOUND, REAL ST., TACLOBAN CITY LEYTE ",TACLOBAN/LEYTE,09688549572/ 09852545787,"PORTULA, CLEOCITA P.",kaeportula40@gmail.com,kaeportula40@gmail.com,,3,1,4,,,PASSED,Highly Satisfactory,SDTLPT-24-081460,HS
9,08-1310-24-PIBS-R,8,A-LAB DIAGNOSTIC CENTER,"GF, FRANCIS DORM AND SPACE RENTAL, SAN FRANCISCO ST., CENTRAL 2, PALOMPON, LEYTE",PALOMPON / LEYTE,9171171204,"TAGPIS, DOMINADOR L.",laboratory.alabangdiagnostic@gmail.com,laboratory.alabangdiagnostic@gmail.com,,1,2,3,,,PASSED,Acceptable,SDTLPT-24-081461,A
10,09-1115-24-PIBS-R,9,RACWELL MEDICAL CLINIC AND LABORATORY,"3RD FLOOR, RACWELL BUILDING, SABADO ST., SAN FRANCISCO DISTRICT, PAGADIAN CITY, ZAMBOANGA DEL SUR",PAGADIAN/ZAMBOANG DEL SUR,9999913080,"SANTOS, GEMMA LIBERTY D.",racwell22@gmail.com,racwell22@gmail.com,,0,2,2,,,PASSED,Excellent,SDTLPT-24-091462,E
10,09-0204-24-PIBS-I,9,ZDS MULTILABORATORY,"VIRATA BLDG., RIZAL AVENUE, STA. LUCIA DISTRICT, PAGADIAN CITY, ZAMBOANGA DEL SUR",PAGADIAN/ZAMBOANG DEL SUR,09999913080/0622154455/062-215-4455,"SANTOS, GEMMA LIBERTY D",zdsmultilaboratory@yahoo.com,zdsmultilaboratory@yahoo.com,,2,5,7,,,PASSED,Acceptable,SDTLPT-24-091463,A
10,09-1756-23-PIBS-I,9,SIA CLINICAL LABORATORY,"MCLL HIGHWAY, TETUAN, ZAMBOANGA CITY, ZAMBOANGA DEL SUR",ZAMBOANGA/ZAMBOANGA DEL SUR,09178363500/ 0629912966,"TORREGOSA, MARY ANN R.",sialab_1994@yahoo.com.ph,sialab_1994@yahoo.com.ph,,0,1,1,,,PASSED,Excellent,SDTLPT-24-091464,E
10,09-XXXX-XX-XXXX-X,9,DIA-METH DRUG TESTING CENTER AND CLINICAL LABORATORY,"NUNEZ EXT., MAYOR VITALIANO AGAN AVEN, ZAMBOANGA CITY, ZAMBOANGA DEL SUR (BESIDE JOAN'S PHARMACY)",ZAMBOANGA/ZAMBOANGA DEL SUR,09550615808/ 9559671,"PABER, ORLANDO P.",newdiameth@yahoo.com,newdiameth@yahoo.com,,1,3,4,,,PASSED,Highly Satisfactory,SDTLPT-24-091465,HS
10,09-0972-24-PFSS-R,9,SPEED MEDICHECK DRUG TESTING CENTER,"2ND FLOOR ROOM 203 EJS CENTER BLDG., VETERANS AVE BRGY ZONE IV, ZAMBAOANGA CITY, ZAMBOANGA DEL SUR",ZAMBOANGA/ZAMBOANGA DEL SUR,0917-707-9564,"TORREGOSA, MARY ANN R.",rosastacruz@yahoo.com,rosastacruz@yahoo.com,,0,2,2,,,PASSED,Excellent,SDTLPT-24-091466,E
10,09-1095-24-PIBS-R,9,ABAD MEDICAL CLINIC AND CLINICAL LABORATORY,"AROCHA BUILDING., ECHAVEZ STREET., DIPOLOG CITY, ZAMBOANGA DEL NORTE (ACROSS MLHUILLIER)",DIPOLOG/ZAMBOANGA DEL NORTE,0950-186-9027,"TEE, HAROLD L.",elgenoabad@yahoo.com,elgenoabad@yahoo.com,,1,1,2,,,PASSED,Excellent,SDTLPT-24-091467,E
10,09-1657-24-PIBS-I,9,JAR MEDICAL NETWORKERS AND MOBILE DIAGNOSTIC SERVICES,"CAP BLDG. NS VALDEROSA ST., ZAMBOANGA CITY, ZAMBOANGA DEL SUR",ZAMBOANGA/ZAMBOANGA DEL SUR,0997-706-3664,"TORREGOSA, MARY ANN  R.",mednetzamboanga2019@gmail.com,mednetzamboanga2019@gmail.com,,3,5,8,,,PASSED,Acceptable,SDTLPT-24-091468,A
10,09-1109-24-GIBS-R,9,MALANGAS EMERGENCY INFIRMARY,"PUROK SANTAN, CANDIIS, MALANGAS, ZAMBOANGA SIBUGAY",MALANGAS/ZAMBOANGA,0912-614-2164,"TORREGOSA, MARY ANN R.",dianjeanclaveria@gmail.com,dianjeanclaveria@gmail.com,,0,1,1,,,PASSED,Excellent,SDTLPT-24-091469,E
10,09-1608-24-PIBS-R,9,ST. ANNE CLINICAL LABORATORY,"3F BMD BUILDING, FS PAJARES AVE, CORNER SANSON ST. SAN FRANCISCO DISTRICT, PAGADIAN CITY, ZAMBOANGA DEL SUR",PAGADIAN/ZAMBOANG DEL SUR,0955-762-7067/ 0908-906-8333,"TORREGOSA, MARY ANN R.",st.anne_clinicallaboratory@yahoo.com,st.anne_clinicallaboratory@yahoo.com,,4,3,7,,,PASSED,Acceptable,SDTLPT-24-091470,A
10,09-1768-24-GIBS-R,9,ZAMBOANGA DEL NORTE MEDICAL CENTER DRUG TESTING LABORATORY,"NATIONAL HIGHWAY, SICAYAB, DIPOLOG CITY, ZAMBOANGA DEL NORTE",DIPOLOG/ZAMBOANGA DEL NORTE,0950-857-4823/ 0919-575-1977,"TORREGOSA, MARY ANN R.",ma.torregosa@gmail.com / zanortemed@gmail.com,ma.torregosa@gmail.com / zanortemed@gmail.com,,3,1,4,,,PASSED,Highly Satisfactory,SDTLPT-24-091471,HS
10,09-1779-24-PIBS-R,9,SAINT JAMES MEDICAL CLINIC AND CLINICAL LABORATORY,"LAWAAN HIGHWAY., BANONONG, DAPITAN CITY, ZAMBOANGA DEL NORTE",DAPITAN/ZAMBOANGA DEL NORTE,0912-434-2470 / 0919-575-1977,"TORREGOSA, MARY ANN R.",saintjamesmedicalclinic@yahoo.com,saintjamesmedicalclinic@yahoo.com,,0,0,0,,,PASSED,Excellent,SDTLPT-24-091472,E
10,09-1760-24-PIBS-I,9,INFANTE HOSPITAL MANAGEMENT CORPORATION,"INFANTE HOSPITAL MANAGEMENT CORPORATION, C.P. GARCIA ST., BARANGAY STA. CRUZ, ISABELA CITY, BASILAN ",ISABELA/BASILAN,0975-274-8357/0949-584-7058,"ABUBAKAR, AL-ZAMZAM A.",infantelab42@gmail.com,infantelab42@gmail.com,,0,1,1,,,PASSED,Excellent,SDTLPT-24-091473,E
10,09-XXXX-XX-XXXX-X,9,ZAMBOANGA SIBUGAY DIAGNOSTIC CLINICAL LABORATORY AND DRUG TESTING CENTER ,"PUROK GOLDEN SHOWER, POBLACION, IPIL, ZAMBOANGA SIBUGAY ",IPIL/ZAMBOANGA SIBUGAY,09666778177/ 093331961882,"TORREGOSA, MARY ANN  R. ",infirmaryfcc@gmail.com,infirmaryfcc@gmail.com,,1,2,3,,,PASSED,Highly Satisfactory,SDTLPT-24-091474,HS
10,09-0794-23-PFSS-R,9,SCGB DRUG TESTING CENTER INC.,"HIGHWAY TORNO, 270 COMPOUND, DIPOLOG CITY, ZAMBOANGA DEL NORTE",DIPOLOG/ZAMBOANGA DEL NORTE,9189206493,"TEE, HAROLD LEONG",scgbdtc_dipolog@yahoo.com,scgbdtc_dipolog@yahoo.com,,4,4,8,,,PASSED,Acceptable,SDTLPT-24-091475,A
10,09-1107-24-GIBS-R,9,"KUTA MAJOR CESAR L SANG-AN STATION HOSPITAL, DRUG TESTING LABORATORY","KCSSH, UPPER PULACAN, LABANGAN, ZAMBOANGA DEL SUR ",LABANGAN/ZAMBOANGA DEL SUR,9663996836,"SASUCA, RAUL SENA",hospital1id.mil@gmail.com,Rsasuca@gmail.com,,0,1,1,,,PASSED,Acceptable,SDTLPT-24-091476,A
10,09-XXXX-XX-XXX-X,9,AJ DIAGNOSTIC LABORATORY,"2/F PASALUBONG CENTER POBLACION, IPIL CITY, ZAMBOANGA SIBUGAY",IPIL/ZAMBOANGA SIBUGAY,9173086776,"TORREGOSA, MARY ANN R.",ajmt1021@gmail.com,ajmt1021@gmail.com,,3,4,7,,,PASSED,Acceptable,SDTLPT-24-091477,A
11,10-XXXX-XX-XXXX-X,10,ST. VINCENT FERRER CLINICAL LABORATORY,"#500 J, APOSTOL BLDG., 2/F, G. LA VI•A ST., POB. VALENCIA CITY, BUKIDNON",VALENCIA/BUKIDNON,0917-704-0494 / 088-828-5017,"SAAVERDA, MAXIMO JR. A.",st.vincentferrerclinlab@yahoo.com.ph,st.vincentferrerclinlab@yahoo.com.ph,,2,4,6,,,PASSED,Acceptable,SDTLPT-24-0101478,A
11,10-0996-24-PIBS-R,10,ILIGAN DIAGNOSTIC CENTER AND MULTIPURPOSE COOPERATIVE,"QUEZON AVENUE EXTENSION, PALA-O(INFRONT OF CITY HOSPITAL-GTLMH), ILIGAN CITY, LANAO DEL NORTE",ILIGAN/LANAO DEL NORTE,09551128824/ (063) 225-4208/ 09551128824,"RUIZ, CHONILO O.",cooplab.lab2020@gmail.com,cooplab.lab2020@gmail.com,,1,1,2,,,PASSED,Excellent,SDTLPT-24-0101479,E
11,10-0951-20-PIBS-R,10,ADVENTIST MEDICAL CENTER - VALENCIA CITY DRUG TESTING,"A. AGUILAR ST., POBLACION, VALENCIA CITY, VALENCIA CITY, BUKIDNON",VALENCIA/BUKIDNON,09458696984/ 09177182076,"ALEGATA, RACHEL  P.",amcvalencia2016@gmail.com,amcvalencia2016@gmail.com,,2,1,3,,,PASSED,Highly Satisfactory,SDTLPT-24-0101480,HS
11,10-XXXX-XX-XXXX-X,10,SACRED HEART MEDICAL LABORATORY,"67 TORIBIO CHAVEZ ST., BRGY 4, CAGAYAN DE ORO CITY, MISAMIS ORIENTAL",CAGAYAN DE ORO/MISAMIS ORIENTAL,088-881958,"ABIZOGUE•A, JERRY  C. ",cabance-m@yahoo.com,cabance-m@yahoo.com,,2,3,5,,,PASSED,Highly Satisfactory,SDTLPT-24-0101481,HS
11,10-1147-24-PFSS-R,10,"SMA MEDICAL LABORATORY, DRUGTEST AND DIAGNOSTIC CENTER","10TH EAST, ROSARIO HEIGHTS, TUBOD, ILIGAN CITY, LANAO DEL NORTE",ILIGAN/LANAO DEL NORTE,0917-435-6157,"RUIZ, CHONILO O.",smadrugtest@gmail.com,smadrugtest@gmail.com,,3,3,6,,,PASSED,Acceptable,SDTLPT-24-0101482,A
11,10-1129-24-GIBS-R,10,CHO LYING-IN AND FAMILY PLANNING CLINIC DRUG TESTING CENTER,"GROUND FLR., CITY HEALTH BLDG, ROOM 10 MORTOLA, HAYES ST., CAGAYAN DE ORO CITY, MISAMIS ORIENTAL",CAGAYAN DE ORO/MISAMIS ORIENTAL,09171372881/ 09209600365,"ABROGUENA, JERRY C. ",chocdodaiagnosticlab@gmail.com,chocdodaiagnosticlab@gmail.com,,0,4,4,,,PASSED,Highly Satisfactory,SDTLPT-24-0101483,HS
11,10-1005-24-GIBS-R,10,NORTHERN MINDANAO MEDICAL CENTER-DRUG TESTING LAB,"CAPITOL COMPOUND, BRGY. 27, CAGAYAN DE ORO CITY, MISAMIS ORIENTAL",CAGAYAN DE ORO/MISAMIS ORIENTAL,9209600365,"ABIZOGUE•A, JERRY  C. ",nmmc_patho@yahoo.com,nmmc_patho@yahoo.com,,0,2,2,,,PASSED,Excellent,SDTLPT-24-0101484,E
11,10-XXXX-XX-XXXX-X,10,KCLM DRUG TESTING CENTER,"BSP, BLDG. HAYES STREET BRGY. 40, CAGAYAN DE ORO, MISAMIS ORIENTAL",CAGAYAN DE ORO/MISAMIS ORIENTAL,0917-677-9480,"ABROGUENA, JERRY C.",kclmdtc.2011a@gmail.com,kclmdtc.2011a@gmail.com,,4,4,8,,,PASSED,Acceptable,SDTLPT-24-0101485,A
11,10-1836-24-PIBS-R,10,GT DIAGNOSTIC LABORATORY AND DRUG TESTING CENTER,"ZONE II CODILLA ST., POBLACION, INITAO CITY, MISAMIS ORIENTAL",INITAO/MISAMIS ORIENTAL,09176279284/09173187661/088.8521096,"ABROGUENA, JERRY C. ",gtlaboratorydrugtesting@gmail.com,gtlaboratorydrugtesting@gmail.com,,4,3,7,,,PASSED,Acceptable,SDTLPT-24-0101486,A
11,10-1000-24-PIBS-R,10,LIFELINK DRUG TESTING SITE,"2ND FLOOR ALMIRANTE, BLDG., DON A. VELEZ ST. BRGY. 19, CAGAYAN DE ORO CITY, MISAMIS ORIENTAL",CAGAYAN DE ORO/MISAMIS ORIENTAL,09171468872; (088) 8804268,"ABROGUE•A, JERRY  C. ",lifelink11@yahoo.com,lifelink11@yahoo.com,,2,2,4,,,PASSED,Highly Satisfactory,SDTLPT-24-0101487,HS
11,10-XXXX-XX-XXXX-X,10,INTERNIST HUB... A MEDICAL AND DIAGNOSTIC CENTER,"PYB RESIDENCES, 3F RM 302, ZAMORA COR LUNCH ST., POBLACION, ILIGAN CITY, LANAO DEL NORTE",ILIGAN/LANAO DEL NORTE,0947-795-9498/ 0632228668,RUIZ  CHONILO O.,internisthub@gmail.com,internisthub@gmail.com,,1,3,4,,,PASSED,Highly Satisfactory,SDTLPT-24-0101488,HS
11,10-XXXX-XX-XXXX-X,10,KCLM MEDICAL DIAGNOSTIC CENTER,"PRESS CLUB BLDG. A VELEZ-LUNA ST., CAGAYAN DE ORO CITY, MISAMIS ORIENTAL",CAGAYAN DE ORO/MISAMIS ORIENTAL,09178032857/ 0907-488-9524,"ABROGUE•A, JERRY  C. ",abogadovicky@yahoo.com,abogadovicky@yahoo.com,,3,3,6,,,PASSED,Acceptable,SDTLPT-24-0101489,A
11,10-1128-24-PIBS-R,10,CEDAR SCIENTIFIC CLINICAL LABORATORY,"PHOENICIAN BLDG., JAMES HAYES ST., PINIKITAN , CAMAMA-AN, CAGAYAN DE ORO CITY, MISAMIS ORIENTAL (NEAR MARIA REYNA XAVIER UNIVERSITY HOSPITAL OR SUPERBIKE)",CAGAYAN DE ORO/MISAMIS ORIENTAL,0917-626-7204/ 0997-940-6575,"ABADIANO, EDGARDO B",cedarclinlabcdo@gmail.com,cedarclinlabcdo@gmail.com,,3,2,5,,,PASSED,Highly Satisfactory,SDTLPT-24-0101490,HS
11,10-1087-24-PFSS-R,10,A&K MALAYBALAY CLINICAL LABORATORY AND DRUG TESTING CENTER,"ORLEANS BLDG. SAN VICTORES ST. BRGY. 9, MALAYBALAY CITY, BUKIDNON",MALAYBALAY/BUKIDNON,09068502429/09209600365,"ABROQUENA, JERRY  C. ",kda_29abella@yahoo.com,kda_29abella@yahoo.com,,2,1,3,,,PASSED,Highly Satisfactory,SDTLPT-24-0101491,HS
11,10-0550-23-PIBS-R,10,DON CARLOS DOCTORS HOSPITAL DRUGTESTING LABORATORY ,"E. AGUINALDO ST., DON CARLOS CITY, BUKIDNON ",DON CARLOS/BUKIDNON,09676440322/(063)2216336/09455727620,"SAAVEDRA,  MAXIMO A.",rechelle_grace@yahoo.com,rechelle_grace@yahoo.com,,4,0,4,,,PASSED,Highly Satisfactory,SDTLPT-24-0101492,HS
11,10-0998-24-PFSS-R,10,JEM DIAGNOSTIC CENTER,"JEM BLDG., MEDINA AVENUE, CARMEN ANNEX, OZAMIZ CITY, MISAMIS OCCIDENTAL",OZAMIZ CITY/MISAMIS OCCIDENTAL,9567524042,"TEE, HAROLD LEONG",jemdiagnosticcenter@gmail.com,hlt50@yahoo.com,,0,0,0,,,PASSED,Acceptable,SDTLPT-24-0101493,A
11,10-XXXX-XX-XXXX-X,10,NASON DIAGNOSTIC AND MEDICAL CLINIC,"GF, NASON BUILDING, BARANGAY II-MARILOU ANNEX, TANGUB CITY, MISAMIS OCCIDENTAL",TANGUB CITY/MISAMIS OCCIDENTAL,9071613687,"TEE, HAROLD LEONG",nasonclinic@yahoo.com,nasonclinic@yahoo.com,,2,2,4,,,PASSED,Acceptable,SDTLPT-24-0101494,A
11,10-XXXX-XX-XXXX-X,10,VITALAB HEALTHCARE INC,"DOOR 3 ATC BLDG. LUNA-VELEZ ST, CAGAYAN DE ORO CITY, MISAMIS ORIENTAL ", MISAMIS ORIENTAL ,0906-666-5975/88-851-5621,"LAMAYRA, GERARD",vitalabcdo@gmail.com,vitalabcdo@gmail.com,,3,2,5,,,PASSED,Highly Satisfactory,SDTLPT-24-0101495,HS
12,11-1170-24-PFSS-R,11,DAVAO DOCTOR'S CARE CENTER AND DOH CARE CENTER- SM LANANG PREMIER,"J.P LAUREL AVENUE, BRGY. SAN ANTONIO, LANANG DAVAO CITY, DAVAO DEL SUR",DAVAO/DAVAO DEL SUR,09989604107/ 2443878,"GRAGEDA, OSCAR P.",davdocarecenter@ddh.com.ph,davdocarecenter@ddh.com.ph,,4,4,8,,,PASSED,Acceptable,SDTLPT-24-0111496,A
12,11-1682-24-GFSS-R,11,DAVAO DEL NORTE DRUG TESTING LABORATORY,"CAPITOL CENTER, TAGUM CITY, DAVAO DEL NORTE",TAGUM/DAVAO DEL NORTE,9496206711,"BERNAS, MARY ANNE O.",roseleenadlayan19@gmail.com,roseleenadlayan19@gmail.com,,1,2,3,,,PASSED,Highly Satisfactory,SDTLPT-24-0111497,HS
12,11-1599-24-PIBS-R,11,DAVAO MERCHANT MARINE ACADEMY DIAGNOSTIC CENTER INC./ DMMA DIAGNOSTIC CENTER INC.,"DMMA DIAGNOSTIC CENTER INC., TIGATTO ROAD, BARANGAY BUHANGIN, DAVAO CITY, DAVAO DEL SUR 8000",DAVAO/DAVAO DEL SUR,09433974104/(082)295-6894,"FEDOC-MINGUITO, MA. THERESA A.",diagnostic-center@dmmacsp.edu.ph,diagnostic-center@dmmacsp.edu.ph,,2,5,7,,,PASSED,Acceptable,SDTLPT-24-0111498,A
12,11-1153-24-PFSS-R,11,ANAHAW DRUG TESTING CENTER,"R. MAGSAYSAY ST., SUIZO BLDG., BRGY. ZONE III, DIGOS CITY, DAVAO DEL SUR",DIGOS/DAVAO DEL SUR,0927-026-4526,"PADILLA, JOHN PATRICK  C",anahawdrugtest_2020@gmail.com,anahawdrugtest_2020@gmail.com,,4,1,5,,,PASSED,Highly Satisfactory,SDTLPT-24-0111499,HS
12,11-1278-24-PIBS-R,11,VIACRUCIS INFIRMARY ,"LOWER BINUGAO, TORIL, DAVAO CITY, DAVAO DEL SUR",DAVAO/DAVAO DEL SUR,082-222-8066 / (082) 222-80-66/ 09209458011,"VERGARA, FLORANNE L. ",ummultitestlab@yahoo.com / tinapads@yahoo.com,ummultitestlab@yahoo.com / tinapads@yahoo.com,,4,4,8,,,PASSED,Acceptable,SDTLPT-24-0111500,A
12,11-1194-24-PIBS-R,11,"LANANG PREMIERE DOCTORS HOSPITAL, INC.","DAVAO PARK DISTRICT, DAKUDAO LOOP, BRGY. SAN ANTONIO, LAWANG, DAVAO CITY (BACK STREET OF SM LANANG) DAVAO CITY, DAVAO DEL SUR",DAVAO/DAVAO DEL SUR,0968-859-0174/0922-856-4649,"DOMINGO, ALEJANDRO JR. L.",lpdhi.laboratory@gmail.com,lpdhi.laboratory@gmail.com,,2,2,4,,,PASSED,Highly Satisfactory,SDTLPT-24-0111501,HS
12,11-XXXX-XX-XXXX-X,11,MATI MEDICAL CLINIC AND DIAGNOSTIC CENTER,"PUROK MABUHAY II, PANAMIN, BRGY. MATIAO, MATI CITY, DAVAO ORIENTAL",MATI/DAVAO ORIENTAL,09061945448/ 09258892121,"GRAGEDA, OSCAR P",mmsdcmatic@gmailcom,mmsdcmatic@gmailcom,,0,0,0,,,PASSED,Excellent,SDTLPT-24-0111502,E
12,11-XXXX-XX-XXXX-X,11,ALTERADO GENERAL HOSPITAL INC,"P. VILLANUEVA STREET. COR R.CASTILLO AGDAO, DAVAO CITY, DAVAO DEL SUR",DAVAO/DAVAO DEL SUR,0977-613-4788,"GRAGEDA, OSCAR P.",alterado_generalhospital@yahoo.com.ph,alterado_generalhospital@yahoo.com.ph,,1,1,2,,,PASSED,Excellent,SDTLPT-24-0111503,E
12,11-XXXX-XX-XXXX-X,11,SOUTHERN PHILIPPINES MEDICAL CENTER,"HSSC BLG., DRUG TESTING, SECTUM SPMC COMPOUND JP LAUREL, DAVAO CITY, DAVAO DEL SUR",DAVAO/DAVAO DEL SUR,09156723305/ 0822272731 LOC. 4144,"MARAMION, MARLON M.",spmcdrugtesting@gmail.com,spmcdrugtesting@gmail.com,,2,3,5,,,PASSED,Highly Satisfactory,SDTLPT-24-0111504,HS
12,11-1821-24-PIBS-I,11,SUREHEALTH MANAGEMENT DIAGNOSTIC CENTER CO.,"DOOR I & 2 G/F, CORPUS BLDG., GEMPESACO ST. (NEAR CLINICA TAN), DAVAO CITY, DAVAO DEL SUR",DAVAO/DAVAO DEL SUR,09336126787/ 09209529948/ 0823279129,"DOMINGO,  ALEJANDRO  L. ",aldjr0615@yahoo.com/ surehealthdavo@gmail.com,aldjr0615@yahoo.com/ surehealthdavo@gmail.com,,3,3,6,,,PASSED,Acceptable,SDTLPT-24-0111505,A
12,11-1636-24-GFSS-R,11,10 1D DRUG TESTING AND SCREENING CENTER,"CAMP GENERAL MANUEL T. YAN., SR., BARANGAY TUBORAN, MAWAB, COMPOSTELA VALLEY CITY, DAVAO DE ORO",COMPOSTELLA VALEY/DAVAO DEO ORO,0928-276-9395,"SASUCA, RAUL S.",jimsmaysix@gmail.com,jimsmaysix@gmail.com,,2,3,5,,,PASSED,Highly Satisfactory,SDTLPT-24-0111506,HS
12,11-0150-23-PIBS-R,11,BMCDC HEALTHCARE INC.,"UNIT 117 & 118 NOVA TIERRA SQUARE, LANANG, DAVAO CITY",DAVAO/DAVAO DEL SUR,0932-783-3732,"GRAGEDA, OSCAR P.",bmcdc.lananglab@gmail.com,bmcdc.lananglab@gmail.com,,0,2,2,,,PASSED,Excellent,SDTLPT-24-0111507,E
12,11-XXXX-XX-XXXX-X,11,BMCDC HEALTHCARE INC.-MATINA,"JJL BDG., 1 STO NI•O VILLAGE, MCARTHUR HIGWAY MATINA, DAVAO CITY, DAVAO DEL SUR",DAVAO/DAVAO DEL SUR,0942-275-0700/ 0917-701-8515,"GRAGEDA, OSCAR P.",bhimatina.lab@gmail.com,bhimatina.lab@gmail.com,,2,0,2,,,PASSED,Excellent,SDTLPT-24-0111508,E
12,11-1164-24-PIBS-R,11,BUHANGIN MEDICAL CLINIC AND DIAGNOSTIC CENTER,"DOOR 2 GIMENES BLDG., KM 5 BUHANGIN STREET, DAVAO, DAVAO DEL SUR",DAVAO/DAVAO DEL SUR,09123-250-290/ 0917-701-8515,"GRAGEDA, OSCAR P.",buhanginclinic@yahoo.com,buhanginclinic@yahoo.com,,3,5,8,,,PASSED,Acceptable,SDTLPT-24-0111509,A
12,11-1093-24-PIBS-R,11,PGS MEDICAL CLINIC AND LABORATORY,"UNIT C MAGRADECO BLDG., CORNER LEGASPI MAGALLANES ST.,  BRGY., 1A DAVAO CITY, DAVAO DEL SUR",DAVAO/DAVAO DEL SUR,0921-961-3372,"GRAGEDA, OSCAR P.",antonia.santotome0214@gmail.com,antonia.santotome0214@gmail.com,,1,3,4,,,PASSED,Highly Satisfactory,SDTLPT-24-0111510,HS
12,11-1160-24-PIBS-R,11,"BMCDC MEDICAL STATION CO., INC. - CALINAN","DOOR 3, TNE BUILDING, DAVAO-BUKIDNON, CALINAN, DAVAO CITY, DAVAO DEL SUR",DAVAO/DAVAO DEL SUR,0942-562-6374,"GRAGEDA, OSCAR P.",BMCDC.CALINAN@gmail.com,BMCDC.CALINAN@gmail.com,,5,3,8,,,PASSED,Acceptable,SDTLPT-24-0111511,A
12,11-XXXX-XX-XXXX-X,11,DAVAO MEDICAL SCHOOL FOUNDATION INC. HOSPITAL,"DR A. GAHOL AVENUE, BAJADA, BRGY 19-B, DAVAO CITY, DAVAO DEL SUR",DAVAO/DAVAO DEL SUR,0926-688-7834/ 0917-701-8515,"GRAGEDA, OSCAR P.",dmsfh_laboratory@email.dmsf.edu.ph,dmsfh_laboratory@email.dmsf.edu.ph,,1,2,3,,,PASSED,Highly Satisfactory,SDTLPT-24-0111512,HS
12,11-1174-24-PIBS-R,11,"DAVAO SPECIALISTS CLINIC AND DIAGNOSTIC LABORATORY, INC.","G/F SOMBILON - SABUGA BLDG. (BESIDE EDU HOME), PUROK SIBUYAS, GREDU (POB.), PANABO, DAVAO DEL NORTE 8105",PANABO/DAVAO DEL NORTE,0905-258-6393,"DOMINGO, ALEJANDRO JR. L. ",scdlpanabo@gmail.com,scdlpanabo@gmail.com,,2,4,6,,,PASSED,Acceptable,SDTLPT-24-0111513,A
12,11-0177-24-PIBS-I,11,PRIMEHEALTH MEDICAL CLINIC AND LABORATORY,"UNIT 2-5 HERMANAS BUILDING, PUROK C SUAY BAGUIO DISTRICT, MAGUSPO NORTH, TAGUM CITY, DAVAO DEL NORTE",TAGUM/DAVAO DEL NORTE,0917-303-6137,"VERGARA, FLORANNE L.",primehealthtgm@gmail.com,primehealthtgm@gmail.com,,2,1,3,,,PASSED,Highly Satisfactory,SDTLPT-24-0111514,HS
12,11-1162-24-PIBS-R,11,BROKENSHIRE MEDICAL CENTER,"BROKENSHIRE HEIGHTS MADAPO HILLS, BRGY. 8-A POBLACION DISTRICT, DAVAO CITY, DAVAO DEL SUR",DAVAO/DAVAO DEL SUR,0968-439-9890/ 0917-308-4545/ 0995-223-5278,"VISITACION, EDMUNDO  j.",laboratory@brokenshire.org,laboratory@brokenshire.org,,0,1,1,,,PASSED,Excellent,SDTLPT-24-0111515,E
12,11-1094-24-PFSS-R,11,RPMED ADVANCED DIAGNOSTIC AND OUTPATIENT CENTER,"36 QUIMPO BLVD., ECOLIANO PHASE 1, BRGY. BUCANA DAVAO CITY, DAVAO DEL SUR",DAVAO/DAVAO DEL SUR,09435256505/ 09324067022,"MARAMION, MARLON M",rpmedhr@gmail.com,rpmedhr@gmail.com,,1,2,3,,,PASSED,Highly Satisfactory,SDTLPT-24-0111516,HS
12,11-XXXX-XX-XXXX-X,11,AC-RED DRUG TESTING CENTER,"PUROK 5 TRADING BOULEVARD BRGY 38 D, DAVAO CITY, DAVAO DEL SUR",DAVAO/DAVAO DEL SUR,09166449429/ 09971105921/ 09328437875/ (082) 333-5812,"MARAMION, MARLON M.",ac_reddrugtestmedicalcenter@yahoo.com,ac_reddrugtestmedicalcenter@yahoo.com,,2,2,4,,,PASSED,Highly Satisfactory,SDTLPT-24-0111517,HS
12,11-1756-24-PIBS-R,11,"BIOANALYTICAL LABORATORY AND DIAGNOSTIC CLINIC, INC.","DOOR 2 AND 3, GRI BUSINESS CENTER BUILDING KM 14 PANACAN, DAVAO CITY, DAVAO DEL SUR",DAVAO/DAVAO DEL SUR,09614478483/ (082) 224-9580,"VISITACION, EDMUNDO J.",bioana2009@gmail.com,bioana2009@gmail.com,,0,1,1,,,PASSED,Excellent,SDTLPT-24-0111518,E
12,11-1171-24-PFSS-R,11,DAVAO DOCTOR'S CARE CENTER AND DOH CARE CENTER- SM CITY DAVAO,"SM CITY DAVAO, QUIMPO BOULEVARD, BUCANA BRGY. 76-A, MATINA DAVAO CITY, DAVAO DEL SUR",DAVAO/DAVAO DEL SUR,09985331265/ 244-3879,"GRAGEDA, OSCAR P.",davdocarecenter@ddh.com.ph,davdocarecenter@ddh.com.ph,,1,3,4,,,PASSED,Highly Satisfactory,SDTLPT-24-0111519,HS
12,11-1325-24-PIBS-R,11,ACCUCARE MEDICAL AND DIAGNOSTIC CLINIC,"LLANOS BLDG., A. BRIOSO ST., ZONE III, SANTA CRUZ, DAVAO DEL SUR",SANTA CRUZ/DAVAO DEL SUR,09485352573/ 09984751419,"FEDOC, MA. THERESA A.",accucaremdc@yahoo.com,accucaremdc@yahoo.com,,3,3,6,,,PASSED,Acceptable,SDTLPT-24-0111520,A
12,11-1195-24-PIBS-R,11,LIFE CARE MEDICAL AND DIAGNOSTIC CENTER,"GF RAQ BUILDING, JP LAUREL (BESIDE EASTWEST BANK) DAVAO CITY, DAVAO DEL SUR",DAVAO/DAVAO DEL SUR,0995-504-2607/0998-475-1419,"MENGUITO, MA. THERESA F.","lifecaredavao22@gmail,com","lifecaredavao22@gmail,com",,2,5,7,,,PASSED,Acceptable,SDTLPT-24-0111521,A
12,11-1220-24-PIBS-R,11,VITALAB REDMARK CORPORATION (BRANCH 1) ,"DOOR 1 ALBAY BLDG. MCARTHUR HIGHWAY, BRGY. MATINA CROSSING, TALOMO, DAVAO CITY, DAVAO DEL SUR",DAVAO/DAVAO DEL SUR,0998-544-5932,"VISITACION, EDMUNDO J","vitalabmatina@gmail,com","vitalabmatina@gmail,com",,4,4,8,,,PASSED,Acceptable,SDTLPT-24-0111522,A
12,11-XXXX-XX-XXXX-X,11,"DAVAO SPECIALISTS CLINIC AND DIAGNOSTIC LABORATORY, INC.","GROUND FLOOR BEECHNUT SQUARE BLDG. (BESIDE PAPER TREE), STA. ANA AVENUE, DAVAO CITY, DAVAO DEL SUR ",DAVAO/DAVAO DEL SUR,09433974104/ (082) 2956894,"DOMINGO, ALEJANDRO JR. L",medlaboratory123456@gmail.com,medlaboratory123456@gmail.com,,2,5,7,,,PASSED,Acceptable,SDTLPT-24-0111523,A
12,11-1202-24-PIBS-R,11,ONPOINT 8 LABORATORIES INC,"DOOR 2 J. LIM BLDG., DIVERSION RD., BUHANGIN, DAVAO CITY, DAVAO DEL SUR",DAVAO/DAVAO DEL SUR,9541757773,"GRAGEDA, OSCAR PANUNCIALMAN",sdtldavao.onpoint8lab@gmail.com,sdtldavao.onpoint8lab@gmail.com,,0,5,5,,,PASSED,Acceptable,SDTLPT-24-0111524,A
12,11-1221-24-PIBS-R,11,VITALAB REDMARK CORPORATION (MAIN) ,"DOOR 2 & 3 MAGRICOM BLDG. KM 5 BAJADA, DAVAO CITY, DAVAO DEL SUR",DAVAO DEL SUR,09985445932/ 0917-3084545,"VISITACION, EDMUNDO",vitalabmain.corp@gmail.com,vitalabmain.corp@gmail.com,,2,2,4,,,PASSED,Highly Satisfactory,SDTLPT-24-0111525,HS
13,12-1289-24-PIBS-R,12,SPECIALISTS CLINIC & DIAGNOSTIC LABORATORY,"MARTIN BUILDING, SANTO NI•O STREET, BRGY. POBLACION 6, MIDSAYAP CITY, NORTH COTABATO",MIDSAYAP/NORTH COTABATO,09468672755/(064)521-0792/09310941724,"DOMINGO,  ALEJANDRO JR. L.",scdlmid@gmail.com,scdlmid@gmail.com,,0,5,5,,,PASSED,Highly Satisfactory,SDTLPT-24-0121526,HS
13,12-XXXX-XX-XXXX-X,12,DAVAO SPECIALIST CLINIC AND DIAGNOSTIC LABORATORY,"G/F JUDUTA BLDG., JOSE CATOLICO SR. AVENUE , BRGY. LAGAO, GENERAL SANTOS CITY, SOUTH COTABATO (BESIDES LWC CYCLE)",GENERAL SANTOS/SOUT COTABATO,0909-403-3240,"DOMINGO, ALEJANDRO L.",scdlgensan0614@yahoo.com,scdlgensan0614@yahoo.com,,0,5,5,,,PASSED,Highly Satisfactory,SDTLPT-24-0121527,HS
13,12-XXXX-XX-XXXX-X,12,"DAVAO SPECIALISTS CLINIC AND DIAGNOSTIC LABORATORY, INC.","BENLUZ BLDG. BONIFACIO ST., BRGY. ZONE IV (FRONTING RIZAL PARK), KORONADAL CITY, SOUTH COTABATO",KORONADAL/SOUTH COTABATO,0917-149-5037,"DOMINGO, ALEJANDRO JR L.",scdlkoronadal@gmail.com,scdlkoranadal@gmail.com,,3,4,7,,,PASSED,Acceptable,SDTLPT-24-0121528,A
13,12-1242-24-PFSS-R,12,E.R DIAGNOSTIC CENTER,"2F JMP 1 BLDG., SOUTH OSME•A, CORNER CHAMAGA ST. DADIANGAS EAST, GENERAL SANTOS CITY, SOUTH COTABATO",GENERAL SANTOS/SOUT COTABATO,0920979-4912/ 08365207124,"ALCONCEL, EDWIN  C",erdiagnosticcenter@gmail.com,erdiagnosticcenter@gmail.com,,4,3,7,,,PASSED,Acceptable,SDTLPT-24-0121529,A
13,12-1273-24-PFSS-R,12,MEDALLA DRUG TESTING CENTER-ISULAN,"CACHUELA BLDG., NATIONAL HIGHWAY, ISULAN CITY, SULTAN KUDARAT",TACURONG/SULTAN KUDARAT,09277389031/ 09209137727,"LINGAYON, NENA S.",medallaisulan1022@gmail.com,medallaisulan1022@gmail.com,,4,4,8,,,PASSED,Acceptable,SDTLPT-24-0121530,A
13,12-1282-24-PFSS-R,12,MEDALLA DRUG TESTING CENTER-TACURONG,"DOOR 5 DARRAINE BLDG., TACURONG CITY, SULTAN KUDARAT",TACURONG/SULTAN KUDARAT,097738903/ 064-4712609,"LINGAYON, NENA S.",medalladiagnostic@gmail.com,medalladiagnostic@gmail.com,,3,5,8,,,PASSED,Acceptable,SDTLPT-24-0121531,A
13,12-1427-24-PIBS-I,12,HQ LAB NI DOK DIAGNOSTICS CORP.,"ANGKALIAN BLDG., NATIONAL HIGHWAY, BRGY. LAGAO, GENERAL SANTOS CITY, SOUTH COTABATO",GENERAL SANTOS/SOUT COTABATO,0932-690-4533/0917-726-9214,"GASATAYA, VITA B.",hqlabnidokdiagnosticscorp@gmail.com,hqlabnidokdiagnosticscorp@gmail.com,,1,2,3,,,PASSED,Highly Satisfactory,SDTLPT-24-0121532,HS
13,12-1260-24-PFSS-R,12,JPS DRUG TESTING CENTER,"DOOR 3, HTK COMMERCIAL BLDG., 42-A BONIFACIO ST., POBLACION, TAGURONG CITY, SULTAN KUDARAT",TACURONG/SULTAN KUDARAT,9212566622,"GASATAYA, VITA B",braselinoj@gmail.com,braselinoj@gmail.com,,0,0,0,,,PASSED,Excellent,SDTLPT-24-0121533,E
13,12-1272-24-PIBS-R,12,LIFE CARE DIAGNOSTIC LABORATORY,"LV BUILDING,, BRGY ZONE III, ALUNAN AVENUE, CITY OF KORONADAL, SOUTH COTABATO",KORONADAL/SOUTH COTABATO,09287718850/ 228-1299,"GASATAYA, VITA B.",lifecareofficial.2021@gmail.com,lifecareofficial.2021@gmail.com,,1,1,2,,,PASSED,Excellent,SDTLPT-24-0121534,E
13,12-XXXX-XX-XXXX-X,12,EXCELLANZE LAB DIAGNOSTIC & SERVICES,"DOOR 4, JAYME BUILDING , PIONEER AVENUE, POLOMOK CITY, SOUTH COTABATO (BESIDE BAYAN LAW OFFICE)",POLOMOK/SOUTH COTABATO,0948-582-1699,"LINGAYON, NENA S.",excellanzelads@yahoo.com,excellanzelads@yahoo.com,,0,0,0,,,PASSED,Excellent,SDTLPT-24-0121535,E
13,12-1623-24-GFSS-R,12,SOCCSKSARGEN DRUG ABUSE TREATMENT AND REHABILITATION CENTER,"PUROK 4, BARANGAY KAWAS, ALABEL CITY, SARANGANI PROVINCE",ALABEL/SARANGANI PROVINCE,09052672911/ 09228675365/ (083) 892 5678,"CRISOSTOMO, KENNETH C.",soxdatrc.laboratory@gmail.com,soxdatrc.laboratory@gmail.com,,3,5,8,,,PASSED,Acceptable,SDTLPT-24-0121536,A
13,12-1262-24-PFSS-R,12,JRG DRUG TESTING CENTER AND MEDICAL CLINIC,"2F/ GAISANO GRAND KORONADAL, GENSAN DRIVE BRGY. STO. NI•O,  KORONADAL CITY, SOUTH COTABATO",KORONADAL/SOUTH COTABATO,0948-906-3565/ 0920-913-7727,"LINGAYON, NENA S.",jrggaisano.jggc@gmail.com,jrggaisano.jggc@gmail.com,,0,1,1,,,PASSED,Excellent,SDTLPT-24-0121537,E
13,12-1269-24-PIBS-R,12,LABORATORIO MEDICO DE CALIDAD,"097 2F RM. 6, VENCER BLDG., DIGOS- MAKAR ROAD., GENERAL SANTOS CITY, SOUTH COTABATO",GENERAL SANTOS/SOUT COTABATO,0947-535-7931,"GRAGEDA, OSCAR P.",lmdecalidadgscph@gmail.com,lmdecalidadgscph@gmail.com,,1,1,2,,,PASSED,Excellent,SDTLPT-24-0121538,E
13,12-1386-24-PIBS-R,12,RUMERAZ DIAGNOSTIC LABORATORY,"CORONICAC-DAYO BLDG., QUEZON BLVD, KIDAPAWAN CITY, NORTH COTABATO",KIDAPAWAN/NORTH COTABATO,9109177454,"VERGARA, FLORANNE MARGARET L. ",rumerazdiagnosticlaboratory@yahoo.com,rumerazdiagnosticlaboratory@yahoo.com,,2,2,4,,,PASSED,Highly Satisfactory,SDTLPT-24-0121539,HS
13,12-XXXX-XX-XXXX-X,12,SPECIALISTS CLINIC & DIAGNOSTIC LABORATORY,"JANDOC COMPOUND, BONIFACIO STREET, POBLACION, KABACAN CITY, NORTH COTABATO",KABACAN/NORTH COTABATO,0956-170-3932,"DOMINGO, ALEJANDRO  L.",scdlkabacan@gmail.com,scdlkabacan@gmail.com,,0,2,2,,,PASSED,Excellent,SDTLPT-24-0121540,E
13,12-1292-24-PIBS-R,12,VITALAB HEALTHCARE INC,"UNIT 5,6 & 7 VALLEY HIGH BLDG. NATIONAL HIGHWAY, CITY HEIGHTS, GENERAL SANTOS CITY (DADIANGAS), SOUTH COTABATO 9500",GENERAL SANTOS/SOUT COTABATO,09513066406/ 09177171994/ (083) 887 4546,"ALCONCEL, EDWIN C.",vitalab_healthcare@yahoo.com,vitalab_healthcare@yahoo.com,,3,1,4,,,PASSED,Highly Satisfactory,SDTLPT-24-0121541,HS
13,12-XXXX-XX-XXXX-X,12,HUMAN INDEX DIAGNOSTICS AND WELLNESS SOLUTIONS,"RGH. BLDG. JOSE CATOLICO AVENUE, LAGAO, GENERAL SANTOS CITY, SOUTH COTABATO",GENERAL SANTOS/SOUT COTABATO,09328460188/09177018515,"GRAGEDA, OSCAR PANUNCIALMAN",HumanIndexDiagnostics@gmail.com,oscargrageda@yahoo.com,,0,1,1,,,PASSED,Acceptable,SDTLPT-24-0121542,A
13,12-1364-23-PIBS-R,12,"M'LANG SPECIALISTS MEDICAL CENTER, INC.","PUROK 2, SANGAT, M'LANG CITY, NORTH COTABATO",M'LANG CITY/NORTH COTABATO,9455417234,"LINGAYON, NENA S.",msmcilab@yahoo.com,msmcilab@yahoo.com,,4,4,8,,,PASSED,Acceptable,SDTLPT-24-0121543,A
14,13-XXXX-XX-XXXX-X,13,BEST DIAGNOSTIC CORPORATION,"94 NASIKAP EXTENSION, BRGY. CENTRAL, DILIMAN, QUEZON CITY",QUEZON/METRO MANILA,09199918903/ 029201023,"QUIAOIT, SUSANA ",laboratory@bestdiagnostic.com.ph,laboratory@bestdiagnostic.com.ph,,1,3,4,,,PASSED,Highly Satisfactory,SDTLPT-24-0131544,HS
14,13-0734-24-PIBS-R,13,ESSENCE MEDICAL AND LABORATORY CLINIC,"Unit 205 2F SGC BLDG., 3615 DAVILA ST., MAKATI CITY",MAKATI/METRO MANILA,09272210841/ 8888-9114,"GAERLAN, CYNTHIA S.",essencemedical@yahoo.com.ph,essencemedical@yahoo.com.ph,,1,2,3,,,PASSED,Highly Satisfactory,SDTLPT-24-0131545,HS
14,13-0066-24-PIBS-R,13,KAISER MEDICAL CENTER - MAKATI BRANCH ,"G/F KING'S COURT 1 BLDG., 2129 DON CHINO ROCES AVENUE, BARANGAY PIO DEL PILAR,  MAKATI CITY, METRO MANILA ",MAKATI/METRO MANILA,09175773886/ 8849988,"RODRIGO,  RODRIGO  C.",laboratorykaiser@gmail.com,laboratorykaiser@gmail.com,,2,0,2,,,PASSED,Excellent,SDTLPT-24-0131546,E
14,13-1754-24-PIBS-R,13,GLOBAL HEALTH INDUSTRIAL CLINIC AND LABORATORY ,"235 NATIONAL ROAD, BAYANAN, MUNTINLUPA",BAYANAN/MUNTINLUPA,09333981720/ 02-88623212,"RANERA, ESPERANZA B.",ghicl.bayanan2016@gmail.com ,ghicl.bayanan2016@gmail.com ,,1,0,1,,,PASSED,Excellent,SDTLPT-24-0131547,E
14,13-1038-24-PIBS-R,13,NUESTRA SE•ORA DEL BUENSUCESO POLYCLINIC AND DIAGNOSTIC CENTER,"#5383 M.H DEL PILAR ST., LA HUERTA, PARA•AQUE CITY ",PARA•AQUE/METRO MANILA,0969-335-0427,"CHUA, JOSEPHINE  L.",nsdb_polyclinic@yahoo.com,nsdb_polyclinic@yahoo.com,,4,3,7,,,PASSED,Acceptable,SDTLPT-24-0131548,A
14,13-0781-24-PFSS-R,13,LABLIFE MEDICAL AND DIAGNOSTIC CENTER,"116 13TH AVENUE ST., MURPHY CUBAO, BRGY. SOCORRO, QUEZON CITY (NEAR OUR LADY OF PERPETUAL PARISH- OLPH CUBAO)",QUEZON/METRO MANILA,0929-269-1968 / 0925-854-1347,"SAGUIL, HORACIO A",lablife.13thavenuecubao@gmail.com,lablife.13thavenuecubao@gmail.com,,2,0,2,,,PASSED,Excellent,SDTLPT-24-0131549,E
14,13-1669-24-PIBS-R,13,WORD OF HOPE GENERAL HOSPITAL FOUNDATION INC,"23 BUENAMAR, NOVALICHES PROPER, QUEZON CITY, METRO MANILA",QUEZON/METRO MANILA,0917-851-5790,"GARCIA, ELISEO JR A",hopegenlab@gmail.com,hopegenlab@gmail.com,,0,1,1,,,PASSED,Excellent,SDTLPT-24-0131550,E
14,13-0155-24-PFSS-R,13,ST. MICHAEL'S MEDICAL CENTER AND DIAGNOSTIC CLINIC,"2ND FLOOR STARMALL, SHAW BLVD., EDSA WACK-WACK GREENHILLS, MANDALUYONG CITY, ",MANDALUYONG/METRO MANILA,8477-8937,"CASTRO, BU C.",ssmc_starmallbranch@yahoo.com,ssmc_starmallbranch@yahoo.com,,3,0,3,,,PASSED,Highly Satisfactory,SDTLPT-24-0131551,HS
14,13-XXXX-XX-XXXX-X,13,MANILA NAVAL HOSPITAL ,"LABORATORY SECTION, MANILA NAVAL HOSPITAL BONIFACIO NAVAL STATION FORT BONIFACIO, WESTERN BICUTAN, TAGUIG CITY",TAGUIG/METRO MANILA,0977-244-0486,"SEVILLA,  WILFREDO FLAVIANO  F.",mnh_clinlab@yahoo.com,mnh_clinlab@yahoo.com,,0,2,2,,,PASSED,Excellent,SDTLPT-24-0131552,E
14,13-0716-24-PIBS-R,13,"CENTRALLE MEDICAL DIAGNOSTICS AND POLYCLINIC, INC-VALENZUELA CITY","119 PASO DE BLAS ROAD, BRGY. PASO DE BLAS, VALENZUELA CITY",VALENZUELA/METRO MANILA,0917-810-2496/ 8236-0865,"CHING, IRENE O.",valenzuelacmdp@yahoo.com,valenzuelacmdp@yahoo.com,,0,5,5,,,PASSED,Highly Satisfactory,SDTLPT-24-0131553,HS
14,13-1415-24-PFSS-R,13,WORLD CITI MEDICAL CENTER,"960 AURORA BLVD., COR. ANONAS ST., BRGY. BAGUMBUHAY, QUEZON CITY, MANILA",QUEZON/METRO MANILA,09338548612/09151327910,"CRUZ, ANTONIO M.",wcmclaboratory@gmail.com,wcmclaboratory@gmail.com,,0,0,0,,,PASSED,Excellent,SDTLPT-24-0131554,E
14,13-XXXX-XX-XXXX-X,13,LEVI MARIANO LABORATORY MEDICAL SERVICES CO ,"GROUND FLOOR, 160 CALIMBAS BUILDING, LEVI B. MARIANO AVENUE, USUSAN, TAGUIG CITY",TAGUIG/METRO MANILA,9171732037,"KATAPANG, MELVIN JUDE  G.",lmlms.co2017@gmail.com,lmlms.co2017@gmail.com,,3,4,7,,,PASSED,Acceptable,SDTLPT-24-0131555,A
14,13-0635-24-PFSS-R,13,HEALTH VENUE MULTI-SPECIALTY CLINIC AND DIAGNOSTIC CENTER,"UNIT 2E JG CAMPO BLDG., COL B. SERRANO COR. 4TH AVE. BAGONG LIPUNAN NG CRAME, QUEZON CITY",QUEZON CITY/METRO MANILA,09178521290/ 86478409,"LLANERA, FREDERICK R.",healthvenue2011@gmail.com,healthvenue2011@gmail.com,,1,1,2,,,PASSED,Excellent,SDTLPT-24-0131556,E
14,13-0033-24-PIBS-R,13,"CENTERPORT MEDICAL SERVICES, INC ","4TH FLOOR VICTORIA BLDG. 429 COR. LM GUERRERO, U.N AVE, ERMITA ",ERMITA/MANILA,09178848923/ 82309994/ 09399262197,"DIWA,  MICHELE  H. ",centerportmed@gmail.com,centerportmed@gmail.com,,0,0,0,,,PASSED,Excellent,SDTLPT-24-0131557,E
14,13-1895-24-PFSS-I,13,"HI-VALUE MULTIEXPERT DIAGNOSTIC AND LABORATORY CENTER, INC.","298 2ND FLOOR REAL ST., ALONG DIEGO CERA AVE., PULANG PULA UNO, LAS PINAS CITY, NCR",LAS PINAS/METRO MANILA,0917-871-5566,"ONTOG, MARLENE S.",hvmedxlablaspinas@gmail.com,hvmedxlablaspinas@gmail.com,,2,0,2,,,PASSED,Excellent,SDTLPT-24-0131558,E
14,13-0154-24-PFSS-R,13,ST. MICHAEL'S MEDICAL CLINIC AND DIAGNOSTIC CENTER INC.,"G/F NORTHWEST PLAZA MALL, 101 RIZAL AVENUE EXTENSION, MONUMENTO CALOOCAN CITY",CALOOCAN CITY,9954296050,"CASTRO, BU CUBE",michaelangeladc@gmail.com,michaelangeladc@gmail.com,,4,2,6,,,PASSED,Acceptable,SDTLPT-24-0131559,A
14,13-0487-24-PIBS-R,13,GLOBAL HEALTH DIAGNOSTICS - PARANAQUE BRANCH,"4TH FLR. LMB BLDG., 158 SAN ANTONIO AVE. SAN ANTONIO VALLEY I, PARANAQUE CITY, METRO MANILA",PARA•AQUE/METRO MANILA,09359138500/09214420106,"SANTOS, NOEL",globalhealthparanaque@gmail.com,nsantosmd@yahoo.com,,0,0,0,,,PASSED,Acceptable,SDTLPT-24-0131560,A
14,13-1548-24-PIBS-R,13,NEW WORLD DIAGNOSTICS INC. - MAKATI,"UNIT 101-105, CAMPOS RUEDA BLDG., URBAN AVE., BRGY. SAN LORENZO, MAKATI CITY",MAKATI CITY/METRO MANILA,9913913948,"MENDOZA, PAULO GIOVANNI LIWANAG",kristel.dionisio@nwdi.com.ph,kristel.dionisio@nwdi.com.ph,,1,4,5,,,PASSED,Acceptable,SDTLPT-24-0131561,A
14,13-1767-24-PFSS-I,13,PATIENT FIRST MEDICAL CLINIC AND DIAGNOSTICS CENTER CORPORATION,"UNITS 102 & 408 KDC PLAZA 2212 CHINO ROCES AVENUE, PIO DEL PILAR, MAKATI CITY",MAKATI CITY/ METRO MANILA,9770772817,"TEJADA, GERALD VILLANUEVA",laboratory.kdc@patientfirstphil.com,laboratory.kdc@patientfirstphil.com,,1,5,6,,,PASSED,Acceptable,SDTLPT-24-0131562,A
14,13-0724-24-GIBS-R,13,DR. JOSE N. RODRIGUEZ MEMORIAL HOSPITAL AND SANITARIUM,"ST. JOSEPH AVE., TALA ( BRGY. 188) CALOOCAN CITY, METRO MANILA",CALOOCAN CITY/ METRO MANILA,9292961443,"VIOLA-CRUZ, IVY MARIE MAGAT",mildredfangonilo@gmail.com,mildredfangonilo@gmail.com,,0,1,1,,,PASSED,Acceptable,SDTLPT-24-0131563,A
15,14-1333-24-PFSS-R,14,HEALTH SCREEN LABORATORY AND DIAGNOSTIC CENTER- BENGUET,"IC-15 KM16 BETAG, LA TRINIDAD CITY, BENGUET (2ND FLOOR INGLAY RESTAURANT, BESIDE FUJIFILM)",LA TRINIDAD/BENGUET,09993582418/ (074)  2466457/ 09176575757,"LUNA, ALBERT M.",healthscreenbenguet@gmail.com,healthscreenbenguet@gmail.com,,4,4,8,,,PASSED,Acceptable,SDTLPT-24-0141564,A
15,14-1337-24-PIBS-R,14,LA TRINIDAD DIAGNOSTIC MULTIPURPOSE COOPERATIVE,"2ND FLOOR JC, 174 GIBSON BUILDING., KM 5 PICO (BACK OF MDRMMC BLDG), LA TRINIDAD CITY, BENGUET",LA TRINIDAD/BENGUET,09192148778/ 09196866520,"BALDO, BERNADETTE  L.",ltdmcsdtl.2018@gmail.com,ltdmcsdtl.2018@gmail.com,,2,1,3,,,PASSED,Highly Satisfactory,SDTLPT-24-0141565,HS
15,14-1207-22-PIBS-R,14,"HMC - MEDICAL SPECIALISTS CLINIC, DIAGNOSTIC IMAGING AND DRUG TESTING CENTER","ELISA SEARES BUILDING, WASHINGTON STREET, ZONE 4,  BANGUED, ABRA CITY",BANGUED/ABRA CITY,074-752-7714 - 09754904121,"SEARES, MARIA B",hmc_clinic@yahoo.com,hmc_clinic@yahoo.com,,1,5,6,,,PASSED,Acceptable,SDTLPT-24-0141566,A
15,14-1656-24-PIBS-R,14,TABUK DIAGNOSTICS AND CLINICAL LABORATORY,"INFRONT OF 7/11 BULANAO, NATIONAL ROAD PUROK 5, BULANAO TABUK CITY, KALINGA","TABUK CITY, KALINGA",09298409183/09999924951,"AKIA, EMMYLOU BALAWAN",tabukdiagnostics@yahoo.com.ph,emmylouakia@yahoo.com,,4,3,7,,,PASSED,Acceptable,SDTLPT-24-0141567,A
15,14-XXXX-XX-XXXX-X,14,SURECHECK CLINICAL LABORATORY SERVICES CORP.,"NO. 133 BLET BLDG., T.ALONZO ST. BAGUIO CITY, BENGUET",BAGUIO CITY/BENGUET,09304007660/09304007660,"FLORES, MELINDA MAYO",sure.checklaboratory@gmail.com,sure.checklaboratory@gmail.com,,4,3,7,,,PASSED,Acceptable,SDTLPT-24-0141568,A
17,16-1316-24-GIBS-R,16,CARRASCAL RHU LABORATORY,"TRUGILLO CULTURAL STREETS, CARRASCAL CITY, SURIGAO DEL SUR",CARRASCAL/SURIGAO DEL SUR,09468173952/086-2128060,"LIMCANGCO, PONCIANO S.",officialgmail.com/espinacharmin@gmail.com,officialgmail.com/espinacharmin@gmail.com,,0,1,1,,,PASSED,Excellent,SDTLPT-24-0161569,E
17,16-XXXX-XX-XXXX-X,16,MANUEL J. SANTOS HOSPITAL,"554 MONTILLA BLVD., BRGY. DIEGO SILANG, BUTUAN CITY, AGUSAN DEL SUR",BUTUAN/AGUSAN DEL SUR,0938-345-5353/ 0917-153-3880,"ABADIANO, EDGARDO B.",laboratory@mjsantos.com.ph,laboratory@mjsantos.com.ph,,3,1,4,,,PASSED,Highly Satisfactory,SDTLPT-24-0161570,HS
17,16-1091-24-PIBS-R,16,PETERPENS DRUG TESTING AND MEDICAL SERVICES,"VAILOCES BLDG. CAPITOL ROAD, SURIGAO CITY, SURIGAO DEL NORTE",SURIGAO/SURIGAO DEL NORTE,09483276832/ 0868276061/ 09209052058,"LIMCANGCO, PONCIANO S.",peterpensdtc@gmail.com,peterpensdtc@gmail.com,,0,2,2,,,PASSED,Excellent,SDTLPT-24-0161571,E
17,16-1319-24-PIBS-R,16,GN POLYMEDIC AND DIAGNOSTIC CENTER,"CUBERO BUILDING, BARANGAY DAGOCDOC (BEHIND TANDAG GYMNASIUM), TANDAG CITY, SURIGAO DEL SUR",TANDAG/SURIGAO DEL SUR,09295000215/ 09601088596/ 0862115372,"PADILLA, JOHN PATRICK C.",Gn_Polymedic_Diagnostic@yahoo.com,Gn_Polymedic_Diagnostic@yahoo.com,,4,4,8,,,PASSED,Acceptable,SDTLPT-24-0161572,A
17,16-1807-24-PIBS,16,SIARGAO DIAGNOSTIC LABORATORY,"STO. NINO ST., BRGY. 11 (POBLACION), DAPA CITY, SURIGAO DEL NORTE",DAPA/SURIGAO DEL NORTE,9565675235,"LIMCANGCO, PONCIANO S",siargaodiagnosticlab2004@gmail.com,siargaodiagnosticlab2004@gmail.com,,2,5,7,,,PASSED,Acceptable,SDTLPT-24-0161573,A
17,16-1866-24-PFSS-I,16,MATAHEALTH MEDICAL AND DIAGNOSTIC CENTER,"R1 NATIONAL HIGHWAY, BRGY.LINIBUNAN, MADRID, SURIGAO DEL SUR, CARAGA",SURIGAO DEL SUR/CARAGA,0951-793-0891,"DELOS REYES-RENDON, JANELLE R.",matahealthdrugtesting@gmail.com,matahealthdrugtesting@gmail.com,,0,2,2,,,PASSED,Excellent,SDTLPT-24-0161574,E
17,16-1318-24-GIBS-R,16,D. O PLAZA MEMORIAL HOSPITAL,"PUROK-2 BRGY. PATIN-AY, PROSPERIDAD CITY, AGUSAN DEL SUR",PROSPERIDAD/AGUSAN DEL SUR,9105723722,"ATUPAN JR., RAUL VENERANDO B.",dopmhclinlab22@gmail.com,dopmhclinlab22@gmail.com,,0,4,4,,,PASSED,Acceptable,SDTLPT-24-0161575,A
4,4A-0185-24-PIBS-R,4A,ACCUCHRIST DIAGNOSTIC LABORATORY ,"3 SUMULONG ST., MORONG CITY, RIZAL ",MORONG/RIZAL,026530146/ 09062415180,"DEMATERA, FRANCIS F",lfgeronimo55@yahoo.com/ffdematera1014@yahoo.com,lfgeronimo55@yahoo.com/ffdematera1014@yahoo.com,,2,0,2,,,PASSED,Excellent,SDTLPT-24-04A1576,E
4,4A-XXXX-XX-XXXX-X,4A,CHEDRICK LABORATORY AND DIAGNOSTIC CENTER,"F. MANGOBOS ST. POB. I, BAUAN CITY, BATANGAS",BAUAN/BATANGAS,9177739240,"TORIO MARITESS, TERESITA M",chedricklaboratory@yahoo.com,chedricklaboratory@yahoo.com,,2,1,3,,,PASSED,Highly Satisfactory,SDTLPT-24-04A1577,HS
4,4A-0593-24-PIBS-R,4A,OKIDOC MEDICAL AND DIAGNOSTIC CENTER ,"173 SAN PIOQUINTO, MALVAR CITY, BATANGAS (INFRONT OF MALVAR MUNICIPAL HALL) ",MALVAR/BATANGAS,09619516985/  (043) 7749878,"PAGDUNZULAN,  FRANK GERALD C.",okidocmdc@gmail.com,okidocmdc@gmail.com,,5,3,8,,,PASSED,Acceptable,SDTLPT-24-04A1578,A
4,4A-0346-24-PIBS-R,4A,TIMBAO MEDICAL AND DIAGNOSTIC LABORATORY SERVICES ,"UNIT 3 AYAG ARCADE BRGY TIMBAO, BI•AN CITY, LAGUNA",BI•AN/LAGUNA,09274545765; 09335494562; 09465702000,"SILVA, AZEUS  O.",tgimedical@yahoo.com,tgimedical@yahoo.com,,2,1,3,,,PASSED,Highly Satisfactory,SDTLPT-24-04A1579,HS
4,4A-0586-24-PFSS-R,4A,LANDERS INTERNATIONAL DIAGNOSTIC CENTER,"2ND FLOOR, MJCR BUILDING, P. GOMEZ ST., BARANGAY 4, LUCENA CITY, QUEZON",LUCENA/QUEZON,373-3862 / 0945-337-1941 / (042) 373-3862,"GENEBAGO, MARCOS M",landersintldiagnosticcenter@gmail.com,landersintldiagnosticcenter@gmail.com,,5,3,8,,,PASSED,Acceptable,SDTLPT-24-04A1580,A
4,4A-1740-24-PFSS-R,4A,BLESCES DIAGNOSTIC LABORATORY,"SNE BLDG. LUIS PALAD ST. BRGY. ANGELES Z-4, TAYABAS CITY, QUEZON PROVINCE",TAYABAS/QUEZON,09758950839/ 09381633783,"SILVA, AZEUS O.",blesceslabtayabas@yahoo.com,blesceslabtayabas@yahoo.com,,4,4,8,,,PASSED,Acceptable,SDTLPT-24-04A1581,A
4,4A-1428-24-PFSS-R,4A,BLESCES DIAGNOSTIC LABORATORY - SAN PABLO LAGUNA,"A. MABINI ST. BRGY V-B, SAN PABLO CITY, LAGUNA",SAN PABLO/LAGUNA,9772643771,"SILVA, AZEUS O.",blescesdiagnosticlab@yahoo.com.ph,blescesdiagnosticlab@yahoo.com.ph,,2,3,5,,,PASSED,Highly Satisfactory,SDTLPT-24-04A1582,HS
4,4A-1426-24-PFSS-R,4A,BLESCES DIAGNOSTIC LABORATORY - STO TOMAS BATANGAS,"BRGY. STA CLARA, STO TOMAS CITY, BATANGAS",STO TOMAS/BATANGAS,09271740975/ 09175516858,"SILVA, AZEUS O.",blescesstaclara@gmail.com,blescesstaclara@gmail.com,,2,4,6,,,PASSED,Acceptable,SDTLPT-24-04A1583,A
4,4A-1425-24-PIBS-R,4A,BLESCES DIAGNOSTIC LABORATORY - CANDELARIA QUEZON,"RMM BLDG, POBLACION, CANDELARIA CITY, QUEZON",CANDELARIA/QUEZON,9072084241,"SILVA, AZEUS O.",blesceslabcandelaria@yahoo.com,blesceslabcandelaria@yahoo.com,,3,2,5,,,PASSED,Highly Satisfactory,SDTLPT-24-04A1584,HS
4,4A-1611-24-PFSS-I,4A,BLESCES HEALTH SERVICES CORP.,"69 RIZAL AVENUE POBLACION II, NAGCARLAN CITY, LAGUNA",NAGCLARAN/LAGUNA,0966-472-7304/0962-059-7879,"SILVA, AZEUS O.",blesces.nagcarlan@gmail.com,blesces.nagcarlan@gmail.com,,4,4,8,,,PASSED,Acceptable,SDTLPT-24-04A1585,A
4,4A-1424-24-PFSS-R,4A,BLESCES HEALTH SERVICES CORP.,"JP. RIZAL ST., ALAMINOS CITY, LAGUNA",ALAMINOS/LAGUNA,0929-625-4849,"SILVA, AZEUS O.",blescesalaminos@gmail.com,blescesalaminos@gmail.com,,2,2,4,,,PASSED,Highly Satisfactory,SDTLPT-24-04A1586,HS
4,4A-1775-24-PIBS-R,4A,OMRI HEALTHCARE CLINICAL LABORATORY,"OMRI LABORATORY, NADRES ST LABAK 1, CANDELARIA CITY, QUEZON",CANDELARIA/QUEZON,09175585026 / 09175585026 / 042 585 3238,"PAGDUNZULAN, FRANK GERALD ",omri_mtc@yahoo.com,omri_mtc@yahoo.com,,1,1,2,,,PASSED,Excellent,SDTLPT-24-04A1587,E
4,4A-0280-24-PIBS-R,4A,MBLAB MEDICAL AND DIAGNOSTIC CLINIC,"078, SANTIAGO, STO. TOMAS CITY, BATANGAS",STO TOMAS/BATANGAS,09053573621/(046)438-5987,"SILVA, AZEUS O",mblab2021@yahoo.com,mblab2021@yahoo.com,,4,2,6,,,PASSED,Acceptable,SDTLPT-24-04A1588,A
4,4A-0309-24-PIBS-R,4A,PRITZ CLINICAL LABORATORY AND DRUG TESTING CENTER,"#301, SAN RAFAEL ST., BRGY. POBLACION 2, CALACA CITY, BATANGAS",CALACA/BATANGAS,09175749743/ 043-741-4143/ 09189342597,"TORIO, MARITESS TERESITA M.",pritzcalaca@gmail.com,pritzcalaca@gmail.com,,1,1,2,,,PASSED,Excellent,SDTLPT-24-04A1589,E
4,4A-1869-24-PFSS-I,4A,HEALTHFLEX MEDICAL CLINIC AND LABORATORY,"UNIT 7 BLUE HEIGHTS, BLDG. PUROK 3, PASONG CAMACHILE1, GENERAL TRIAS, CAVITE ",GENERAL TRIAS/CAVITE,0976-081-9991,"SOLIS, FLORECITA LUDIVINA T.",healthflexlab@gmail.com,healthflexlab@gmail.com,,4,2,6,,,PASSED,Acceptable,SDTLPT-24-04A1590,A
4,4A-0261-24-PIBS-R,4A,KAISER MEDICAL CENTER INC,"UNIT ANNEX 106, THE CARE BUILDING GF, SM CITY STA. ROSA, STA. ROSA CITY, LAGUNA",STA ROSA/LAGUNA,09173169188 / (049) 3081422 / 09166085434,"LONTOC, MA. VICTORIA  V",kmcistarosalab@gmail.com,kmcistarosalab@gmail.com,,2,2,4,,,PASSED,Highly Satisfactory,SDTLPT-24-04A1591,HS
4,4A-1420-24-PIBS-R,4A,BALIBAGO POLYCLINIC AND HOSPITAL DRUG TESTING LABORATORY,"PROVINCIAL ROAD, BALIBAGO, STO. ROSA CITY, LAGUNA",STA ROSA/LAGUNA,09171450518/ 0495341591,"FIBRA, AMELIA C.",bphdtl1996@gmail.com,bphdtl1996@gmail.com,,1,2,3,,,PASSED,Highly Satisfactory,SDTLPT-24-04A1592,HS
4,4A-0278-24-PFSS-R,4A,MARY IMMACULATE DRUG TESTING AND DIAGNOSTIC CENTER,"AOS BUILDING, POBLACION 4, CROSSING, STO. TOMAS CITY, BATANGAS",STO TOMAS/BATANGAS,09209612059/ 09852749392,"SILVA, AZEUA O.",maryimmaculate.diagnostic@yahoo.com,maryimmaculate.diagnostic@yahoo.com,,3,4,7,,,PASSED,Acceptable,SDTLPT-24-04A1593,A
4,4A-1671-24-PIBS-R,4A,J.A MANALO MEDICAL LABORATORY AND POLYCLINIC,"SAN MIGUEL 1B, MARAGONDON CITY, CAVITE",MARAGONDON/CAVITE,09178037797/ (046) 404 1731/ ,"TUNGOL, RUSSANA  S.",jazmin0706@yahoo.com,jazmin0706@yahoo.com,,3,2,5,,,PASSED,Highly Satisfactory,SDTLPT-24-04A1594,HS
4,4A-0461-23-PIBS-R,4A,ULINK MEDICAL AND DIAGNOSTIC CENTER - CALAMBA BRANCH,"G/F JULITA BLDG, PUROK 4, NATIONAL HIGHWAY, BRGY. 1, CALAMBA CITY, LAGUNA",CALAMBA/LAGUNA,0917-108-1714 / 536-9686,"SILVA, AZEUS O.",drugtest.umdccalamba@gmail.com,drugtest.umdccalamba@gmail.com,,2,2,4,,,PASSED,Highly Satisfactory,SDTLPT-24-04A1595,HS
4,4A-XXXX-XX-XXXX-X,4A,LABCURE LABORATORY INCORPORATED,"A2RD COMMERCIAL BLDG., DAMA DENOCHE ST. LUMANGBAYAN, CALAPAN CITY, ORIENTAL MINDORO",CALAPAN/ORIENTAL MINDORO,0956-495-6174,"LUNA, ALBERT M.",dianahdelmundo@yahoo.com,dianahdelmundo@yahoo.com,,4,4,8,,,PASSED,Acceptable,SDTLPT-24-04A1596,A
4,4A-0587-24-PIBS-R,4A,LOS BA•OS BIOSCAN CLINLAB AND MEDICAL CLINIC,"AGAPITA COMPLEX, LOPEZ AVE., BATONG MALAKE, LOS BA•OS CITY, LAGUNA",LOS BA•OS/LAGUNA,09455313186/ (049) 5364875/ ,"LEDESMA, DEXTER A.",lb_bioscanclinlab@yahoo.com.ph,lb_bioscanclinlab@yahoo.com.ph,,0,2,2,,,PASSED,Excellent,SDTLPT-24-04A1597,E
4,4A-XXXX-XX-XXXX-X,4A,ST. DOMINIQUE DIAGNOSTIC CENTER,"UNIT 29 &30, ROXACO COMMERCIAL BLDG., JP LAUREL ST., PUNTALAN, NASUGBU CITY, BATANGAS",NASUGBU CITY/BATANGAS,0977-832-3539,"MARTINEZ, MEMARIBEL P.",stdomiquediagnostic@yahoo.com,stdomiquediagnostic@yahoo.com,,6,2,8,,,PASSED,Acceptable,SDTLPT-24-04A1598,A
4,4A-0364-24-PIBS-R,4A,FIRST FILIPINO SAINT HOSPITAL,"GOVERNOR'S DRIVE, BRGY. SAN ROQUE, NAIC CITY, CAVITE (IN FRONT OF ROLANDOS' RESTAURANT)",NAIC/CAVITE,0977-364-7861,"DOTOLLO, DOREEN L.",slrhlaboratory@gmail.com,slrhlaboratory@gmail.com,,1,0,1,,,PASSED,Excellent,SDTLPT-24-04A1599,E
4,4A-1433-24-PIBS-R,4A,KAIROSMED DIAGNOSTIC CENTER,"121 DON PLACID CAMPOS, 2/F  UNIT I AGRICULTURAL BANK BLDG., DASMARI•AS CITY, CAVITE",DASMARI•AS/CAVITE,0977-841-8256,"EVANGELISTA, CRYL KIM NEE E. ",kairosmeddiagnostic@gmail.com,kairosmeddiagnostic@gmail.com,,1,1,2,,,PASSED,Excellent,SDTLPT-24-04A1600,E
4,4A-XXXX-XX-XXXX-X,4A,"TANZA SPECIALISTS MEDICAL CENTER, INC.","TANZA SPECIALISTS MEDICAL CENTER, BRGY. DAANG AMAYA III, TANZA CITY, CAVITE",TANZA/CAVITE,0908-812-7782,"RITUALO, SERVILLANO III B.",tsmc.dtl@gmail.com,tsmc.dtl@gmail.com,,2,1,3,,,PASSED,Highly Satisfactory,SDTLPT-24-04A1601,HS
4,4A-XXXX-XX-XXXX-X,4A,DCA MEDICAL LABORATORY,"NATIONAL HIGHWAY, KUMINTANG ILAYA, BATANGAS CITY, BATANGAS (BESIDE PETRON GASOLINE STATION)",BATANGAS/BATANGAS,0908-873-8646/ 0922-874-2198,"CABIC, ALPHA GRACE B.",dcamedlab@gmail.com,dcamedlab@gmail.com,,2,1,3,,,PASSED,Highly Satisfactory,SDTLPT-24-04A1602,HS
4,4A-0370-24-PFSS-R,4A,PRIMOTECH DRUG TESTING CENTER,"LOWER LEVER-PRIMO TECH DRUG TESTIING CENTER 6-J- BUENBIA ST., CAINTA CITY, RIZAL",CAINTA/RIZAL,0931-121-8228,"GO, CARL CHESTER FLOYD L,",primotech.dtl@gmail.com,primotech.dtl@gmail.com,,0,3,3,,,PASSED,Highly Satisfactory,SDTLPT-24-04A1603,HS
4,4A-XXXX-XX-XXXX-X,4A,UNITED DOCTORS OF ST. CAMILLUS DE LELLIS HOSPITAL ,"DIVERSION ROAD, BOLBOK, BATANGAS CITY, BATANGAS",BATANGAS/BATANGAS,0998-963-2063,"CABIC,  ALPHA GRACE  B",st.camilluslab23@gmail.com,st.camilluslab23@gmail.com,,5,2,7,,,PASSED,Acceptable,SDTLPT-24-04A1604,A
4,4A-1728-24-PFSS-R,4A,OHC DRUG TESTING CENTER,"E. RODRIGUEZ AVENUE, BRGY. SAN ISIDRO, TAYTAY CITY, RIZAL",TAYTAY/RIZAL,0912-056-4818,"KATAPANG, MELVIN JUDE  G.",drugtest.optimumhealthcare@gmail.com,drugtest.optimumhealthcare@gmail.com,,1,2,3,,,PASSED,Highly Satisfactory,SDTLPT-24-04A1605,HS
4,4A-0213-24-PIBS-R,4A,CITY OF GENERAL TRIAS DOCTORS MEDICAL CENTER INC.,"GOVERNOR'S DRIVE, BRGY. MANGGAHAN, GENERAL TRIAS CITY, CAVITE",GENERALS TRIAS/CAVITE,09563026843/ 4162222 LOC. 113,"DOTOLLO, DOREEN L.",gentridocslaboratory@yahoo.com,gentridocslaboratory@yahoo.com,,2,2,4,,,PASSED,Highly Satisfactory,SDTLPT-24-04A1606,HS
4,4A-1432-24-PIBS-R,4A,GENERAL TRIAS MATERNITY AND PEDIATRIC HOSPITAL,"BRGY. TEJERO, GEN. TRIAS CITY, CAVITE",GEN. TRIAS/CAVITE,046-4370124 / 09558668267 ,"SOLIS, FLORECITA LUDIVINA T",gtmphdtl_gt@yahoo.com,gtmphdtl_gt@yahoo.com,,1,1,2,,,PASSED,Excellent,SDTLPT-24-04A1607,E
4,4A-0605-24-PFSS-R,4A,"SILANG SPECIALISTS MEDICAL CENTER, INC.","SAN VICENTE 2, SILANG CITY, CAVITE",SILANG/CAVITE,0966-310-8220/ 09175500051,"ODO•O, I EUGENE G.",ssmc.lab2016@gmail.com,ssmc.lab2016@gmail.com,,2,3,5,,,PASSED,Highly Satisfactory,SDTLPT-24-04A1608,HS
4,4A-XXXX-XX-XXXX-X,4A,FAMMED DIAGNOSTIC CENTER,"SITIO 1, NATIONAL ROAD, BRGY. BINAN, PAGSANJAN CITY, LAGUNA",PAGSANJAN/LAGUNA,0977-600-7424,"TORRES, JENNIFER B.",fammeddiagnostic@yahoo.com,fammeddiagnostic@yahoo.com,,0,2,2,,,PASSED,Excellent,SDTLPT-24-04A1609,E
4,4A-0106-24-PFSS-I,4A,J.A MANALO MEDICAL LABORATORY AND POLYCLINIC,"PUROK 4, GOLDEN HORIZON DRIVE, HUGO PEREZ, TRECE MARTIRES CITY, CAVITE",TRECE MARTIRES/CAVITE,0917-183-0884,"TUNGOL, ROSSANNA S.",jamanalolabtrece@gmail.com,jamanalolabtrece@gmail.com,,2,3,5,,,PASSED,Highly Satisfactory,SDTLPT-24-04A1610,HS
4,4A-0617-24-PFSS-R,4A,TRIPLE M-DC DRUG TESTING CENTER,"0236A NATIONAL ROAD, CALUMPANG, BINANGONAN CITY, RIZAL (LANDMARK: CAFê DETOUR)",BINANGONAN/RIZAL,0966-923-7741 / 0916-447-6974,"DEFENSOR, DARIO D.",mdelacruz090483@yahoo.com,mdelacruz090483@yahoo.com,,2,2,4,,,PASSED,Highly Satisfactory,SDTLPT-24-04A1611,HS
4,4A-0262-23-PFSS-R,4A,MACRO ACCESS DRUG TESTING CENTER,"DAYO COMPOUND MAHARLIKA HIGHWAY, SAN NICOLAS, SAN PABLO CITY, LAGUNA",SAN PABLO/LAGUNA,9202961873,"PALACOL, IMELDA MARIE FREMIELLE F",macro_a11@yahoo.com,macro_a11@yahoo.com,,2,3,5,,,PASSED,Highly Satisfactory,SDTLPT-24-04A1612,HS
4,4A-0562-24-PFSS-R,4A,FAIRMED INDUSTRIAL N WELLNESS CLINIC CORP,"STF BUILDING, GROUND FLOOR, NATIONAL ROAD PACIANO RIZAL, CALAMBA CITY LAGUNA",CALAMBA/LAGUNA,0906-470-1555,"TORRES, JENNIFER B.",fairmedindustrialclinic@gmail.com,fairmedindustrialclinic@gmail.com,,4,3,7,,,PASSED,Acceptable,SDTLPT-24-04A1613,A
4,4A-0557-24-PIBS-R,4A,CML DRUG TESTING CENTER,"#80 LKC BDLG., DON P. CAMPOS AVE, ZONE IV, DASMARI•AS CITY",DASMARI•AS/CAVITE,09338256129/ 046541742/ 09175489244,"MATEO, MARIA TERESA F.",cmldrugtesting@gmail.com/ happimd@yahoo.com,cmldrugtesting@gmail.com/ happimd@yahoo.com,,1,1,2,,,PASSED,Excellent,SDTLPT-24-04A1614,E
4,4A-0366-24-PFSS-R,4A,LABXPERT MEDICAL AND DIAGNOSTIC CENTER,"J&A BUILDING, BRGY. BULIHAN, MALVAR CITY, BATANGAS",MALVAR/BATANGAS,0928-363-5788,"VALDEZ, MARIA ANGELICA B.",labxpertmedical.cavite@gmail.com,labxpertmedical.cavite@gmail.com,,4,0,4,,,PASSED,Highly Satisfactory,SDTLPT-24-04A1615,HS
4,4A-1854-24-GFSS-I,4A,DOH-TAGAYTAY TREATMENT AND REHABILITATION CENTER-DTL,"CONCHU ROAD, BRGY. CONCHU, TRECE MARTIRES CITY, CAVITE",TRECE MARTIRES/CAVITE,0995-991-2275,"CUETO, MARICAR H.",laboratory@ttrc.doh.gov.ph,laboratory@ttrc.doh.gov.ph,,0,0,0,,,PASSED,Excellent,SDTLPT-24-04A1616,E
4,4A-0328-24-PFSS-R,4A,SSMC HEALTH INC.,"3RD FLOOR, SYCAMORE CENTER, BUENCAMINO STREET ALABANG ZAPOTE ROAD, BRGY. CUPANG, MUNTINLUPA CITY",MUNTINLUPA/METRO MANILA,09474464642/09178860063,"HARON, IFTIZAR N.",ssmchealthmsu@gmail.com,ssmchealthmsu@gmail.com,,1,2,3,,,PASSED,Highly Satisfactory,SDTLPT-24-04A1617,HS
4,4A-XXXX-XX-XXXX-X,4A,ST. ANGELO'S MULTI SPECIALIST AND DIAGNOSTIC CENTER,"#74 M MALVAR ST., SAN VICENTE BI•AN CITY, LAGUNA",BI•AN/LAGUNA,09157316644/ 09561423152/ 09175516858,"SILVA, AZEUS O.",st.angelosclinic@yahoo.com,st.angelosclinic@yahoo.com,,4,4,8,,,PASSED,Acceptable,SDTLPT-24-04A1618,A
4,4A-0223-24-PIBS-R,4A,DCEPS MEDICAL SERVICES CO.,"A. SORIANO HI-WAY, AMAYA I, TANZA CITY, CAVITE",TANZA/CAVITE,9951596849,"DOTOLLO, DOREEN L.",dceps.medical.services@gmail.com,dceps.medical.services@gmail.com,,2,1,3,,,PASSED,Highly Satisfactory,SDTLPT-24-04A1619,HS
4,4A-0756-24-PFSS-R,4A,MC CLINICAL LABORATORY AND POLYCLINIC CORPORATION,"GOVERNOR RODRIGUEZ ST., POBLACION 4, SARIAYA CITY, QUEZON",SARIAYA/QUEZON,09619983289/ 09171826742,"CRUZ MARIA, LUISA ROSPI P.",opicruz@gmail.com,opicruz@gmail.com,,4,4,8,,,PASSED,Acceptable,SDTLPT-24-04A1620,A
4,4A-XXXX-XX-XXXX-X,4A,ADSL DRUG SCREENING LABORATRY AND MEDICAL CLINIC,"2/F, JLL BUILDING, BRGY. PAG-ASA, BINANGONAN, RIZAL",BINANGONAN/RIZAL,09267356956/,"VALLE, ARNULFO A.",adsl2017@yahoo.com,adsl2017@yahoo.com,,4,3,7,,,PASSED,Acceptable,SDTLPT-24-04A1621,A
4,4A-0243-24-PIBS-R,4A,HEALTHPROBE MEDICAL DIAGNOSTIC CLINIC,"336B ML BUILDING MOLINO ROAD MOLINO III, BACOOR, CAVITE",BACOOR/CAVITE,09178148613/  (046) 5124926,"AMATA, ARNEL H.",hpdiagnostic2008@gmail.com,hpdiagnostic2008@gmail.com,,4,2,6,,,PASSED,Acceptable,SDTLPT-24-04A1622,A
4,4A-0237-24-PIBS-R,4A,GENTRI MEDICAL CENTER AND HOSPITAL INC.,"SANTUSAN STREET, BARANGGAY MANGGAHAN, GENERAL TRIAS CITY",GENERAL TRIAS CITY/CAVITE,9178572154,"DELA ROSA, ROLAN R.",gmch_lab@yahoo.com,rrrtambo@yahoo.com,,3,3,6,,,PASSED,Acceptable,SDTLPT-24-04A1623,A
4,4A-XXXX-XX-XXXX-X,4A,GLOBALIFE MEDICAL LABORATORY AND POLYCLINIC,"992 OLD LOBELLA BLDG. TANZA THREE ROAD, TANZA, CAVITE",TANZA/CAVITE,09178686979/09955834556,"SOLIS, FLORECITA LUDIVINA TESORO",globalife_medlab@yahoo.com,ftsolis@dlsmhsi.edu.ph,,1,3,4,,,PASSED,Acceptable,SDTLPT-24-04A1624,A
4,4A-1530-24-PFSS-R,4A,HEALTHY MEH MEDICAL CLINIC & LABORATORY,"841 LIBONGCO 4 SUBD., RODRIGUEZ, RIZAL",RODRIGUEZ/RIZAL,9569920174,"AGUIRRE, ROMIL",susandomingo33@gmail.com,healthymeh841@gmail.com,,1,0,1,,,PASSED,Acceptable,SDTLPT-24-04A1625,A
4,4A-0650-24-PFSS-R,4A,WENRRY MEDICAL LABORATORY,"2ND FLOOR WENRRY WOODCRAFT BLDG., 131 PUROK 2, PASONG LANGKA (BESIDE PAMAHAW) SILANG, CAVITE",SILANG/ CAVITE,09165158395/09778550572,"GO, CARL CHESTER FLOYD L,",wenrrymedlab@gmail.com,chase_00777@yahoo.com,,2,1,3,,,PASSED,Acceptable,SDTLPT-24-04A1626,A
4,4A-0606-24-PIBS-R,4A,SOLOSON MEDICAL CLINIC,"BLK 1 LOT 1 ALBERIO SUBD. BURGOS RODRIGUEZ, RIZAL",RODRIGUEZ/RIZAL,9477872429,"FERNANDEZ, NICK R.",rnmgabriel@yahoo.com,rnmgabriel@yahoo.com,,0,5,5,,,PASSED,Acceptable,SDTLPT-24-04A1627,A
4,4A-XXXX-XX-XXXX-X,4A,AMV DRUG TESTING CENTER,"GEN. LUNA ST. BRGY. RIZAL (NEAR 7 ELEVEN) GUMACA, QUEZON",GUMACA/QUEZON,09489711910/09331237370,"CAJIPE, MIGUEL FRANCISCO CASTRO",amvdtlab@gmail.com,miguelfranciscocajipe@yahoo.com,,4,2,6,,,PASSED,Acceptable,SDTLPT-24-04A1628,A
4,4A-0320-24-PIBS-R,4A,"SHALOM MEDICAL DIAGNOSTIC LABORATORY, INC.","ZENAIDA ARCADE, M.H. DEL PILAR STREET, BRGY 2, BATANGAS CITY, BATANGAS",BATANGAS/BATANGAS,9178348683,"CABIC, ALPHA GRACE B.",clinical@shalomlab.ph,clinical@shalomlab.ph,,3,1,4,,,PASSED,Acceptable,SDTLPT-24-04A1629,A
4,4A-0176-24-PFSS-I,4A,PAJEA MEDICAL LABORATORY,"EBORA ROAD, KUMINTANG IBABA (ACROSS RED CROSS BATANGAS) BATANGAS CITY",BATANGAS/BATANGAS,9177105077,"HERNANDEZ-CUETO, MARICAR CASTILLO",drugtestingpml@gmail.com,drugtestingpml@gmail.com,,1,2,3,,,PASSED,Acceptable,SDTLPT-24-04A1630,A
4,4A-0366-24-PFSS-R,4A,"LABXPERT MEDICAL AND DIAGNOSTIC CENTER, INC.","THE FORD ARCADE BLDG., E. AGUINALDO HIGHWAY, COR AMPARO STREET, BAYAN LUMA IV, IMUS CITY, CAVITE",IMUS CITY/CAVITE,9283635788,"SIPLON-ONTOG, MARLENE",labxpertmedical.cavite@gmail.com,labxpertmedical.cavite@gmail.com,,2,3,5,,,PASSED,Acceptable,SDTLPT-24-04A1631,A
4,4A-1704-24-PIBS-I,4A,BALAYAN BAYVIEW HOSPITAL AND MEDICAL CENTER,"ALONG THE HIWAY BRGY. LANGGANGAN, BALAYAN CITY, BATANGAS",BATANGAS/BATANGAS,9067081865,"RAMOS, CELSO S.","laboratorybbhmc@yahoo,com","laboratorybbhmc@yahoo,com",,5,1,6,,,PASSED,Acceptable,SDTLPT-24-04A1632,A
4,4A-0644-24-PIBS-R,4A,ADVENT HEALTH MEDICAL AND DIAGNOSTIC CLINIC,"2ND FLOOR DON ONOFRE BLDG., BRGY. SALA, CABUYAO, LAGUNA",CABUYAO/LAGUNA,09178700878/09190065740,"BONGAT, ROGELDA GONZALES",adventhealth.mdc@gmail.com,adventhealth.mdc@gmail.com,,1,2,3,,,PASSED,Acceptable,SDTLPT-24-04A1633,A
4,4A -0347-24-PIBS-R,4A,UNIMED DIAGNOSTIC CENTER CORP,99 MAHARLIKA HIGHWAY BRGY SAN RAFAEL SANTO TOMAS BATANGAS,SANTO TOMAS/BATANGAS,9399953761,THOMAS C. LIM,unimedlabbat@gmail.com,unimedlabbat@gmail.com,,4,4,8,,,PASSED,Acceptable,SDTLPT-24-04A1634,A
5,4B-1637-24-PIBS-I,4B,PROHEALTH DIAGNOSTIC LABORATORY,"338 RIZAL ST., POBLACION (NEAR BDO NETWORK BANK), LOOC CITY, ROMBLON",LOOC/ROMBLON,0915-114-2586,"MANAOIS, HERBERT Z.",phdlab2021@gmail.com,phdlab2021@gmail.com,,2,2,4,,,PASSED,Highly Satisfactory,SDTLPT-24-04B1635,HS
5,4B-0855-24-PIBS-R,4B,ADVENTIST HOSPITAL PALAWAN DRUG TESTING LABORATORY ,"JUNCTION 3, NATIONAL HIGHWAY SAN PEDRO, PUERTO PRINCESA CITY, PALAWAN",PUERTO PRINCESA/PALAWAN,09153384607/ 048-433127 LOC. 121,"DALINGDING, FREDERICK  F. ",ahp.dtl@gmail.com,ahp.dtl@gmail.com,,0,3,3,,,PASSED,Highly Satisfactory,SDTLPT-24-04B1636,HS
5,4B-1027-23-PIBS-R,4B,PUERTO GALERA URGENT CARE CLINIC AND DIAGNOSTIC CENTER,"LA BRISA COMPOUND, SITIO HONDURA, POBLACION, PUERTO GALERA CITY, ORIENTAL MINDORO",PUERTO GALERA/ORIENTAL MINDORO,0917-506-5195 / 0995-317-5404,"EVANGELISTA, ARMIDA C",pgurgentcare@gmail.com,pgurgentcare@gmail.com,,4,2,6,,,PASSED,Acceptable,SDTLPT-24-04B1637,A
5,4B-0863-24-PIBS-R,4B,SALCEDO MEDICAL- SURGICAL CLINIC AND LABORATORY,"P. BURGOS ST., BRGY. PAG-ASA, SAN JOSE CITY, OCCIDENTAL MINDORO",SAN JOSE/OCCIDENTAL MINDORO,09957262641/09399106778,"KATAPANG, MELVIN JUDE G.",salcedomedicalclinic@gmail.com,salcedomedicalclinic@gmail.com,,1,2,3,,,PASSED,Highly Satisfactory,SDTLPT-24-04B1638,HS
14,13-0624-24-PIBS-R,13,HEALTHLOCK MEDICAL DENTAL DIAGNOSTIC SERVICES,"GROUND FLOOR, TRIPLE K BUILDING, 187, M. CONCEPCION STREET, PASIG CITY",PASIG,0927-740-1890,FREDERICK P. LLANERA,healthlock.healthservices@yahoo.com,healthlock.healthservices@yahoo.com,,4,3,7,,,PASSED,Acceptable,SDTLPT-24-0131639,A
3,03-0444-24-PIBS-R,3,R. DE C. GALVEZ MEDICAL CENTER INC. ,"CAGAYAN VALLEY ROAD, SAN JUAN SAN ILDEFONSO BULACAN",BULACAN,0917-556-2017,GABRIEL CRUZ,rdecgalvez_laboratory@yahoo.com,rdecgalvez_laboratory@yahoo.com,,4,4,8,,,PASSED,Acceptable,SDTLPT-24-031640,A
