NUMBER,ACCREDITATION NUMBER,REGION,NAME OF FACILITY,ADDRESS (Street/Barangay),TOWN/CITY,CONTACT NO.,HOL NAME (Head Of Laboratory),EMAIL,LABORATORY EMAIL,O.R. Number,"INCORRECT
METH","INCORRECT
THC","INCORRECT 
TOTAL","RESULT: 
WITH OR WITHOUT CONCERN",RESULT: REMARKS,"REMARKS:
PASSED / FAILED",SCORE,CERTIFICATE NO. ,
1,01-0860-22-PIBS-R,1,FINE PRECISION DIAGNOSTIC CLINIC,"AB FERNANDEZ WEST, POBLACION OESTE, DAGUPAN CITY",PANGASINAN,9753952963,"GIL BRYAN B. GALVAN,MD",fineprecisiondagupan@gmail.com,fineprecisiondagupan@gmail.com,5140231,4,4,8,,,PASSED,Acceptable,SDTLPT-23-010001,A
1,01-0887-22-PFSS-R,1,TLC DRUG TESTING CENTER,"2ND FLOOR VICTORIA SQUARE CARMEN WEST, ROSALES",PANGASINAN,09209482425 / 09558362095,"GIL BRYAN B. GALVAN,MD",tlcdrugtest@gmail.com,tlcdrugtest@gmail.com,5140229,1,0,1,,,PASSED,Excellent,SDTLPT-23-010002,E
1,01-0867-22-PIBS-R,1,FINE LEGACY MEDICAL LABORATORY,"3RD FLOOR EJR BLDG SADSARAN ST. POBLACION, ALAMINOS CITY",PANGASINAN,09209482425 / 09121133233,"GIL BRYAN B. GALVAN,MD",fine.legacyala17@gmail.com,fine.legacyala17@gmail.com,5140230,2,3,5,,,PASSED,Highly Satisfactory,SDTLPT-23-010003,HS
1,01-0716-22-PIBS-R,1,METRO VIGAN HOSPITAL,"RIZAL STREET BARANGAY IV (POBLACION), BANTAY CITY",ILOCOS SUR,9178124609,"BRENDA I. ROSUMAN,MD",mvmchlab2014@yahoo.com,mvmchlab2014@yahoo.com,5153089,2,4,6,,,PASSED,Acceptable,SDTLPT-23-010004,A
1,01-0910-19-PFSS-R,1,ROYAL STAR DRUG TESTING LABORATORY,"#100 AB FERNANDEZ WEST, POBLACION OESTE, DAGUPAN CITY",PANGASINAN,(075)6008811/ 09923776388,"REYNALDO A. JACINTO,MD",bingdoctolero@gmail.com,bingdoctolero@gmail.com,5153097,4,4,8,,,PASSED,Acceptable,SDTLPT-23-010005,A
1,01-1095-22-PIBS-R,1,LA UNION MEDICAL DIAGNOSTIC CENTER AND HOSP. INC.,"ANCHETA CORNER BUCANEG ST. BRGY CATBANGEN, SAN FERNANDO CITY",LA UNION,9230203578; 0726078339; 09209037732,"SHELDON STEVEN C. AQUINO,MD",lumedlaboratory@gmail.com,lumedlaboratory@gmail.com,5152985,0,0,0,,,PASSED,Excellent,SDTLPT-23-010006,E
1,01-0419-22-PFSS-R,1,ACULAB DRUG TESTING CENTER,"2ND FLOOR NIXEM BUILDING ALEXANDER STREET POBLACION, URDANETA CITY",PANGASINAN,9324094617,"MA. VIVIAN A. VILLAR,MD",aculabdrugtesting@yahoo.com,aculabdrugtesting@yahoo.com,5152983,2,3,5,,,PASSED,Highly Satisfactory,SDTLPT-23-010007,HS
1,01-0718-22-PIBS-R,1,PADRE PIO DIAGNOSTIC CENTER,"2ND FLR MICHA-DANI BLDG. 26 R. MAGSAYSAY ST. POBLACION, MALASIQUI CITY",PANGASINAN,9422561485,"IKE MANUEL G. FLORES,MD",ppdc.laboratory@gmail.com,ppdc.laboratory@gmail.com,5155503,2,4,6,,,PASSED,Acceptable,SDTLPT-23-010008,A
1,01-0420-22-PFSS-R,1,ORT DRUG TEST LABORATORY,"91 AB FERNANDEZ WEST, DAGUPAN CITY",PANGASINAN,9567150718,"SHELDON STEVEN C. AQUINO,MD",ortdtlapp@gmail.com,ortdtlapp@gmail.com,5148098,0,0,0,,,PASSED,Excellent,SDTLPT-23-010009,E
1,01-0723-22-PIBS-R,1,"SINGAPORE MEDICAL LABORATORIES, INC.","UNIT 207 ARB CORPORATE CENTER, TAPUAC DISTRICT",PANGASINAN,9177088723,"PAULO GIOVANNI L. MENDOZA,.MD",carelabdagupan@singaporediagnostics.com,carelabdagupan@singaporediagnostics.com,5150717,2,5,7,,,PASSED,Acceptable,SDTLPT-23-010010,A
1,01-0711-22-GIBS-R,1,ILOCOS TRAINING AND REGIONAL MEDICAL CENTER,"PARIAN, CITY OF SAN FERNANDO",LA UNION,09778568500/ 09178954092/ 0726076418 loc. 159,"DENNIS R. COLISAO,MD",itrmc.laboratory@gmal.com,itrmc.laboratory@gmal.com,5158591,2,1,3,,,PASSED,Highly Satisfactory,SDTLPT-23-010011,HS
1,01-1445-22-PFSS-R,1,THREE RJAM DRUGTESTING LABORATORY,"9 POBLACION OESTE , A,B.FERNANDEZ WEST, DAGUPAN CITY",PANGASINAN,9127893023,"MARK VINCENT R. MERCADO,MD",rowealbarida1971@gmail.com,rowealbarida1971@gmail.com,5157008,1,2,3,,,PASSED,Highly Satisfactory,SDTLPT-23-010012,HS
1,01-0717-22-PIBS-R,1,NORTHWESTERN UNIVERISTY INC.,"46 AIRPORT AVENUE, BRGY.46, NALBO, LAOAG CITY",PANGASINAN,09395712773/ (077) 6708153/ 09177720391,"ARLENE F. CASTRO,MD",nwu_laoagcity@yahoo.com,nwu_laoagcity@yahoo.com,5156959,1,3,4,,,PASSED,Highly Satisfactory,SDTLPT-23-010013,HS
1,01-0422-22-PFSS-R,1,QUEEN CHECK  DRUG TESTING LABORATORY,"2ND FLOOR  NEW PUBLIC MARKET ROXAS BLVD., SAM CARLOS CITY",PANGASINAN,9127893023,"MARK VINCENT R. MERCADO,MD",rowealbarida1971@gmail.com,rowealbarida1971@gmail.com,5157014,1,0,1,,,PASSED,Excellent,SDTLPT-23-010014,E
1,01-0714-22-PIBS-R,1,LORMA LIFECHECK CLINIC ,"MCARTHUR HIGHWAY, SEVILLA CITY OF SAN FERNANDO",LA UNION,09178193735/ (072) 6073419,"JERILYN L. DULAY,MD",lormalifecheckclinic@gmail.com,lormalifecheckclinic@gmail.com,5159074,2,4,6,,,PASSED,Acceptable,SDTLPT-23-010015,A
1,01-0161-19-PIBS-R,1,UNIVERSAL ADVANCE MEDICAL DIAGNOSTICS LABORATORY,"2ND FR., THE PENTAGON BLG. MCARTHUR HIGHWAY, NANCAYASAN, URDANETA CITY",PANGASINAN,9177737701,"IKE MANUEL G. FLORES,MD",universaladvancemedical@gmail.com,universaladvancemedical@gmail.com,5160909,2,3,5,,,PASSED,Highly Satisfactory,SDTLPT-23-010016,HS
1,01-0724-22-PIBS-R,1,TAGUDIN MEDICAL DIAGNOSTIC CENTER ,"059, LAS-UD, TAGUDIIN",ILOCOS SUR,9262306713,"GERALDINE M. AGPES,MD",asapTMDC2009@gmail.com / gmagpes@gmail.com,asapTMDC2009@gmail.com / gmagpes@gmail.com,5160904,0,2,2,,,PASSED,Excellent,SDTLPT-23-010017,E
1,01-0421-22-PIBS-R,1,PMR LABORATORY AND POLYCLINIC,"MARAMBA COMPOUND, ALEXANDER ST., POBLACION, URDANETA CITY",PANGASINAN,09157790601; (075) 6327493,"MA. THERESA L. ENRILE,MD",pmrlabpoly@yahoo.com,pmrlabpoly@yahoo.com,5160935,4,4,8,,,PASSED,Acceptable,SDTLPT-23-010018,A
1,01-1094-22-GIBS-I,1,LAOAG CITY GEN. HOSP. DRUG TESTING LABORATORY,"AIRPORT ROAD, BGY. NO. 46, NALBO, LAOAG CITY (CAPITAL)",ILOCOS NORTE,09272833582/  (077)7728828,"ARLENE GENCIANA F. CASTRO,MD",lcghlab2011@yahoo.com.ph,lcghlab2011@yahoo.com.ph,5161538,2,4,6,,,PASSED,Acceptable,SDTLPT-23-010019,A
1,01-1449-22-PIBS-R,1,VIRGEN MILAGROSA MEDICAL CENTER DRUG TESTING LAB. ,"MARTIN P. POSADAS AE., SAN CARLOS CITY ",PANGASINAN,09209037732/ 09464985524/ 075-5328888,"SHELDON STEVEN C. AQUINO,MD",vmmc1957@gmail.com,vmmc1957@gmail.com,5164564,2,3,5,,,PASSED,Highly Satisfactory,SDTLPT-23-010020,HS
1,01-0702-22-PIBS-R,1,A.G.S DIAGNOSTIC AND DRUG TESTING LABORATORY ,"149 NATIONAL ROAD, MANZON SAN CARLOS CITY ",PANGASINAN,9171484286,"MARILOU M. SISON,MD",marilou_ags@yahoo.com,marilou_ags@yahoo.com,5166823,3,1,4,,,PASSED,Highly Satisfactory,SDTLPT-23-010021,HS
1,01-0856-23-PIBS-R,1,PANGASINAN DOCTORS HOSPITAL CORPORATION,"RIZAL AVENUE, SAN CARLOS CITY",PANGASINAN,09209000178 / 075-632-5870,"SHELDON STEVEN C. AQUINO,MD",pdh_laboratory2000@yahoo.com,pdh_laboratory2000@yahoo.com,5178215,1,1,2,,,PASSED,Excellent,SDTLPT-23-010022,E
1,01-0703-23-PIBS-R,1,"DAGUPAN DOCTORS VILLAFLOR MEMORIAL HOSPITAL, INC.","G/F BMV BUILDING, ALEXANDER STREET, POBLACION, URDANETA CITY",PANGASINAN,09178387342 / 09236583417 / 0756560242,"MA. THERESA L. ENRILE,MD",ddvmh_urdaneta@yahoo.com,ddvmh_urdaneta@yahoo.com,5182474,4,3,7,,,PASSED,Acceptable,SDTLPT-23-010023,A
1,01-0858-23-GIBS-R,1,REGION I MEDICAL CENTER DRUG TESTING LABORATORY,"ARELLANO STREET, PANTAL DISTRICT,DAGUPAN CITY",PANGASINAN,,"SHELDON STEVEN C. AQUINO,MD",dtl_r1mo@yahoo.com / r1mcdtl@gmail.com,dtl_r1mo@yahoo.com / r1mcdtl@gmail.com,5184153,3,5,8,,,PASSED,Acceptable,SDTLPT-23-010024,A
1,01-1130-23-PFSS-R,1,RJV DRUG TESTING LABORATORY,"STALL NO. 248 2ND FLOOR, BANTAY ARCADE, BANTAY",ILOCOS SUR,09175680563/ (077) 6045181/ 09175680563,"JOSEPH D. ADAYA,MD",jgandres_rmt@yahoo.com,jgandres_rmt@yahoo.com,5191656,2,2,4,,,PASSED,Highly Satisfactory,SDTLPT-23-010025,HS
1,01-1092-22-PIBS-R,1,ACCURA TECH DIAGNOSTIC LABORATORY,"CARI„O ST., POBLACION WEST (BESIDE STEPHEN'S DRUG STORE) UMINGAN",PANGASINAN,0921-525-5607,"DENNIS R. COLISAO,MD",accuratech@yahoo.com,accuratech@yahoo.com,5174909,3,3,6,,,PASSED,Acceptable,SDTLPT-23-010026,A
1,01-0849-23-PFSS-R,1,LAOAG POLYCLINIC CLIN. LAB. & DRUG TESTING CENTER,GEN. GIRON ST 7-A LAOAG CITY,ILOCOS NORTE,(077) 670-7647/ 09175683750,"PROCESA R. GAMILDE,MD",laoagpolyclinic@gmail.com,laoagpolyclinic@gmail.com,5189134,2,5,7,,,PASSED,Acceptable,SDTLPT-23-010027,A
1,01-0083-23-PFSS-R,1,HI-PRECISION DIAGNOSTIC CENTER INC.- DAGUPAN,"GF 2-5 & 2ND FLOOR 2F-2C BHF FAMILY PLAZA, MAYOMBO DISTRICT",PANGASINAN,09177121401/ (075) 600-1725/ 09175685998,"BABY LYNNE C. ASUNCION,MD",hpdagupan.lab@hi-precision.com.ph,hpdagupan.lab@hi-precision.com.ph,5221083,1,5,6,,,PASSED,Acceptable,SDTLPT-23-010028,A
1,01-0085-23-PFSS-R,1,HI-PRECISION DIAGNOSTICS PLUS,"UNIT 320-323, 3F, SM CITY URDANETA CENTRAL, MC ARTHUR HWY., BRGY. NANCAYASAN",PANGASINAN,09171146005/ 09175685998/ (075) 5296576,"BABY LYNNE C. ASUNCION,MD",hpurdaneta.lab@hi-precision.com.ph,hpurdaneta.lab@hi-precision.com.ph,5221087,0,4,4,,,PASSED,Highly Satisfactory,SDTLPT-23-010029,HS
1,01-0725-22-PIBS-R,1,THE BLACK NAZARENE HOSPITAL INC.,"BONOAN ST. BRGY 2 SAN BALTAZAR, SAN NICOLAS",ILOCOS NORTE,9171139673,"ARLENE GENCIANA F. CASTRO,MD",tbnhi.lab@gmail.com,tbnhi.lab@gmail.com,5182137,1,3,4,,,PASSED,Highly Satisfactory,SDTLPT-23-010030,HS
1,01-0839-23-PIBS-R,1,HI-PRECISION DIAGNOSTICS,"UNIT 3&4 VALDEZ BLDG. BRGY. 4 SAN FRANCISCO, SAN NICOLAS",ILOCOS NORTE,09338150540/(077) 600 3203/09171664607,"MODESTY A. LEANO, MD",hpsannicolas.lab@hi-precision.com.ph,hpsannicolas.lab@hi-precision.com.ph,5220535,1,0,1,,,PASSED,Excellent,SDTLPT-23-010031,E
1,01-0087-23-PIBS-R,1,NEW WORLD DIAGNOSTICS INC.- DAGUPAN BRANCH,"45 BURGOS ST., BRGY. POBLACION OESTE, DAGUPAN CITY",PANGASINAN,09603081216/ 8790-8888 LOC. ,"PAULO GIOVANNI L. MENDOZA, MD",,,5224601,2,4,6,,,PASSED,Acceptable,SDTLPT-23-010032,A
1,01-1713-23-PFSS-R,1,EARL HEALTHLINES CLINICAL LABORATORY,"G/F HAVEN'S INN GOMEZ ST. ZAMORA POBLACION, MANGATAREM",PANGASINAN,09323553561; (075) 6321271; 09209037732,"SHELDON STEVEN C. AQUINO, MD",earlhealthlines@gmail.com,earlhealthlines@gmail.com,5229558,1,1,2,,,PASSED,Excellent,SDTLPT-23-010033,E
1,01-0845-23-PIBS-R,1,JEDA CLINICAL LABORATORY,"POBLACION NORTE, STA. MARIA",ILOCOS SUR,09774863363; 09778214700,"GAIL C. TANAWIT, MD",morejendagdag74@gmail.com,morejendagdag74@gmail.com,5227875,4,2,6,,,PASSED,Acceptable,SDTLPT-23-010034,A
1,01-0696-23-GIBS-R,1,ALAMINOS DRUG TESTING LABORATORY,"CITY HEALTH OFFICE, DON P. REINOSO STREET, POBLACION, ALAMINOS CITY",PANGASINAN,09176500018/ 075-6541142,"SHELDON STEVEN C. AQUINO, MD",alaminosdtl@yahoo.com,alaminosdtl@yahoo.com,5230104,2,0,2,,,PASSED,Excellent,SDTLPT-23-010035,E
1,01-1801-23-PFSS-I,1,"MEDISENSE LABORATORY CENTER, INC.","GROUND FLOOR, PRINCESS CHARISE BUILDING, AB FERNANDEZ WEST AVENUE, BRGY., POBLACION OESTE",PANGASINAN,09159462094/ (075) 55108620/ 09253653213,"IKE MANUEL G. FLORES, MD",mslpangasinan.lab@gmail.com,mslpangasinan.lab@gmail.com,5227760,3,0,3,,,PASSED,Highly Satisfactory,SDTLPT-23-010036,HS
1,01-1314-22-PIBS-R,1,ALLIANCE DIAGNOSTIC CENTER,"#1 PANGASINAN HOPE LUMBER BLDG., 568 RIZAL ST., POBLACION, MANGALDAN CITY",PANGASINAN,09420203366/(075)600-8401/09209037732,"SHELDON STEVEN C. AQUINO, MD",alliancediagnosticclinic@gmail.com,alliancediagnosticclinic@gmail.com,5227666,1,0,1,,,PASSED,Excellent,SDTLPT-23-010037,E
1,01-0836-23-PFSS-R,1,E-LI DRUG TESTING CENTER,"STI BUILDING, AGUILA RD. SEVILLA, SAN FERNANDO CITY",LA UNION,09999785903/ 09208413985,"FLOYD E. FERNANDO, MD",emmaruthm@yahoo.com,emmaruthm@yahoo.com,5237681,1,0,1,,,PASSED,Excellent,SDTLPT-23-010038,E
1,01-1808-23-PFSS-R,1,FPDC DIAGNOSTIC CLINIC,"TAMONDONG BUILDING, BURGOZ ST. ZONE 3 BAYAMBANG CITY",PANGASINAN,09069670706/ 09209482425," GIL BRYAN B. GALVAN, MD",fpdcbayambang@gmail.com,fpdcbayambang@gmail.com,5236096,5,2,7,,,PASSED,Acceptable,SDTLPT-23-010039,A
1,01-1261-22-GIBS-R,1,MARIANO MARCOS MEM. HOSP. & MEDICAL CENTER,"1ST FR. LAB BLDG., MARIANO MARCOS MEM. HOSP, SAN JULIAN, CITY OF BATAC",ILOCOS NORTE,09055620769/077-600-8025/09171664607,"MODESTYA. LEA„O,MD",mmmh.lab13@gmail.com,mmmh.lab13@gmail.com,5237006,2,1,3,,,PASSED,Highly Satisfactory,SDTLPT-23-010040,HS
1,01-0697-23-GIBS-R,1,CANDON CITY HEALTH OFFICE,"NATIONAL HIGHWAY, CALAOAAN, CITY OF CANDON",ILOCOS SUR,9664125999,"JOY P.VILLANUEVA,MD",candoncholaboratory@gmail.com,candoncholaboratory@gmail.com,5235515,0,5,5,,,PASSED,Highly Satisfactory,SDTLPT-23-010041,HS
1,01-1590-22-PIBS-R,1,LORMA LIFECHECK CLINIC,"JTC MALL CENTRAL  BRGY. DEL PILAR,TAGUDIN CITY",ILOCOS SUR,09178695641; 077-6320-293,"JERILYN L. DULAY, MD",lifechecktagudin@gamil.com,lifechecktagudin@gamil.com,5250692,2,0,2,,,PASSED,Excellent,SDTLPT-23-010042,E
1,01-1325-23-GIBS-R,1,NAGUILIAN CLINICAL AND DRUG SCREENING/TESTING LAB.,"MUNICIPAL HEALTH OFFICE, ORTIZ, NAGUILIAN CITY",LA UNION,09773453933/ 09198061240/ 072(619) 4928,"DENNIS R. COLISAO, MD",rhulabnaguilian@gmail.com,rhulabnaguilian@gmail.com,5224088,0,0,0,,,PASSED,Excellent,SDTLPT-23-010043,E
1,01-0785-23-GIBS-R,1,DOH-DRUG TREATMENT AND REHABILITATION CENTER DAGUPAN DRUG TESTING LABORATORY,"SITIO PALATONG, BONUAN BINLOC, DAGUPAN CITY",PANGASINAN,9756539876,"ALLAN ERNIE C. BUSTRIA, MD",clinical@dtrcdagupan.doh.gov.ph,clinical@dtrcdagupan.doh.gov.ph,5182474,0,2,2,,,PASSED,Excellent,SDTLPT-23-010044,E
1,01-0850-23-PIBS-R,1,NEW ROSARIO DIAGNOSTIC ,"2/F DO„A PEPANG'S BLDG., POBLACION EAST, ROSARIO CITY",LA UNION,9104609441,"VIRGINIA V. DE JOYA, MD",newrosariodiagnostic@yahoo.com,newrosariodiagnostic@yahoo.com,5175952,4,4,8,,,PASSED,Acceptable,SDTLPT-23-010045,A
1,01-1754-22-PIBS-I,1,PRIME ASSAY MEDICAL AND DIAGNOSTIC CLINIC,"2ND FLOOR ES BUILDING AMBROSIO ST., POBLACION, URDATA, URDANETA CITY",PANGASINAN,9685894176,"GIL BRYAN B. GALVAN, MD",primeassaymedical@yahoo.com,primeassaymedical@yahoo.com,5299086,2,3,5,,,PASSED,Highly Satisfactory,SDTLPT-23-010046,HS
2,02-1262-22-GIBS-R,2,SAGUDAY MUNICIPAL HEALTH OFFICE- LABORATORY,"GUZMAN ST. MAGSAYSAY, SAGUDAY CITY, QUIRINO",ISABELA,9154929024 / 09289088940,"NATHANAEL B. VIDAD,MD",rhusaguday21@yahoo.com,rhusaguday21@yahoo.com,5154099,2,3,5,,,PASSED,Highly Satisfactory,SDTLPT-23-020047,HS
2,02-0733-22-PFSS-R,2,GS TRIMEDICA DRUG TESTING CENTER,"2ND FR. PATRIA BLDG. LUNA STREET, CENTRO 7, TUGUEGARAO CITY, CAGAYAN",CAGAYAN VALLEY,9178340606,"SARAJANE U. BALISI,MD",gstrimedica2@yahoo.com,gstrimedica2@yahoo.com,5152842,0,0,0,,,PASSED,Excellent,SDTLPT-23-020048,E
2,02-0730-22-PIBS-R,2,DR. RONALD P. GUZMAN MEDICAL CENTER,"ENRILE AVENUE, CARIG, TUGUEGARAO CITY, CAGAYAN VALLEY",CAGAYAN VALLEY,9178564911,"JUNE G. PAGADDU,MD",rpgmclab02@gmail.com,rpgmclab02@gmail.com,5155505,2,5,7,,,PASSED,Acceptable,SDTLPT-23-020049,A
2,02-1345-22-PFSS-R,2,AMAZING GRACE MEDICAL & DIAGNOSTIC SERVICES,"MAHARLIKA HIGHWAY, CALAMAGUI 2ND, ILAGAN CITY",ISABELA,9157812961,"ALMA A. VILLANUEVA,MD",jiljireh_gumarang@yahoo.com.ph,jiljireh_gumarang@yahoo.com.ph,5151085,1,3,4,,,PASSED,Highly Satisfactory,SDTLPT-23-020050,HS
2,02-0431-22-PFSS-R,2,DIAGNOSTIKA CLINICAL LABORATORY ,"#76 MARIBBAY BUILDING QUEZON ST, DISTRICT I (POB.), CAUAYAN CITY",ISABELA,078-6520693/ 09174601296,"MILA AMOR V. REYES,MD",diagnostikalaboratory@yahoo.com,diagnostikalaboratory@yahoo.com,5146219,0,1,1,,,PASSED,Excellent,SDTLPT-23-020051,E
2,02-0726-22-GFSS-R,2,CABARROGUIS HEALTH OFFICE LABORATORY,"MUNICIPAL HALL, ZAMORA, CABARROGUIS,QUIRINO",ISABELA,09178169750/ 09171096114,"ELIZABETH A. CAMELLO,MD",camello.e@yahoo.com,camello.e@yahoo.com,5158297,2,3,5,,,PASSED,Highly Satisfactory,SDTLPT-23-020052,HS
2,02-1341-21-PIBS-R,2,CLI DIAGNOSTIC LABORATORY ,"ST. PATRICK GARDEN HOTEL MACANAYA DISTRICT, APARRI, CAGAYAN",CAGAYAN VALLEY,9175910546,"MILA AMOR V. REYES,MD",cathryn_iringan@yahoo.com,cathryn_iringan@yahoo.com,5158144,4,1,5,,,PASSED,Highly Satisfactory,SDTLPT-23-020053,HS
2,02-0829-23-PIBS-R,2,4J CLINICAL & DIAGNOSTIC LABORATORY,"#13 CITY RD., CALAO WEST, SANTIAGO CITY, ISABELA",ISABELA,08175331861/ (078) 305-0758/ 0968523484,"SHERYL L. RONAS,MD",jherinecruz@yahoo.com,jherinecruz@yahoo.com,5158480,4,4,8,,,PASSED,Acceptable,SDTLPT-23-020054,A
2,02-0432-22-PIBS-R,2,MICRO TECH MEDICAL LABORATORY,"VINTAR ST, BRGY. SAN JUAN. AURORA, ISABELA (NEAR AURORA CENTRAL SCHOOL)",ISABELA,09175176526; (078) 3233776; 09189092747,"MILA AMOR V. REYES,MD",marybelmed30@yahoo.com,marybelmed30@yahoo.com,5157005,0,4,4,,,PASSED,Highly Satisfactory,SDTLPT-23-020055,HS
2,02-1315-22-PFS-R,2,LIFELINE DIAGNOSTIC LABORATORY,"#9 M-H- DEL PILAR ST. BRGY. VIRA, ROXAS CITY, ISABELA",ISABELA,09176090425/(078)642-0403/09189092747,"MILA AMOR V. REYES,MD",lifelinediagnosticlaboratory@yahoo.com,lifelinediagnosticlaboratory@yahoo.com,5156951,4,3,7,,,PASSED,Acceptable,SDTLPT-23-020056,A
2,02-0656-19-PIBS-R,2,MLS DIAGNOSTIC LABORATORY & DRUG TESTING CENTER,"RAMIL BLDG., NEAR IUDMC HOSPITAL, PUROK 3 BRGY. CABARUAN, CAUAYAN CITY",ISABELA,09265366305/ 0783247290,"DIWATA GRACE F. BAUSA,MD",mlsdiagnosticlab@yahoo.com,mlsdiagnosticlab@yahoo.com,5160040,0,4,4,,,PASSED,Highly Satisfactory,SDTLPT-23-020057,HS
2,02-0720-18-GIBS-R,2,DIFFUN MUNICIPAL HEALTH OFFICE CLINICAL LABORATORY,"#6 DO„A AURORA ST., ANDRES BONIFACIO DIFFUN CITY, QUIRINO",ISABELA,9976703516,"DIWATA GRACE F. BAUSA,MD",maysibayan@yahoo.com,maysibayan@yahoo.com,5160288,4,4,8,,,PASSED,Acceptable,SDTLPT-23-020058,A
2,02-1333-22-PIBS-R,2,EBC CLINICAL LABORATORY,"91 PANGANIBAN ST., CENTRO EAST, SANTIAGO CITY",ISABELA,(078) 3051029; 09228858699;09156587871,"NATHANAEL B. VIDAD,MD",ebcclinlab@yahoo.com,ebcclinlab@yahoo.com,5160001,1,4,5,,,PASSED,Highly Satisfactory,SDTLPT-23-020059,HS
2,02-1390-19-PIBS-R,2,LABCARE HEALTH CLINIC AND DIAGNOSTIC CENTER,"AVES-ALBANO BLDG., QUEZON ST., DISTRICT 1, CANAYAN CITY",ISABELA,9362709788,"DIWATA GRACE F. BAUSA,MD",rubypearlreyes@yahoo.com,rubypearlreyes@yahoo.com,5160038,0,4,4,,,PASSED,Highly Satisfactory,SDTLPT-23-020060,HS
2,02-1098-22-PIBS-R,2,SAN MATEO DIAGNOSTIC LABORATORY,"NATIONAL HIGHWAY, BRGY. 3, SAN MATEO, ISABELA, (BESIDE LANDBANK)",ISABELA,9171465417,"NATHANAEL B. VIDAD,MD",sanmateolaboratory@gmail.com,sanmateolaboratory@gmail.com,5160022,4,4,8,,,PASSED,Acceptable,SDTLPT-23-020061,A
2,02-0734-22-PIBS-R,2,HIGH CARE CENTRAL DIAG. AND MEDICAL CLINIC INC.,"# 86 H & R BUILDING DON JOSE  CANCILLER AVENUE, CAUAYAN CITY",ISABELA,09359742966/ (078) 6525304,"ANDRES S. BONIFACIO,MD",hccdmc@gmail.com,hccdmc@gmail.com,5160273,2,2,4,,,PASSED,Highly Satisfactory,SDTLPT-23-020062,HS
2,02-0729-22-PIBS-R,2,CLINIQ DIAGNOSTIC CENTER,"PUR SIENTE,BLDG MAHARLIKA HIGHWAY CENTRO II, TUEGUEGARAO CITY",CAGAYAN VALLEY,09658474038/(078)377-8963/ 09175781733,"SARA JANE U. BALISI,MD",cliniqdcdt@gmail.com,cliniqdcdt@gmail.com,5160941,2,4,6,,,PASSED,Acceptable,SDTLPT-23-020063,A
2,02-1186-21-GIBS-R,2,REGION II TRAUMA AND MEDICAL CENTER,"AH26 MAGSAYSAY ST., NATIONAL HIGHWAY, BAYAMBANG",NUEVA VIZCAYA,09171820786/ (078) 8053561-64,"MICHELLE CLAIRE R. MANIQUIS,MD",r2tmc.pathology@gmail.com,r2tmc.pathology@gmail.com,5160923,4,2,6,,,PASSED,Acceptable,SDTLPT-23-020064,A
2,02-1097-22-PIBS-R,2,NK MEDICAL CLINIC,"CABAGAN-SANTA MARIA ROAD,UGAD, CABAGAN",ISABELA,9066664012,"SARA JANE U. BALISI,MD",nkmcdc2019@gmail.com,nkmcdc2019@gmail.com,5160919,2,3,5,,,PASSED,Highly Satisfactory,SDTLPT-23-020065,HS
2,02-0727-22-GIBS-R,2,CAGAYAN VALLEY MEDICAL CENTER- DRUG TESTING LAB. ,DALAN NA PAGAYAYA REGIONAL GOVT. CENTER CARIG SUR TUGUEGARRAO,CAGAYAN VALLEY,09178564911/09178564911/(078)3778533,"JANE G. PAGADDU,MD",janepagaddu@yahoo.com,janepagaddu@yahoo.com,5171755,2,4,6,,,PASSED,Acceptable,SDTLPT-23-020066,A
2,02-0738-22-PFSS-R,2,"LIBERTAD, SPECIALTY AND DIAGNOSTIC CLINIC","2/F, BARROGA-CUARTEROS BLDG., MAHARLIKA HWY, LIBERTAD, ABULUG, CAGAYAN",CAGAYAN VALLEY,0917-116-9220 / 078-396-7228,"ROSELYN B. CUARTEROS,MD",lsdcclinlab@gmail.com,lsdcclinlab@gmail.com,5190947,4,3,7,,,PASSED,Acceptable,SDTLPT-23-020067,A
2,02-1421-23-GIBS-R,2,CAMP MELCHOR F DELA CRUZ STATION HOSPITAL,"UPI GAMI, ISABELA, SID PHIL ARMY, GAMU",ISABELA,0917-557-9714 / 078-325-7841,"MILA AMOR V. REYES,MD",cmfdcshlab911@gmail.com,cmfdcshlab911@gmail.com,5191753,3,5,8,,,PASSED,Acceptable,SDTLPT-23-020068,A
2,02-0903-23-PIBS-R,2,GINCOR MEDICAL LABORATORY ,"DON FRANCISCO ALBANO ST. CENTRO, CABAGAN",ISABELA,09175507577/ 09176278223,"CORAZON G. ALCANTARA,MD",gincorlab76@gmail.com,gincorlab76@gmail.com,5196756,0,2,2,,,PASSED,Excellent,SDTLPT-23-020069,E
2,02-0994-23-PIBS-R,2,PRIME DIAGNOSTIC LABORATORY -SOLANO BRANCH,NO. 37 JP RIZAL ST. POBLACION SOUTH NATIONAL HWY SOLANO,NUEVA VIZCAYA,09494301717/ (078) 3629719,"EMELDITA L. REYES,MD",primesolano03@gmail.com,primesolano03@gmail.com,5207565,4,4,8,,,PASSED,Acceptable,SDTLPT-23-020070,A
2,02-0920-23-PIBS-R,2,PRIME DIAGNOSTIC LABORATORY -SANTIAGO BRANCH,"NO.40 CAMACAM ST. CENTRO EAST,SANTIAGO CITY",ISABELA,0949430171/ (078) 3050570/ 09088800125,"EMELDITA L. REYES,MD",primediagnosticlab@yahoo.com,primediagnosticlab@yahoo.com,5207566,4,4,8,,,PASSED,Acceptable,SDTLPT-23-020071,A
2,02-0910-23-PIBS-R,2,"ISABELA UNITED DOCTORS MEDICAL CENTER, INC. ","NATIONAL HIGHWAY, CABARUAN, CITY OF CAUAYAN",ISABELA,09063135036; 09173178453,"JANE G. PAGADDU, MD",iudmclaboratory@yahoo.com,iudmclaboratory@yahoo.com,5219623,2,1,3,,,PASSED,Highly Satisfactory,SDTLPT-23-020072,HS
2,02-1514-23-GIBS-R,2,BATANES GENERAL HOSPITAL,"NATIONAL ROAD, BARANGAY KAYHUVOKAN, BASCO CITY",BATANES,09399193620/ 09189206883,"GODWIN N. HERNAEZ, MD",bghlaboratory@gmail.com,bghlaboratory@gmail.com,5217411,1,4,5,,,PASSED,Highly Satisfactory,SDTLPT-23-020073,HS
2,02-0731-22-PIBS-R,2,E.A MENDOZA CLINIC,"JRC BLDG. MAGSAYSAY ST., BRGY. IHINANGA, APARRI CITY",CAGAYAN VALLEY,09978569532/(078)888-0036,"SARA JANE U. BALISI, MD",e.a.mendozaclinic@gmail.com,e.a.mendozaclinic@gmail.com,5217180,3,0,3,,,PASSED,Highly Satisfactory,SDTLPT-23-020074,HS
2,02-1398-23-GIBS-R,2,DEPARTMENT OF HEALTH - DRUG ABUSE TREATMENT AND REHABILITATION CENTER REGION II,"TREATMENT AND REHAB. CENTER REGION II, CENTRO SAN ANTONIO, ILAGAN CITY",ISABELA,9060572905,"MILA AMOR V. REYES, MD",dohdatrc.laboratory@gmail.com ,dohdatrc.laboratory@gmail.com ,5235558,3,2,5,,,PASSED,Highly Satisfactory,SDTLPT-23-020075,HS
2,02-0745-22-PIBS-R,2,"SAINT PAUL HOSPITAL OF TUGUEGARAO, INC ","LUNA EXT., UGAC HI-WAY, TUGUEGARAO CITY, CAGAYAN, UGAC SUR, TUGUEGARAO",CAGAYAN VALLEY,9778397733,"EDUARDO III M. PADUA,MD",spht_laboratory@yahoo.com,spht_laboratory@yahoo.com,5222899,0,3,3,,,PASSED,Highly Satisfactory,SDTLPT-23-020076,HS
2,02-0892-23-GIBS-R,2,CITY HEALTH OFFICE - TUGUEGARAO ,"MAIN AVENUE, SAN GABRIEL,TUGUEGARAO CITY, CAGAYAN",CAGAYAN VALLEY,09351107968/ 8445761,"JAMES C. GUZMAN, MD",chotugcity@yahoo.com,chotugcity@yahoo.com,5222700,0,1,1,,,PASSED,Excellent,SDTLPT-23-020077,E
2,02-0089-23-PFSS-R,2,LASAM MEDICAL AND DIAGNOSTIC CENTER,"ZONE 2 CENTRO 1, KS BUILDING, LASAM CITY",CAGAYAN VALLEY,09068618852/ 09361913802,"JUANITA D. TUCAY-LACUESTA, MD",lasammdc.21@gmail.com,lasammdc.21@gmail.com,5230216,0,2,2,,,PASSED,Excellent,SDTLPT-23-020078,E
2,02-1318-22-GIBS-R,2,NUEVA VIZCAYA PRROV. PUBLIC HEALTH & DRUG TESTING CENTER,"CAPITOL COMPOUND, BAYOMBONG CITY",NUEVA VIZCAYA,09171197441; 09164952205,"NATHANAEL B. VIDAD, MD",pho.labnv@yahoo.com,pho.labnv@yahoo.com,5233508,2,2,4,,,PASSED,Highly Satisfactory,SDTLPT-23-020079,HS
2,02-0340-23-PIBS-R,2,BEST DIAGNOSTIC CORPORATION,"GR. FR. RODAMEL BLDG. MAHARLIKA HIGHWAY, CARIG SUR, TUGUEGARAO CITY",CAGAYAN VALLEY,09175486551/ 09175781733,"SARJANE U. BALISI, MD",bestdiagnostictuguegarao@yahoo.com,bestdiagnostictuguegarao@yahoo.com,5232665,4,2,6,,,PASSED,Acceptable,SDTLPT-23-020080,A
2,02-1500-22-PIBS-R,2,RTSC WELLNESS DIAGNOSTIC LABORATORY,"DON MARIANO MARCOS AVE., BANTUG, ROXAS CITY",ISABELA,9566341628,"DIVINA GRACE T. CERDENOLA, MD",rtsc1972@gmail.com,rtsc1972@gmail.com,5159071,3,0,3,,,PASSED,Highly Satisfactory,SDTLPT-23-020081,HS
2,02-0736-22-PIBS-R,2,JB CABRERA DIAGNOSTIC LABORATORY,"10 LAKANDULA ST., SAN GABRIEL, TUGUEGARAO CITY",CAGAYAN VALLEY,9554226693,"SARAJANE U. BALISI, MD",pinkunoh@yahoo.com,pinkunoh@yahoo.com,5163799,0,1,1,,,PASSED,Excellent,SDTLPT-23-020082,E
2,02-1918-23-PIBS-R,2,PRIME DIAGNOSTIC LABORATORY-ECHAGUE BRANCH,"POBLACION ROAD, SAN FABIAN (INFRONT OF MENGAL GAS STATION), ECHAGUE CITY",ISABELA,9438677185,"EMEDITA L. REYES, MD",primeechague01@yahoo.com,primeechague01@yahoo.com,5207568,4,2,6,,,PASSED,Acceptable,SDTLPT-23-020083,A
3,03-0588-22-PFSS-R,3,LUCKY CHARM DRUG TESTING CENTER ,"ISMAEL BLDG. CORAZON DE JESUS ST., POBLACION, STA. MARIA CITY ",BULACAN ,(044) 641-4958/ 09318685467,"JENNIFER D. MERCADO,MD",charmdtl@yahoo.com,charmdtl@yahoo.com,4863864,1,0,1,,,PASSED,Excellent,SDTLPT-23-030084,E
3,03-0526-23-PIBS-R,3,JD DIAGNOSTIC AND LABORATORY ,"UNIT 109-110 STA. MARIA TOWN CENTER CORAZON DE JESUS ST., STA. MARIA CITY",BULACAN ,9438461019,"JENNIFER D. MERCADO,MD",jddiagnostic@yahoo.com,jddiagnostic@yahoo.com,5206766,1,3,4,,,PASSED,Highly Satisfactory,SDTLPT-23-030085,HS
3,03-0589-23-PIBS-R,3,NORZAGARAY DIAGNOSTIC AND CLINICAL LABORATORY ,"2/F LCL BLDG. A PAYUMO ST. POBLACION , NORZAGARAY CITY",BULACAN ,9369136424,"JENNIFER D. MERCADO,MD",norzagaraydiagnostic@yahoo.com,norzagaraydiagnostic@yahoo.com,5206764,2,1,3,,,PASSED,Highly Satisfactory,SDTLPT-23-030086,HS
3,03-0590-22-PIBS-R,3,"MALOLOS HEALTH PROVIDERS, INC","169 PASEO DEL CONGRESO, LIANG MALOLOS CITY",BULACAN,9338153626,"MARIE MICHELLE Y. SO,MD",maloloshealthproviders@yahoo.com,maloloshealthproviders@yahoo.com,5141386,2,0,2,,,PASSED,Excellent,SDTLPT-23-030087,E
3,03-0646-22-PIBS-R,3,TLC DIAGNOSTIC LABORATORY,"JP RIZAL ST. PALIWAS, OBANDO CITY",BULACAN,09175961134; 091789999337; 0287099140,"LUISITO D. CELESTINO,MD",tlc_diagnosticlab@yahoo.com,tlc_diagnosticlab@yahoo.com,5153090,2,4,6,,,PASSED,Acceptable,SDTLPT-23-030088,A
3,03-1151-19-PFSS-R,3,TRIBOA MEDTECH INC.,"2ND FLOOR TIMES SQUARE BLDG, STA RITA ROAD, SBF2, OLOGAPO CITY",ZAMBALES,9157033205,"GABRIEL J. CRUZ,MD",triboa_medtech@yahoo.com,triboa_medtech@yahoo.com,5153098,3,0,3,,,PASSED,Highly Satisfactory,SDTLPT-23-030089,HS
3,03-0557-22-PIBS-R,3,CARELIFE MEDICAL AND DIAGNOSTIC CENTER,"#925  PH3C EL CAMINO RD. BARANGAY CAMALIG STO. NINO, MEYCAUAYAN CITY",BULACAN,9329167600,"MARIE MICHELLE Y. SO,MD",carlife.mdc@yahoo.com,carlife.mdc@yahoo.com,5153976,2,4,6,,,PASSED,Acceptable,SDTLPT-23-030090,A
3,03-0585-22-PIBS-R,3,LABPRO DIAGNOSTIC CENTER,"9026 B. TANDOC ST. PETSON VILLE, TUNGKONG, MANGGA, SAN JOSE DEL MONTE CITY",BULACAN,9255211659 / 09171081790,"MARY YVONETTE C. NERVES,MD",labprodiagnostic@yahoo.com,labprodiagnostic@yahoo.com,5154400,0,3,3,,,PASSED,Highly Satisfactory,SDTLPT-23-030091,HS
3,03-1608-22-PIBS-I,3,"THE MEDICAL CITY CLARK, INC.","100 GATWICK GATEWAY SABAH AL-AHMAD, GLOBAL GATEWAY LOGISTICS CITY, INDUSTRIAL ESTATE 5, CFZ, MABALACAT CITY",PAMPANGA,045598400 / 09059596560,"EMILIANO DELA CRUZ JR.,MD",tmci_laboratory@themedicalcity.com,tmci_laboratory@themedicalcity.com,5154382,2,5,7,,,PASSED,Acceptable,SDTLPT-23-030092,A
3,03-0265-22-PIBS-R,3,BIOCHEM HEALTHCARE SERVICES INC.,"071 2ND FLOOR, MC ARTHUR HWAY, BRGY DAU, MABALACAT CITY",PAMPANGA,9154474642,"FLORENCIO C. DIZON,MD",info@biochem.ph,info@biochem.ph,5154370,1,3,4,,,PASSED,Highly Satisfactory,SDTLPT-23-030093,HS
3,03-1733-22-PIBS-I,3,BATOL-CANLAS DIAGNOSTIC CENTER,"LA VICTORIA PLACE, KAPARANGAN, ORANI CITY",BATAAN,9475035548,"GERALD V. TEJADA,MD",bcdcorani@gmail.com,bcdcorani@gmail.com,5152839,1,0,1,,,PASSED,Excellent,SDTLPT-23-030094,E
3,03-0570-22-PIBS-R,3,GIMENA MEDICAL AND DIAGNOSTIC CLINIC,"#4 MAC ARTHUR HIWAY, TABANG, GUIGUINTO CITY",BULACAN,09228669170/044 (309) 1981,"OLGA M. BAUSA,MD",gimena.mda@gmail.com,gimena.mda@gmail.com,5156809,4,3,7,,,PASSED,Acceptable,SDTLPT-23-030095,A
3,03-1101-22-PIBS-R,3,BIOVIE DIAGNOSTIC AND MEDICAL CORPORATION,"UNIT 101/ BARONESA PLACE BLDG., MAC ARTHUR HWY, DAU, MABALACAT CITY",PAMPANGA,9270765170,"PIERRE GIVENCHY G. LAYSON,MD",bioviediagnostic.medcorp@gmail.com,bioviediagnostic.medcorp@gmail.com,5155487,1,3,4,,,PASSED,Highly Satisfactory,SDTLPT-23-030096,HS
3,03-0587-22-PIBS-R,3,LIFE-SCREEN DIAGNOSTIC LABORATORY,"04 AC BUILDING, GUMAMELA STREET, SAN VICENTE, TARLAC CITY",TARLAC,9981605715,"FLORENCIO C. DIZON,MD",life_screedl@yahoo.com,life_screedl@yahoo.com,5155502,3,3,6,,,PASSED,Acceptable,SDTLPT-23-030097,A
3,03-1014-22-PIBS-R,3,MA. TRINITY LABORATORY & X-RAY DIAGNOSTIC CENTER (MALOLOS BRANCH),"UNIT 5 #42 TWINS PLAZA BLGD. MC ARTHUR HIGHWAY BULIHAN, MALOLOS CITY",BULACAN,9423941490,"REYNALDO G. TORRES,MD",ma.trinitydiagnosticsmalolos@gmail.com,ma.trinitydiagnosticsmalolos@gmail.com,5148062,6,0,6,,,PASSED,Acceptable,SDTLPT-23-030098,A
3,03-1013-22-PIBS-R,3,MA. TRINITY LABORATORY & X-RAY DIAGNOSTIC CENTER,"NATIONAL ROAD, PALTAO, PULILAN CITY",BULACAN,9332517549,"REYNALDO G. TORRES,MD",ma.trinitydiagnostics@yahoo.com,ma.trinitydiagnostics@yahoo.com,5148061,6,1,7,,,PASSED,Acceptable,SDTLPT-23-030099,A
3,03-0256-22-PFSS-R,3,ANTOINETTE DRUG TESTING CENTER,"723 MASAGANA HOMES MAC ARHTUR HIGHWAY TABANG, GUGUINTO CITY",BULACAN,9228382582,JONATHAN V. URBINO,irenectrinidad@yahoo.com,irenectrinidad@yahoo.com,5148100,2,0,2,,,PASSED,Excellent,SDTLPT-23-030100,E
3,03-0260-22-PFSS-R,3,ATS DRUG TESTING CENTER,"1ST FLOOR, FELNOR BLDG. QUIRINO ST. BRGY. SAN JOSE, BALANGA CITY",BATAAN,9278402750,"LUISITO D. CELESTINO,MD",atsdrugtestingcenter@gmail.com,atsdrugtestingcenter@gmail.com,5148668,2,2,4,,,PASSED,Highly Satisfactory,SDTLPT-23-030101,HS
3,03-1111-21-PIBS-R,3,BULACAN DIAGNOSTIC CENTER- BRANCH 1,"OR BS AQUINO AVENUE TANGOS, BALIUAG CITY",BULACAN,9334011628,"GABRIEL J. CRUZ,MD",bulacandiagnostic@yahoo.com,bulacandiagnostic@yahoo.com,5148095,2,0,2,,,PASSED,Excellent,SDTLPT-23-030102,E
3,03-1110-21-PIBS-R,3,BULACAN DIAGNOSTIC CENTER,"816 F VERGEL DE DIOS ST POBLACION, BALIUAG CITY",BULACAN,9334011628,"GABRIEL J. CRUZ,MD",bulacandiagnostic@yahoo.com,bulacandiagnostic@yahoo.com,5148096,3,0,3,,,PASSED,Highly Satisfactory,SDTLPT-23-030103,HS
3,02-0731-22-PIBS-R,3,MEDTRUST DIAGNOSTIC LABORATORY AND PHARMACY,"MAC ARTHUR HI-WAY, SAN FERNANDO CITY",PAMPANGA,9491964697,"DEXTER A. LEDESMA,MD",medtrustdlp@gmail.com,medtrustdlp@gmail.com,5148037,3,4,7,,,PASSED,Acceptable,SDTLPT-23-030104,A
3,03-0584-22-PIBS-R,3,JTP MEDICAL XRAY SERVICES,"4TH FLR. MIRABES BLDG. V. TIOMICO ST. BRGY. STO. ROSARIO, SAN FERNANDO CITY",PAMPANGA,9058132982,"JOSEPHINE L. CHUA,MD",jtplab@hotmail.ph,jtplab@hotmail.ph,5149354,0,4,4,,,PASSED,Highly Satisfactory,SDTLPT-23-030105,HS
3,03-0578-22-PFSS-R,3,JP DIAGNOSTIC LABORATORY,"2ND FR. GATE BANK POBLACION, NATIONAL HIGHWAY, SAN JOSE DEL MONTE CITY",BULACAN,09185755946/09274341987,"GABRIEL J. CRUZ,MD",jp.diagnosticlaboratory@yahoo.com.ph,jp.diagnosticlaboratory@yahoo.com.ph,5149355,0,4,4,,,PASSED,Highly Satisfactory,SDTLPT-23-030106,HS
3,03-0630-22-PFSS-R,3,SANTA ELENA DIAGNOSTIC CENTER-BALIUAG,"DR. GONZALES STREET TIBAG, BALIUAG CITY",BULACAN,9327790699,"EMEDITA L. REYES,MD",sedc.sgo21@yahoo.com,sedc.sgo21@yahoo.com,5150035,0,1,1,,,PASSED,Excellent,SDTLPT-23-030107,E
3,03-0633-22-PIBS-R,3,SANTA ELENA DIAGNOSTIC CENTER,"BURGOS AVENUE SANGITAN, CABANATUAN CITY",NUEVA ECIJA,9436062565,"EMEDITA L. REYES,MD",santaelenadc_cc@yahoo.com.ph,santaelenadc_cc@yahoo.com.ph,5150036,2,0,2,,,PASSED,Excellent,SDTLPT-23-030108,E
3,03-0594-22-PFSS-R,3,MEDICARD PHILIPPINES INC-CLARK,"2ND FLOOR WELLNESS ZONE SM CITY CLARK MALABANIAS, ANGELES CITY",PAMPANGA,9209227612,ARTURO C. LOPEZ JR.MD,clark.laboratory@medicardphils.com,clark.laboratory@medicardphils.com,5150032,1,5,6,,,PASSED,Acceptable,SDTLPT-23-030109,A
3,03-1467-22-PIBS-R,3,BATAAN PENINSULA MEDICAL CENTER DRUG TESTING LAB,"OLD PROVINCIAL ROAD, SAN RAMON, DINALUPIHAN CITY",BATAAN,9206113977,"JANET L. DY,MD",bpmclab@yahoo.com,bpmclab@yahoo.com,5149683,2,2,4,,,PASSED,Highly Satisfactory,SDTLPT-23-030110,HS
3,03-0567-22-GIBS-R,3,FORT MAGSAYSAY ARMY STATION HOSPITAL,"FORT MAGSAYSAY, PALAYAN CITY",NUEVA ECIJA,09972476880/09088800125,"EMEDITA L. REYES,MD",fmashlaboratory7id@gmail.com,fmashlaboratory7id@gmail.com,5148092,1,4,5,,,PASSED,Highly Satisfactory,SDTLPT-23-030111,HS
3,03-1610-22-PFSS-I,3,BIOASSAY DRUG TESTING INC.,"1232 MIRANDA ST., STO. ROSARIO, ANGELES CITY",PAMPANGA,9209716772,"ROMMEL G. MALONZO,MD",bioassay1232@yahoo.com,bioassay1232@yahoo.com,5142471,1,3,4,,,PASSED,Highly Satisfactory,SDTLPT-23-030112,HS
3,03-0350-22-PIBS-R,3,BALIUAG DIAGNOSTIC LABORATORY,"630 J. BUIZON ST. STO. CRISTO, BALIUAG CITY",BULACAN,9989605240,"REYNALDO G. TORRES,MD",divinagraciaesquerra@gmail.com,divinagraciaesquerra@gmail.com,5142430,2,0,2,,,PASSED,Excellent,SDTLPT-23-030113,E
3,03-0627-22-PIBS-R,3,ROQUE-BAEZ MEDICAL CLINIC AND DIAGNOSTIC CENTER,"BALTAZAR BLDG. ESPINO ST., POBLACION, PULILAN CITY",BULACAN,9228374515,"REYNALDO G. TORRES,MD",roquebaez18@yahoo.com,roquebaez18@yahoo.com,5142772,2,1,3,,,PASSED,Highly Satisfactory,SDTLPT-23-030114,HS
3,03-0624-22-PIBS-R,3,RE DE JESUS MULTI-SPECIALTY CLINIC AND DIAG. CENTER,"BACK OF LBC CAYPOMBO CORNER CAYPOMBO, SANTA MARIA CITY",BULACAN,9325171404,"RONALD E. DE JESUS,MD",djmclab@gmail.com,djmclab@gmail.com,5143913,4,1,5,,,PASSED,Highly Satisfactory,SDTLPT-23-030115,HS
3,03-1541-22-GIBS-R,3,JOSE B. LINGAD MEMORIAL GENERAL HOSPITAL,"MAC ARTHUR HIGHWAY, SAN FERNANDO CITY",PAMPANGA,9088928153,"GIL BRYAN B. GALVAN,MD",jblmrhlab@gmail.com,jblmrhlab@gmail.com,5143636,2,4,6,,,PASSED,Acceptable,SDTLPT-23-030116,A
3,03-0277-22-PFSS-R,3,RABVGIE DRUGTESTING LABORATORY,"POBLACION ROAD, MINUYAN, NORZAGARAY CITY",BULACAN,9178089926,"GABRIEL J. CRUZ,MD",rabvgie2021@gmail.com,rabvgie2021@gmail.com,5144420,0,3,3,,,PASSED,Highly Satisfactory,SDTLPT-23-030117,HS
3,03-0281-22-PIBS-R,3,"SACRED HEART HOSPITAL OF MALOLOS, INC.","2F LAB. DEPT, DMAC BUILDING, SACRED HEART HOSP OF MALOLOS, DR. PERALTA ST, GUINHAWA, MALOLOS CITY",BULACAN,9189262188,"DENNIS JOSE S. CARBONELL,MD",shhlabdept@yahoo.com,shhlabdept@yahoo.com,51445021,2,1,3,,,PASSED,Highly Satisfactory,SDTLPT-23-030118,HS
3,03-1369-22-PIBS-R,3,ABG SPECIALIST CLINIC AND DIAGNOSTIC CENTER,"G-558 NATIONAL ROAD PALANGINAN, IBA CITY",ZAMBALES,9283055081,"MARLENE S. ONTOG,MD",abg_laboratory@yahoo.com.ph,abg_laboratory@yahoo.com.ph,5162741,1,3,4,,,PASSED,Highly Satisfactory,SDTLPT-23-030119,HS
3,03-1370-22-PIBS-R,3,A.B.G. SPECIALIST CLINIC AND DIAGNOSTIC CENTER,"88C MASINLOC MALL, NORTH POBLACION, MASINLOC CITY",ZAMBALES,09475236680/09214613796,"ALICE B. GONZALES,MD",abg-masinloc@yahoo.com/abg_masinloc@yahoo.com,abg-masinloc@yahoo.com/abg_masinloc@yahoo.com,5162740,2,4,6,,,PASSED,Acceptable,SDTLPT-23-030120,A
3,03-1102-22-PIBS-R,3,GRACE GENERAL HOSPITAL INC. ,"BLK 1 LOT 2 QUIRINO HIGHWAY EXTENSION, BRGY. MULAWIN FRANCISCO HOMES CITY OF SAN JOSE DEL MONTE",BULACAN,9222504791,"CARMELA T. REYES,MD",gghlab2012@gmail.com,gghlab2012@gmail.com,5144680,2,3,5,,,PASSED,Highly Satisfactory,SDTLPT-23-030121,HS
3,03-1263-22-PIBS-R,3,HERTZ CLINICAL LABORATORY AND DIAGNOSTICS,"#34 QUEZON ST., BRGY. I, BALER CITY",AURORA,9477611299,"OLGA M. BAUSA,MD",hertzlaboratory@yahoo.com,hertzlaboratory@yahoo.com,5144788,1,4,5,,,PASSED,Highly Satisfactory,SDTLPT-23-030122,HS
3,03-1388-22-PIBS-R,3,BRIGINO GENERAL HOSPITAL,"20 QUIRINO HIGH WAY PECSON VILLE SUBD., SAN JOSE DEL MONTE CITY",BULACAN,09309657020/0448154456/ 09171867775,"MONTANO L. PRONTO,MD",bgh.lab@yahoo.com,bgh.lab@yahoo.com,5144601,1,4,5,,,PASSED,Highly Satisfactory,SDTLPT-23-030123,HS
3,03-0636-22-PIBS-R,3,SINGAPORE MEDICAL LABORATORIES INC.,"GF ALTA CLARO BLDG., MC ARTHUR HI WAY COR SAN PABLO ST. BRGY CLARO M. RECTO, ANGELES CITY",PAMPANGA,09778511379/09175169949,"PAOLO GIOVANNI L. MENDOZA,MD",corelabangeles@singaporedisgnostics.com,corelabangeles@singaporedisgnostics.com,5146199,1,5,6,,,PASSED,Acceptable,SDTLPT-23-030124,A
3,03-0918-21-GIBS-R,3,SAN JOSE CITY HEALTH OFFICE DRUGTESTING LAB. ,"CHO BLDG., A.O PASCUAL ST., SAN JOSE CITY",NUEVA ECIJA,09178045282/09228930404/09253776626,"GONZALO B. ROMAN JR.,MD",drugtestinglab_sjc@yahoo.com,drugtestinglab_sjc@yahoo.com,5145972,3,4,7,,,PASSED,Acceptable,SDTLPT-23-030125,A
3,03-0262-22-PIBS-R,3,AVENTUS MEDICAL CARE INC. (CLARK),"G/F BFO BLDG. S. SM CITY CLARK , M.A ROXAS HWY., BRGY MALABANIAS, ANGELES CITY",PAMPANGA,09270424050/045-499-8417/842; 09176263278,"EMIL BRYAN M. GARCIA,MD",laboratory.pampangga@aventusmedical.com.ph,laboratory.pampangga@aventusmedical.com.ph,5146751,2,0,2,,,PASSED,Excellent,SDTLPT-23-030126,E
3,03-0286-22-PFSS-R,3,ST. VINCENT'S CLINICAL LABORATORY,"222 TANJECO ST. SAN VICENTE, MALOLOS CITY",BULACAN,9950786073,"MARILYN C. BARZA,MD",stvincentdtl@gmail.com,stvincentdtl@gmail.com,51462167,0,0,0,,,PASSED,Excellent,SDTLPT-23-030127,E
3,03-0289-22-PFSS-R,3,ST VINCENTÕS CLINICAL LABORATORY II,"PASEO DEL CONGRESO ST., SAN GABRIEL, MALOLOS CITY",BULACAN,09171193358; (044) 7916477,"MARILYN C. BARZA,MD",stvincentpolydrug@yahoo.com,stvincentpolydrug@yahoo.com,5146216,0,0,0,,,PASSED,Excellent,SDTLPT-23-030128,E
3,03-0576-22-PIBS-R,3,HEMOLINE MEDICAL CLINIC AND DIAGNOSTIC LABORATORY,"UNIT F SANTOS COMM. BLDG. COR. PAMPANG RD AND VISITACION ST., ANGELES CITY",PAMPANGA,0454362527; 0977846113;09178224219,"GABRIEL J. CRUZ,MD",hemolinelab@yahoo.com,hemolinelab@yahoo.com,5146220,0,4,4,,,PASSED,Highly Satisfactory,SDTLPT-23-030129,HS
3,03-0572-22-PIBS-R,3,HEALTH CENTRAL MEDICAL CLINIC & DIAGNOSTIC CENTER,"PROVINCIAL ROAD, STA. LUCIA, ANGAT,BULACAN (NEAR GABE SUPERMARKET)",BULACAN,0932-842-6936/09171266232/ 09175821757,"DEXTER A. LEDESMA,MD",cherrypietrinidad@yahoo.com / dexteraledesma@yahoo.com,cherrypietrinidad@yahoo.com / dexteraledesma@yahoo.com,5146214,4,0,4,,,PASSED,Highly Satisfactory,SDTLPT-23-030130,HS
3,03-0606-22-PIBS-R,3,OUR LADY OF MT. CARMEL MEDICAL CENTER,"KM78 MCARTHUR HIWAY, SAGUIN, CITY OF SAN FERNANDO",PAMPANGA,(045) 8601265; 09988642037; 09178410018,"KATHRYNA LESLEY T. AYRO,MD",mt.carmel_laboratory@yahoo.com,mt.carmel_laboratory@yahoo.com,5146215,2,3,5,,,PASSED,Highly Satisfactory,SDTLPT-23-030131,HS
3,03-0564-22-PFSS-R,3,EXPLORE DRUG TESTING LAB & DIAGNOSTIC CENTER,"CAPITOL COMPD., STO. NI„O, CITY OF SAN FERNANDO",PAMPANGA,9174035261,"MARIE MICHELLE Y. SO,MD",robinsor116@yahoo.com,robinsor116@yahoo.com,5146229,0,0,0,,,PASSED,Excellent,SDTLPT-23-030132,E
3,03-1115-22-PFSS-R,3,ST. LOUIS DIAGNOSTIC LABORATORY,"BG PLAZA RECTO ST. BALER CITY, AURORA",AURORA,09190740768/ 09399080177,"OLGA M. BAUSA,MD",cjatimbreza@gmail.com,cjatimbreza@gmail.com,5147581,4,4,8,,,PASSED,Acceptable,SDTLPT-23-030133,A
3,03-0495-22-PIBS-R,3,JHAYEN MEDICAL LABORATORY & X RAY SERVICES,"RM 303, 3RD FR., ASSUMPTA BLDG. CHURCH PATIO, BRGY STO. ROSARIO, SAN FERNANDO CITY",PAMPANGA,09176710289/ 09178224219,"GABRIEL J. CRUZ,MD",dtcjhayenlab@yahoo.com,dtcjhayenlab@yahoo.com,5158874,2,3,5,,,PASSED,Highly Satisfactory,SDTLPT-23-030134,HS
3,03-0268-22-PIBS-R,3,HEALTHCORE DIAGNOSTIC CENTER,"ST. JUDE VILLAGE, BRGY ALFONSO, CONCEPCION CITY",TARLAC,09187862802/ (045) 9250283,"NICK R. FERNANDEZ,MD",healthcorediagnostic@yahoo.com,healthcorediagnostic@yahoo.com,5158848,2,2,4,,,PASSED,Highly Satisfactory,SDTLPT-23-030135,HS
3,03-0282-22-PIBS-R,3,SAINT JOSEPH DIAGNOSTIC LABORATORY,"ST JOSEPH BLDG IV, DO„A CARMEN ST., COR. VICTOR ST., MT. VIEW, BALIBAGO, ANGELES CITY",PAMPANGA,0921585381/ 0454582915,"NICK R. FERNANDEZ,MD",sjdl.ncv@gmail.com,sjdl.ncv@gmail.com,5158600,3,0,3,,,PASSED,Highly Satisfactory,SDTLPT-23-030136,HS
3,03-0266-22-PIBS-R,3,CAPAS HEALTHCARE DIAGNOSTIC LABORATORY,"M.H DEL PILAR ST., STO. ROSARIO, CAPAS CITY",TARLAC,9286716355,"NICK R. FERNANDEZ,MD",capashealthcarelaboratory@gmail.com,capashealthcarelaboratory@gmail.com,5158847,0,5,5,,,PASSED,Highly Satisfactory,SDTLPT-23-030137,HS
3,03-0349-22-PIBS-R,3,CAPAS HEALTHCARE DIAGNOSTIC LABORATORY-TARLAC CITY BRANCH,"ST. JOSEPH BLDG., JUAN LUNA ST. STO. CRISTO",TARLAC,9071966740 (045) 982 8569,"NICK R. FERNANDEZ,MD",capashealthcare.tarlac@gmail.com,capashealthcare.tarlac@gmail.com,5158596,0,4,4,,,PASSED,Highly Satisfactory,SDTLPT-23-030138,HS
3,03-1110-22-PIBS-R,3,INFINITY CARE DIAGNOSTIC ,"0740 NATIONAL RD. ST. FRANCIS 1, LIMAY CITY",BATAAN,09517620276/ 09175961134,"LUISITO D. CELESTINO,MD",infinitycarediagnostic@gmail.com,infinitycarediagnostic@gmail.com,5156956,0,3,3,,,PASSED,Highly Satisfactory,SDTLPT-23-030139,HS
3,03-0593-22-PIBS-R,3,MEDHUB LAB MULTISPECIALTY AND DIGNOSTIC CLINIC,"UNIT 5 DONATO BLDG. 69 RIZAL AVE., BANICAIN, OLONGAPO CITY",ZAMBALES,(047) 6020737; 09178252365;09189047921,"RICARDO E. ECLARIN,MD",medhubclinic@gmail.com,medhubclinic@gmail.com,5156811,2,5,7,,,PASSED,Acceptable,SDTLPT-23-030140,A
3,03-0610-22-PIBS-R,3,PARIAN DIAGNOSTIC LABORATORY,"LODESTONE CORE BLDG. #16 MC ARTHUR HIWAY, TELEBASTAGAN, CITY OF SAN FERNANDO",PAMPANGA,(045) 4581429/ 09171132542,"REMEDIOS O. ONG,MD",pdltelabastagan@yahoo.com,pdltelabastagan@yahoo.com,5156839,0,5,5,,,PASSED,Highly Satisfactory,SDTLPT-23-030141,HS
3,03-0608-22-PIBS-R,3,PARIAN DIAGNOSTIC LABORATORY- EASTGATE,"EAST GATE CITY WALK BLDG. BRGY. SAN JOSE, CITY OF SAN FERNANDO",PAMPANGA,(045) 9663800/09171136820,"REMEDIOS O. ONG,MD",pdleastgate@yahoo.com,pdleastgate@yahoo.com,5156838,2,4,6,,,PASSED,Acceptable,SDTLPT-23-030142,A
3,03-0609-22-PIBS-R,3,PARIAN DIAGNOSTIC LABORATORY- MEXICO,"JP RIZAL ST., PARIAN (POBLACION), MEXICO CITY",PAMPANGA,(045)9663542/ 09171026496,"REMEDIOS O. ONG,MD",pdlmexico@yahoo.com,pdlmexico@yahoo.com,5156837,2,5,7,,,PASSED,Acceptable,SDTLPT-23-030143,A
3,03-1613-22-PFSS-R,3,PARIAN DIAGNOSTIC LABORATORY- STO. DOMINGO,"ST. DOMINIC SQUARE, 61, MASAGANA ST. STO. DOMINGO, MEXICO",PAMPANGA,9171137291,"REMEDIOS O. ONG,MD",pdlstodomingo@yahoo.com,pdlstodomingo@yahoo.com,5156836,0,5,5,,,PASSED,Highly Satisfactory,SDTLPT-23-030144,HS
3,03-0889-22-PIBS-R,3,LAB1 DIAGNOSTIC CENTER,"UNIT 4 2ND FR. RM CENTER POINT BLDG. MAGSAYSAY EAST TAPINAC, OLONGAPO CITY",ZAMBALES,0906-579-1079 / 0905-305-2600,"GABRIEL J. CRUZ,MD",lab1.laboratorydept@gmail.com,lab1.laboratorydept@gmail.com,5153087,1,1,2,,,PASSED,Excellent,SDTLPT-23-030145,E
3,03-0607-22-PFSS-R,3,PARIAN DIAGNOSTIC LABORATORY-CLARK,"2ND FR., CLARKHAUZ BLDG LOT 1, MANUEL A. ROXAS HWAY BALIBAGO, CLARK FREEPORT, ANGELES CITY",PAMPANGA,09171042153/ (045) 436 5834,"REMEDIOS O. ONG,MD",pdlclark@yahoo.com,pdlclark@yahoo.com,5156835,0,5,5,,,PASSED,Highly Satisfactory,SDTLPT-23-030146,HS
3,03-0002-21-GFSS-R,3,ARMOR DIVISION DRUG TESTING CENTER,"CAMP ODONNELL, ARMOR C PAMBATO DIVISION , CAPAS",TARLAC,0997-449-2282/ 0915-073-2888,"RAYMUNDO NOLASCO F. TALON,MD",mikelangelosalazar@yahoo.com,mikelangelosalazar@yahoo.com,5195365,2,4,6,,,PASSED,Acceptable,SDTLPT-23-030147,A
3,03-0183-23-GIBS-R,3,BATAAN GENERAL HOSPITAL & MEDICAL CENTER,"MANAHAN ST., TENEJERO BALANGA, BALANGA CITY",BATAAN,0921-619-6555 / 047-237-1273,"JEFFERSON B. MENDOZA,MD",jebamen@yahoo.com / bghdrugtestinglab@yahoo.com,jebamen@yahoo.com / bghdrugtestinglab@yahoo.com,5174305,2,4,6,,,PASSED,Acceptable,SDTLPT-23-030148,A
3,03-0184-23-PIBS-R,3,BATAAN HEALTH CARE CENTER,"P/GOMEZ ST. BRGY. POBLACION (BESIDE CHURCH OF CHRIST), MARIVELES CITY",BATAAN,09666813852/ (047) 9356153,"GABRIEL J. CRUZ,MD",jclngalo@gmail.com,jclngalo@gmail.com,5207574,4,2,6,,,PASSED,Acceptable,SDTLPT-23-030149,A
3,03-0203-23-PIBS-R,3,CENTRAL LUZON DOCTOR'S HOSPITAL,"HOSPITAL DRIVE SAN VICENTE, TARLAC CITY",TARLAC,09175539321/  0459252534 LOC. 1190,"MAR-JAY S. GULAPA,MD",pjlsantos@cldh.com.ph,pjlsantos@cldh.com.ph,5211730,1,4,5,,,PASSED,Highly Satisfactory,SDTLPT-23-030150,HS
3,03-0208-23-GIBS-R,3,DOH-TREATMENT AND REHABILITATION CENTER BATAAN,"DOH TREATMENT AND REHABILITATION CENTER BATAAN, PILAR",BATAAN,09196542767/09175961134,"DE JESUS C. LUISITO,MD",laboratory.trcbataan@gmail.com,laboratory.trcbataan@gmail.com,5215505,2,4,6,,,PASSED,Acceptable,SDTLPT-23-030151,A
3,03-0217-20-PIBS-R,3,JECSONS MEDICAL CENTER,"MC ARTHUR HIGHWAY, SAN NICOLAS, TARLAC CITY",TARLAC,(045) 982-0379,"SHELDON STEVEN C. AQUINO,MD",jecsonslab@gmail.com,jecsonslab@gmail.com,5175552,0,4,4,,,PASSED,Highly Satisfactory,SDTLPT-23-030152,HS
3,03-0232-23-PIBS-R,3,FABROS MEDICAL CLINIC ,"2743 MENDOZA ST., LOLOMBOY BOCAUE CITY ",BULACAN,09175331914/(044)8150288/09257117452/(044)8150288,"DIVINA G. FABROS,MD",fabrosmedicalclinic@gmail.com,fabrosmedicalclinic@gmail.com,5171592,0,4,4,,,PASSED,Highly Satisfactory,SDTLPT-23-030153,HS
3,03-0234-23-PIBS-R,3,FAST HEALTH DIAGNOSTIC AND MEDICAL CLINIC,"#25 SUPER BRGY PATUBIG, MARILAO",BULACAN, 09098055389/ 09171728264,"GABRIEL J. CRUZ,MD",fasthealth2patubigmarilao@yahoo.com,fasthealth2patubigmarilao@yahoo.com,5187662,3,4,7,,,PASSED,Acceptable,SDTLPT-23-030154,A
3,03-0242-23-PIBS-R,3,"GUIMBA GENERAL HOSPITAL, INC.","BAGAIN ST. STA. VERONICA GUIMBA DISTRICT, GUIMBA",NUEVA ECIJA,09174162161; 09175555614; 0443351108,"MARY ANN V. DELA CRUZ,MD",lab.nequascc@gmail.com,lab.nequascc@gmail.com,5205815,3,0,3,,,PASSED,Highly Satisfactory,SDTLPT-23-030155,HS
3,03-0264-22-PIBS-R,3,BIOCARE LABORATORY ,"BL BLDG ARELLANO, ORION, BATAAN (ACROSS SIDE 7/11) ",BATAAN,09189435108/ 0472371564,"LUISITO D. CELESTINO,MD",biocarelaboratory@yahoo.com ,biocarelaboratory@yahoo.com ,5164558,2,4,6,,,PASSED,Acceptable,SDTLPT-23-030156,A
3,03-0275-22-PIBS-R,3,MICHAEL'S HEALTHLAB AND DIAGNOSTIC CLINIC,"MAHARLIKA HIGHWAY, BRGY. MALASIN, SAN JOSE CITY",NUEVA ECIJA,9227653270,"JUANITA T. LACUESTA,MD",prohealthone@yahoo.com,prohealthone@yahoo.com,5205156,2,3,5,,,PASSED,Highly Satisfactory,SDTLPT-23-030157,HS
3,03-0279-22-PIBS-R,3,RONQUILLO POLYCLINIC AND DIAGNOSTIC,"CMC BUILDING, MARCOS DISTRICT, TALAVERA",NUEVA ECIJA,09169498108/ 09196712585,"JUANITA T. LACUESTA,MD",ronquillo.polyclinic@gmail.com,ronquillo.polyclinic@gmail.com,5205153,4,0,4,,,PASSED,Highly Satisfactory,SDTLPT-23-030158,HS
3,03-0343-23-PIBS-R,3,LABWORKS DIAGNOSTIC LABORATORY,"#353POBLACION, BRGY. WAWA, BALAGTAS CITY",BULACAN,09068904617/ 09236210862,"HUMPHREY C. BITUN,MD",labworksdiagnosticlaboratory@yahoo.com,labworksdiagnosticlaboratory@yahoo.com,5207002,2,3,5,,,PASSED,Highly Satisfactory,SDTLPT-23-030159,HS
3,03-0347-23-PIBS-R,3,MICHAEL'S HEALTHLAB AND DIAG. CLINIC (BONGABON BRANCH),"PUROK 2 NATIONAL HIGHWAY BRG. SINIPIT, BONGABON CITY",NUEVA ECIJA,09310810250/ 09564892921,"JUANITA T. LACUESTA,MD",bongabonhealthlab@gmail.com,bongabonhealthlab@gmail.com,5205154,1,3,4,,,PASSED,Highly Satisfactory,SDTLPT-23-030160,HS
3,03-0519-23-GIBS-R,3,JAMES L. GORDON MEMORIAL HOSPITAL,"NO.1 PERIMETER ROAD, NEW ASINAN, OLONGAPO CITY",ZAMBALES,(047) 602-1229 loc. 160,"ANGELIE ERISTELA L. OROPILLA,MD",jlgordonhospital@gmail.com,jlgordonhospital@gmail.com,5175110,2,1,3,,,PASSED,Highly Satisfactory,SDTLPT-23-030161,HS
3,03-0548-22-PIBS-R,3,BETHZATHA DIAGNOSTIC CENTER,"MJS BUILDING, PUROK 5 SAN ISIDRO 7, ZARAGOZA",NUEVA ECIJA,09208129643/ 0448039398/ 09088800125,"EMEDITA L. REYES,MD",bethzathadiagnosticcenter@yahoo.com,bethzathadiagnosticcenter@yahoo.com,5161651,4,0,4,,,PASSED,Highly Satisfactory,SDTLPT-23-030162,HS
3,03-0168-21-PIBS-R,3,TOMAS VILLASENOR DIAGNOSTIC LABORATORY,"79 TECSON ST. SAN JOSE, SAN MIGUEL",BULACAN,09328517745/ 09230812527,"MA. JOSEFA D. MESINA,MD",villasenor_17tomas@yahoo.com,villasenor_17tomas@yahoo.com,5160280,1,2,3,,,PASSED,Highly Satisfactory,SDTLPT-23-030163,HS
3,03-0655-21-GIBS-R,3,DR. PAULINO J. GARCIA MEM. RESEARCH AND MED. CENTER ,"MABINI ST., QUEZON DISTRICT, CABANATUAN CITY",NUEVA ECIJA,09171441968/ 044 4638888/ 09178202831,"JOHN DENNIS D. MACAPAGAL,MD",violaine1968@yahoo.com / laboratory@drpjgmrmc.doh.gov.ph,violaine1968@yahoo.com / laboratory@drpjgmrmc.doh.gov.ph,5167461,1,2,3,,,PASSED,Highly Satisfactory,SDTLPT-23-030164,HS
3,03-0655-23-PIBS-R,3,SKYLINE HOSPITAL AND MEDICAL CENTER,"SKYLINE DRIVE COR. QUIRINO HWY BRGY. TUNGKONG MANGGA, SAN JOSE DEL MONTE",BULACAN,09173243298 / 09278565083 / 0448157770,"HUMPHREY C. BITUN,MD",humphreybituin@yahoo.com / laboratory.skyline@gmail.com,humphreybituin@yahoo.com / laboratory.skyline@gmail.com,5179462,1,2,3,,,PASSED,Highly Satisfactory,SDTLPT-23-030165,HS
3,03-1487-22-PIBS-R,3,PATIENT WELFARE LABORATORY AND DIAGNOSTIC CLINIC ,"#026-B MALONZO BLDG. SAN JOSE , SAN SIMON",PAMPANGA,09993141391/ 09228232343,"REYNALDO G. TORRES,MD",patientwelfarelaboratory@gmail.com,patientwelfarelaboratory@gmail.com,5160938,2,3,5,,,PASSED,Highly Satisfactory,SDTLPT-23-030166,HS
3,03-1628-22-PFSS-I,3,JESUS AND MARY CLINICAL LAB. AND DRUG TEST CENTER,"105 MLW COMMERCIAL CENTER, SAMPAGUITA ST., SAN JOSE, BALANGA CITY",BATAAN,(047( 237-4020 ,HFSRB MASTERLIST'!C724,jesusmarydiagnostic@gmail.com,jesusmarydiagnostic@gmail.com,5047921,0,0,0,,,PASSED,Excellent,SDTLPT-23-030167,E
3,03-1268-22-PIBS-R,3,SAN ANDRES DIAGNOSTIC CENTER ,"OLONDRIZ ST CORNER ROSARIO ST SOUTH POBLACION, MASINLOC CITY",ZAMBALES,09985479982/ 09156966211,"GABRIEL J. CRUZ, MD",andreana_pd@yahoo.com,andreana_pd@yahoo.com,5160006,1,4,5,,,PASSED,Highly Satisfactory,SDTLPT-23-030168,HS
3,03-0304-21-PIBS-R,3,"DIASERV, DIAGNOSTIC LABORATORY","#12 ZAMORA ST. DAUSAN SUBD. SINDALAN, CITY OF SAN FERNANDO",PAMPANGA,(045) 409825152/ 09228127675/ 09175701972,"JOCELYN Q. GALASAN, MD",diaserv2000@gmail.com,diaserv2000@gmail.com,5160003,0,1,1,,,PASSED,Excellent,SDTLPT-23-030169,E
3,03-1311-22-PIBS-R,3,ICARE WELLNESS CLINIC AND DIAGNOSTIC CENTER,"3RD FLOOR ROXAS BUILDING BRGY. BALIBAGO, ANGELES CITY",PAMPANGA,9287406480,"PIERE GIVENCHY G. LAYSON, MD",icareph2019@gmail.com,icareph2019@gmail.com,5160918,3,0,3,,,PASSED,Highly Satisfactory,SDTLPT-23-030170,HS
3,03-0652-22-PIBS-R,3,PENINSULA MEXICO DIAGNOSTIC CORP,"1F PENINSULA BLDG., JASA ROAD, BRGY LAGUNDI, MEXICO CITY",PAMPANGA,09494190263/ 045-4572971,"GONZALO B. ROMAN, MD",mexico.peninsula@gmail.com,mexico.peninsula@gmail.com,5164933,1,2,3,,,PASSED,Highly Satisfactory,SDTLPT-23-030171,HS
3,03-1514-22-PFSS-R,3,PEDROSA DIAGNOSTIC CENTER ,"BLK 57 LOT 3 PHASE 4A, EL CAMINO ROAD, STO. NI„O, MEYCAUAYAN CITY ",BULACAN ,02-3624639/ 09081016579/ 044-6951295,"REYNALDO G. TORRES, MD",pedrosa.michaelangelo@yahoo.com,pedrosa.michaelangelo@yahoo.com,5166929,0,2,2,,,PASSED,Excellent,SDTLPT-23-030172,E
3,03-1394-22-PIBS-R,3,GUZORELL MEDICAL AND SURGICAL CLINIC,"NAVARRO BLDG., LAKANDULA ST. POBLACION, MARIVELES CITY",BATAAN,09175365445/ 09178224219,"GABRIEL J. CRUZ, MD",quzorellclinic@yahoo.com,quzorellclinic@yahoo.com,5187041,4,1,5,,,PASSED,Highly Satisfactory,SDTLPT-23-030173,HS
3,03-0635-22-PIBS-R,3,"SE„OR STO. NI„O HOSPITAL, INC.","1ST FLOOR BUILDING A, BURGOS STREET, POBLACION B, CAMILING",TARLAC,09510185932/(045) 493-3004/09178163813,"BU C. CASTRO, MD",ssnhilabdept@gmail.com,ssnhilabdept@gmail.com,5187044,1,0,1,,,PASSED,Excellent,SDTLPT-23-030174,E
3,03-0615-22-PIBS-R,3,PREMIER MEDICAL CENTER-NUEVA ECIJA,"MAHARLIKA HIGHWAY, SAAN SARILE, CABANATUAN CITY",NUEVA ECIJA,09166532815/ 09325664413/ 09175596841/ (044) 4637845-49 ,"MARY-JAY S. GULAPA, MD",premierlab.113@gmail.com,premierlab.113@gmail.com,5191654,1,2,3,,,PASSED,Highly Satisfactory,SDTLPT-23-030175,HS
3,03-0562-22-PIBS-R,3,EASE DRUGS CLINIC AND LABORATORY,"EASE DRUG CLINIC & LABORATORY, #94, ABANGAN SUR, MARILAO CITY",BULACAN ,0922-831-3907 / 044 813-8956,"JAIME DG. SANTIAGO, MD", easedrugs_lab@yahoo.com, easedrugs_lab@yahoo.com,5191758,1,1,2,,,PASSED,Excellent,SDTLPT-23-030176,E
3,03-1297-22-PIBS-R,3,QUALIMED HEALTH NETWORK SJDM ,"ALTARAZA SPINE RD. TUNGKONG MANGGA, CITY OF SAN JOSE DEL MONTE",BULACAN ,09178156691/ (044) 307000 LOC. 101,"MARIE MICHELLE Y. SO, MD",laboratory.sjdm@gmail.com,laboratory.sjdm@gmail.com,5193472,1,1,2,,,PASSED,Excellent,SDTLPT-23-030177,E
3,03-1098-21-PFSS-R,3,21ST CENTURY CLINICAL DIAGNOSTIC DRUG TEST CENTER ,"304 3/F METROTOWN MALL, MC ARTHUR HI WAY STO. CRISTO, TARLAC CITY",TARLAC,09228799576; (045) 9823095; 09178521238,"HERBERT G. PASCUAL, MD",dtl21stcentury@yahoo.com.ph,dtl21stcentury@yahoo.com.ph,5195979,1,0,1,,,PASSED,Excellent,SDTLPT-23-030178,E
3,03-1361-22-PIBS-R,3,ROSALES MEDICAL CLINIC & LABORATORY,"39-B DON MANUEL AVENUE, KAPITAN PEPE SUBDIVISION, CABANATUAN CITY",NUEVA ECIJA,09157094638/(044)958-9923/09088800125,"EMEDITA L. REYES, MD",rosaleslaboratory@gmail.com,rosaleslaboratory@gmail.com,5196492,1,0,1,,,PASSED,Excellent,SDTLPT-23-030179,E
3,03-1516-22-PIBS-R,3,FLORIDABLANCA DOCTOR'S HOSPITAL INC.,"GR. FR, LAB, FLORIDABLANCA DOCTOR/S HOSP. INC. VALEZ, FLORIDABLANCA",PAMPANGA,09976174212/  (045) 6265360 TO 61/ 09176775510,"CARMELA T. REYES, MD",fdhilab@gmail.com,fdhilab@gmail.com,5196494,1,1,2,,,PASSED,Excellent,SDTLPT-23-030180,E
3,03-1335-23-GIBS-R,3,OSPITAL NING CAPAS,"MUNICIPAL COMPOUND, BRGY. STO DOMINGO 2ND, CAPAS CITY, TARLAC",TARLAC,09472251781; 0454911361; 09228510791,"NICK R. FERNANDEZ, MD",onclaboratory@gmail.com,onclaboratory@gmail.com,5200025,0,0,0,,,PASSED,Excellent,SDTLPT-23-030181,E
3,03-1329-23-PFSS-R,3,ACCUCARE DIAGNOSTIC CENTER,"KM 44/45 58 BUILDING I TOL CABANAS, MALOLOS CITY",BULACAN,09324102357/ 0447606465/ 09324102357,"MONINA C. MONTENEGRO, MD",accucare@gmail.com,accucare@gmail.com,5199706,1,1,2,,,PASSED,Excellent,SDTLPT-23-030182,E
3,03-0890-22-PIBS-R,3,PROCHECK DIAGNOSTIC CENTER,"AGLIPAY ST., POBLACION SUR, CECILIA BERNARDO BUILDING, RIZAL CITY",NUEVA ECIJA,0935-058-1295/ 0449510285,"JUANITA D. TUCAY-LACUESTA, MD",procheckdph@gmail.com,procheckdph@gmail.com,5205157,2,0,2,,,PASSED,Excellent,SDTLPT-23-030183,E
3,03-0249-21-PFSS-R,3,ACE DIAGNOSTIC CENTER,"2ND FLR. CHRACY TOP BLDG EL CAMINO RD.PEREZ  STO. NINO, MEYCAUAYAN CITY",BULACAN, 044 - 3234181  / 09255435393 ,"SUSANA P. QUAIOIT, MD",acediagnosticcenter@gmail.com,acediagnosticcenter@gmail.com,5205905,1,0,1,,,PASSED,Excellent,SDTLPT-23-030184,E
3,03-1415-23-PIBS-R,3,PAMPANGA MEDICAL SPECIALIST HOSPITAL,"KM 80 JOSE ABAD SANTOS AVENUE, SAN ANTONIO, GUAGUA CITY",PAMPANGA,09271360790; 09178410018,"KATHRYNA LESLEY T. AYRO, MD",pmshclinlab@gmail.com,pmshclinlab@gmail.com,5211204,1,1,2,,,PASSED,Excellent,SDTLPT-23-030185,E
3,03-XXXX-XX-XXXX-X,3,"MARILAO SAINT MICHAEL FAMILY HOSPITAL, INC","C. SANTIAGO ST., POBLACION II, MARILAO CITY",BULACAN,09810459584/ (044) 7699012/ (044) 8125500,"REYNALDO G. TORRES, MD",msmfhlab@yahoo.com,msmfhlab@yahoo.com,5212828,1,1,2,,,PASSED,Excellent,SDTLPT-23-030186,E
3,03-1531-23-PIBS-R,3,ST. MATTHEW'S MULTISPECIALTY CENTER INC.,"2ND FR., ROJUL BLDG., MC ARTHUR HI-WAY, TELEBASTAGAN, CITY OF SAN FERNANDO",PAMPANGA,09171055826/ 09175615685,"DENNIS JOSE S. CARBONELL, MD",smmc0920@gmail.com,smmc0920@gmail.com,5212829,0,1,1,,,PASSED,Excellent,SDTLPT-23-030187,E
3,03-0641-22-PIBS-R,3,TALON GENERAL HOSPITAL,"23 F. TA„EDO STREET, POBLACION, TARLAC CITY",TARLAC,09175148151/(045)9821400,"RAYMOND NOLASCO F. TALON, MD",tghlabdept@gmail.com,tghlabdept@gmail.com,5212825,1,0,1,,,PASSED,Excellent,SDTLPT-23-030188,E
3,03-1012-20-PIBS-R,3,OUR LADY OF MT.CARMEL MEDICAL CENTER-CLARK ,"LOT 4,GF OUR LADY OF MT. CARMEL MED. CENTER, NINOY AQUINO AVE CLARK FREEPORT ZONE",PAMPANGA,09178410018/ 09319395775/ (045) 4990391 LOC. (253),"KATHRYNA LESLEY T. AYRO, MD",laboratory.mtcarmelclark@gmail.com,laboratory.mtcarmelclark@gmail.com,5212827,1,0,1,,,PASSED,Excellent,SDTLPT-23-030189,E
3,03-1338-23-PIBS-R,3,"V.L. MAKABALI MEMORIAL HOSPITAL, INC.","B. MENDOZA ST., STO. ROSARIO, SAN FERNNDO CITY",PAMPANGA,09985759658/ (045) 9612442 LOC. 418/ 09164905712,"MARIE MICHELLE Y. SO, MD",ancillary.makabali@yahoo.com,ancillary.makabali@yahoo.com,5213913,3,2,5,,,PASSED,Highly Satisfactory,SDTLPT-23-030190,HS
3,03-0628-22-PIBS-R,3,"SAINT CLAIRE OB-GYN,PEDIATRIC AND DIAGNOSTIC CLINIC","1/F LC BLDG MCARTHUR HIGHWAY,SAN ROQUE TARLAC CITY",TARLAC,09327090822/(045)491-1944,"NICK R. FERNANDEZ, MD",saintclareclinic@gmail.com,saintclareclinic@gmail.com,5214778,1,2,3,,,PASSED,Highly Satisfactory,SDTLPT-23-030191,HS
3,03-0920-21-PIBS-R,3,ST. ANASTASIA DIAGNOSTIC LABORATORY,"#234, MC ARTHUR HIGHWAY, STO. DOMINGO 2ND, CAPAS CITY",TARLAC,0922-851-0791 / 0906-743-7891 / 0932-190-4223,"NICK R. FERNANDEZ, MD",anastasialaboratory16@gmail.com,anastasialaboratory16@gmail.com,5174908,0,0,0,,,PASSED,Excellent,SDTLPT-23-030192,E
3,03-0591-22-PFSS-R,3,"MDLAB DIAGNOSTIC CENTER, INC.","LOT 23, BLOCK 11, 1ST STREET, BALIBAGO, ANGELES CITY",PAMPANGA,045-458-2614 / 0933-476-2398,"ROMMEL G. MALONZO, MD",mdlab311@yahoo.com,mdlab311@yahoo.com,5144651,2,2,4,,,PASSED,Highly Satisfactory,SDTLPT-23-030193,HS
3,03-0669-23-PIBS-R,3,HI-PRECISION DIAGNOSTICS - ANGELES,"MCARTHUR HI-WAY COR. ANGELES-MAGALANG ROAD, STO. CRISTO, ANGELES CITY",PAMPANGA,09338193860/ 09209610407,"PEDRITO Y. TAGAYUNA, MD",hpangeles.lab@hi-precision.com.ph,hpangeles.lab@hi-precision.com.ph,5221081,1,1,2,,,PASSED,Excellent,SDTLPT-23-030194,E
3,03-0668-23-PFSS-R,3,HI-PRECISION DIAGNOSTICS,"UNIT 101-103 G/F GOP BLDG., MCARTHUR HI-WAY COR. DONA CONSOLATION ST., BGY DOLORES , SAN FERNANDO",PAMPANGA,09338193863/ 045-4351868 LOC. 104/ 09209610407,"PEDRITO Y. TAGAYUNA, MD",hpsf.lab@hi-precision.com.ph,hpsf.lab@hi-precision.com.ph,5221084,1,0,1,,,PASSED,Excellent,SDTLPT-23-030195,E
3,03-XXXX-XX-XXXX-X,3,HI-PRECISION DIAGNOSTIC PLUS,"UNIT 1148-1150 HARBOR POINT, LABITAN ST., COR RIZAL, HWAY SUBIC FREEPORT ZONE, OLONGAPO CITY",ZAMBALES,09177084911/ 09688926610,"PEDRITO Y. TAGAYUNA, MD",hpsubic.lab@hi-precision.com.ph,hpsubic.lab@hi-precision.com.ph,5221085,1,2,3,,,PASSED,Highly Satisfactory,SDTLPT-23-030196,HS
3,03-0657-23-PFSS-R,3,HI-PRECISION DIAGNOSTICS TARLAC,"ZAMORA @ TCC BLDG. 6376 MC ARTHUR HIGHWAY, BLOSSOMVILLE SUBD., BRGY. STO. CRISTO, TARLAC CITY",TARLAC,09230232814/4561575/09178410018,"KATHRYNA LESLEY T. AYRO, MD",hptarlac.lab@hi-precision.com.ph,hptarlac.lab@hi-precision.com.ph,5221086,2,4,6,,,PASSED,Acceptable,SDTLPT-23-030197,A
3,03-0341-22-PFSS-R,3,AMEER DIAGNOSTIC LABORATORY,"2/F STO. ROSARIO BLDG., MOJON, MALOLOS CITY",BULACAN,(044)7986332 / 09255255504,"SUSANA P. QUAIOIT, MD",ameerdtl_lab@yahoo.com,ameerdtl_lab@yahoo.com,5219619,0,1,1,,,PASSED,Excellent,SDTLPT-23-030198,E
3,03-0553-22-PIBS-R,3,BRITON-AMEER DIAGNOSTIC LABORATORY,"A. MABINI ST., MOJON, MALOLOS CITY",BULACAN,0925525502/ (044) 7986332/ 09228852062,"SUSANA P. QUAIOIT, MD",britonameer_lab@yahoo.com,britonameer_lab@yahoo.com,5219620,2,0,2,,,PASSED,Excellent,SDTLPT-23-030199,E
3,03-0016-23-PIBS-R,3,R&R HOLISTIC LABORATORY AND DIAGNOSTIC CENTER ,"2F, 3F & 4F G&P BLDG, MC ARTHUR HIWAY SINDALAN (NEAR BIR REGION 3)",PAMPANGA,09175107445/ 09222318285/ (045) 4553413,"MICHELLE T. MIRANDA, MD",rnrholisticlaboratory@gmail.com ,rnrholisticlaboratory@gmail.com ,5219317,3,4,7,,,PASSED,Acceptable,SDTLPT-23-030200,A
3,03-0349-23-PIBS-R,3,SAINT ZACHARIA CLINICAL LABORATORY,"SR8 BUILDING, MC ARTHUR HIGHWAY, MALIGAYA, TARLAC CITY",TARLAC ,09422811004/ ,"NICK R. FERNANDEZ, MD",st.zacharia.cl@gmail.com,st.zacharia.cl@gmail.com,5219318,1,0,1,,,PASSED,Excellent,SDTLPT-23-030201,E
3,03-0020-23-PIBS-R,3,XCEL LABORATORY AND DIAGNOSTIC CENTER,"02 ANW BUILDING, HILARRIO ST. CUTCUT 1 , TARLAC CITY (BESIDE TARLAC CITY HALL)",TARLAC ,09296735807/ 09454061722/ 09602108282/ (045) 925 6058,"NICK R. FERNANDEZ, MD",xcellabdia@gmail.com,xcellabdia@gmail.com,5217385,1,1,2,,,PASSED,Excellent,SDTLPT-23-030202,E
3,03-0017-23-PIBS-R,3,R. DE C. GALVEZ MEDICAL CENTER INC. ,"CAGAYAN VALLEY ROAD, SAN JUAN SAN ILDEFONSO", BULACAN,09225957180/ (044) 7970510 LOC. 105,"GABRIEL J. CRUZ, MD",rdecgalvez_laboratory@yahoo.com,rdecgalvez_laboratory@yahoo.com,5217387,2,3,5,,,PASSED,Highly Satisfactory,SDTLPT-23-030203,HS
3,03-0006-23-PIBS-R,3,FIRST LINE HEALTHCARE DIAGNOSTIC CENTER,"STALL 1-3,9-11 KONTIKI BLDG., TL PLAZA,MC ARTHUR HIGHWAY,BRGY PULUNGBULU,ANGELES",PAMPANGA,09673475007/(045)436-0180,"MICHELLE T. MIRANDA, MD",clinicallab@firstlinehealthcareph.com,clinicallab@firstlinehealthcareph.com,5217388,1,0,1,,,PASSED,Excellent,SDTLPT-23-030204,E
3,03-1522-23-PIBS-R,3,ANA LIZA SOLOMON-LOPEZ HEALTHCARE DIAGNOSTIC CLINIC,"UNIT C 1/F CHUA BLDG 97-F. TA„EDO ST. POBLACION TARLAC CITY, TARLAC (NEAR CATHEDRAL CHURCH)",TARLAC ,09756972078; (045) 6285312,"NICK R. FERNANDEZ, MD",lopezanaliza75@gmail.com,lopezanaliza75@gmail.com,5217386,0,2,2,,,PASSED,Excellent,SDTLPT-23-030205,E
3,03-0586-22-PIBS-R,3,LACEDA MEDICAL CLINIC,"BLDG 494 REMYFIELD CMPD. CBD AREA SUBIC BAY FREEPORT ZONE, OLONGAPO CITY",ZAMBALES,09178375355/ (047) 250 2380,"JOSEPH B. LACEDA, MD",lacedamedical2012@yahoo.com/lacedamedicalclinic2018@gmail.com,lacedamedical2012@yahoo.com/lacedamedicalclinic2018@gmail.com,5217391,4,2,6,,,PASSED,Acceptable,SDTLPT-23-030206,A
3,03-1757-23-PIBS-R,3,LN LABORATORY AND DIAGNOSTIC CENTER ,"DR. GONZALES ST. TIBAG , BALIUAG CITY",BULACAN,09190045421/ 044 766 5812,"RHODERICK M. CRUZ, MD",Lnlaboratory8@gmail.com,Lnlaboratory8@gmail.com,5218609,1,1,2,,,PASSED,Excellent,SDTLPT-23-030207,E
3,03-1647-23-PIBS-R,3,LN LABORATORY AND DIAGNOSTIC CENTER ,"MC ARTHUR HIGHWAY, SAN MATIAS, STO. TOMAS CITY",PAMPANGA,09190045421/ 0453017288,"RHODERICK M. CRUZ, MD",lnpampanga2.0@gmail.com,lnpampanga2.0@gmail.com,5218610,3,1,4,,,PASSED,Highly Satisfactory,SDTLPT-23-030208,HS
3,03-1450-23-PIBS-R,3,LN LABORATORY CLINIC,"LOT 21 BLOCK 66 BRGY. BAGONG BUHAY 1, CITY OF SAN JOSE DEL MONTE",BULACAN,09326529967/044-3097433/09178409972,"RHODERICK M. CRUZ, MD",melisarobellonguevan0214@gmail.com,melisarobellonguevan0214@gmail.com,5218611,4,0,4,,,PASSED,Highly Satisfactory,SDTLPT-23-030209,HS
3,03-0642-23-PIBS-R,3,RIDON'S ST. JUDE MEDICAL CENTER CORPORATION,"62 18TH ST. CORNER HARRIS ST., EAST BAJAC BAJAC, OLANGAPO CITY",ZAMBALES,09176263278/09233822146/(047)-222-5833 LOC. 102-103,"EMIL BRYAN M. GARCIA, MD",rsjmcclinlab@yahoo.com,rsjmcclinlab@yahoo.com,5217924,0,1,1,,,PASSED,Excellent,SDTLPT-23-030210,E
3,03-0664-23-PIBS-R,3,HI-PRECISION DIAGNOSTIC CENTER INC.-BALIUAG (AMIHAN MEDICALVENTURES),"ROYAL STONEA HOLDING BLDG,BAGONG NAYON, BALIUAG CITY",BULACAN,09178007686/ 09175771197/ (044) 7660280,"MARIA LOURDES P. SANTOS, MD",hpbaliuag.lab@hi-precision.com.ph,hpbaliuag.lab@hi-precision.com.ph,5220543,1,3,4,,,PASSED,Highly Satisfactory,SDTLPT-23-030211,HS
3,03-0007-23-PFSS-R,3,HI-PRECISION DIAGNOSTICS BALAGTAS BRANCH,"BALAGTAS TOWN CENTER, G/F LS-135, MC ARTHUR HIGHWAY, BRGY. BOROL 1ST, BALAGTAS CITY",BULACAN,09209382670 / 09176336051/ 09175771197 (044) 7620866,"MARIA LOURDES P. SANTOS, MD",hpbalagtas.lab@hi-precision.com.ph,hpbalagtas.lab@hi-precision.com.ph,5220544,3,0,3,,,PASSED,Highly Satisfactory,SDTLPT-23-030212,HS
3,03-1470-23-PFSS-R,3,HI-PRECISION DIAGNOSTIC CENTER INC.-MALOLOS,"G/F BLDG SHELL MCARTHUR HIGHWAY SUMAPANG MATANDA, MALOLOS CITY",BULACAN,09178327185/ (044) 7951554 / 09338182036,"MARIA LOURDES P. SANTOS, MD",hpmalolos.lab@hi-precision.com.ph,hpmalolos.lab@hi-precision.com.ph,5220545,3,0,3,,,PASSED,Highly Satisfactory,SDTLPT-23-030213,HS
3,03-0008-23-PFSS-R,3,"HI-PRECISION DIAGNOSTICS SAN JOSE, NUEVA ECIJA","CDCP TOWER, MAHARLIKA HIGHWAY, BRGY. MALASIN, SAN JOSE CITY",NUEVA ECIJA,09189623952/(044)1005 LOC. 791/09178569010,"IRMA GRACE B. BAUTISTA-CAPINIG, MD",hpsjne.lab@hi-precision.com.ph,hpsjne.lab@hi-precision.com.ph,5220530,1,0,1,,,PASSED,Excellent,SDTLPT-23-030214,E
3,03-0670-23-PIBS-R,3,HI-PRECISION DIAGNOSTIC,"KM114 CRESCENT BLDG. MAHARLIKA HWY. BRGY. ZULUETA, ZULUETA ST., CABANATUAN",NUEVA ECIJA,09178333364/940-9404(044),"IRMA GRACE B. BAUTISTA-CAPINIG, MD",hpcabanatuan.lab@hi-precision.com.ph,hpcabanatuan.lab@hi-precision.com.ph,5220531,2,0,2,,,PASSED,Excellent,SDTLPT-23-030215,E
3,03-0598-22-PFSS-R,3,MIKROLAB DIAGNOSTIC LABORATORY AND HEALTH CLINIC,"MABINI EXTENSION, CABANATUAN CITY",NUEVA ECIJA,09175531800/ 0444047944/ 09088800125,"EMEDITA L. REYES, MD",mikrolabdt2021@gmail.com,mikrolabdt2021@gmail.com,5219895,1,0,1,,,PASSED,Excellent,SDTLPT-23-030216,E
3,03-0588-23-PIBS-R,3,NEW WORLD DIAGNOSTICS - BALIUAG BRANCH,"NO. 5 B.S. AQUINO AVE., BAGONG NAYON, BALIUAG CITY",BULACAN,09176366481/ 87908888 LOC. 261,"PAULO GIOVANNI L. MENDOZA, MD",baliwag@nwdi.com.ph,baliwag@nwdi.com.ph,5224603,1,3,4,,,PASSED,Highly Satisfactory,SDTLPT-23-030217,HS
3,03-0601-22-PIBS-R,3,MPM DIAGNOSTIC LABORATORY,"IBAYO ST., BRGY. OMBOY, ABUCAY CITY, BATAAN (BESIDE PUREGOLD ABUCAY)",BATAAN,09060964258/ 09209458864/ 047-2373495,"GERALDINE M. AGPES, MD",maryannpereymilana2003@gmail.com,maryannpereymilana2003@gmail.com,5223100,2,2,4,,,PASSED,Highly Satisfactory,SDTLPT-23-030218,HS
3,03-1777-23-PFSS-R,3,PHCL DIAGNOSTIC CLINIC,"BONA ST., STA CRUZ, LUBAO CITY",PAMPANGA,9258744969,"KATHRYNA LESLEY T. AYRO, MD",phclclinic@gmail.com,phclclinic@gmail.com,5223098,0,1,1,,,PASSED,Excellent,SDTLPT-23-030219,E
3,03-0611-22-PFSS-R,3,PASTRANA CLINICAL LABORATORY,"251 BANGA 1STY, PLARIDEL CITY",BULACAN,09196259657/ 044 7951622,"RHODERICK M. CRUZ, MD",pastranaclinlab1998@gmail.com,pastranaclinlab1998@gmail.com,5222887,0,3,3,,,PASSED,Highly Satisfactory,SDTLPT-23-030220,HS
3,03-0538-23-PFSS-I,3,JETT-NELLE DRUG TESTING LABORATORY ,"3RD FLOOR LANDBANK BLDG. BAYANIHAN, GAPAN CITY",NUEVA ECIJA,09173294187 / 044-8061147 ,"EMEDITA L. REYES, MD",jlen_rmt01@yahoo.com,jlen_rmt01@yahoo.com,5223140,2,0,2,,,PASSED,Excellent,SDTLPT-23-030221,E
3,03-0240-23-PIBS-R,3,GRACE DIAGNOSTIC LABORATORY ,"26 DEL PILAR ST. MAHARLIKA HIGHWAY, STA. ROSA CITY",NUEVA ECIJA,9088639321,"JOHN DENNIS DG. MACAPAGAL, MD",gracebacal20123@gmail.com,gracebacal20123@gmail.com,5223138,4,0,4,,,PASSED,Highly Satisfactory,SDTLPT-23-030222,HS
3,03-1311-23-PIBS-R,3,QUEST DIAGNOSTIC INC. ,"SALOMERO ST. CORNER VICTOR ST. MCARTHUR HWY, BRGY BALIBAGO, ANGELES CITY",PAMPANGA,09176260911; 09175359417,"EMILIANO G. DELA CRUZ, MD",questphillab@gmail.com,questphillab@gmail.com,5224091,1,2,3,,,PASSED,Highly Satisfactory,SDTLPT-23-030223,HS
3,03-0643-22-GIBS-R,3,TARLAC DRUG RECOVERY CLINIC AND DRUG TESTING LAB,"HOSP. DRIVE SAN VICENTE TARLAC PROVINCIAL HOSP. COMPD, BRGY. SAN VICENTE",TARLAC,9209814801,"NICK R. FERNANDEZ, MD",tdrcdtl@gmail.com,tdrcdtl@gmail.com,5227081,0,1,1,,,PASSED,Excellent,SDTLPT-23-030224,E
3,03-0011-23-PFSS-R,3,JT2 HEALTH NETWORK INC.,"50 MAC ARTHUR HIGHWAY, BRGY. SAOG (NEAR PUTO POPULAR), MARILAO CITY",BULACAN,09958491639/ (044) 482062,"ROMIL M. AGUIRRE, MD",laboratory@thehealthnetwork.ph,laboratory@thehealthnetwork.ph,5230136,3,3,6,,,PASSED,Acceptable,SDTLPT-23-030225,A
3,03-1025-23-PIBS-R,3,SJ ORBE MEDICAL AND LABORATORY CLINIC,"#36 GEN PACHECO ST. CALUARIO, MEYCAUAYAN CITY",BULACAN,0917-8443289/(044)3087875/09209739859,"MARICEL R. RIBO, MD",orbeclamorsusan@yahoo.com,orbeclamorsusan@yahoo.com,5230194,1,4,5,,,PASSED,Highly Satisfactory,SDTLPT-23-030226,HS
3,03-1524-22-PIBS-I,3,"UNICARE DIAGNOSTICS, INC.","101-103 FRED'S BUILDING, MCARTHUR HIGHWAY, BRGY. DOLORES (IN FRONT OF GOOD SHEPHERD MEMORIAL PARK), SAN FERNANDO CITY, PAMPANGA",PAMPANGA,09354645945/ 09691261076,"MICHELLE T. MIRANDA, MD",unicarediagnosticsinc@gmail.com,unicarediagnosticsinc@gmail.com,5229557,2,1,3,,,PASSED,Highly Satisfactory,SDTLPT-23-030227,HS
3,03-1661-23-PIBS-R,3,ST. ALBERT MEDICAL AND DIAGNOSTIC CLINIC,"GF, MELANIO BLDG., MAHARLIKA HIWAY COR. GABALDON ST., MA. THERESA, CABANATUAN CITY",NUEVA ECIJA,09176269623/(044)3299132,"MAR-JAY S. GULAPA, MD",stalbertmdc2@gmail.com,stalbertmdc2@gmail.com,5229561,0,3,3,,,PASSED,Highly Satisfactory,SDTLPT-23-030228,HS
3,03-0205-23-PIBS-R,3,CENTRIA MEDICAL SERVICES AND DIAGNOSTIC CENTER,"153 PASEO DEL CONGRESO STREET, BRGY. LIANG, MALOLOS CITY",BULACAN,09363841461; (044) 7924450; 09055092766,"VENERACION P. MUNAR, MD",centriamedlab@gmail.com,centriamedlab@gmail.com,5229410,2,5,7,,,PASSED,Acceptable,SDTLPT-23-030229,A
3,03-0587-23-PFSS-R,3,MJ SCREENLAB DRUG TESTING CENTER,"2A PENA BLDG. LICAROS AVENUE. BRGY BANGA,MEYCAUAYAN CITY",BULACAN,09173791681/ 091776224219,"GABRIEL J. CRUZ, MD",mjscreenlab@gmail.com,mjscreenlab@gmail.com,5228179,2,1,3,,,PASSED,Highly Satisfactory,SDTLPT-23-030230,HS
3,03-0001-23-PFSS-R,3,ARELLES HEALTH CARE LABORATORY,"75 IBAYO ST, OMBOY, ABUCAY CITY, BATAAN",BATAAN,09778215781; 09209458564,"GERALDINE M. AGPES, MD",gie2rain@yahoo.com/helerileadecastro@yahoo.com,gie2rain@yahoo.com/helerileadecastro@yahoo.com,5226161,1,1,2,,,PASSED,Excellent,SDTLPT-23-030231,E
3,03-0563-23-PIBS-R,3,MERIAN DIAGNOSTIC LABORATORY,"2468 ST JOHN ST. VILLENA SUBD SAN VICENTE, APALIT CITY",PAMPANGA,09184979193/ 045-6520175,"GONZALO B. ROMAN, MD",meriandxl@gmail.com,meriandxl@gmail.com,5226157,0,2,2,,,PASSED,Excellent,SDTLPT-23-030232,E
3,03-0519-23-PFSS-R,3,MIH DRUG TESTING CENTER,"625 PARZON SQUARE BLDG., 3F STALL H. STO. ROSARIO ST. BRGY STO DOMINGO, ANGELES CITY",PAMPANGA,09108503945; 09228735141,"ROMMEL G. MALONZO, MD",threegirlsdtc@yahoo.com,threegirlsdtc@yahoo.com,5226087,2,2,4,,,PASSED,Highly Satisfactory,SDTLPT-23-030233,HS
3,03-0646-23-PIBS-R,3,SAGIP BIE DRUG TESTING LABORATORY,"CLDRC COMPOUND , BRGY STO. NINO, MAGALANG CITY",PAMPANGA,9175159985,"LARA MAE A. ANGELES, MD",thelmee_0414@yahoo.com.ph,thelmee_0414@yahoo.com.ph,5232663,1,1,2,,,PASSED,Excellent,SDTLPT-23-030234,E
3,03-0522-23-PIBS-R,3,JASMINE LABORATORY,"BLOCK6 LOT29 AREA F SAN PEDRO SAPANG PALAY, SAN JOSE DEL MONTE CITY",BULACAN,0449130985 / 09175370339,"ARTURO C. LOPEZ JR., MD",marin7569@yahoo.com and gillian62975@gmail.com,marin7569@yahoo.com and gillian62975@gmail.com,5231699,0,0,0,,,PASSED,Excellent,SDTLPT-23-030235,E
3,03-1648-22-PIBS-R,3,TESTA HEALTH MEDICAL AND DIAGNOSTIC CENTER,"ALEXANDRA BUILDING, TINIO ST. SAN VICENTE, GAPAN CITY",NUEVA ECIJA,09328778636/09175746328,"MARY ANN V. DELA CRUZ, MD",sheilamarieaglubat@yahoo.com,sheilamarieaglubat@yahoo.com,5231300,2,1,3,,,PASSED,Highly Satisfactory,SDTLPT-23-030236,HS
3,03-0628-23-PIBS-R,3,MVA CLINICAL LABORATORY AND DIAGNOSTIC CLINIC ,"MACARTHUR HIGHWAY, MARILAO CITY (INFRONT OF TOYOTA MARILAO 2ND FLOOR OF RCS PHARMACY)",BULACAN,9176395928/ 09273569142,"MARILYN P. CALILUNG, MD",mvalab_8@yahoo.com,mvalab_8@yahoo.com,5231440,2,3,5,,,PASSED,Highly Satisfactory,SDTLPT-23-030237,HS
3,03-0657-23-PIBS-R,3,SUBIC FAMILY CARE AND DIAGNOSTIC CENTER,"0229 RIZAL ST., BARACA-CAMACHILE, SUBIC CITY",ZAMBALES,09475242460/ 09189047921,"RICARDO E. ECLARIN, MD",rizamd_1007@yahoo.com,rizamd_1007@yahoo.com,5231438,4,0,4,,,PASSED,Highly Satisfactory,SDTLPT-23-030238,HS
3,03-0641-23-PIBS-R,3,QUALISTAT MEDICAL AND DIAGNOSTIC CENTER,"UNIT 3 ASC BUILDING MAC ARTHUR HIGH WAY STO. DOMINGO 2, CAPAS CITY",TARLAC,09178156691/ (044) 307000 LOC. 101,"NICK R. FERNANDEZ, MD",konicks76@yahoo.com,konicks76@yahoo.com,5230219,2,0,2,,,PASSED,Excellent,SDTLPT-23-030239,E
3,03-1825-23-PIBS-R,3,JHR MEDICAL AND DIAGNOSTIC CENTER,"195 QUEZON ST., POBLACION SUR, TALAVERA CITY",NUEVA ECIJA,09669866259/ 09189361754,"ELIZABETH JEREMMIE L. REYES-URSUA, MD",laboratoryreyes@gmail.com,laboratoryreyes@gmail.com,5230215,4,1,5,,,PASSED,Highly Satisfactory,SDTLPT-23-030240,HS
3,03-0589-22-PIBS-R,3,MAHARLIKA CAPA DENSON SPECIALTY CLINIC,"#3 QUIRINO HIGHWAY, ST. IGNATIUS ARCADE , BIGTE, NORZAGARAY CITY",BULACAN,9301245371,"FRON F. EDEN, MD",micdiagnosticclinic@gmail.com,micdiagnosticclinic@gmail.com,5234717,3,3,6,,,PASSED,Acceptable,SDTLPT-23-030241,A
3,03-1379-23-PIBS-R,3,NUEVA ECIJA DOCTORS HOSPITAL INC,"BRGY. H. CONCEPCION MAHARLIKA HIGHWAY, CABANATUAN CITY ",NUEVA ECIJA,(044)9605504; 09175127031; 09178966818,"ROLAN R. DELA ROSA, MD",rrrtambo@yahoo.com,rrrtambo@yahoo.com,5233502,3,4,7,,,PASSED,Acceptable,SDTLPT-23-030242,A
3,03-1852-23-PFSS-R,3,MEDISENSE LABORATORY CENTER INC.,"3RD FLOOR, GARCIA PLAZA BUILDING, MCARTHUR HIGHWAY, BRGY. DOLORES, SAN FERNANDO CITY",PAMPANGA,09186835035/ 0458884584/ 09178852062,"SUSANA P. QUIAOIT, MD",mslpampanga.lab@gmail.com,mslpampanga.lab@gmail.com,5233538,1,4,5,,,PASSED,Highly Satisfactory,SDTLPT-23-030243,HS
3,03-1141-23-PIBS-R,3,RAYOS-VALENTIN HOSPITAL INC.,"#5 BALTAZAR SUBD., POBLACION NORTE, PANIQUI CITY",TARLAC,09104284986/ 045 9310621 LOC. 117,"KIMMY R. VALENTIN, MD",leaadaogarellano@yahoo.com,leaadaogarellano@yahoo.com,5236146,1,1,2,,,PASSED,Excellent,SDTLPT-23-030244,E
3,03-1469-22-PIBS-R,3,SCZ MEDICAL CLINIC LABORATORY,"251 NATIONAL ROAD POBLACION SOUTH , STA. CRUZ CITY (BESIDE MAGIC MALL)",ZAMBALES,09283386994/ 09302108486,"RICARDO E. ECLARIN, MD",251sczmcl@gmail.com,251sczmcl@gmail.com,5236147,2,1,3,,,PASSED,Highly Satisfactory,SDTLPT-23-030245,HS
3,03-1832-23-PIBS-R,3,IDEAL HEALTH MEDICAL CLINICAL AND DIAGNOSTIC CENTER INC.,"STALL 7,8,9,17,18 5Js BUILDING, MACARTHUR HIGHWAY, BGY. DEL PILAR, CITY OF SAN FERNANDO",PAMPANGA,09565466667/ (047) 4076125,"MICHELLE T. MIRANDA, MD",idealhealthdiagnostics@gmail.com,idealhealthdiagnostics@gmail.com,5236171,0,3,3,,,PASSED,Highly Satisfactory,SDTLPT-23-030246,HS
3,03-1541-23-PIBS-R,3,NVCLARK DIAGNOSTIC LABORATORY ,"BUILDING 1C, BERTAPHIL I INDUSTRIAL PARK, JOSE ABAD SANTOS AVE CLARK FREEPORT ZONE, ANGELES CITY",PAMPANGA,09155477292/ (45) 4994652,"OLIVIA VICTORIA C. BONDOC, MD",nvclarkdlab@gmail.com ,nvclarkdlab@gmail.com ,5236284,2,4,6,,,PASSED,Acceptable,SDTLPT-23-030247,A
3,03-0960-22-PIBS-R,3,MEDNET LABORATORY AND DIAGNOSTIC CENTER,"M.D. RODRIGUEZ BLDG. CAPITOL DRIVE SAN JOSE, BALANGA CITY",BATAAN,09085345296 / 09175961134,"LUISITO  DJ. CELESTINO, MD",mednetlaboratory@gmail.com ,mednetlaboratory@gmail.com ,5236276,2,2,4,,,PASSED,Highly Satisfactory,SDTLPT-23-030248,HS
3,03-1296-22-PIBS-R,3,ANGELES MEDICAL CENTER,"641 RIZAL ST., LOURDES SUR, ANGELES CITY",PAMPANGA,09435241532/ (045) 6259411,"IMELDA FLORES-PALACOL, MD",laboratory@angelesmed.com,laboratory@angelesmed.com,5236282,1,3,4,,,PASSED,Highly Satisfactory,SDTLPT-23-030249,HS
3,03-0558-22-PIBS-R,3,CAREWISE DIAGNOSTIC LABORATORY,"3F JM MENDOZA BLDG KM 25 MAC ARTHUR HIGHWAY, LOLOMBOY, BOCAUE CITY",BULACAN,09175786270; 09228489523,"REYNALDO G. TORRES, MD",carewisediagnosticlaboratory@yahoo.com,carewisediagnosticlaboratory@yahoo.com,5236190,2,0,2,,,PASSED,Excellent,SDTLPT-23-030250,E
3,03-0592-22-PIBS-R,3,MEDHUB LAB DIAGNOSTIC AND MULTI SPECIALTY CLINIC ,"ROMAN HIGHWAY PALIHAN CENTRO, HERMOSA CITY ",BATAAN,09190730146 / 047-6136805/ 09175236482,"RICARDO E. ECLARIN, MD",medhubhermosa@gmail.com,medhubhermosa@gmail.com,5236175,3,3,6,,,PASSED,Acceptable,SDTLPT-23-030251,A
3,03-XXXX-XX-XXXX-X,3,C. MANAHAN LABORATORY SERVICES AND MEDICAL CLINIC,"GROUND FLR. M BUILDING , BRGY. CORAZON, CALUMPIT CITY",BULACAN,09176388295/ 0448154370,"SUSANA P. QUIAOIT, MD",manahan.medlab@gmail.com,manahan.medlab@gmail.com,5237057,0,1,1,,,PASSED,Excellent,SDTLPT-23-030252,E
3,03-0696-21-PIBS-R,3,MEDHUB MULTISPECIALTY AND DIAGNOSTIC CLINIC,"CAGAYAN VALLEY ROAD, OLD STA. RITA, SAN MIGUEL CITY, BULACAN",BULACAN,09175580222/ 09189047921,"RICARDO E. ECLARIN, MD",medhubsanmiguel@gmail.com,medhubsanmiguel@gmail.com,5235461,3,3,6,,,PASSED,Acceptable,SDTLPT-23-030253,A
3,03-1103-22-PIBS-R,3,HEALTH 1ST MEDICAL CLINIC AND DIAGNOSTIC LABORATORY,"ZONE 2, MALIWALO, TARLAC CITY, TARLAC (IN FRONT OF IGLESIA NI CRISTO) ",TARLAC,09178968558/(045)4910512/09173066160,"NICK R. FERNANDEZ, MD",labresults.health1st@gmail.com,labresults.health1st@gmail.com,5235146,3,5,8,,,PASSED,Acceptable,SDTLPT-23-030254,A
3,03-0504-23-PIBS-R,3,I MEDICAL HEALTHCARE CLINIC ,"G/F WBC  BLDG. MCARTHUR HIWAY IBAYO, MARILAO CITY,  BULACAN ",BULACAN,(044) 322-32-30 / 0917861918/ 09615065602,"JOSEPH MICHAEL ESPIRITU, MD",imedicalhealthcar2016@yahoo.com,imedicalhealthcar2016@yahoo.com,5235148,2,0,2,,,PASSED,Excellent,SDTLPT-23-030255,E
3,03-1779-23-PIBS-R,3,EZCARE MEDICAL AND DIAGNOSTICS,"896 J. LUNA CORNER SALAZAR ST., SANTO CRISTO, TARLAC CITY",TARLAC,09957692440/ 09253653213,"IKE MANUEL G. FLORES, MD",ezcarephl@gmail.com,ezcarephl@gmail.com,5235186,0,0,0,,,PASSED,Excellent,SDTLPT-23-030256,E
3,03-0888-22-PIBS-R,3,ANALYTICON LABORATORY ,"OLD WESLEYAN BLDG. MABINI ST. COR. QUIMSON ST. BRGY. QUEZON DISTRICT, CABANATUAN CITY",NUEVA ECIJA,(044) 456 9401/09361913802/ 09959334021,"JUANITA T. LACUESTA, MD",analyticonlab@yahoo.com,analyticonlab@yahoo.com,5235400,3,4,7,,,PASSED,Acceptable,SDTLPT-23-030257,A
3,03-1378-23-GIBS-R,3,SUBIC BAY DISPENSARY LABORATORY,"BUILDING 280 DEWEY AVENUE, SUBIC BAY FREEPORT ZONE, OLONGAPO CITY",ZAMBALES,091038555693/09274931003,"RICARDO E. ECLARIN, MD",subicdispensarylab2009@yahoo.com,subicdispensarylab2009@yahoo.com,5235540,2,1,3,,,PASSED,Highly Satisfactory,SDTLPT-23-030258,HS
3,03-0575-22-PIBS-R,3,ILAYA MEDICAL CLINIC LABORATORY,"LAUREL ST. SAN JOSE, BALANGA CITY, BATAAN",BATAAN,09300818401/0472375225/09178224219,"GABRIEL J. CRUZ, MD",ilayaclinic@yahoo.com,ilayaclinic@yahoo.com,5235535,1,1,2,,,PASSED,Excellent,SDTLPT-23-030259,E
3,03-0012-23-PIBS-R,3,MENDOZA DIAGNOSTIC CENTER,"930 ME NATIONAL ROAD, BRGY. TIBAG (INFRONT OF TOTAL GASOLINE STATION), PULILAN CITY, BULACAN",BULACAN,09383332349/(044) 7910271/09209739859,"MARICEL R. RIBO, MD",mendozadiagnostic@gmail.com,mendozadiagnostic@gmail.com,5235913,0,5,5,,,PASSED,Highly Satisfactory,SDTLPT-23-030260,HS
3,03-0193-23-PIBS-R,3,BRAIN CHILD DIAGNOSTIC CENTER,"2ND FLOOR ASM PLAZA MC ARTHUR HI WAY CANIOGAN, CALUMPIT CITY",BULACAN,09173053601 / 09228257547,"DENNIS JOSE S. CARBONELL, MD",brainchilddxcenter@yahoo.com,brainchilddxcenter@yahoo.com,5235179,1,4,5,,,PASSED,Highly Satisfactory,SDTLPT-23-030261,HS
3,03-0003-23-PIBS-R,3,AUSTRIAN POLYCLINIC AND DIAGNOSTIC CENTER,"#24 GONZALES, AVENUE, SAN JUAN, APALIT CITY",PAMPANGA,09974558382/ 045-649-4129,"MA.ANGELITA C. GUTTIEREZ, MD",apdcsanjuan@gmail.com,apdcsanjuan@gmail.com,5235178,2,3,5,,,PASSED,Highly Satisfactory,SDTLPT-23-030262,HS
3,03-0013-23-PIBS-R,3,MONOHEALTH DIAGNOSTICS CO.,"UNIT P. NORTHERN HILLS NATIONAL ROAD. MALHACAN, MEYCAUAYAN CITY",BULACAN,09778860241/ 09328899224,"JESSICA NICOLE C. SABIDO, MD",monohealth.diagnostics@gmail.com,monohealth.diagnostics@gmail.com,5235169,1,1,2,,,PASSED,Excellent,SDTLPT-23-030263,E
3,03-1857-23-PIBS-R,3,LONDON DRUG MART SUPER STORE CORP.,"AVENUE OF THE PHILIPPINES, BRGY. MALIGAYA, MARIVELES CITY",BATAAN,09209143650/ (047) 633-1665,"LUISITO  DJ. CELESTINO, MD",london.acctng@gmail.com,london.acctng@gmail.com,5254531,0,4,4,,,PASSED,Highly Satisfactory,SDTLPT-23-030264,HS
3,03-1405-23-PIBS-R,3,"MEDICUS DIAGNOSTIC CENTER SAN RAFAEL, BULACAN","UNIT 6, CASOBEY BLDG., GALAS MAASIM, SAN RAFAEL CITY",BULACAN,9754256808,"VOLTAIRE C. YABUT, MD",medicussanrafael@gmail.com,medicussanrafael@gmail.com,5235396,1,5,6,,,PASSED,Acceptable,SDTLPT-23-030265,A
6,05-0758-22-PIBS-R,5,PONAYO MEDICAL CLINIC AND DIAGNOSTIC LABORATORY,"J. LUKBAN CORNER TAFT STREET BRGY III, DAET CITY",CAMARINES SUR,9088883882,"EVELYN S. PONAYO,MD",eleanor_ponayo@yahoo.com,eleanor_ponayo@yahoo.com,5150920,0,5,5,,,PASSED,Highly Satisfactory,SDTLPT-23-050266,HS
6,05-0767-22-PFSS-R,5,QUEUE LYNX DRUG TESTING LAB. AND MEDICAL CLINIC,"HIWAY 1, ZONE 2, SAN ISIDRO, IRIGA CITY",CAMARINES SUR,09064121476 (054) 205-0740,"ANDY V. GIMPAYA,MD",qlynx07@yahoo.com,qlynx07@yahoo.com,5153099,3,3,6,,,PASSED,Acceptable,SDTLPT-23-050267,A
6,05-0746-22-PIBS-R,5,ALBAY DOCTOR'S HOSPITAL INC. DRUG TESTING LAB.,"PE„ARANDA STREET, LEGAZPI CITY",ALBAY,09178093043; (052) 4808747 LOC.103 / 09985334325,"MADELINE D. RA„OLA,MD",lids064@yahoo.com,lids064@yahoo.com,5153092,0,5,5,,,PASSED,Highly Satisfactory,SDTLPT-23-050268,HS
6,05-0760-22-PFSS-R,5,QUEUE LYNX DRUG TESTING CENTER,"APO DRIVE, MAYON AVENUE, CONCEPCION PEQUE„A, NAGA CITY",CAMARINES SUR,9064121476 / (054) 205-0740,"ANDY V. GIMPAYA,MD",qlynx07@yahoo.com,qlynx07@yahoo.com,5153100,3,0,3,,,PASSED,Highly Satisfactory,SDTLPT-23-050269,HS
6,05-0469-22-PFSS-R,5,JFT DRUG TESTING CENTER,"MA. CRISTINA ST. CITY HEIGHTS SUBD. CONCEPCION PEQUE„A, NAGA CITY",CAMARINES SUR,09207826186/09267032409,"HERIBERTO B. FORNOLES,MD",jftdrugtestingcenter@gmail.com,jftdrugtestingcenter@gmail.com,5149685,3,2,5,,,PASSED,Highly Satisfactory,SDTLPT-23-050270,HS
6,05-0767-22-PIBS-R,5,SORSOGON MEDICAL MISSION GROUP HOSPITAL AND HEALTH SERVICES COOPERATIVE,"MAHARLIKA HIGHWAY, PANGPANG, SORSOGON CITY",SORSOGON CITY,9354720574,"AUDIE G. SILVA,MD",adriannatermt@gmail.com,adriannatermt@gmail.com,5149684,2,2,4,,,PASSED,Highly Satisfactory,SDTLPT-23-050271,HS
6,05-0751-22-PIBS-R,5,MASBATE DOCTORS HOSPITAL,"ROSERO ST., CENTRO, MASBATE CITY, MASBATE",MASBATE CITY,09197351394/ 09569235166/ (056) 3335331,"PANTALEON JR K. AMADORA,MD",jositadollente@yahoo.com,jositadollente@yahoo.com,5157007,2,0,2,,,PASSED,Excellent,SDTLPT-23-050272,E
6,05-0749-22-PIBS-R,5,"HEALTHQUARTERS MEDICAL AND DIAGNOSTICS, INC.","P2 TUBURAN LIGAO CITY (NEAR EMERGENCY/JBDAPH HOSPITAL), LIGAO CITY",ALBAY,09068800028/09176285224,"ANDY V. GIMPAYA,MD",healthquartersphilippines@gmail.com,healthquartersphilippines@gmail.com,5160291,1,3,4,,,PASSED,Highly Satisfactory,SDTLPT-23-050273,HS
6,05-1212-22-PFSS-R,5,GIMAIR DRUG TESTING LABORAOTORY,"197 BAGASBAS RD., BRGY 6, DAET CITY",CAMARINES NORTE,9054269841,"ANDY V. GIMPAYA,MD",giancarlotarroyo5@gmail.com,giancarlotarroyo5@gmail.com,5160271,1,1,2,,,PASSED,Excellent,SDTLPT-23-050274,E
6,05-1535-22- PFSS-R,5,CARE + DIAGNOSTIC & LABORATORY,"DOOR 5, 2ND FLOOR, BALCE BLDG., BAGASBAS RD. BRGY 6, DAET CITY",CAMARINES NORTE,09381855588/ 09301493343/09285019490,"TERESITA S. PLAZA, MD",careplusdiagnostic.2015@gmail.com,careplusdiagnostic.2015@gmail.com,5160920,4,4,8,,,PASSED,Acceptable,SDTLPT-23-050275,A
6,05-0772-22-PIBS-R,5,VIRAC MEDICAL DIAGNOSTIC CENTER INCORPORATED,"100 JCB BUILDING, BRGY. CONSTANTINO, VIRAC CITY",CATANDUANES,0917-503-3142 / 0998-391-6716,"RAYMUNDO B. IBBARIENTOS, MD",viracmedicalclinic@gmail.com,viracmedicalclinic@gmail.com,5178216,0,1,1,,,PASSED,Excellent,SDTLPT-23-050276,E
6,05-1061-23-PIBS-R,5,RAPID GLOBAL MEDICAL DIAGNOSTIC INC.,"2ND FLOOR LONG SE BLDG RIZAT ST., LEGAZPI CITY",ALBAY,09988626985 / 0527422603,"TERESITA S. PLAZA, MD",rgmdi.laboratory@gmail.com,rgmdi.laboratory@gmail.com,5182478,1,1,2,,,PASSED,Excellent,SDTLPT-23-050277,E
6,05-1053-23-PIBS-R,5,PHIL. GEOTHERMAL PRODUCTION COMPANY INC. TIWI CLINIC,"PHILIPPINE GEOTHERMAL PRODUCTION COMPANY, INC., BRGY LIBJO, TIWI CITY",ALBAY,09205059063 / 09175077894,"EDWIN LINO S. ROMANO, MD",eromano@pgpc.com.ph / njrbachiller@pgpc.com.ph,eromano@pgpc.com.ph / njrbachiller@pgpc.com.ph,5181937,3,0,3,,,PASSED,Highly Satisfactory,SDTLPT-23-050278,HS
6,05-0095-23-PFSS-R,5,METRO HEALTH SPECIALIST HOSPITAL DRUG TESTING LABORATORY,"METRO HEALTH SPECIALIST HOSP DRUG TESTING LAB DIVERSION RD. CABID-AN, SORSOGON CITY",SORSOGON CITY,0969-116-2679/ 09175958901/ 09228934458,"HAROLD C. RONAN, MD",hcronan@yahoo.com,hcronan@yahoo.com,5187043,0,2,2,,,PASSED,Excellent,SDTLPT-23-050279,E
6,05-1411-22-GIBS-R,5,DOH-MALINAO TREATMENT AND REHABILITATION CENTER,"PUROK 4BRGY. COMUN, MALINAO",ALBAY,09399206911/ 09266624983/ 09394120740,"MARCELINA A. MESTIOLA, MD",doh.mtrc@gmail.com,doh.mtrc@gmail.com,5195982,1,0,1,,,PASSED,Excellent,SDTLPT-23-050280,E
6,05-1355-22-PFSS-R,5,MEDICAL MISSION GROUP- ALBAY,"#216 ZIGA AVENUE CORNER RUIVIVAR ST., TAYHI, TABACO CITY",ALBAY,09150076007/09998832356,"ISIP D. ELMO, MD","docelmo1966@yahoo.co,","docelmo1966@yahoo.co,",5198693,2,2,4,,,PASSED,Highly Satisfactory,SDTLPT-23-050281,HS
6,05-1412-22-PFSS-R,5,MEDICAL MISSION GROUP MULTIPURPOSE COOPERATIVE-ALBAY (MMG-ALBAY),"CONCEPCION ST., DUNAO, LIGAO CITY",ALBAY,09175172105/ 09058720696,"ISIP D. ELMO, MD",ligao.mmg.albay@gmail.com,ligao.mmg.albay@gmail.com,5198694,0,0,0,,,PASSED,Excellent,SDTLPT-23-050282,E
6,05-1068-23-PFSS-R,5,SORMED DIAGNOSTIC CLINIC,"1/F FERNANDO'S MALL. RIZAL ST., P10T, SORSOGON CITY",SORSOGON CITY,0950-1964788/09273711545,"KARLO EMIR M. TAYZON, MD",sormeddc@yahoo.com,sormeddc@yahoo.com,5200669,4,1,5,,,PASSED,Highly Satisfactory,SDTLPT-23-050283,HS
6,05-0753-22-GIBS-R,5,NAGA CITY HOSPITAL DRUG TESTING,"PENAFRANCIA AVENUE, NAGA CITY",CAMARINES SUR,9178512567/ 09198999904,"TERESITA S. PLAZA, MD",tin2_citydrug@yahoo.com,tin2_citydrug@yahoo.com,5206199,2,2,4,,,PASSED,Highly Satisfactory,SDTLPT-23-050284,HS
6,05-1451-22-PIBS-R,5,ILABDIAGNOSTIX MEDICAL CLINIC AND LABORATORY,"CORNER SORIANO ST. NATIONAL HI-WAY, BAAO CITY",CAMARINES SUR,09956411954/ (054) 884-1710/ 09778039661,"SUZETTE ANGELI C. BABAGAY, MD",ilabdiagnostixmt@gmail.com,ilabdiagnostixmt@gmail.com,5160903,1,1,2,,,PASSED,Excellent,SDTLPT-23-050285,E
6,05-10-74-23-PIBS-R,5,ST. LOUISE COOP. DIAGNOSTIC CENTER - DRUG TESTING,"#10 MAYON AVE., CONCEPCION PEQUENA, NAGA CITY",CAMARINES SUR,091763773079/ 054-881-1370,"KARLO EMIR M. TAYZON, MD",slclab@gmail.com,slclab@gmail.com,5217389,1,0,1,,,PASSED,Excellent,SDTLPT-23-050286,E
6,05-1044-23-PFSS-R,5,MRR SUPREME BIO-LAB,"#14 BALINTAWAK ST., ALBAY DISTRICT, LEGAZPI CITY",ALBAY,09202865313/ 09276552174/ 0527423747,"ANDY V. GIMAPAYA, MD",supremebiolabmrr@gmail.com,supremebiolabmrr@gmail.com,5217390,2,0,2,,,PASSED,Excellent,SDTLPT-23-050287,E
6,05-0627-21-GFSS-R,5,DOH- CAMARINES SUR TREATMENT AND REHABILITATION CENTER DRUG TESTING LABORATORY,"BRGY., PAMUKID, SAN FERNANDO CITY",CAMARINES SUR,9298163147,"SUZETTE ANGELI C. BABAGAY, MD",cstrclab2022@gmail.com,cstrclab2022@gmail.com,5219612,3,0,3,,,PASSED,Highly Satisfactory,SDTLPT-23-050288,HS
6,05-1457-23-GIBS-R,5,BMC POISON CONTROL UNIT & DRUG TESTING LABORATORY,"PANGANIBAN DRIVE, CONCEPCION PEQUENA, NAGA CITY",CAMARINES SUR,09617226429/4720557 LOC. 5128,"JANETA B. FROYALDE, MD",bmcpcu@gmail.com,bmcpcu@gmail.com,5223095,0,3,3,,,PASSED,Highly Satisfactory,SDTLPT-23-050289,HS
6,05-0354-23-PFSS-R,5,JHUNROSE DRUG TESTING CENTER,"14 BALINTAWAK STREET, ALBAY DISTRICT, LEGAZPI CITY",ALBAY,09153517009/ (052) 7420291,"EMMANUEL R. ABAN, MD",jhun_rosedtc@yahoo.com,jhun_rosedtc@yahoo.com,5222892,0,0,0,,,PASSED,Excellent,SDTLPT-23-050290,E
6,05-1072-23-PIBS-R,5,SOUTHEAST OCCUPATIONAL HEALTH AND ENVIRONMENTAL SAFETY SERVICES INC. ,"2ND FLR TOWER MALL BLDG. 4, LANOCO BUSINESS PARK, LEGAZPI CITY",ALBAY,09985832289/ 09562211360/ 09273711545,"KARLO EMIR M. TAYZON, MD",sohessi.lab@gmail.com,sohessi.lab@gmail.com,5224090,2,0,2,,,PASSED,Excellent,SDTLPT-23-050291,E
6,05-0618-20-PIBS-R,5,D.A BALMADRID MEDICAL- SURGICAL & DIAGNOSTIC SERVICES,"SAN ISIDRO VILLAGE, VIRAC CITY  (INFRONT OF GOGON ELEMENTARY SCHOOL)",CATANDUANES,9612682700,"DONDI A. BALMADRID, MD",anniebalmadrid@yahoo.com,anniebalmadrid@yahoo.com,5226083,2,3,5,,,PASSED,Highly Satisfactory,SDTLPT-23-050292,HS
6,05-0756-22-PIBS-R,5,"PARTIDO MEDICAL AND DIAGNOSTIC CENTRE, INC. ","FEDERICA'S BLDG, PANDAY ST., GOA CITY",CAMARINES SUR,09178670596/(054)8813384,"ANDY V. GIMPAYA, MD",partidomedical@gmail.com,partidomedical@gmail.com,5230217,2,1,3,,,PASSED,Highly Satisfactory,SDTLPT-23-050293,HS
6,05-1822-23-PIBS-R,5,ZELS POLYCLINIC & DIAGNOSTIC SERVICES INC.,"BRGY. SAN ROQUE, VIRAC CITY (NEAR VIRAC CATHEDRAL, BESIDE WESTERN UNION)",CATANDUANES,09288365056 (052) 7405218,"RAYMUNDO B. IBBARIENTOS, MD",zelspolyclinic2010@gmail.com,zelspolyclinic2010@gmail.com,5233515,2,1,3,,,PASSED,Highly Satisfactory,SDTLPT-23-050294,HS
6,05-0955-22-PFSS-R,5,BICOL DRUG TESTING & NEURO PSYCHIATRIC LABORATORY,"31 CAPT. F. AQUENDE DRIVE, OLD ALBAY,, BRGY. 7, LEGAZPI CITY",ALBAY,09162827909; 0522010593,"MADELINE D. RA„OLA, MD",bicoldrug@yahoo.com,bicoldrug@yahoo.com,5235129,2,0,2,,,PASSED,Excellent,SDTLPT-23-050295,E
6,05-1829-23-PFSS-I,5,"NAGA MEDICAL HEALTH SOLUTIONS, INC","DOUBLE ONE BLDG., ZONE 2 SAN ISIDRO SUR, POBLACION, LAGONOY CITY",CAMARINES SUR,09215881072/ 09778039661,"SUZETTE ANGELI BABAGAY, MD",nagamedhealthsoln.inc@gmail.com,nagamedhealthsoln.inc@gmail.com,5235188,2,0,2,,,PASSED,Excellent,SDTLPT-23-050296,E
6,05-1748-23-PFSS-R,5,NAGA HEALTH CARE DIAGNOSTIC CENTER,"12 J. MIRANDA AVENUE, CONCEPCION PEQUENA, NAGA CITY",CAMARINES SUR,09328581072; 09297444997; 0548715203,"RAUL C. GONZALES, MD",nagahealthcare.naga88@gmail.com,nagahealthcare.naga88@gmail.com,5235189,2,2,4,,,PASSED,Highly Satisfactory,SDTLPT-23-050297,HS
6,05-1290-23-PFSS-R,5,"HEALTHQUARTERS MEDICAL AND DIAGNOSTICS, INC.","AA BERCES SF. SAN JUAN,TABACO CITY",ALBAY,09068800028/,"ANDY V. GIMPAYA, MD",healthquarterstabaco@gmail.com,healthquarterstabaco@gmail.com,5235560,4,2,6,,,PASSED,Acceptable,SDTLPT-23-050298,A
6,05-1642-23-PIBS-R,5,VICENTE-ISABEL MULTISPECIALTY CLINIC AND DIAGNOSTIC CENTER INC -BATOBALANI BRANCH,"PUROK -3 BARANGAY BATOBALANI, PARACALE CITY",CAMARINES NORTE,09688835221 / 8755483,"HERBERT Z. MANAOIS, MD",vimb.lab@gmail.com,vimb.lab@gmail.com,5236277,4,4,8,,,PASSED,Acceptable,SDTLPT-23-050299,A
6,05-1042-23-PIBS-R,5,MASBATE CITY POLYCLINIC AND DIAGNOSTIC LABORATORY,"MEDINA ST. CORNER ROSERO ST., BRGY. KALIPAY, MASBATE CITY",MASBATE,0999-55-74-000/056-588-2405,"PANTALEON JR. K. AMADORA, MD",daisydarylle@yahoo.com,daisydarylle@yahoo.com,5233510,3,1,4,,,PASSED,Highly Satisfactory,SDTLPT-23-050300,HS
6,05-1211-22-PIBS-R,5,ABONAL DIAGNOSTIC LABORATORY,"ARCANGEL BLDG. UNIT-2 BAGASBAS RD., BRGY. VI, DAET CITY",CAMARINES SUR,9669865666,"HERIBERTO B. FORNOLES, MD",abonaldxlab@gmail.com,abonaldxlab@gmail.com,5299094,2,2,4,,,PASSED,Highly Satisfactory,SDTLPT-23-050301,HS
6,05-0765-22-PIBS-R,5,SACRED HEART CLINIC LEGAZPI CITY INC.,"114 PENARANDA ST. BRGY ORO SITE, LEGAZPI CITY",ALBAY,9687986405,"TERESITA S. PLAZA, MD",sacredheartcliniclegazpi@yahoo.com,sacredheartcliniclegazpi@yahoo.com,5160284,0,2,2,,,PASSED,Excellent,SDTLPT-23-050302,E
6,05-1214-22-PFSS-R,5,JDB DRUG TESTING AND LABORATORY,"DE LARA ST. POBLACION, TALISAY CITY",CAMARINES NORTE,9488885445,"HERIBERTO B. FORNOLES, MD",jdblab.camnorte@gmail.com,jdblab.camnorte@gmail.com,5301609,4,1,5,,,PASSED,Highly Satisfactory,SDTLPT-23-050303,HS
7,06-0685-22-PIBS-R,6,RED SHIELD CLINICAL LABORATORY,"3F ROOM F, EL SORIANO BLDG., LACSON ST, BRGY 18, BACOLOD CITY",NEGROS OCCIDENTAL,09224612863; 0347080754; 09183012302,"WALTER D. VILLANUEVA,MD",redshieldcl@yahoo.com.ph,redshieldcl@yahoo.com.ph,5150927,2,3,5,,,PASSED,Highly Satisfactory,SDTLPT-23-060304,HS
7,06-0640-22-PIBS-R,6,CLINICA DE ILOILO,2ND FLOOR UNION BANK BLDG. IZNART ST. ILOILO CITY,ILOILO,09106814174; 0333302522; 09177794401,"LYSSA LYN U. LIBANAN,MD",clinicadeiloilo@yahoo.com.ph,clinicadeiloilo@yahoo.com.ph,5150925,2,2,4,,,PASSED,Highly Satisfactory,SDTLPT-23-060305,HS
7,06-0878-22-PIBS-R,6,"ILOILO PDS AND LABORATORY CENTER, INC.","#7A MABINI STREET, BRGY. RAILWAY, LAPAZ, ILOILO CITY",ILOILO,9122759636,"JAMES S. RAVENA,MD",iloilopdslab_doh@yahoo.com,iloilopdslab_doh@yahoo.com,5152840,0,1,1,,,PASSED,Excellent,SDTLPT-23-060306,E
7,06-1287-22-PIBS-R,6,"TRANSNATIONAL MEDICAL AND DIAGNOSTIC CENTER, INC.","E. LOPEZ STREET JARO, ILOILO CITY, ILOILO",ILOILO,9175681814,"JENNIFER Z. MURGA,MD",jayzeem@yahoo.com,jayzeem@yahoo.com,5155945,3,5,8,,,PASSED,Acceptable,SDTLPT-23-060307,A
7,06-0675-22-PIBS-R,6,"PLAZA LIBERTAD MEDICAL SPECIALISTS CENTER, INC.","PLMSC BLDG. DELA RAMA ST., ZAMORA CITY PROPER, ILOILO CITY",ILOILO,9086026077,"MA. VICTORIA S. TIONGSON,MD",drugtestplmsc@gmail.com,drugtestplmsc@gmail.com,5155506,3,4,7,,,PASSED,Acceptable,SDTLPT-23-060308,A
7,06-0620-22-PFSS-R,6,ABELITA DIAGNOSTIC CENTER,"2/F RADCON BLDG. COR. PEDRE„A- DEL ROSARIO STS., POB. BALASAN CITY",ILOILO,9302982002,"ANNA VICTORIA J. SOMBONG,MD",abelitadiagnosticcenter@yahoo.com,abelitadiagnosticcenter@yahoo.com,5148036,0,5,5,,,PASSED,Highly Satisfactory,SDTLPT-23-060309,HS
7,06-1692-22-PFSS-I,6,"AVENTUS MEDICAL CARE, INC.-BACOLOD","G/F R.L. JOCSON BLDG., 2011 BS AQUINO DRIVE, BACOLOD CITY",NEGROS OCCIDENTAL,9279533841,"GREG RYAN T. GERONGANO,MD",laboratory.bacolod@aventusmedical.com.ph,laboratory.bacolod@aventusmedical.com.ph,5149277,1,5,6,,,PASSED,Acceptable,SDTLPT-23-060310,A
7,06-0691-22-PIBS-R,6,"THE DOCTORS' HOSPITAL, INC DRUG TESTING LABORATORY","B.S. AQUINO DRIVE, BRGY. VILLAMONTE, BACOLOD CITY",NEGROS OCCIDENTAL,09176241048/09228354626,"LENI G. MONTES,MD",laboratory@thedoctorshospital.com,laboratory@thedoctorshospital.com,5162742,2,5,7,,,PASSED,Acceptable,SDTLPT-23-060311,A
7,06-0694-22-PIBS-R,6,YGEIA MEDICAL CENTER INC,"2F PASEO VERDE BLDG. LACSON AVE. BRGY MANDALAGAN, BACOLOD CITY",NEGROS OCCIDENTAL,09319790326/ (034) 4583969; 09162899435,"CHARLES MICHAEL A. BUYCO,MD",management.ygeiabacolod@gmail.com,management.ygeiabacolod@gmail.com,5146676,1,0,1,,,PASSED,Excellent,SDTLPT-23-060312,E
7,06-0642-22-GIBS-R,6,CORAZON LOCSIN MONTELIBANO MEM. REGIONAL HOSP.,"BURGOS LACSON ST. BRGY 9, BACOLOD CITY, NEGROS OCCIDENTAL",NEGROS OCCIDENTAL,09212053007; 09189306221; (034) 4355600,"HANS FRANCIS D. FERRARIS,MD",chisannedublun@gmail.com,chisannedublun@gmail.com,5158458,2,0,2,,,PASSED,Excellent,SDTLPT-23-060313,E
7,06-0662-22-PIBS-R,6,HEALTHLINK (ILOILO) INC. GUIMBAL,"RIZAL ST., AARON GELVEZON BUILDING RIZAL ST, GUIMBAL CITY, ILOILO",ILOILO,09093782245; 0333155738,"STEPHANIE A. ABELLO,MD",hlguimbal@yahoo.com,hlguimbal@yahoo.com,5158589,3,3,6,,,PASSED,Acceptable,SDTLPT-23-060314,A
7,06-0660-22-PIBS-R,6,HEALTHLINK (ILOILO) INC. - MAIN,"YULO BLDG., J.M. BASA STREET ORTIZ, ILOILO CITY, ILOILO",ILOILO,09364680322 /320 5356/ 09173159367,"STEPHANIE A. ABELLO,MD",pivanmarie28@gmail.com,pivanmarie28@gmail.com,5157847,1,3,4,,,PASSED,Highly Satisfactory,SDTLPT-23-060315,HS
7,06-1142-22-PFSS-R,6,VILLANUEVA CLINICAL LAB. DRUG TESTING CENTER,"#8 16TH ST., LACSON, BACOLOD CITY",NEGROS OCCIDENTAL,09332011515/ (034) 433 3935/ 09189012302,"WALTER D. VILLANUEVA,MD",labvclbcld@gmail.com,labvclbcld@gmail.com,5158593,1,1,2,,,PASSED,Excellent,SDTLPT-23-060316,E
7,06-0659-22-PFSS-R,6,GENETIC DRUG TESTING LABORATORY ,"BESIDE LTO OFFICE BRGY TIZA, ROXAS CITY",CAPIZ,09106295698 / 036-5224684,"WINFRED S. RIVERA,MD",genely20@yahoo.com,genely20@yahoo.com,5158595,1,3,4,,,PASSED,Highly Satisfactory,SDTLPT-23-060317,HS
7,06-1616-20-PIBS-R,6,HEALTHLINK (ILOILO) INC.- BALASAN BRANCH,"BONIFACIO ST. POBLACION NORTE, BALASAN CITY",ILOILO,0912198156; 3279569/ 09488822075,"MA. IRIS V. SALAZAR,MD",healthlinkbalasan@gmail.com,healthlinkbalasan@gmail.com,5158583,0,5,5,,,PASSED,Highly Satisfactory,SDTLPT-23-060318,HS
7,06-1289-22-PFSS-R,6,CADIZ CLINICAL LABORATORY,"CADIZ CLINICAL LABORATORY, MAGSAYSAY ST. BRGY ZONE 3, CADIZ CITY",NEGROS OCCIDENTAL,09156740346/ 720-8709,"LENI G. MONTES,MD",cadizclinical01@yahoo.com,cadizclinical01@yahoo.com,5157001,2,4,6,,,PASSED,Acceptable,SDTLPT-23-060319,A
7,06-1305-22-PIBS-R,6,"MP ANALYSIS & LABORATORY, INC","VLI MEDICAL PLAZA, CAPITOL BUSINESS CENTER, BACOLOD CITY",NEGROS OCCIDENTAL,09178475160; 7098029; 4353766; 09988417225,"LENI G. MONTES,MD",medicalplaza@live.om,medicalplaza@live.om,5156850,1,4,5,,,PASSED,Highly Satisfactory,SDTLPT-23-060320,HS
7,06-1632-22-PIBS-R,6,MRG CLINICAL LABORATORY AND SERVICES,"DY GUASO BLDG. OSME„A., BRGY III, VICTORIAS CITY",NEGROS OCCIDENTAL,09054601562 (034) 7178412; 09173106862,"LENI G. MONTES,MD",mrgclinlabandservices@gmail.com,mrgclinlabandservices@gmail.com,5160300,3,0,3,,,PASSED,Highly Satisfactory,SDTLPT-23-060321,HS
7,06-0686-22-PIBS-R,6,SAINT JUDE MEDICAL AND CLINICAL LABORATORY,"COR. OSME„A AVENUE GONZAGA ST., BRGY.1, VICTORIAS CITY",NEGROS OCCIDENTAL,09176235770/ (034) 7178524/ 09173106862,"LENI F. MONTES, MD",stjudevictorias@yahoo.com,stjudevictorias@yahoo.com,5159077,1,1,2,,,PASSED,Excellent,SDTLPT-23-060322,E
7,06-0657-22-PFSS-R,6,DRUG POINT DRUG TESTING LABORATORY,"2ND FLOOR, BOYSCOUT COMPUND 3RD LACSON ST, BACOLOD CITY",NEGROS OCCIDENTAL,09683461074/ 09228355026/ 707-8209,"CHARLES MICHAEL A. BUYCO, MD",drugpoint25@yahoo.com,drugpoint25@yahoo.com,5158943,1,1,2,,,PASSED,Excellent,SDTLPT-23-060323,E
7,06-0673-22-PIBS-R,6,MEDISENSE LABORATORY CENTER INC,"DELGADO ST. BRGY MALIPAYON, ILOILO CITY, ILOILO",ILOILO,09178965170/ (033) 333-3113,"LYSA LYNN U. LIBANAN, MD",msl_iloilo@yahoo.com,msl_iloilo@yahoo.com,5158950,0,3,3,,,PASSED,Highly Satisfactory,SDTLPT-23-060324,HS
7,06-1338-22-PIBS-R,6,FRONTHUB MEDILAB AND CLINICS ,"2/F R&T BLDG., COR. SIMEON AGUILAR & COMMONWEALTH STS., PASSI CITY ",ILOILO,09173159367/09063353994/ 033-3116344,"STEPHANIE ALMIRA ABELLO, MD",fronthublaboratory@gmail.com,fronthublaboratory@gmail.com,5164557,1,1,2,,,PASSED,Excellent,SDTLPT-23-060325,E
7,06-1132-22-PFSS-R,6,"ZSO DIAGNOSTICS, INC.","E. LOPEZ STREET, BRGY. SAN VICENTE JARO, ILOILO CITY, ILOILO",ILOILO,09177794401 / 033-396-0068,"LYSA LYNN U. LIBANAN, MD",zsodiagnostics@yahoo.com / lysalynnuy@yahoo.com,zsodiagnostics@yahoo.com / lysalynnuy@yahoo.com,5164506,1,2,3,,,PASSED,Highly Satisfactory,SDTLPT-23-060326,HS
7,06-1127-22-PIBS-R,6,"STAT LAB, INC.","FANCOM MEDICAL PLAZA, #30 QUEZON ST. BRGY. SAMPAGUITA ILOILO CITY",ILOILO,09173029136/09177900783/(033)3383829/3238196,"MARIA VICTORIA S. TIONGSON, MD",vstmd01@gmail.com/ statlabinc@yahoo.com,vstmd01@gmail.com/ statlabinc@yahoo.com,5171761,1,2,3,,,PASSED,Highly Satisfactory,SDTLPT-23-060327,HS
7,06-0672-22-GIBS-R,6,MINA DRUG TESTING LABORATORY ,"PATARATA ST, MINA WEST (POB), MINA CITY, ILOILO",ILOILO,09186241603/09186241603/(033)5309377,"ANNA VICTORIA J. SOMBONG, MD",minalab5032@yahoo.com,minalab5032@yahoo.com,5171758,1,0,1,,,PASSED,Excellent,SDTLPT-23-060328,E
7,06-0649-22-PIBS-R,6,DR. BORJA'S DIAGNOSTIC LABORATORY,"MC ARTHUR DRIVE, BRGY CUBAY, JARO, ILOILO CITY, ILOILO",ILOILO,09209387309 / (033) 333-3585,"MARIA VICTORIA S. TIONGSON, MD",medicusphilippinestabucsuba@yahoo.com / vstmdol@gmail.com,medicusphilippinestabucsuba@yahoo.com / vstmdol@gmail.com,5178808,1,5,6,,,PASSED,Acceptable,SDTLPT-23-060329,A
7,06-1176-23-PIBS-R,6,"MEDICUS DIAGNOSTIC CENTER, MEDICAL CLINICS-MAIN","G/F LOURDES BLDG. QUEZON ST., BRGY. DANAO, ILOILO CITY, ILOILO",ILOILO,09324743355 / (033) 508-1858,"ANNA VICTORIA J. SOMBONG, MD",medicusmain_dtl@yahoo.com / medicusmain_dtl@yahoo.com,medicusmain_dtl@yahoo.com / medicusmain_dtl@yahoo.com,5178810,2,5,7,,,PASSED,Acceptable,SDTLPT-23-060330,A
7,06-1123-22-PIBS-R,6,MEDICUS DIAGNOSTIC CENTER AND MEDICAL CLINICS - ANTIQUE,"T.A FORNIER ST., ATABAY, SAN JOSE, ANTIQUE",ANTIQUE,09951639927 / 09085788305 / 540-9846,"ANNA VICTORIA J. SOMBONG, MD",medicusantique_dtl@yahoo.com,medicusantique_dtl@yahoo.com,5178810,1,4,5,,,PASSED,Highly Satisfactory,SDTLPT-23-060331,HS
7,06-1180-23-PIBS-R,6,MEDICUS DIAGNOSTIC CENTER CLINIC FOR OFW,"G/F ROMEO GO BLDG., HUERVANA ST., BRGY. LAGUDA LAPAZ, ILOILO CITY",ILOILO,508-2200 / 330-9004,"ANNA VICTORIA J. SOMBONG, MD",medicuslapaz_dtl@yahoo.ocom,medicuslapaz_dtl@yahoo.ocom,5178810,2,4,6,,,PASSED,Acceptable,SDTLPT-23-060332,A
7,06-0120-23-PIBS-R,6,MEDICUS DIAGNOSTIC CENTER AND MEDICAL CLINICS - MOLO,"G/F GT PLAZA MALL, M.H. DEL PILAR ST., BRGY POBLACION MOLO, ILOILO CITY",ILOILO,3301981 / 3377072,"ANNA VICTORIA J. SOMBONG, MD",medicusmolo_dtl@yahoo.com / avjsombong@yahoo.com,medicusmolo_dtl@yahoo.com / avjsombong@yahoo.com,5178810,0,4,4,,,PASSED,Highly Satisfactory,SDTLPT-23-060333,HS
7,06-1126-22-PFSS-R,6,SHILOH CLINICAL LABORATORY,"JOCELDA BLDG GUANZON ST BRGY 3, KABANKALAN CITY",NEGROS OCCIDENTAL,09173106862 / 09171056775 / 034704-0771,"LENI G. MONTES, MD",hematocrit10@yahoo.com,hematocrit10@yahoo.com,5182147,5,1,6,,,PASSED,Acceptable,SDTLPT-23-060334,A
7,06-1478-23-PIBS-R,6,Q DIAGNOSTIC CENTER,"LKC BLDG CORNER LOCSIN-BURGOS STS, BRGY 11, BACOLOD CITY",NEGROS OCCIDENTAL,09189306221 / 09499233724 / 0344416723,"HANS FRANCIS D. FERRARIS, MD",hfdf38@yahoo.com / qmadiagnosticcenter@gmail.com,hfdf38@yahoo.com / qmadiagnosticcenter@gmail.com,5185120,1,0,1,,,PASSED,Excellent,SDTLPT-23-060335,E
7,06-1199-23-PIBS-R,6,STAT LAB INC. ,"GROUND FLOOR, GT TOWN CENTER, UNGKA II, PAVIA",ILOILO,09177900784; 09984599720; 0333281351; 09173029136,"MA. VICTORIA S. TIONGSON, MD",statlabgt@gmail.com,statlabgt@gmail.com,5190529,2,0,2,,,PASSED,Excellent,SDTLPT-23-060336,E
7,06-1249-211-PIBS-R,6,ALRIJG MEDICAL CLINIC AND LABORATORY,"DOOR 15, EL COURT BLDG., 1ST LACSON ST., BRGY. 17, BACOLOD CITY",NEGROS OCCIDENTAL,0917-310-6862 / 034-43-5395,"LENI G. MONTES, MD",lenimontes@yahoo.com / alrijg@yahoo.com,lenimontes@yahoo.com / alrijg@yahoo.com,5190950,0,1,1,,,PASSED,Excellent,SDTLPT-23-060337,E
7,06-1622-23-PFSS-R,6,MEDI-LINK SERVICES INCORPORATED,"2ND FLR MEDI-LINK BLDG. B.S AQUINO DRIVE BRGY VILLAMONTE, BACOLOD CITY",NEGROS OCCIDENTAL,09396549749/(034) 434-6820/ 09189306221,"HANS FRANCIS D. FERRARIS, MD",medilinkservicesinc@gmail.com,medilinkservicesinc@gmail.com,5195991,4,3,7,,,PASSED,Acceptable,SDTLPT-23-060338,A
7,06-0626-22-GIBS-R,6,BACOLOD CITY GOVERNMENT UNIT/ BACOLOD CITY DRUG TESTING CENTER,"BRGY. 20 A.B. PARRE„O ST. GALO, BACOLOD CITY",NEGROS OCCIDENTAL,09991925948/ 708-0634,"MELINA G. FERIA, MD",mgfcho@gmail.com,mgfcho@gmail.com,596478,0,1,1,,,PASSED,Excellent,SDTLPT-23-060339,E
7,06-0656-22-PIBS-R,6,"DR. V. T. TALEON MEDICAL CLINIC, XRAY & DIAGNOSTIC LAB.","GROUND FLOOR, YMCA BUILDING, IZNART ST., DANAO, ILOILO CITY",ILOILO,09914889920/ 09999972533/ (033) 3372071,"MA. BEMERLY SIRA, MD",taleonmedlab@gmail.com,taleonmedlab@gmail.com,5200024,2,0,2,,,PASSED,Excellent,SDTLPT-23-060340,E
7,06-1282-23-PIBS-R,6,PANAY HEALTH CARE MEDICAL DIAGNOSTICS AND PHARMACY DTL,"A, ESTANCIA, KALIBO CITY (CAPITAL), AKLAN",AKLAN,09211909691/ 09294679931/(036) 2687216,"MARIANETTE NOELLE M. BIEREN, MD",phcmpclab13@gmail.com,phcmpclab13@gmail.com,5200670,3,4,7,,,PASSED,Acceptable,SDTLPT-23-060341,A
7,06-0129-23-PIBS-R,6,ML DIAGNOSTIC CENTER,"GOV. YULO DRIVE BRGY., QUEZON, AREVALO, ILOILO CITY, ILOILO",ILOILO,09178911440/ 09392828878/ 033-3215439,"MA. BEMERLY SIRA, MD",mldiagnosticcenter@gmail.com,mldiagnosticcenter@gmail.com,5202403,0,1,1,,,PASSED,Excellent,SDTLPT-23-060342,E
7,06-1472-22-GIBS-R,6,ROXAS MEMORIAL PROVINCIAL HOSPITAL,"IN FRONT OF GAISANO GRAND CITY, ARNALDO BOULEVARD, ROXAS CITY",CAPIZ,9324367099,"IROS JAN M. DEMEGILLO-BERNADAS, MD",rmph.drugtesting@gmail.com,rmph.drugtesting@gmail.com,5203721,1,0,1,,,PASSED,Excellent,SDTLPT-23-060343,E
7,06-1653-23-PIBS-R,6,"HEALTH LINK (ILOILO), INC. TAGBAC BRANCH","BRGY. TAGBAC JARO, ILOILO CITY 5000, ILOILO CITY, ILOILO (TAGBAC TERMINAL)",ILOILO,09074506838/ 0333398485/ 09488822075,"MA. IRIS V. SALAZAR, MD",mairisvergara_ma@yahoo.com,mairisvergara_ma@yahoo.com,5203574,5,2,7,,,PASSED,Acceptable,SDTLPT-23-060344,A
7,06-1732-23-PIBS-R,6,"HEALTHLINK (ILOILO) INC., BAROTAC NUEVO BRANCH","ARANETA ST, ILAUD POBLACION, BOROTAC NUEVO CITY",ILOILO,09488701035/ 323-0786/,"MA. IRIS V. SALAZAR, MD",healthlinkbarotac@yahoo.com,healthlinkbarotac@yahoo.com,5203575,2,5,7,,,PASSED,Acceptable,SDTLPT-23-060345,A
7,06-1724-23-PIBS-R,6,ANVIL ILOILO DIAGNOSTIC AND MEDICAL CENTER INC. ,"NAVARRA BLDG., COR. CRISPIN SALAZAR DON T. LUTERO ST., JANIUAY CITY",ILOILO,09434193125/ 5318015/ 09228342853,"MARGIE S. GAYAPA, MD",margegayapa@yahoo.com/ medicus.jny@anvil-iloilo.com,margegayapa@yahoo.com/ medicus.jny@anvil-iloilo.com,5211724,2,0,2,,,PASSED,Excellent,SDTLPT-23-060346,E
7,06-1395-23-PIBS-R,6,ANVIL ILOILO DIAGNOSTIC AND MEDICAL CENTER INC. ,"NORALYN BLDG., ROOSEVELT ST., ZONE III POBLACION, STA. BARBARA CITY",ILOILO,09338625387/ (033) 5238459/ 09228342553,"MARGIE S. GAYAPA, MD",medicussta.barbara_dtl@yahoo.com,medicussta.barbara_dtl@yahoo.com,5211722,0,0,0,,,PASSED,Excellent,SDTLPT-23-060347,E
7,06-1172-23-PIBS-R,6,JEAMAC DIAGNOSTIC CENTER,"G/F JC BLDG, 2014 MOHON, BRGY BINICUIL KABANKALAN CITY",NEGROS OCCIDENTAL,09157121956/ (034) 4713346/09228355026,"CHARLES MICHAEL A. BUYCO, MD",laboratory.drugtesting2019@gmail.com,laboratory.drugtesting2019@gmail.com,5215504,2,0,2,,,PASSED,Excellent,SDTLPT-23-060348,E
7,06-0128-23-PIBS-R,6,METRO BACOLOD HOSPITAL AND MEDICAL CENTER,"BURGOS EXTENSION CAMINGAWAN, BRGY. ESTEFANIA, BACOLOD CITY",NEGROS OCCIDENTAL,09380891258/ 09189012302,"WALTER D. VILLANUEVA, MD",mbhmclaboratory23@gmail.com,mbhmclaboratory23@gmail.com,5198695,3,1,4,,,PASSED,Highly Satisfactory,SDTLPT-23-060349,HS
7,06-0693-22-GIBS-R,6,WEST VISAYAS STATE UNIVERSITY MEDICAL CENTER,"E. LOPEZ ST., JARO, ILOILO CITY, ILOILO",ILOILO,(+63)917-621-3088 / (033) 320-2431 loc. 141,"ANNA VICTORIA J. SOMBONG, MD",avjsombing2010@gmail.com / mc-drug@wvsv.edu.ph,avjsombing2010@gmail.com / mc-drug@wvsv.edu.ph,5174913,0,2,2,,,PASSED,Excellent,SDTLPT-23-060350,E
7,06-1115-23-PIBS-R,6,ADVENTIST MEDICAL CENTER - BACOLOD,"C.V. RAMOS AVE., TACULING, BACOLOD CITY",NEGROS OCCIDENTAL,"(034) 488-7777 loc. 401, 404, 109 / 0928-522-0865 / 0917-701-8179","EMILIA D. GAMBOA, MD",emiliagamboa@yahoo.com / laboratory@adventisthealth-bcd.com,emiliagamboa@yahoo.com / laboratory@adventisthealth-bcd.com,5174912,1,0,1,,,PASSED,Excellent,SDTLPT-23-060351,E
7,06-0117-23-PIBS-R,6,MEDICUS DIAGNOSTIC CENTER - SIGMA BRANCH,"POBLACION SUR, REYES BLDG., SIGMA, CAPIZ CITY, ROXAS",CAPIZ,0923-726-1746,"MA. IRIS V. SALAZAR, MD",medicussigma.pemsi@gmail.com / medicussigma@yahoo.com,medicussigma.pemsi@gmail.com / medicussigma@yahoo.com,5174915,2,1,3,,,PASSED,Highly Satisfactory,SDTLPT-23-060352,HS
7,06-1479-23-PIBS-R,6,SILAY DIAGNOSTIC CENTER,"N10-12, PRINCE HYPERMART BLDG., ANTONIO LUNA ST., BRGY I, SILAY CITY", NEGROS OCCIDENTAL,0918-930-6221,"HANS FRANCIS D. FERRARIS, MD",hfdf38@yahoo.com / silaydiagnosticenter@yahoo.com,hfdf38@yahoo.com / silaydiagnosticenter@yahoo.com,5177012,1,2,3,,,PASSED,Highly Satisfactory,SDTLPT-23-060353,HS
7,06-0107-23-PFSS-R,6,DUMANGAS MEDICAL DIAGNOSTIC AND CLINICAL lab.,"J. M. BASA ST., BASA-MABINI-BONIFACIO, BRGY., LOPEZ JAENA, DUMANGAS CITY",ILOILO,09380109789/ 09228342853/ (033) 527 9011,"MARGIE S. GAYAPA, MD",medicusdumagas_dtl@yahoo.com,medicusdumagas_dtl@yahoo.com,5189133,3,5,8,,,PASSED,Acceptable,SDTLPT-23-060354,A
7,06-0671-22-PIBS-R,6,MEDICUS MEDICAL CENTER CORPORATION,"R.V. BERNARDO AVENUE BRGY. SAN RAFAEL, MANDURRIAO",ILOILO,09176213088 / 09317167013 / 0335085377,"ANNA VICTORIA J. SOMBONG, MD",medicuscondo_dtl@yahoo.com,medicuscondo_dtl@yahoo.com,5182496,3,0,3,,,PASSED,Highly Satisfactory,SDTLPT-23-060355,HS
7,06-0131-23-PFSS-R,6,TABORNAL DIAGNOSTIC LABORATORY,"MABINI ST., OTON CITY",ILOILO,09163203057/ 09173028468,"MA. BEMERLY J. SIRA, MD",tabornaldiagnostic@gmail.com,tabornaldiagnostic@gmail.com,5237673,1,0,1,,,PASSED,Excellent,SDTLPT-23-060356,E
7,06-1470-22-PIBS-R,6,CAPIZ DOCTOR'S HOSPITAL ,"BRGY. LAWAAN, ROXAS CITY",CAPIZ,09778049486/ 09324367099/ (036) 6215675,"JULIA P. SY-TAN, MD",christinejoren_08@yahoo.com ,christinejoren_08@yahoo.com ,5237193,5,3,8,,,PASSED,Acceptable,SDTLPT-23-060357,A
7,06-0692-22-PIBS-R,6,THE RIVERSIDE MEDICAL CENTE INC. ,"SM CITY SOUTH WING LUZURIAGA STREET BRGY. 26, POBLACION, BACOLOD CITY",NEGROS OCCIDENTAL,09561342448/ (034) 435-4052,"MELANIE ROSE B. ZERRUDO, MD",jasonaldrintan@gmail.com,jasonaldrintan@gmail.com,5217383,1,0,1,,,PASSED,Excellent,SDTLPT-23-060358,E
7,06-0473-22-PFSS-R,6,ST.ANNE DRUG TESTING CENTER,"365 CAPITOL SITE, KALIBO CITY, AKLAN",AKLAN,09073765051/ (036) 2689643,"EDGAR ALLAN A. SARUSAD, MD",marichurevestido@yahoo.com,marichurevestido@yahoo.com,5219321,1,1,2,,,PASSED,Excellent,SDTLPT-23-060359,E
7,06-1120-23-GIBS-R,6,ANGEL SALAZAR MEM. GEN. HOSP. DRUG TESTING LAB.,"ATABAY, SAN JOSE CITY, ANTIQUE",ANTIQUE,09062272579/ 09395550570,"CHARMAINE TEMPLONUEVO-FLORES, MD",asmghlaboratory@yahoo.com,asmghlaboratory@yahoo.com,5223145,4,3,7,,,PASSED,Acceptable,SDTLPT-23-060360,A
7,06-1152-23-PIBS-R,6,DR. PABLO O. TORRE MEMORIAL HOSPITAL - DTL,"DR. PABLO O. TORRE MEM. HOSP, B.S. AQUINO DRIVE, BRGY.5, BACOLOD CITY",NEGROS OCCIDENTAL,09993068945/ (034) 705-0000 LOCAL 3116,"MELANIE ROSE B. ZERRUDO, MD",laboratory@rivermedcenter.net,laboratory@rivermedcenter.net,5223141,3,0,3,,,PASSED,Highly Satisfactory,SDTLPT-23-060361,HS
7,06-1379-22-PIBS-R,6,HEALTHSCREEN CLINICAL LABORATORY CO.,"LUNA ST. BRGY. BANTUD LAPAZ, ILOILO CITY (FRONTING WESTERN INST. OF TECH.)",ILOILO,09171455271/ 0333207528/ 09688825401,"LYSA LYNN U. LIBANAN, MD",healthscreenclin.lab@yahoo.com,healthscreenclin.lab@yahoo.com,5226074,3,1,4,,,PASSED,Highly Satisfactory,SDTLPT-23-060362,HS
7,06-1783-23-PIBS-R,6,MEDICUS DIAGNOSTIC CENTER AND MEDICAL CLINICS- PLAZA LIBERTAD BRANCH,"YULO BLDG., J.M. BASA STREET ORTIZ, ILOILO CITY",ILOILO,09630590660/ 3204576/ / 09176213088,"ANNA VICTORIA J. SOMBONG, MD",medicusplazalibertad_dtl@yahoo.com,medicusplazalibertad_dtl@yahoo.com,5226088,2,2,4,,,PASSED,Highly Satisfactory,SDTLPT-23-060363,HS
7,06-1818-23-PFSS-R,6,GCJ DIAGNOSTIC CENTER,"57 RIZAL ST., BRGY PALA PALA 2, ILOILO CITY",ILOILO,09107002092/ (033) 3325582,"APRIL JOY P. MONSALE, MD",gcjlaboratory@gmail.com,gcjlaboratory@gmail.com,5231439,3,0,3,,,PASSED,Highly Satisfactory,SDTLPT-23-060364,HS
7,06-1800-23-PIBS-R,6,DEMIC LAB CORPORATION,"DONATO PISON AVE.,SAN RAFAEL, ILOILO CITY",ILOILO,09053455422/ (033) 5035367,"ANDREA L. PAREDES, MD",demic_lab@yahoo.com,demic_lab@yahoo.com,5230213,4,3,7,,,PASSED,Acceptable,SDTLPT-23-060365,A
7,06-1200-23-PIBS-R,6,"SUPERCARE MEDICAL SERVICES, INC. ILOILO BRANCH","3/F 22 MANFRED'S PLACE, GEN. LUNA ST., ILOILO CITY",ILOILO,09502746387/ 033335-3051 LOC. 117/,"MA. IRIS V. SALAZAR, MD",lab.iloilo@supercare.com.ph,lab.iloilo@supercare.com.ph,5234522,0,5,5,,,PASSED,Highly Satisfactory,SDTLPT-23-060366,HS
7,06-0645-22-PFSS-R,6,CTG NCR DRUG TESTING CENTER,"2/F RM 203 CAPERNAUM BLDG. #18 LACSON ST., BACOLOD CITY",NEGROS OCCIDENTAL,09303540877/ 467-5283,"LENI G. MONTES, MD",lenimontes@yahoo.com / ctgncrdtc2001@gmail.com,lenimontes@yahoo.com / ctgncrdtc2001@gmail.com,5236091,0,2,2,,,PASSED,Excellent,SDTLPT-23-060367,E
7,06-1132-23-GIBS-R,6,CAMP PERALTA STATION HOSPITAL,"CAMP GEN MARIANO B PERALTA JR. 3ID, PHIL ARMY JAENA NORTE, JAMINDAN CITY",CAPIZ,9157321410,"ELLEN JOY F. DURAN, MD",cpsh3idpalab@gmail.com,cpsh3idpalab@gmail.com,5233525,2,1,3,,,PASSED,Highly Satisfactory,SDTLPT-23-060368,HS
7,06-666-22-PIBS-R,6,MMG AKLAN SPECIALTY CLINICS,"SAN LORENZO RUIZ DRIVE TOTING REYES ST., KALIBO CITY",AKLAN,09395550570/ 09855103387,"CHARMAINE S. TEMPLONUEVO-FLORES, MD",rennierrelojas43@gmail.com,rennierrelojas43@gmail.com,5235144,4,3,7,,,PASSED,Acceptable,SDTLPT-23-060369,A
7,06-0629-22-PIBS-R,6,BACOLOD DIAGNOSTIC CENTER,"DOOR 5, INSULAR LIFE TOWNHOUSE BLDG.,21ST ST MEDICAL LANE BS AQUINO DR., BRGY 5, BACOLOD CITY",NEGROS OCCIDENTAL,09430529141/ (034) 4349002,"HANS FRANCIS D. FERRARIS, MD",bdc_laboratory@yahoo.com,bdc_laboratory@yahoo.com,5240108,0,0,0,,,PASSED,Excellent,SDTLPT-23-060370,E
7,06-1274-22-PIBS-R,6,PRIMEVIEW MEDICAL SPECIALIST AND IMAGING CENTER,"Q. ABETO STREET, MANUDRRIAO, ILOILO CITY",ILOILO,09175050560; 0333211266; 09173028468,"MA. BEMERLY J. SIRA, MD",primeview_iloilo@yahoo.com,primeview_iloilo@yahoo.com,5243622,2,3,5,,,PASSED,Highly Satisfactory,SDTLPT-23-060371,HS
7,06-1511-23-PIBS-R,6,QUIKLAB DIAGNOSTICS INC. ,"J.C. ZULUETA STREET POB SOUTH, OTON CITY",ILOILO,9171881046/ (033) 3370504,"MA IRIS V. SALAZAR, MD",quiklabdiagnostics@gmail.com,quiklabdiagnostics@gmail.com,5243615,6,2,8,,,PASSED,Acceptable,SDTLPT-23-060372,A
7,06-0832-21-GIBS-R,6,WESTERN VISAYAS MED. CENTER DRUG TESTING LAB.,"Q. ABETO, MIRASOL TAFT SOUTH (QUIRINO ABETO), MANDURRIAO, ILOILO CITY",ILOILO,(033) 321-2841 TO 45 LOC. 313,"STEPHANIE A. ABELLO, MD",wvmciloilo@gmail.com,wvmciloilo@gmail.com,5158481,2,2,4,,,PASSED,Highly Satisfactory,SDTLPT-23-060373,HS
7,06-1232-21-PFSS-R,6,MEDICUS DIAG. CENTER AND MEDICAL CLINICS - JARO BRANCH,"JARO COMMERCIAL COMPLEX, LOPEZ JAENA STREET JARO, ILOILO CITY",ILOILO,09507666706/(033)5034348,"ANNA VICTORIA J. SOMBONG, MD",medicusjaro_dtl@yahoo.com,medicusjaro_dtl@yahoo.com,5178810,2,2,4,,,PASSED,Highly Satisfactory,SDTLPT-23-060374,HS
7,06-1273-22-PIBS-R,6,PRIMEVIEW MEDICAL SPECIALIST AND IMAGING CENTER,"SIMEON AGUILAR ST., PASSI CITY",ILOILO,9479574329; 0335361014,"MA. BEMERLY J. SIRA, MD",primeviewpassi@yahoo.com,primeviewpassi@yahoo.com,5243623,2,1,3,,,PASSED,Highly Satisfactory,SDTLPT-23-060375,HS
7,06-0634-22-PIBS-R,6,CENTRI CLINICAL LABORATORY,"1ST STREET, SAN MIGUEL, JORDAN CITY",GUIMARAS,(033) 322 0529,"ANNA VICTORIA J. SOMBONG, MD",bluecastle_16@yahoo.com,bluecastle_16@yahoo.com,5300314,1,2,3,,,PASSED,Highly Satisfactory,SDTLPT-23-060376,HS
7,06-1643-22-PIBS-R,6,HEALTHLINK (ILOILO) INC.-AJUY BRANCH,"REAL STREET, POBLACION, AJUY CITY",ILOILO,9637695994,"MA. IRIS V. SALAZAR, MD",healthlink.ajuybranch@gmail.com,healthlink.ajuybranch@gmail.com,5299091,4,1,5,,,PASSED,Highly Satisfactory,SDTLPT-23-060377,HS
7,06-0661-22-PIBS-R,6,HEALTHLINK (ILOILO) INC.-CABATUAN BRANCH,"ZONE V CONFERSOR DRIVE, CABATUAN CITY",CABATUAN CITY,9501588216,"MA. IRIS V. SALAZAR, MD",healthlinkcabatuan@yahoo.com,healthlinkcabatuan@yahoo.com,5299090,1,1,2,,,PASSED,Excellent,SDTLPT-23-060378,E
8,07-1026-22-PIBS-R,7,"ZAFF JAY MEDILINES, INC","ANNEX 1 CENTURY PLAZA COMMERCIAL COMPLEX, JUANA OSME„A ST., CEBU CITY",CEBU,9228324104,"ALMA E. MALILONG,MD",zaffjaycebu@gmail.com,zaffjaycebu@gmail.com,5152837,1,5,6,,,PASSED,Acceptable,SDTLPT-23-070379,A
8,07-1422-22-PIBS-R,7,"AVENTUS MEDICAL CARE, INC.","UNIT 203, 2F, TGU TOWER IT PARK APAS LAHUG, CEBU CITY, CEBU",CEBU,9773892605,"MARJORIE L. CANG,MD",Laboratory.Cebu@aventusmedical.com.ph,Laboratory.Cebu@aventusmedical.com.ph,5149278,0,5,5,,,PASSED,Highly Satisfactory,SDTLPT-23-070380,HS
8,07-1275-22-PIBS-R,7,ICODE MEDICAL LABORATORY,"PRES. M.L. QUEZON STREET 2ND FLOOR RJL, SAN JOSE BUILDING, BANTAYAN CITY",CEBU,93230270718,"CHAMBERLAIN I. AGTUCA,MD",icodemedicolab@gmail.com,icodemedicolab@gmail.com,5162743,3,3,6,,,PASSED,Acceptable,SDTLPT-23-070381,A
8,07-0474-22-PIBS-R,7,AVENTUS MEDICAL CARE INC.,"LEVEL 3 UNIT 309 AND 302, ROBINSONS CYBERGATE, DON GIL GARCIA AND J. LLORENTE ST. CAPITOL SITE, CEBU CITY",CEBU,09178333505/ (032) 236-9028,"MARJORIE L. CANG,MD",Laboratory.cybergate@aventusmedical.com.ph,Laboratory.cybergate@aventusmedical.com.ph,5146348,0,5,5,,,PASSED,Highly Satisfactory,SDTLPT-23-070382,HS
8,07-0833-22-PFSS-R,7,RC MEDICAL & DRUG TEST CENTER,"MASLOG BLDG. ENERIO ST. POBLACION III, TAGBILIRAN CITY, BOHOL",BOHOL,09212075668; (038) 5017250,"JUANITA A. ARCAY,MD",san_roque_tagbiliran@yahoo.com,san_roque_tagbiliran@yahoo.com,5146226,1,0,1,,,PASSED,Excellent,SDTLPT-23-070383,E
8,07-0835-22-PIBS-R,7,"SINGAPORE MEDICAL LABORATORIES, INC.","2F MAXICARE PCC BLDG,., LOT 5 BLK 6 MINDANAO AVE CEBU BUSINESS PARK, CEBU CITY",CEBU,09176358929/  09176357580/ 09176358929,"MATTEW A. MORENO,MD",corelabcebu@singaporediagnostics.com,corelabcebu@singaporediagnostics.com,5158121,1,5,6,,,PASSED,Acceptable,SDTLPT-23-070384,A
8,07-0776-22-PFSS-R,7,B-KRUS DRUG TESTING CENTER,"BESIDE J. CENTER MALL V. ALBANO ST., BAKILID, MANDAUE CITY, CEBU",CEBU,09569088482; (032) 272-2022/ 09176219178,"SEBASTIAN L. MARTINEZ,MD",basti_martinez@yahoo.com,basti_martinez@yahoo.com,5158487,2,1,3,,,PASSED,Highly Satisfactory,SDTLPT-23-070385,HS
8,07-0839-22-PIBS-R,7,STO. NI„O DIAGNOSTIC CLINIC,"A&D BUILDING, B RODRIGUEZ ST. CAPITOL SITE, CEBU CITY, CEBU",CEBU,09334869469; 0322549485; 0322396892,"JUDITO G. CABALLERO,MD",sndc_dtl@yahoo.com,sndc_dtl@yahoo.com,5157843,0,2,2,,,PASSED,Excellent,SDTLPT-23-070386,E
8,07-0999-19-PIBS-R,7,CHONG HUA HOSPITAL ,"DON MARIANO 001 FUERTE OSME„A, CEBU CITY, CEBU",CEBU,09453494849/ 09177991064,"MARJORIE L. CANG,MD",chhc_laboratory@chonghua.com.ph,chhc_laboratory@chonghua.com.ph,5158590,2,3,5,,,PASSED,Highly Satisfactory,SDTLPT-23-070387,HS
8,07-1255-20-PFSS-R,7,ALPHA DIAGNOSTIC CENTER,"F. RAMOS ST. COR., GENERAL ECHAVEZ EXTENSION, CEBU CITY, CEBU",CEBU,09683640126/ (32) 255-5066,"LYDIA A. BIGORNIA,MD",alphalaboratory@yahoo.com,alphalaboratory@yahoo.com,5157848,3,3,6,,,PASSED,Acceptable,SDTLPT-23-070388,A
8,07-1145-22-PIBS-R,7,CUPSI CENTER FOR WOMEN'S HEALTH INC.,"2/F CWC BLDG., #2 B. RODRIGUEZ ST., CEBU CITY, CEBU",CEBU,09773211614/ (032) 254-2380/ 09173296617,"ALMA ESTELLA E. MALILONG,MD",cupsilaboratory@yahoo.com,cupsilaboratory@yahoo.com,5158486,4,1,5,,,PASSED,Highly Satisfactory,SDTLPT-23-070389,HS
8,07-0970-22-PIBS-I,7,AQUILES MEDICAL CLINIC AND LABORATORY,"299 R. BOYLES ST. POBLACION, UBAY, BOHOL",BOHOL,09083144660/038-5012652,"SEBASTIAN L. MARTINEZ,MD",aquilesclinicallaboratory@gmail.com,aquilesclinicallaboratory@gmail.com,5158467,0,3,3,,,PASSED,Highly Satisfactory,SDTLPT-23-070390,HS
8,07-1157-22-PFSS-R,7,"NEGROS FAMILY HEALTH SERVICES, INC","#6 GOBORSENG BLDG. NORTH ROAD DARO, DUMAGUETE CITY",NEGROS ORIENTAL,9756216373; (035) 225-3544; 09171443961; 09182299450,"ROGELIO S. MCINTIRE,MD",negrosfamilylaboratory@gmail.com,negrosfamilylaboratory@gmail.com,5158594,2,2,4,,,PASSED,Highly Satisfactory,SDTLPT-23-070391,HS
8,07-0844-22-PFSS-R,7,TRISH DIAGNOSTICS,"3RD - 5TH FR. NDI BLDG. A DEL ROSARIO ST. CENTRO MANDAUE, MANDAUE CITY",CEBU,09177961388/ 0322384049; 09173268966,"JUDITO G. CABALLERO,MD",trishdiagnostics@yahoo.com,trishdiagnostics@yahoo.com,5156846,1,2,3,,,PASSED,Highly Satisfactory,SDTLPT-23-070392,HS
8,07-0490-22-PFSS-R,7,PATIENT HEALTHCARE DIAG. AND DRUG TESTING CENTER,"FORTUGALEZA BUILDING,  BARANGGAY SUBA, BAYAWAN CITY",NEGROS ORIENTAL ,09175893484; 0359309102,"DONALDSON M. GADINGAN,MD",phcdcbayawan2019@yahoo.com,phcdcbayawan2019@yahoo.com,5160004,2,4,6,,,PASSED,Acceptable,SDTLPT-23-070393,A
8,07-0828-22-PIBS-R,7,NEGROS ORIENTAL HOSP. AND HEALTH SERVICES COOP.,"UYMATIAO BUILDING, STA ROSA ST, BARANGGAY 03, DUMAGUETE CITY",NEGROS ORIENTAL,09550888653/ (035) 531-2463,"ROGELIO S. MCINTIRE,MD",medical97coop@gmail.com,medical97coop@gmail.com,5160012,1,1,2,,,PASSED,Excellent,SDTLPT-23-070394,E
8,07-0484-22-PIBS-R,7,HEALTHCARE DIAGNOSTIC CENTER,"2ND FR. RM. 2G SACRED HEART PHARMACY BLDG, NORTHROAD DARO, DUMAGUETE",NEGROS ORIENTAL,091785893484; 0354222189,"DONALDSON M. GADINGAN,MD",hcdc_888@yahoo.com,hcdc_888@yahoo.com,5160044,4,1,5,,,PASSED,Highly Satisfactory,SDTLPT-23-070395,HS
8,07-0834-22-PFSS-R,7,REACTIVE MEDICAL LABORATORY & XRAY,"GROUND FLOOR, MONDESAR BLDG, CITY HALL ROAD, PUSOK, LAPU LAPU CITY",CEBU,09271764920/ 09173268966 2534887/ 3415145/3411163,"JUDITO G. CABALLERO,MD",reactive_med@yahoo.com,reactive_med@yahoo.com,5160293,1,2,3,,,PASSED,Highly Satisfactory,SDTLPT-23-070396,HS
8,07-0822-22-PIBS-R,7,MAAYO MEDICAL CLINIC CORPORATION,"GROUND FR LAB DEPT. AT MAAYO, NORTHPARK, UN AVE, COR. PLARIDEL ST., ALANG ALANG,MANDAUE CITY",CEBU,09686957251/ (332) 8882662,"CECILIA L. CAPATOY,MD",dtlaboratorymaayo@gmail.com,dtlaboratorymaayo@gmail.com,5160290,3,3,6,,,PASSED,Acceptable,SDTLPT-23-070397,A
8,07-0801-22-PFSS-R,7,JS MEDICAL AND DIAGNOSTIC CENTER,"322 MACROVILLE, CARDINAL ROSALES AVENUE, AYALA ACCESS ROAD, CEBU CITY",CEBU,09458448571/ (032) 3838456,"REYNETTE CHRISTINE J. LIGHRAG,MD",jsmedical_06@yahoo.com,jsmedical_06@yahoo.com,5160269,4,1,5,,,PASSED,Highly Satisfactory,SDTLPT-23-070398,HS
8,07-0773-22-PIBS-R,7,AMOSUP SEAMEN'S HOSPITAL- CEBU,"CAMINO VICINAL ST. BRGY UMAPAD, MANDAUE CITY, CEBU",CEBU,9369048990/ 09228811396/ (032) 236-6871,"ANNETTE L. SALILLAS, MD",amosupseamenslabcebu@yahoo.com,amosupseamenslabcebu@yahoo.com,5159072,1,0,1,,,PASSED,Excellent,SDTLPT-23-070399,E
8,07-0774-22-PIBS-R,7,BN GOTHONG HEALTHCARE SOLUTIONS. CORP,"UNIT 1&2 ALPHA CENTRUM, LOPEZ JAENA ST. SUBANGDAKU, MANDAUE CITY",CEBU,09190673954/ 09228777019/ (032) 232-8631,RUBY O. RUSIA-UY,ubings@yahoo.com/ chasedx@yahoo.com,ubings@yahoo.com/ chasedx@yahoo.com,5158942,5,2,7,,,PASSED,Acceptable,SDTLPT-23-070400,A
8,07-0846-22-PFSS-R,7,UNG'S DRUG TESTING CENTER,"NONO LIMBAGA DRIVE, BRGY 9, TANJAY CITY (UNG'S SUPERSTORE INC)",NEGROS ORIENTAL,09175523974; 0354159807,"DONALDSON M. GADINGAN, MD",ungsdtl@gmail.com,ungsdtl@gmail.com,5159067,1,1,2,,,PASSED,Excellent,SDTLPT-23-070401,E
8,07-0780-22-GFSS-R,7,BOHOL PROVINCIAL DRUG TESTING CENTER LABORATORY,"J.A CLARIN ST., DAO DISTRICT, TAGBILARAN CITY, BOHOL (FORMER PROV. HEALTH OFFICE BUILDING)",BOHOL,09988867701; 0384120950,"GREG JULIUS D. SODUSTA, MD",phodtl_bohol@yahoo.ccom,phodtl_bohol@yahoo.ccom,5159075,1,2,3,,,PASSED,Highly Satisfactory,SDTLPT-23-070402,HS
8,07-1644-22-PFSS-R,7,OPON MEDICAL DIAGNOSTIC CORPORATION,"2ND FLOOOR, UNIT 74-77, MACTAN TOWN CENTER, BASAK, LAPU-LAPU CITU (NEAR MCDONALDS BASAK)",CEBU,09274026313/ 09228811396,"THEODORE M. ZAMORA, MD",omdclab2021@gmail.com,omdclab2021@gmail.com,5159101,5,1,6,,,PASSED,Acceptable,SDTLPT-23-070403,A
8,07-0786-22-PIBS-R,7,CHONG HUA HOSPITAL MANDAUE,"UGF-DEPT OF LAB SERVICE, CHONG HUA HOSPITAL MANDAUE, BRGY SUBANGDAKU, MANDAUE CITY, CEBU",CEBU,09478981350/09176277722,"ERIC P. LASALA, MD",chhm_laboratory_@chonghua.com.ph,chhm_laboratory_@chonghua.com.ph,5160010,1,2,3,,,PASSED,Highly Satisfactory,SDTLPT-23-070404,HS
8,07-1143-22-PFSS-R,7,CONSOLACION COMMUNITY DOCTOR'S INC,"NATIONAL HIGHWAY BARANGAY CANSAGA, CONSOLACION CITY, CEBU",CEBU,09171183072/ 09171183072,"JUDE MARTIN F. CIMAFRANCA, MD",ccdi06_dtl@yahoo.com,ccdi06_dtl@yahoo.com,5160019,0,1,1,,,PASSED,Excellent,SDTLPT-23-070405,E
8,07-1152-22-PIBS-R,7,MACTAN MEDICAL AND DENTAL CENTER,"2F BLK C., MACTAN MARINA MALL, IBO, LAPU LAPU CITY, CEBU",CEBU,09275085638/0323407683/ 0323407693,"ANNETE L. SALILLAS, MD",drugtestmmdc@gmail.com,drugtestmmdc@gmail.com,5160020,1,2,3,,,PASSED,Highly Satisfactory,SDTLPT-23-070406,HS
8,07-0479-22-PFSS-R,7,HEALTHCARE DIAGNOSTIC AND DRUG TESTING LAB.,"2ND FLOOR NLE BUILDING, CENTRAL POBLACION, CITY OF NAGA CEBU",CEBU,09054076469/0322654749,"DONALDSON M. GADINGAN, MD",hcdc_naga2014@yahoo.com,hcdc_naga2014@yahoo.com,5160036,2,2,4,,,PASSED,Highly Satisfactory,SDTLPT-23-070407,HS
8,07-1425-22-PIBS-R ,7,PATIENT HEALTH CARE DIAG. AND DRUG TESTING CENTER ,"NEAR RGT GAS STATION , POBLACION, OSLOB, CEBU",CEBU,09175893484/ 09057438808/ (032) 481-9593,"DONALDSON M. GADINGAN, MD",phcdcoslob321@gmail.com ,phcdcoslob321@gmail.com ,5160011,3,5,8,,,PASSED,Acceptable,SDTLPT-23-070408,A
8,07-0482-22-PIBS-R,7,HEALTHCARE DIAGNOSTIC AND DRUG TESTING LAB.,"P. YBANEZ ST COR., ZAMORA ST. BRGY BINABAO, BANTAYAN, CEBU",CEBU,09175893484/ (032) 4361214,"DONALDSON M. GADINGAN, MD",hcdcbantayan@gmail.com,hcdcbantayan@gmail.com,5160283,1,2,3,,,PASSED,Highly Satisfactory,SDTLPT-23-070409,HS
8,07-0490-22-PFSS-R,7,PATIENT HEALTHCARE DIAGNOSTIC AND DRUGTESTING CENTER-SIQUIJOR,"UNIT 4, FLORANTE LAGUDAS BLDG., NEAR SIQUIJOR PUBLIC MARKET, POBLACION ",SIQUIJOR,09057438808/ 09288466288,"DONALDSON M. GADINGAN, MD",patienthealthcared@yahoo.com,patienthealthcared@yahoo.com,5160298,0,1,1,,,PASSED,Excellent,SDTLPT-23-070410,E
8,07-1459-22-PIBS-R,7,TOTAL HEALTH CHECK DIAGNOSTIC CORP,"J. LLORENTE ST. CAPITOL SITE CEBU CITY , CEBU",CEBU,09173641089/ 268878728,"THEODORE M. ZAMORA, MD",nursesthcdc@gmail.com,nursesthcdc@gmail.com,5159066,1,0,1,,,PASSED,Excellent,SDTLPT-23-070411,E
8,07-1475-22-PFSS-R,7,SHANDRIE DRUG TESTING CENTER AND MEDICAL CLINIC,"G/F CARCAR TRAVELLERS INN, TANGASAN VALLADOLID, CARCAR CITY, CEBU",CEBU,09361285515; 09228811396,"THEODORE M. ZAMORA, MD",shandreidtlcarcar.jggc@gmail.com,shandreidtlcarcar.jggc@gmail.com,5160934,0,0,0,,,PASSED,Excellent,SDTLPT-23-070412,E
8,07-0785-22-PIBS-R,7,CENTER FOR HEALTH SERVICES (CHSI). INC.,"GF UNIT 12, THE NORTG ATRIUM BLDG; MC BRIONES ST. COR AS FORTUNA ST, MANDAUE CITY",CEBU,09976036256/ 032-5207110,"MARK ANTHONY F. SON, MD",chsicebulab@gmail.com,chsicebulab@gmail.com,5160926,1,1,2,,,PASSED,Excellent,SDTLPT-23-070413,E
8,07-1599-20-PIBS-R,7,CARMEN COPPER CORP DTL,"DON ANDRES SORIANO,CARMEN COPPER HOSPITAL LABORATORY, TOLEDO",CEBU,09227369400; 0328881201 LOC. 3814,"ALMA E. MALILONG, MD",ccchospitallaboratory@gmail.com,ccchospitallaboratory@gmail.com,5160930,1,2,3,,,PASSED,Highly Satisfactory,SDTLPT-23-070414,HS
8,07-0831-22-PFSS-R,7,RAJAH TUPAS MEDICAL SERVICES,"LOWER GROUND FLR. ELIZABETH MALL, N. BACALSO AVE. CEBU CITY,CEBU",CEBU,0975698258209178532249/ 32-2530228,"LYDIA A. BIGORNIA, MD",rajahtupas86@gmail.com,rajahtupas86@gmail.com,5161736,0,0,0,,,PASSED,Excellent,SDTLPT-23-070415,E
8,07-1148-22-PIBS-R,7,LIFELAB DIAGNOSTIC INC.,"2F TSI BLDG OUANO AVE. NORTH RECLAMATION AREA, SUBANGDAKU, MANDAUE CITY",CEBU,09985313721/ (032) 4209066,"ALMA E. MALILONG, MD",lifelabdiagnostic@gmail.com,lifelabdiagnostic@gmail.com,5161740,1,1,2,,,PASSED,Excellent,SDTLPT-23-070416,E
8,07-0838-22-PIBS-R,7,"STANFORD MEDICAL & DIAGNOSTIC CLINIC, INC.","G/F AVON PLAZA BLDG., OSME„A BLVD., CAPITOL SITE, CEBU CITY CEBU ",CEBU,(032)2547881,"MARVI G. DULNUAN-NIOG, MD",marketing@stanford.com.ph,marketing@stanford.com.ph,5164555,1,0,1,,,PASSED,Excellent,SDTLPT-23-070417,E
8,13-1247-22-PIBS-R,7,"PERPETUAL SUCCOR HOSPITAL OF CEBU, INC.","GORORDO AVENUE, CEBU CITY CEBU",CEBU,09175496429/ 09688739768/ 032-2338620 LOC. 141,"IBARRA T. PANOPIO, MD",pshclinlab@gmail.com,pshclinlab@gmail.com,5164563,1,0,1,,,PASSED,Excellent,SDTLPT-23-070418,E
8,07-0788-22-GIBS-R,7,DOH TREATMENT AND REHAB. CENTER - ARGAO LAB,"DOH TRC-ARGAO, CANDABONG, BINLOD, ARGAO CITY, CEBU",CEBU,09335825950 / 485-8841,"RUBY O. RUSIA-UY, MD",ubings@yahoo.com / lab.trcargao@gmail.com,ubings@yahoo.com / lab.trcargao@gmail.com,5164509,0,0,0,,,PASSED,Excellent,SDTLPT-23-070419,E
8,07-0826-22-PIBS-R,7,"MEDISENSE LABORATORY CENTER, INC.","G/F BAI CENTER 892 CEBU SOUTH RD., BASAK SAN NICOLAS, CEBU CITY",CEBU,09177942885 / 2633042,"CECILIA P. CAPATOY, MD",mslcebulab@gmail.com ,mslcebulab@gmail.com ,5164508,3,0,3,,,PASSED,Highly Satisfactory,SDTLPT-23-070420,HS
8,07-0944-23-PIBS-R,7,GILLAMAC DIAGNOSTIC & MEDICAL LABORATORIES INC. ,"169 SANCIANGKO ST., CEBU CITY, CEBU ",CEBU,09177942885/ 09178827816/ (032)4184091,"CECILIA P. CAPATOY, MD",cplepon@yahoo.com / gillamac.lab@gmail.com,cplepon@yahoo.com / gillamac.lab@gmail.com,5167988,1,1,2,,,PASSED,Excellent,SDTLPT-23-070421,E
8,07-0817-22-PIBS-R,7,"LAPU-LAPU MEDICAL DIAGNOSTIC CENTER, INC. ","FFG ARCADE A. TUMULAK ST. BRGY. GUN-OB, LAPU LAPU CITY, CEBU",CEBU,09666383500/0324959328/09177991064,"JADE MARTIN F. CIMAFRANCA, MD",llmdci07@gmail.com,llmdci07@gmail.com,5171764,1,1,2,,,PASSED,Excellent,SDTLPT-23-070422,E
8,07-1147-22-GIBS-R,7,GOV. CELESTINO GALLARES MEMORIAL HOSPITAL,"103 MIGUEL PARRAS STREET POBLACION II, TAGBILIRAN CITY< BOHOL ",BOHOL ,09497855605/0384113185,"ANNETTE L. SALILLAS, MD",annette_salillase@yahoo.com,annette_salillase@yahoo.com,5171760,2,1,3,,,PASSED,Highly Satisfactory,SDTLPT-23-070423,HS
8,07-1604-22-PIBS-R,7,"CEBU SOUTH GENERAL HOSPITAL, INC.","NATALIO B. BACALSO ST., NATIONAL HIGHWAY, TUYAN, CITY OF NAGA, CEBU (LANDMARK: CEBU SOUTH GENERAL HOSPITAL, INC.-LABORATORY) ",CEBU,0998519647/09177702619/09985819647/2722225 LOC. 223/224,"GRACE JOY C. AVILA, MD",gracejoyavilla@yahoo.com / sgh_lab@yahoo.com /sghlabresults@gmail.com,gracejoyavilla@yahoo.com / sgh_lab@yahoo.com /sghlabresults@gmail.com,5171759,1,0,1,,,PASSED,Excellent,SDTLPT-23-070424,E
8,07-1284-22-PIBS-1,7,"NORDIC MEDICAL CLINIC, INC.","GROUND FLOOR, DON ALFREDO D. GOTHONG CENTER, SERGIO OSMENA BLVP COR. ROAD EAST NORTH RECLAMATION AREA, BRGY CARRETA, CEBU CITY,CEBU",CEBU,09688921128 / 0322530211,"IRVEN P. CHIONG, MD",irven_chiong@yahoo.com / nmc.cebuadmin@nordicmedical.no,irven_chiong@yahoo.com / nmc.cebuadmin@nordicmedical.no,5182135,2,3,5,,,PASSED,Highly Satisfactory,SDTLPT-23-070425,HS
8,07-1461-23-PIBS-R,7,CEBU NORTH GENERAL HOSPITAL,"KAUSWAGAN ROAD, BRGY TALAMBAN, CEBU CITY, CEBU",CEBU,3437777 / 09686507718,"MARIE EMMELINE B. YU, MD",emmelinebyu@yahoo.com / cebunorthgenhospitallaboratory@gmail.com,emmelinebyu@yahoo.com / cebunorthgenhospitallaboratory@gmail.com,5182144,0,3,3,,,PASSED,Highly Satisfactory,SDTLPT-23-070426,HS
8,07-0879-22-PIBS-R,7,PHYSICIAN'S DIAGNOSTIC SERVICES CENTER-CEBU,"108 F RAMOS ST COR JUNQUERA ST COGON RAMOS (POB), CEBU CITY, CEBU",CEBU,9153765054,"LYDIA ALMADRO A. BIGORNIA, MD",pdsc_lab7@yahoo.com,pdsc_lab7@yahoo.com,5182145,1,5,6,,,PASSED,Acceptable,SDTLPT-23-070427,A
8,07-104-23-CL-2,7,AGUANTA MEDICAL AND DIAGNOSTIC CENTER CORP.,"2ND FR CHRISTIANY BLDG., BALAMBAN, CEBU CITY (FRONT OF JUST 28 STORE)",CEBU,09077895613/ 266-8042/ 09323612904,"MARK ANTHONY F. SON, MD",aguantamedical321@gmail.com,aguantamedical321@gmail.com,5190525,2,1,3,,,PASSED,Highly Satisfactory,SDTLPT-23-070428,HS
8,07-0829-22-GIBS-R,7,NEGROS ORIENTAL PROVINCIAL HOSP. DRUG TESTING LAB. ,"REAL ST. PIAPI, DUMAGUETE CITY, NEGROS ORIENTAL ",NEGROS ORIENTAL ,09059382881 / 035-225-4921,"LEOPOLDO JR R. HORTALEZA, MD",nophlaboratory@gmail.com,nophlaboratory@gmail.com,5190528,1,2,3,,,PASSED,Highly Satisfactory,SDTLPT-23-070429,HS
8,07-0787-22-PIBS-R,7,"COR IESU CLINIC LABORATORY, X-RAY & PHARMACY","NATIONAL HIGHWAY, PONDOL, BALAMBAN, CEBU",CEBU,0910-102-9733,"THEODORE M. ZAMORA, MD",chapuen88@gmail.com,chapuen88@gmail.com,5190940,3,1,4,,,PASSED,Highly Satisfactory,SDTLPT-23-070430,HS
8,07-0978-23-PIBS-R,7,UNIVERSITY OF CEBU MEDICAL CENTER,"OUANO AVE., CITY SOUTH SPECIAL ADMINISTRATIVE ZONE, MANDAUE CITY, CEBU",CEBU,09177114549/ (032) 5170888,"MARIA K. LIM, MD",ucmedlaboratory@gmail.com,ucmedlaboratory@gmail.com,5191619,1,0,1,,,PASSED,Excellent,SDTLPT-23-070431,E
8,07-0782-22-PIBS-R,7,CARCAR WOMEN & CHILDREN LYING-IN POLYCLINIC & LAB.,"2ND FLOOR, SOUTH CENTRAL SQUARE TALISAY CITY, CEBU",CEBU,09506403163/  (032) 2360158,"THEODORE M. ZAMORA, MD",cwclpl.talisay@gmail.com,cwclpl.talisay@gmail.com,5195978,2,2,4,,,PASSED,Highly Satisfactory,SDTLPT-23-070432,HS
8,07-0782-22-PIBS-R,7,CARCAR WOMEN & CHILDREN LYING-IN POLYCLINIC & LAB.,"BARACCA ST., POBLACION II, CARCAR CITY (ACROSS CEBU PROVINCIAL HOSP-CARCAR)",CEBU,09173077447/  (032) 2612569 ,"EVEYLEN A. CHI, MD",lyndonvillegas@yahoo.com,lyndonvillegas@yahoo.com,5195977,4,1,5,,,PASSED,Highly Satisfactory,SDTLPT-23-070433,HS
8,07-0888-23-PIBS-R,7,ADVANCE HEALTH SERVICES COOPERATIVE,"PCF BUILDING, # 20 GOV. M. ZOSA STR, CAPITOL SITE; CEBU CITY, CEBU",CEBU,09334713975/ (032) 5203214,"ALMA E. MALILONG, MD",lab.ahscoop@gmail.com,lab.ahscoop@gmail.com,5198700,1,0,1,,,PASSED,Excellent,SDTLPT-23-070434,E
8,07-1217-19-PFSS-R,7,CYBER MEDICAL AND DIAGNOSTIC LABORATORY,"2F LA NORA BLDG. N. BACALSO AVE., SAMBAG 2 CEBU CITY, CEBY",CEBU,9176219178,"SEBASTIAN GAISKA L. MARTINEZ, MD",cybermedical.dl@gmail.com,cybermedical.dl@gmail.com,519863,2,2,4,,,PASSED,Highly Satisfactory,SDTLPT-23-070435,HS
8,07-0797-22-PIBS-R,7,HI PRECISION DIAGNOSTIC MANDAUE,"DIAMOND PLAZA BUILDING, MC BRIONES ST. MAGUIKAY, MANDAUE CITY, CEBU",CEBU,09177126551/ (032) 2388600,"GRACE JOY C. AVILA, MD",atmandaue@hpd-cebu.com / hpd-cebu@hi-precision.com.ph,atmandaue@hpd-cebu.com / hpd-cebu@hi-precision.com.ph,5203598,1,2,3,,,PASSED,Highly Satisfactory,SDTLPT-23-070436,HS
8,07-0795-22-PIBS-R,7,HI-PRECISION DIAGNOSTIC-MACTAN,"M.V PATALINJUG JR. AVENUE, LAPU-LAPU CITY, CEBU",CEBU,09985707162/ (032) 5201142/ (032) 5201143,"GRACE JOY C. AVILA, MD",hpd-cebu@hi-precision.com.ph,hpd-cebu@hi-precision.com.ph,5203596,2,0,2,,,PASSED,Excellent,SDTLPT-23-070437,E
8,07-0820-22-PIBS-R,7,HI-PRECISION DIAGNOSTIC/ LABCORE,"#28 WES BLDG., J. LLORENTE ST. CAPITOL SITE, CEBU CITY, CEBU",CEBU,09177728005/ 888-2222,"GRACE JOY C. AVILA, MD",drugtest@hpd_cebu.com,drugtest@hpd_cebu.com,5203599,0,4,4,,,PASSED,Highly Satisfactory,SDTLPT-23-070438,HS
8,07-0798-22-PIBS-R,7,HI-PRECISION DIAGNOSTIC- TABUNOK,"BULACAO TABUNOK, SOUTH NATIONAL RD., TALISAY CITY, CEBU",CEBU,09177125562/  (032) 2366277,"GRACE JOY C. AVILA, MD",hpd_cebu@hi-precision.com.ph,hpd_cebu@hi-precision.com.ph,5203597,1,4,5,,,PASSED,Highly Satisfactory,SDTLPT-23-070439,HS
8,07-1146-22-GIBS-R,7,GARCIA MEMORIAL PROVINCIAL HOSP. DRUG TESTING LAB,"BOHOL CIRCUMFERENCIAL ROAD, SAN JOSE, TALIBON CITY, BOHOL",BOHOL,09957545535/038-5155081/09988867701,"GREG JULIUS D. SODUSTA, MD",gmphdrugtesting11@gmail.com,gmphdrugtesting11@gmail.com,5203271,4,0,4,,,PASSED,Highly Satisfactory,SDTLPT-23-070440,HS
8,07-1523-23-PFSS-R,7,LR MEDICAL LABORATORY AND CLINIC,"2F ADELA BUILDING, GENERAL MAXILOM ST. COGON RAMOS, CEBU CITY, CEBU",CEBU,9324076692/ 09209274686,"MARVI D. NIOG, MD",lrmedicallab016@gmail.com,lrmedicallab016@gmail.com,5204688,5,0,5,,,PASSED,Highly Satisfactory,SDTLPT-23-070441,HS
8,07-1608-23-PFSS-R,7,ALPHA DIAGNOSTIC CENTER- TAYTAY,"AT THE BACK OF LTO TAYTAY, DANAO CITY, CEBU",CEBU,09171196198; 09228398809/ 0933597220,"SEBASTIAN G. MARTINEZ, MD",adctaytay@gmail.com,adctaytay@gmail.com,5206198,2,0,2,,,PASSED,Excellent,SDTLPT-23-070442,E
8,07-1296-23-PIBS-R,7,COMCAREPH,"UNIT 4-5, MARGATE BUILDING, PASEO SATURNINO BANILAD, CEBU CITY, CEBU",CEBU,09171682273/ 254-64-06,"RUBY O. RUSIA-UY, MD",comcareph.labresults@gmail.com,comcareph.labresults@gmail.com,5207575,1,5,6,,,PASSED,Acceptable,SDTLPT-23-070443,A
8,07-1632-23-PFSS-R,7,TINA DIAGNOSTIC LABORATORY,"CASIA ST. BRGY 8 (NEAR CTU), TUBURAN CITY, CEBU",CEBU,09235184741/ 0323842924/ 09173296617,"MALILONG E. ALMA, MD",tinadiagnosticlab@yahoo.com,tinadiagnosticlab@yahoo.com,5211727,1,2,3,,,PASSED,Highly Satisfactory,SDTLPT-23-070444,HS
8,07-1424-22-PFSS-R,7,DRUGCHECK PHILS INC-CEBU ,"N. 87 RIZAL AVENUE, SAMBAG I, CEBU CITY, CEBU",CEBU,(032)4181819,"SEBASTIAN L. MARTINEZ, MD",dcpicebucity.6000@gmail.com,dcpicebucity.6000@gmail.com,5214607,2,0,2,,,PASSED,Excellent,SDTLPT-23-070445,E
8,07-0974-23-PIBS-R,7,"ST. PETER-PAUL MEDICAL CLINIC, INC.- CEBU","458-B COLON ST., CEBU CITY, CEBU",CEBU,09178142328/(032)4121104,"ALMA E. MALILONG, MD",sppmcicebu@yahoo.com.ph,sppmcicebu@yahoo.com.ph,5214777,1,0,1,,,PASSED,Excellent,SDTLPT-23-070446,E
8,07-1159-22-PIBS-R,7,RADIOPATH MEDICAL IMAGING AND DIAGNOSTIC,"G/F V AND U BLDG. POLYAPOY EXT. BRGY POBLACION, TOLEDO CITY, CEBU",CEBU,09155670275/ 09173268966/ 467-5098 ,"JUDITO G. CABALLERO, MD",manager.radiopathtoledo@gmail.com,manager.radiopathtoledo@gmail.com,5159065,1,0,1,,,PASSED,Excellent,SDTLPT-23-070447,E
8,07-0825-22-PIBS-R,7,MEDICAL CITY MANDAUE INCORPORATED,"S.B CABAHUG ST. CENTRO LEPON, MANDAUE CITY, CEBU",CEBU,09182276923/ 0324224201,"CECILIA P. CAPATOY, MD",medicalcitymandaueinc@gmail.com,medicalcitymandaueinc@gmail.com,5204687,0,0,0,,,PASSED,Excellent,SDTLPT-23-070448,E
8,07-0135-23-PIBS-R,7,HEALTHSCREEN LABORATORY AND DIAGNOSTIC CENTER,"GROUND FLOOR, TOMAQUIN BUILDING, POBLACION, CORDOVA CITY, CEBU",CEBU,9254517002,"SARAH H. CASIO, MD",cordovahealthscreen@gmail.com,cordovahealthscreen@gmail.com,5212501,4,1,5,,,PASSED,Highly Satisfactory,SDTLPT-23-070449,HS
8,07-1294-23-PIBS-R,7,"KERALTY PRIME CEBU, INCORPORATED","CANSAGA, NATIONAL HIGHWAY, CONSOLACION CITY, CEBU",CEBU,9951545272,"MARK ANTHONY F. SON, MD","charity,villarin@keralty.com.ph","charity,villarin@keralty.com.ph",5217884,0,1,1,,,PASSED,Excellent,SDTLPT-23-070450,E
8,07-0360-23-PIBS-R,7,LIFE AND HEALTH HMP. INC,"BF MACTAN STRIP, PAJO UNIT 2L, LAPU LAPU CITY (BESIDE LANDBANK)",CEBU,09171027169/ 4121094,"RUBY O. RUSIA, MD",mactanlab@gmail.com,mactanlab@gmail.com,5219626,3,2,5,,,PASSED,Highly Satisfactory,SDTLPT-23-070451,HS
8,07-1761-23-PFSS-I,7,NEW WORLD DIAGNOSTICS - CEBU,"267 OSMENA BLVD., STA. CRUZ, CEBU CITY, CEBU",CEBU,09561353700/ 8790-8888 LOC. 642,"MARIA KARISSA G. LIM, MD",suxette.garces@nwdi.com.ph,suxette.garces@nwdi.com.ph,5224594,0,4,4,,,PASSED,Highly Satisfactory,SDTLPT-23-070452,HS
8,07-1611-23-PFSS-R,7,NORTHCARE DIAGNOSTICS,"GF CEDAVILLE RESIDENCES, KALUBIHAN, BRGY. TALAMBAN, CEBU CITY, CEBU",CEBU,09178965070/ 0324155765/ 09177942885,"CECILIA P. LEPON-CAPATOY, MD","northcarediagnostics@yahoo,com","northcarediagnostics@yahoo,com",5222898,6,1,7,,,PASSED,Acceptable,SDTLPT-23-070453,A
8,07-1753-23-PIBS-R,7,SAN LUCAS MEDICAL ,"POBLACION WARD 1, MINGLANILLA CITY, CEBU (MARKET PLACE) ",CEBU,09164522559/ (032) 2313898,"MARK ANTHONY F. SON, MD",lab@sanlucasmedical.com ,lab@sanlucasmedical.com ,5222889,0,3,3,,,PASSED,Highly Satisfactory,SDTLPT-23-070454,HS
8,07-0164-23-PIBS-R,7,MHAM DIAGNOSTICS AND MEDICAL INC.,"GROUND FR. MHAM BUILDING, R. DUTERTE ST. BANAWA, BRGY. GUADALUPE, CEBU CITY",CEBU,09274301948/ 263-0045,"ABELARDO J. ALERA, MD",mhamdiagnostics.lab@gmail.com,mhamdiagnostics.lab@gmail.com,5222886,3,2,5,,,PASSED,Highly Satisfactory,SDTLPT-23-070455,HS
8,07-0886-23-PIBS-R,7,ACCUMED DIAGNOSTIC AND HEALTH SERVICES,"2F NGA BLDG. PUEBLO VERDE, BASAK, LAPU LAPU CITY, CEBU",CEBU,09214268097/(032)4941030/09499978979,"RUBY O. RUSIA-UY, MD",accumedopon@gmail.com,accumedopon@gmail.com,5231297,1,3,4,,,PASSED,Highly Satisfactory,SDTLPT-23-070456,HS
8,07-0832-22-PIBS-R,7,RALS MEDICAL LABORATORY,"DOOR 4 VILLARITA APARTMENT PJ BURGOS ST. CORNER ORKCSAN ST. ALANG ALANG, MANDAUE CITY",CEBU,09662863738/ (032) 4212501,"MARK ANTHONY F. SON, MD",ralsmedicallaboratory@gmail.com,ralsmedicallaboratory@gmail.com,5231700,2,0,2,,,PASSED,Excellent,SDTLPT-23-070457,E
8,07-1999-23-PIBS-R,7,"SUPERCARE MEDICAL SERVICES, INC.   ","VICENTE BLDG., M. VELEZ ST. GUADALUPE, CEBU CITY, CEBU",CEBU,09271276242/032-2388581/09179146471,"EVEYLEN A. CHI, MD",smsicebu.sdtl@gmail.com,smsicebu.sdtl@gmail.com,5234523,0,2,2,,,PASSED,Excellent,SDTLPT-23-070458,E
8,07-0962-23-PIBS-R,7,MEDICUS DIAGNOSTIC CENTER- CEBU BRANCH,"ZR&DC BLDG., OSME„A BLDG. COR. J. LLORENTE ST. CAPITOL SITE, CEBU CITY",CEBU,09108162548/ (032) 4135738,"CHAMBERLAIN I. AGTUCA, MD",medicuscebu@yahoo.com,medicuscebu@yahoo.com,5236144,0,2,2,,,PASSED,Excellent,SDTLPT-23-070459,E
8,07-0799-22-PFSS-R,7,IMMACULATE CONCEPCION DRUG TESTING LABORATORY,"2F PAMUGAS BLDG., J.A CLARIN ST, BRGY. DAMPAS, TAGBILARAN CITY, BOHOL",CEBU,09603851437/ (038) 5019939,"JUANITA A. ARCAY, MD",immaculate282012@yahoo.com,immaculate282012@yahoo.com,5236168,2,1,3,,,PASSED,Highly Satisfactory,SDTLPT-23-070460,HS
8,07-0136-23-PIBS-R,7,KERALTY PRIME CEBU INC.,"2ND FLOOR I.T CENTER 1, OAKRIDGE BUSINESS PARK A.S FORTUNA STREET BANILAD, MANDAUE CTY ",CEBU,9171523810,"MARK ANTHONY F. SON, MD",keraltylaboakridge@gmail.com,keraltylaboakridge@gmail.com,5236176,2,2,4,,,PASSED,Highly Satisfactory,SDTLPT-23-070461,HS
8,07-1481-23-PIBS-R,7,MEDICAL MISSION GROUP HOSPITAL AND HEALTH SERVICES COOPERATIVE (BOHOL COOPERATIVE HOSPITAL),"BINAYRAN ROAD, DAMPAS DISTRICT, TAGBILARAN CITY, BOHOL",CEBU,09176348912/(038)510-8363/09173245814,"ANNETTE L. SALILLAS, MD",kathleen.mmgbohol@gmail.com,kathleen.mmgbohol@gmail.com,5233523,3,1,4,,,PASSED,Highly Satisfactory,SDTLPT-23-070462,HS
8,07-1545-22-PFSS-R,7,ALBTEC DRUG TESTING CENTER,"SAN VICENTE ST., BOGO CITY, CEBU",CEBU,9638623796,"JUDITO G. CABALLERO, MD",kate.tecson01@yahoo.com,kate.tecson01@yahoo.com,5235140,0,1,1,,,PASSED,Excellent,SDTLPT-23-070463,E
8,07-0977-23-PFSS-R,7,TALIBON DRUG TESTING CENTER,"LTO BUILDING, C.P.G. AVENUE, POBLACION, TALIBON, BOHOL",CEBU,9298070544,"JESSICA SOCORRO G. YU, MD",auzajun@gmail.com,auzajun@gmail.com,5235551,1,2,3,,,PASSED,Highly Satisfactory,SDTLPT-23-070464,HS
8,07-0887-23-PIBS-R,7,"ACTIVE ONE HEALTH, INC. ","G/F IZ BLDG. JOSE MARIA DEL MAR ST., IT PARK, CEBU CITY, CEBU",CEBU,09178680142/09958738754,"MARIA KARISSA G. LIM, MD",activeone.cebuclinic@activeonehealth.com,activeone.cebuclinic@activeonehealth.com,5235168,1,1,2,,,PASSED,Excellent,SDTLPT-23-070465,E
8,07-1542-22-PIBS-R,7,CEBU DOCTOR'S UNIVERSITY HOSPITAL,"CEBU DOCTOR'S UNIV. HOSP. BLDG OSME„A BLVD. SITE, CEBU CITY",CEBU,09952964953/09475855239,"ALMA E. MALILONG, MD",cduhlabresults2@yahoo.com,cduhlabresults2@yahoo.com,5243607,3,3,6,,,PASSED,Acceptable,SDTLPT-23-070466,A
8,07-0952-23-PIBS-R,7,KAISER MEDICAL CENTER CLINIC AND DIAGNOSTICS,"2ND ST. MEZ-1 IBO, LAPU-LAPU CITY, CEBU",CEBU,09171926888/ 09226998945,"RIAN JOHN B. PABLEO, MD",rianjohn.pableo@yahoo.com/mactan.patientcare@kaisermedcenter.com,rianjohn.pableo@yahoo.com/mactan.patientcare@kaisermedcenter.com,5239554,2,2,4,,,PASSED,Highly Satisfactory,SDTLPT-23-070467,HS
8,07-0937-23-PIBS-R,7,DIAGNOSTIC CARE AND LABORATORY SERVICES (DIAGCARE),"MAXIMA LIMQUIACO BLDG. DR V. LOCSIN ST. POBLACION 3, DUMAGUETE CITY",NEGROS ORIENTAL,9177250891,"ROGELIO S. MCINTRE, MD",daffodilramirez@yahoo.com,daffodilramirez@yahoo.com,5246035,1,1,2,,,PASSED,Excellent,SDTLPT-23-070468,E
8,07-0359-23-PIBS-R,7,"LIFE & HEALTH HMP, INC","GKLC BLDG., PE„ALOSA STREET, BRGY. POBLACION, TOLEDO CITY, CEBU",CEBU,09171406998 / 09171224055/ 09228777019,"RUBY O. RUSIA-UY, MD",rubyuy@cin.edu.ph,rubyuy@cin.edu.ph,5289052,3,2,5,,,PASSED,Highly Satisfactory,SDTLPT-23-070469,HS
9,08-1319-22-PFSS-R,8,ANAHAW DRUG TESTING LABORATORY,"# 63 J. ROMUALDEZ ST. TACLOBAN, LEYTE CITY",LEYTE,053-523-9665 ,"JOSE T. SANTIAGO,MD",viviane_calbitaza@yahoo.com,viviane_calbitaza@yahoo.com,5125602,4,3,7,,,PASSED,Acceptable,SDTLPT-23-080470,A
9,08-0899-22-GIBS-R,8,CITY DRUG ABUSE PREVENTION & REHABILITATION OFFICE,"J.D AVELINO ST. CITY HALL COMPOUND, CALBAYOG CITY, WESTERN SAMAR",WESTERN SAMAR,9365576205,"TEODORO U. FORTALEZA,MD",bloodygigs@yahoo.com,bloodygigs@yahoo.com,5150917,1,4,5,,,PASSED,Highly Satisfactory,SDTLPT-23-080471,HS
9,08-1413-22-PFSS-R,8,MEJIA CLINICAL LABORATORY DRUG TESTING CENTER,"AUNUBING ST., BRGY. COGON, ORMOC CITY, LEYTE",LEYTE,053-8393344 / 0908 418 3941/09560677048,"REYNALDO P. ESQUIVEL,MD",romeopapellero@gmail.com,romeopapellero@gmail.com,5146225,1,3,4,,,PASSED,Highly Satisfactory,SDTLPT-23-080472,HS
9,08-1352-22-PIBS-R,8,DIVINE RAYS DIAGNOSTIC AND MEDICAL CENTER,"OSME„A ST. ZONE II SOGOD, SOUTHERN LEYTE",LEYTE,09273854846/09278550973,"JOSE T. SANTIAGO,MD",divinerayssogod@gmail.com,divinerayssogod@gmail.com,5160031,3,3,6,,,PASSED,Acceptable,SDTLPT-23-080473,A
9,08-0901-22-PIBS-R,8,DIVINE CLINICAL LABORATORY,"RIZAL AVENUE, CATBALOGAN CITY, WESTERN SAMAR",WESTERN SAMAR,09264175051/ 09278550973,"JOSE T. SANTIAGO,MD",divinelabcatbalogan@gmail.com,divinelabcatbalogan@gmail.com,5160034,2,5,7,,,PASSED,Acceptable,SDTLPT-23-080474,A
9,08-0902-22-PIBS-R,8,DIVINE RAYS DIAGNOSTIC & MEDICAL,"R KANGLEON ST BRGY MANTAHAN, MAASIN CITY, SOUTHERN, LEYTE",LEYTE,09065150513/ 09278550973,"JOSE T. SANTIAGO,MD",drmaasin@yahoo.com,drmaasin@yahoo.com,5160035,4,2,6,,,PASSED,Acceptable,SDTLPT-23-080475,A
9,08-0902-22-PIBS-R,8,DIVINE RAYS DIAGNOSTIC AND MEDICAL SUPPLIES,"170 DR. BUILDING, AVENIDA VETERANS ST., TACLOBAN CITY, LEYTE",LEYTE,09269798042/ (053) 5231138/ 09278550973,"JOSE T. SANTIAGO,MD",divinerayslaboratorytacloban@gmail.com,divinerayslaboratorytacloban@gmail.com,5160292,2,0,2,,,PASSED,Excellent,SDTLPT-23-080476,E
9,08-0904-22-PFSS-R,8,DIVINE RAYS DIAGNOSTIC AND MEDICAL SUPPLIES-CATARMAN,"ROXAS ST., BRGY. J.P. RIZAL, CATARMAN, NORTHERN SAMAR",NORTHERN SAMAR,09153550914/ 09278550973,"JOSE T. SANTIAGO,MD",divinerays.catarman@gmail.com,divinerays.catarman@gmail.com,5160017,2,2,4,,,PASSED,Highly Satisfactory,SDTLPT-23-080477,HS
9,08-0901-22-PIBS-R,8,DIVINE RAYS FAMILY HEALTH CARE CENTER,"MAGSAYSAY BOULEVARD, BRGY EAST AWANG, CALBAYOG CITY",WESTERN SAMAR,09457051850/ 09278550973,"JOSE T. SANTIAGO,MD",divinerayscalbayog@gmail.com,divinerayscalbayog@gmail.com,5160028,2,3,5,,,PASSED,Highly Satisfactory,SDTLPT-23-080478,HS
9,08-0906-22-PIBS-R,8,DIVINE WORD HOSPITAL DRUGTESTING LABORATORY,"BRGY44A AVENIDA VETERANOS ST, TANAUAN CITY, LEYTE",LEYTE,321-4228,"LORENZO M. ABANILLA, MD",dwhdrugtesting@gmail.com,dwhdrugtesting@gmail.com,5158949,1,4,5,,,PASSED,Highly Satisfactory,SDTLPT-23-080479,HS
9,08-0911-22-PIBS-R,8,"ST. BENEDICT LABORATORY, DRUG TESTING & MEDICAL CLINIC","0738 2F SABATE BLDG., REAL ST., SONGCO BORONGAN, EASTERN SAMAR",EASTERN SAMAR,9171164346,"JOAN T. AYUSON, MD",stbenedict62419@gmail.com,stbenedict62419@gmail.com,5160276,4,1,5,,,PASSED,Highly Satisfactory,SDTLPT-23-080480,HS
9,08-0910-22-PIBS-R,8,RVC DIAGNOSTIC,"CORNER ZAMORA & SALVADOR ST, BRGY., PANING, PALO LEYTE",LEYTE,09750442749/ 09278550973,"JOSE T. SANTIAGO, MD",rvcdiagnosticpawing@gmail.com,rvcdiagnosticpawing@gmail.com,5160277,3,2,5,,,PASSED,Highly Satisfactory,SDTLPT-23-080481,HS
9,08-1135-22-PIBS-R,8,A-LAB DIAGNOSTIC CENTER,"GF SAN FRANCISCTO ST., CENTRAL 2, PALOMPON, LEYTE",LEYTE,9171171204,"DOMINADOR L. TAGPIS, MD",info@alabdiagnostic.com,info@alabdiagnostic.com,5164510,4,1,5,,,PASSED,Highly Satisfactory,SDTLPT-23-080482,HS
9,08-1620-22-PIBS-R,8,UNITED SHALOM HOSPITAL ,"UCCP COMPOUND, REAL ST., TACLOBAN CITY, LEYTE ",LEYTE,09688549572/ 09852545787,"CLEOCITA P. PORTULA, MD",kaeportula40@gmail.com / uinmlab@gmail.com,kaeportula40@gmail.com / uinmlab@gmail.com,5164571,2,2,4,,,PASSED,Highly Satisfactory,SDTLPT-23-080483,HS
9,08-1747-23-GIBS-R,8,EASTERN VISAYAS MEDICAL CENTER,"R. MAGSAYSAY BLVD., BRGYS 1&4 LIBERTAD, TACLOBAN CITY, LEYTE",LEYTE,0917714978/ 09177954304,"ERNESTO N. MIRALLES, MD",ernexusmir@yahoo.com,ernexusmir@yahoo.com,5196205,1,0,1,,,PASSED,Excellent,SDTLPT-23-080484,E
9,08-1254-23-PIBS-R,8,QUEST & RELIANCE DIAGNOSTICS,"UNIT-A M,BLOCK BRGY 77 MARASBARAS TACLOBAN CITY, LEYTE ( NEAR GO HOTEL) ",LEYTE,09998886694/(053)888-4403,"JENNIFER D. ABIERAS, MD",questdiagnostics.mgt@gmail.com,questdiagnostics.mgt@gmail.com,5200022,0,0,0,,,PASSED,Excellent,SDTLPT-23-080485,E
9,08-0900-22-PIBS-R,8,GATCHALIAN MEDICAL CENTER (FORMERLY CLINICA GATCHALIAN & HOSPITAL),"161 J.T. KANGLEON ST., ORMOC CITY, LEYTE",LEYTE,9275504217,"FLORA A. DELA PENA, MD",laboratory@gatchalianmedicalcenter.com,laboratory@gatchalianmedicalcenter.com,5200028,1,0,1,,,PASSED,Excellent,SDTLPT-23-080486,E
9,08-0816-23-PFSS-R,8,CDU DRUG TESTING LABORATORY,"298 R. MAGSAYSAY AVE. POB. ZONE 22, BAYBAY CITY, LEYTE",LEYTE,09317427185/ 053-300-4526,"REYNALDO P. ESQUIVEL, MD",crizel_uy03@yahoo.com,crizel_uy03@yahoo.com,5201696,2,0,2,,,PASSED,Excellent,SDTLPT-23-080487,E
9,08-0828-23-PFSS-R,8,TNB DRUG TESTING DIAGNOSTIC LABORATORY,"AUNUBING ST. COGON, COMBADO, ORMOC CITY, LEYTE",LEYTE,09175437770/ (053) 8323123,"JENNIFER D. ABIERAS, MD",tnbdtlab@yahoo.com,tnbdtlab@yahoo.com,5211718,3,2,5,,,PASSED,Highly Satisfactory,SDTLPT-23-080488,HS
9,08-0818-23-PFSS-R,8,DON BOSCO DRUG TESTING LABORATORY,"471 MEJIA BLDG., REALK ST., BRGY. 22, ORMOC CITY, ORMOC, LEYTE",LEYTE,(053) 561-1861 / 0942-025-4893,"NILO T. CAMPILAN, MD",clin-2005@yahoo.com,clin-2005@yahoo.com,5174916,2,0,2,,,PASSED,Excellent,SDTLPT-23-080489,E
9,08-0909-22-PIBS-R,8,REGION 8 HEALERS' INITIATIVE INCORPORATED,"YPL BLDG. 203 AVENIDA VETERANOS CORNER STO. NI„O STREETS, TACLOBAN CITY",LEYTE,(053) 5604211/ 09985734891/ 09266613653,"JENNIFER D. ABIERAS, MD",r8hidiagnosticlaboratory@gmail.com,r8hidiagnosticlaboratory@gmail.com,5158945,0,5,5,,,PASSED,Highly Satisfactory,SDTLPT-23-080490,HS
9,08-0822-23-PFSS-R,8,OSPA-FARMERS MEDICAL CENTER ,"BRGY. CAN-ADIENG (CARLOTA HILLS) ORMOC CITY, LEYTE",LEYTE,09774592414/ 09177138822/ (053) 5611701,"MARIA TERESITA Z. PERILLA, MD",info@alabdiagnostic.com,info@alabdiagnostic.com,5218924,2,2,4,,,PASSED,Highly Satisfactory,SDTLPT-23-080491,HS
9,08-1769-23-PFSS-I,8,NAVAL DOCTORS HEALTHCARE SERVICE INC,"457 NL LIMPIADO BLDG., VICENTILLO CT., SMO ROSARIO, NAVAL CITY, BILIRAN",LEYTE,09064206087/ (053) 5078203/ 09222140687,"MA. CECILIA D. SAMOSA, MD",navaldrshs@yahoo.com,navaldrshs@yahoo.com,5223142,4,2,6,,,PASSED,Acceptable,SDTLPT-23-080492,A
9,08-1137-22-PIBS-R,8,HQA BIOLAB AND DIAGNOSTIC CLINIC,"BRGY. SMO-ROSARIO, CASTIN STREET, NAVAL CITY, BILIRAN",LEYTE,9173226305,"MA. CECILIA D. SAMOSA, MD",hqabiolab2015@gmail.com,hqabiolab2015@gmail.com,5303623,4,3,7,,,PASSED,Acceptable,SDTLPT-23-080493,A
10,09-0919-22-PIBS-R,9,ODJ MEDICAL DIAGNOSTIC CLINIC AND PHARMACY,"PUROK ORCHIO, CHIONG BUILDING,POBLACION IPIL, ZAMBOANGA SIBUGAY",ZAMBOANGA SIBUGAY,(062)9579840 / 09173084677,"MARY ANN R. TORREGOSA,MD",odjwecare2013@gmail.com,odjwecare2013@gmail.com,5150921,1,5,6,,,PASSED,Acceptable,SDTLPT-23-090494,A
10,09-0925-22-PFSS-R,9,THE AGAPE HEALTH CARE CENTER,35 FELICISIMO HERRERA CORNER TOMAS CLAUDIO ST. DIPOLOG CITY,ZAMBOANGA DEL NORTE,09989758091 / (065) 212-7055 / (063) 212-4533,"CHONILO O. RUIZ,MD",agapehealth@yahoo.com/ joram692003@yahoo.com,agapehealth@yahoo.com/ joram692003@yahoo.com,5153085,3,4,7,,,PASSED,Acceptable,SDTLPT-23-090495,A
10,09-0854-22-PFSS-R,9,SPEED MEDICHECK DRUG TESTING CENTER,"2ND FR. RM 203 EJS CENTER BLDG., VETERANS AVE BRGY ZONE IV, ZAMBOANGA CITY",ZAMBOANGA DEL SUR,09177079564 / 990-13-17 ,"MARY ANN R. TORREGOSA,MD",rosastacruz@yahoo.com,rosastacruz@yahoo.com,5153093,2,3,5,,,PASSED,Highly Satisfactory,SDTLPT-23-090496,HS
10,09-0924-22-PIBS-R,9,ST. ANNE CLINICAL LABORATORY,"3F BMD BLDG., FS PAJARES AVE, COR. SANSON ST. SAN FRANCISCO DIST., PAGADIAN CITY",ZAMBOANGA DEL SUR,09089068333/ 2156190/ 09195751977,"MARY ANN R. TORREGOSA,MD",st.anneclinicallaboratory@yahoo.com,st.anneclinicallaboratory@yahoo.com,5146223,2,2,4,,,PASSED,Highly Satisfactory,SDTLPT-23-090497,HS
10,09-0921-22-PIBS-R,9,PUERICULTURE MATERNITY LYING IN HOSP. CLINIC AND LAB.,"P. BRILLANTES ST. BARANGAY ZONE III (POB.),ZAMBOANGA CITY",ZAMBOANGA DEL SUR,09264212916; 0629914415/ 09175530493,"MYRNA P. ANGELES,MD",janebombie@yahoo.com / jvberjaii@gmail.com,janebombie@yahoo.com / jvberjaii@gmail.com,5158478,4,2,6,,,PASSED,Acceptable,SDTLPT-23-090498,A
10,09-0927-22-GIBS-R,9,ZAMBOANGA CITY MEDICAL CENTER DRUG TESTING LAB.,"DR. EVANGELISTA ST. COR. VETERANS AVE. SANTA CATALINA, ZAMBOANGA CITY",ZAMBOANGA DEL SUR,09156996004/ 09164427968,"AL-ZAMZAM A. ABUBAKAR,MD",weweng_6814@yahoo.com,weweng_6814@yahoo.com,5160014,1,4,5,,,PASSED,Highly Satisfactory,SDTLPT-23-090499,HS
10,09-1036-22-PIBS-R,9,BP DIAGNOSTIC AND CLINICAL LABORATORY,"RED CROSS COMPOUND, PETTIT BARRACKS RIZAL ST. ZONE IV, ZAMBOANGA CITY",ZAMBOANGA DEL SUR,09171446757/ 09171247571/ 062-3212150,"MARY ANN R. TORREGOSA,MD",bpdd.080812@gmail.com,bpdd.080812@gmail.com,5160025,4,0,4,,,PASSED,Highly Satisfactory,SDTLPT-23-090500,HS
10,09-0917-22-GIBS-R,9,KUTA MAJOR CESAR L SANG-AN STATION HOSP. DRUG TESTING LAB.,"UPPER PULACAN, LABANGAN CITY, ZAMBOANGA DEL SUR",ZAMBOANGA DEL SUR,9669635258,"RAUL S. SASUCA,MD",hospital7id.mil@gmail.com,hospital7id.mil@gmail.com,5162745,4,4,8,,,PASSED,Acceptable,SDTLPT-23-090501,A
10,09-0535-21-PFSS-R,9,ACCU- DRUGLINES DRUG TESTING CENTER,"#301 BESIDES EDWINS ANDREWS AIR BASE, 1ST GATE, STA MARIA, ZAMBOANGA CITY",ZAMBOANGA DEL SUR,09663920999/ (062) 9574086,"MARY ANN R. TORREGOSA, MD",gllim_05@yahho.com/ accudruglines@yahoo.com,gllim_05@yahho.com/ accudruglines@yahoo.com,5159068,0,2,2,,,PASSED,Excellent,SDTLPT-23-090502,E
10,09-0913-22-PIBS-R,9,ABAD MEDICAL CLINIC AND CLINICAL LABORATORY,"ECHAVEZ STREET BRGY. CENTRAL, DIPOLOG CITY",ZAMBOANGA DEL NORTE ,9501869027,"HAROLD L. TEE, MD",elgenoabad@yahoo.com,elgenoabad@yahoo.com,5159081,4,0,4,,,PASSED,Highly Satisfactory,SDTLPT-23-090503,HS
10,09-0928-22-GIBS-R,9,ZAMBOANGA DEL NORTE MEDICAL CENTER DRUG TESTING LAB.,"NATIONAL HIGHWAY, SICAYAB, DIPOLOG CITY, ZAMBOANGA DEL NORTE",ZAMBOANGA DEL NORTE ,09508574823; 09195751977; 0652125084,"MARY ANN R. TORREGOSA, MD",ma.torregosa@gmail.com / zanortemed@gmail.com,ma.torregosa@gmail.com / zanortemed@gmail.com,5160297,0,2,2,,,PASSED,Excellent,SDTLPT-23-090504,E
10,09-0408-22-PIBS-R,9,SWEET FAITH DIAGNOSTIC LABORATORY,"A. MABINI ST., POBLACION, SINDANGAN, ZAMBOANGA DEL NORTE, IN FRONT OF SINDANGAN DISTRICT HOSP.",ZAMBOANGA DEL NORTE ,9367513780,"JAY S. RATERA, MD",clyties2torremolate@yahoo.om,clyties2torremolate@yahoo.om,5164569,2,1,3,,,PASSED,Highly Satisfactory,SDTLPT-23-090505,HS
10,09-1035-22-PIBS-R,9,AIMCOOP DIAGNOSTIC LABORATORY ,"NATIONAL HIGHWAY, SAN JOSE AURORA, ZAMBOANGA DEL SUR ",ZAMBOANGA DEL SUR ,062-9452256/ 09190027831,"HAROLD L. TEE, MD",mhsdaimcoop@yahoo.com,mhsdaimcoop@yahoo.com,5164570,3,1,4,,,PASSED,Highly Satisfactory,SDTLPT-23-090506,HS
10,09-0916-22-PIBS-R,9,HOFILE„A HOSPITAL,FS PAJARES AVENUE GATAS DISTRCT PAGADIAN CITY ZAMBOANGA DEL SUR,ZAMBOANGA DEL SUR ,09669200407/0622151689,"MARY ANN R. TORREGOSA, MD",hofilenalaboratory@gmail.com,hofilenalaboratory@gmail.com,5171763,2,3,5,,,PASSED,Highly Satisfactory,SDTLPT-23-090507,HS
10,09-0143-23-PFSS-R,9,RABZKHIEL DRUG TESTING LABORATORY,"VETERANS AVENUE, ZONE IV, ZAMBOANGA CITY, ZAMBOANGA DEL SUR",ZAMBOANGA DEL SUR ,09167804070 / 09455395088,"CHRISTIAN ROY Q. SARMIENTO, MD",miarabs@yahoo.com / drabzhiel@yahoo.com,miarabs@yahoo.com / drabzhiel@yahoo.com,5177009,1,0,1,,,PASSED,Excellent,SDTLPT-23-090508,E
10,09-0403-22-PIBS-R,9,AJ DIAGNOSTIC LABORATORY,"2/F PASALUBONG CENTER POBLACION IPIL, ZAMBOANGA SIBUGAY",ZAMBOANGA SIBUGAY,062-9576390,"MARY ANN R. TORREGOSA, MD",ajmt1021@gmail.com,ajmt1021@gmail.com,5178214,2,0,2,,,PASSED,Excellent,SDTLPT-23-090509,E
10,09-1353-22-PIBS-R,9,BUUG DIAGNOSTIC LABORATORY,"LAO BUILDING, MIARE ST. POBLACION, BUUG CITY (NEAR LTO OFFICE)",ZAMBOANGA SIBUGAY,09293759527/ 0629578117/ 09178371542,"GERARD L. LAMAYRA, MD",gsingson21@yahoo.com,gsingson21@yahoo.com,5191623,2,2,4,,,PASSED,Highly Satisfactory,SDTLPT-23-090510,HS
10,09-0920-22-PIBS-R,9,PDC DIAGNOSTIC CENTER,"GOV. CERILLES ST. SAN FRANCISCO DISTRICT, PAGADIAN CITY",ZAMBOANGA DEL SUR,09989713599/ (062) 2144900,"MARIA CYNTHIA R. HERRERA, MD",pdcdiagnostic7@gmail.com,pdcdiagnostic7@gmail.com,5191621,2,1,3,,,PASSED,Highly Satisfactory,SDTLPT-23-090511,HS
10,09-0929-22-PIBS-R,9,ZAMBOANGA SIBUGAY DIAGNOSTIC CLINICAL LABORATORY AND DRUG TESTING CENTER ,"PUROK GOLDEN SHOWER, POBLACION, IPIL CITY, ZAMBOANGA SIBUGAY ", ZAMBOANGA SIBUGAY ,09666778177/ 093331961882,"MARY ANN R. TORREGOSA, MD",infirmaryfcc@gmail.com,infirmaryfcc@gmail.com,5195994,0,0,0,,,PASSED,Excellent,SDTLPT-23-090512,E
10,09-0381-21-PFSS-R,9,SCGB DRUG TESTING CENTER,"HIGHWAY TURNO, DIPOLOG CITY, ZAMBOANGA DEL NORTE",ZAMBOANGA DEL NORTE,0917689917/ (065) 9185108,"HAROLD L. TEE, MD",scgbdtc_dipolog@yahoo.com,scgbdtc_dipolog@yahoo.com,5198697,3,2,5,,,PASSED,Highly Satisfactory,SDTLPT-23-090513,HS
10,09-0807-23-GIBS-R,9,ZAMBOANGA CITY HEALTH OFFICE DRUG TESTING CENTER,"RIZAL ST. PETTIT BARRACKS, ZONE IV, ZAMBOANGA CITY",ZAMBOANGA DEL SUR,09053001808; 9913780; 09177976284,"MYRNA P. ANGELES, MD",docninoy@yahoo.com / cityhealthlaboratoryzamboanga@gmail.com,docninoy@yahoo.com / cityhealthlaboratoryzamboanga@gmail.com,5204691,0,0,0,,,PASSED,Excellent,SDTLPT-23-090514,E
10,09-0521-23-PIBS-R,9,HEALTHWISE CLINICAL LB. AND DIAG. CENTER INC.,"LIONGTEK BLDG., NUNEZ ST.,ZONE III ZAMBOANGA CITY (BESIDE C&E BOOK STORE)",ZAMBOANGA DEL SUR,09952642293/ 062-9926398,"CHRISTIAN ROY Q. SARMIENTO, MD",healthwiseldc@gmail.com,healthwiseldc@gmail.com,5207014,0,0,0,,,PASSED,Excellent,SDTLPT-23-090515,E
10,09-0806-23-PIBS-R,9,WEST METRO MEDICAL CENTER,"VETERANS AVENUE EXTENSION ZAMBOANGA CITY, ZAMBOANGA DEL SUR",ZAMBOANGA DEL SUR,09367905165/ 09399069506/ 09771728287,"RANDELL S. ARIAS, MD",MPEspiritu@westmetro.com.ph ,MPEspiritu@westmetro.com.ph ,5212826,1,1,2,,,PASSED,Excellent,SDTLPT-23-090516,E
10,09-0410-22-PFSS-R,9,YHANG DRUG TESTING CENTER,"NO. II, JOSE CO. BLDG., VETERANS AVE., BRGY. ZONE-IV, ZAMBOANGA CITY",ZAMBOANGA DEL SUR,0905-965-9078 / (062) 925-3037,"JOHN HERNANI V. ANACAN JR.,",amisali_thelma@yahoo.com,amisali_thelma@yahoo.com,5177010,1,1,2,,,PASSED,Excellent,SDTLPT-23-090517,E
10,09-0800-23-PIBS-R,9,ST. ISABEL CLINIC DIAG. LAB. AND DRUG TESTING CENTER,"RD-BLDG, TOMAS CLAUDIO ST, ZONE III, ZAMBOANGA CITY,(ST. JOSEPH CHURCH)",ZAMBOANGA DEL SUR,09068625944; 09777468951,"MARY ANN R. TORREGOSA, MD",lita_medtech@yahoo.com,lita_medtech@yahoo.com,5227664,4,0,4,,,PASSED,Highly Satisfactory,SDTLPT-23-090518,HS
10,09-0787-23-PFSS-R,9,DIA-METH DRUG TESTING CENTER AND CLIN. LAB.,"NUNEZ EXT. MAYOR VITALIANO AGAN AVEN, ZAMBOANGA CITY",ZAMBOANGA DEL SUR,09550615808/ 9559671,"ORLANDO P. PABER, MD",newdiameth@yahoo.com,newdiameth@yahoo.com,5231698,1,4,5,,,PASSED,Highly Satisfactory,SDTLPT-23-090519,HS
10,09-0142-23-PIBS-R,9,MEDILAB DIAGNOSTIC CENTER,GF BSC TOWER VETERANS AVENUE ZAMBOANGA CITY(FRONTING JOLLIBEE),ZAMBOANGA DEL SUR,09166119797/ 09686632055,"MARY ANN R. TORREGOSA, MD",medilabdiagnosticcenter2021@gmail.com,medilabdiagnosticcenter2021@gmail.com,5230214,3,2,5,,,PASSED,Highly Satisfactory,SDTLPT-23-090520,HS
10,09-1820-23-PFSS-R,9,AR DRUG TESTING LABORATORY,"PUROK HILLSIDE UPPER PULACAN, LABANGAN CITY, ZAMBOANGA DEL SUR",ZAMBOANGA DEL SUR,9175257663,"AMYROSE E. DE ALBAN, MD",marian_pa_97@yahoo.com,marian_pa_97@yahoo.com,52345278,4,2,6,,,PASSED,Acceptable,SDTLPT-23-090521,A
10,09-1135-23-PIBS-R,9,UNIVERSIDAD DE ZAMBOANGA MEDICAL CENTER INC,"247 SAN JOSE ROAD, ZAMBOANGA CITY, ZAMBOANGA DEL SUR",ZAMBOANGA DEL SUR,9667556323/ 09177102109,"OSCAR M. OCAMPO, MD",teody.torino@uzmc.uz.edu.ph,teody.torino@uzmc.uz.edu.ph,5235398,3,0,3,,,PASSED,Highly Satisfactory,SDTLPT-23-090522,HS
11,10-1645-22-PFSS-R,10,FORTUNER DRUG CHECK CENTER,"FRONTING LTO, 4TH EAST ROSARIO HEIGHTS TUBOD ILIGAN CITY",LANAO DEL NORTE,09176478135 / 09455727620,"CHONILO O. RUIZ,MD",fortuner_drugcheck@yahoo.com,fortuner_drugcheck@yahoo.com,5135749,2,1,3,,,PASSED,Highly Satisfactory,SDTLPT-23-0100523,HS
11,10-0100-22-PIBS-R,10,JEM DIAGNOSTIC CENTER,"JEM BLDG., MEDINA AVENUE, CARMEN ANNEX, OZAMIZ CITY",MISAMIS OCCIDENTAL,9052165806,"HAROLD L. TEE,MD",jemdiagnosticcenter@gmail.com,jemdiagnosticcenter@gmail.com,5148038,2,2,4,,,PASSED,Highly Satisfactory,SDTLPT-23-0100524,HS
11,10-1609-22-PIBS-I,10,MEDINA GENERAL HOSPITAL,"GOV. ANGEL MEDINA SR. AVENUE, CARMEN ANNEX (LABORATORY), OZAMIZ CITY",MISAMIS OCCIDENTAL,9484353819,"HAROLD L. TEE,MD",medinalaboratory@gmail.com,medinalaboratory@gmail.com,5148035,0,3,3,,,PASSED,Highly Satisfactory,SDTLPT-23-0100525,HS
11,10-0880-22-PIBS-R,10,PDS PEME SYSTEM INTERNATIONAL CORPORATION,"BURGOS ST., COR. T. CHAVES ST. BRGY. 6, CAGAYAN DE ORO",MISAMIS OCCIDENTAL,09176331011/ (088) 851-1500-1501,"RAYTOMAS II S. BANGCONG,MD",LAB.CDOPDS@GMAIL.COM,LAB.CDOPDS@GMAIL.COM,5160256,2,1,3,,,PASSED,Highly Satisfactory,SDTLPT-23-0100526,HS
11,10-0981-22-PIBS-R,10,VILLAGE CLINICAL LABORATORY AND DRUG TESTING,"ABAMONGA BLDG., STO NI„O VILLAGE, BAROY, LANAO DEL NORTE",LANAO DEL NORTE,09178627278/ (063) 2252238,"SULPICIA D. ABAMONGA,MD",villagecliniclab@gmail.com,villagecliniclab@gmail.com,5160257,4,4,8,,,PASSED,Acceptable,SDTLPT-23-0100527,A
11,10-1709-22-PFSS-R,10,BELL MEDICAL LABORATORY/ XRAY,"8 SEMINARY DRIVE ST. BRGY., PALAONORIA, ILIGAN CITY 9200 LANAO DEL NORTE",LANAO DEL NORTE,09216234695/ (063) 223-2482/ 09455727620,"CHONILO O. RUIZ,MD",docnilopatho@gmail.com,docnilopatho@gmail.com,5160260,3,2,5,,,PASSED,Highly Satisfactory,SDTLPT-23-0100528,HS
11,10-0942-22-PFSS-R,10,DPCY HEALTHCARE DIAG. AND DRUG TESTING CENTER,"3RD REYES ST. MULTIPURPOSE BUILDING BRGY. 40, CAGAYAN DE ORO CITY",MISAMIS ORIENTAL,09171461234/ 088-881-2306,"JERRY C. ABROGUE„A,MD",dpcyhealthcare@gmail.com,dpcyhealthcare@gmail.com,5160018,1,1,2,,,PASSED,Excellent,SDTLPT-23-0100529,E
11,10-0941-22-PIBS-R,10,DON CARLOS HEALTH CHECK DIAGNOSTIC,"P1A TENORIO ARCADE, DON CARLOS HEALTH CHECK, POBLACION SUR DON CARLOS",BUKIDNON,09177193727; 0888280578,"RACHEL P. ALEGATA,MD",doncarloshealthcheck_diagnostics.com.ph,doncarloshealthcheck_diagnostics.com.ph,5160299,4,3,7,,,PASSED,Acceptable,SDTLPT-23-0100530,A
11,10-0940-22-PIBS-R,10,CMDC MULTISPECIALISTS DIAGNOSTIC CENER,"LAPASAN HWY, CORNER OLANGO ST., BRGY. LAPASAN, CAGAYAN DE ORO CITY",MISAMIS ORIENTAL,09173211221/ 09209600365,"JERRY C. ABROGUE„A,MD",graciascasino2121@yahoo.com,graciascasino2121@yahoo.com,5160289,2,0,2,,,PASSED,Excellent,SDTLPT-23-0100531,E
11,10-0975-22-PFSS-R,10,QUICKSCAN DRUG TESTING LABORATORY,"SAN VICTORES ST., BRGY 9, MALAYBALAY CITY, BUKIDNON ",BUKIDNON ,9770243433,"JERRY C. ABROGUENA, MD",vylette_vine@yahoo.com,vylette_vine@yahoo.com,5159070,1,2,3,,,PASSED,Highly Satisfactory,SDTLPT-23-0100532,HS
11,10-1164-22-PFSS-R,10,MEGA DRUGS SCREENING LABORATORY,"0062 DON PEDRDP CELDRAN AV., 4TH EAST ROSARIO HEIGHTS, TUBOD",BUKIDNON,9688510050,"CHONILO O. RUIZ, MD",magsclem0722@gmail.com / megadrug224@gmail.com,magsclem0722@gmail.com / megadrug224@gmail.com,5158948,0,0,0,,,PASSED,Excellent,SDTLPT-23-0100533,E
11,10-1626-22-PIBS-R,10,ONE LAB DIAGNOSTIC LAB AND DRUG TESTING CENTER,"FERNANDEZ EXT. BRGY 40, CAGAYAN DE ORO CITY, MISAMIS ORIENTAL",MISAMIS ORIENTAL,09156878843; 0888822406,"JERRY C. ABROGUENA, MD",onelab2019@yahoo.com / vunj_aquino@yahoo.com,onelab2019@yahoo.com / vunj_aquino@yahoo.com,5160023,2,0,2,,,PASSED,Excellent,SDTLPT-23-0100534,E
11,10-1163-22-PIBS-R,10,GT DIAGNOSTIC LABORATORY AND DRUG TESTING CENTER,"ZONE II CODILLA ST., POBLACION, INITAO, MISAMIS ORIENTAL",MISAMIS ORIENTAL,09675841012/ 09178493773/ 09209600365,"JERRY C. ABROGUENA, MD",gtlaboratorydrugtesting@gmail.com,gtlaboratorydrugtesting@gmail.com,5160902,4,2,6,,,PASSED,Acceptable,SDTLPT-23-0100535,A
11,10-0974-22-PFSS-R,10,OZAMIZ CITY ST. JOSEPH GENERAL HOOSPITAL,"WASHINGTON ST. 50TH BARANGAY, OZAMIS CITY, MISAMIS OCCIDENTAL",MISAMIS OCCIDENTAL,09209823708/ 088-521-1726,"JOSEPHINE C. MARAVE, MD",josephinemarave@yahoo.com,josephinemarave@yahoo.com,5160913,1,2,3,,,PASSED,Highly Satisfactory,SDTLPT-23-0100536,HS
11,10-1471-22-PFSS-R,10,KCLM DRUG TESTING CENTER,"BSP BLDG., HAYES ST., BARANGAY 40 (POB.), CAGAYAN DE ORO CITY",MISAMIS ORIENTAL,09176779480/ 088-8811659,"JERRY C. ABROGUENA, MD",kclmdtc.2011a@gmail.com,kclmdtc.2011a@gmail.com,5161741,4,4,8,,,PASSED,Acceptable,SDTLPT-23-0100537,A
11,10-0943-22-PIBS-R,10,DYNA MCRON DIAGNOSTIC CENTER,"DYNA MICRON DIAG. CENTER BLDG., GEN. AGUINALDO-ECHIVERRI ST., POBLACION, ILIGAN CITY",LANAO DEL NORTE,09676440322/(063)2216336/09455727620,"CHONILO O. RUIZ, MD",dynamicrondiagnosticcenter@gmail.com,dynamicrondiagnosticcenter@gmail.com,5161734,0,0,0,,,PASSED,Excellent,SDTLPT-23-0100538,E
11,10-0930-22-GFSS-R,10,52ND ENGINEER BRIGADE DRUGTESTING LABORATORY ,"CAMP COLONEL OSCAR F. NATIVIDAD BRGY TANKULAN, MANOLO FORTICH",BUKIDNON,09173158920/ 09688654122/09209600365,"JERRY C. ABROGUENA, MD",wendebailo@gmail.com,wendebailo@gmail.com,5161537,1,0,1,,,PASSED,Excellent,SDTLPT-23-0100539,E
11,10-0952-22-PFSS-R,10,LTJ DRUG TESTING LABORATORY,"REVIL STREET, POBLACION II, OROQUIETA CITY (Capital)",MISAMIS OCCIDENTAL,09639286102/ (088) 531-1009,"CHRISTINE G. ACOMPA„ADO, MD",aileen.taladua@yahoo.com,aileen.taladua@yahoo.com,5161539,3,3,6,,,PASSED,Acceptable,SDTLPT-23-0100540,A
11,10-0931-22-PFSS-R,10,A&K MALAYBALAY CLINICAL LABORATORY AND DRUG TESTING CENTER,"ORLEANS BLDG. SAN VICTORES ST. BRGY. 9, MALAYBALAY CITY, BUKIDNON",BUKIDNON,09068502429/09209600365,"JERRY C. ABROGUENA, MD",kda_29abella@yahoo.com,kda_29abella@yahoo.com,5164568,1,2,3,,,PASSED,Highly Satisfactory,SDTLPT-23-0100541,HS
11,10-1162-22-PFSS-R,10,DON CARLOS DOCTORS HOSPITAL DRUGTESTING LABORATORY ,"E. AGUINALDO ST., DON CARLOS CITY, BUKIDNON ",BUKIDNON,9353145672,"MAXIMO A. SAAVEDRA, MD",rechelle_grace@yahoo.com,rechelle_grace@yahoo.com,5164556,3,0,3,,,PASSED,Highly Satisfactory,SDTLPT-23-0100542,HS
11,10-0843-23-PFSS-R,10,FAITH HOSPITAL,"LAS AGUADAS ST., AGUADA OZAMIZ CITY (NEAR MISAMIS UNIVERSITY)",MISAMIS OCCIDENTAL,(088)3199262/ 09190796760,"ANGEL JR T. FELICIANO, MD",faith_laboratory2013@yahoo.com,faith_laboratory2013@yahoo.com,5167989,1,0,1,,,PASSED,Excellent,SDTLPT-23-0100543,E
11,10-1339-22-PIBS-R,10,HEALTHCHECK CLINIC AND DIAGNOSTIC CENTER,"UNO BUILDING A. VELEZ STREET, CAGAYAN DE ORO CITY, MISAMIS ORIENTAL",MISAMIS ORIENTAL,09176279284/09173187661/088.8521096,"MAXIMO A. SAAVEDRA, MD",sue_maki@yahoo.com / laboratory.healthcheckcdo@gmail.com,sue_maki@yahoo.com / laboratory.healthcheckcdo@gmail.com,5171754,0,3,3,,,PASSED,Highly Satisfactory,SDTLPT-23-0100544,HS
11,10-0951-22-PFSS-R,10,LMA DRUG TESTING CENTER,"3RD FR., LAWANSA BLDG, CAMAGUE HWY, TOMINOBO PROPER, ILIGAN CITY",LANAO DEL NORTE,9666211354,"CHONILO O. RUIZ, MD",lmadrugtest@yahoo.com,lmadrugtest@yahoo.com,5182149,2,2,4,,,PASSED,Highly Satisfactory,SDTLPT-23-0100545,HS
11,10-1428-23-PIBS-R,10,CAPITOL UNIVERSITY MEDICAL CENTER,"SAN PEDRO, GUSA, CAGAYAN DE ORO CITY, MISAMIS ORIENTAL",MISAMIS ORIENTAL,091772929994 / 8564703 LOC 137,"MAXIMO A. SAAVEDRA, MD",cumclab.cdo@gmail.com,cumclab.cdo@gmail.com,5182705,0,2,2,,,PASSED,Excellent,SDTLPT-23-0100546,E
11,10-0837-23-PIBS-R,10,CDO POLYMEDIC LIMKETKAI MEDICAL CLINIC INC. DTL,2ND FLR SKYPARK BLDG LIMKETKAI MALL LAPASAN HWY CAGAYAN DE ORO CITY,MISAMIS ORIENTAL,09177773749/ 09161530738,"MAXIMO A. SAAVEDRA, MD",polymedic.lkk@gmail.com,polymedic.lkk@gmail.com,5189138,0,2,2,,,PASSED,Excellent,SDTLPT-23-0100547,E
11,10-0834-23-PIBS-R,10,"CAGAYAN DE ORO POLYMEDIC GENERAL HOSP , INC DTL",CDO POLYMEDIC GEN. HOSP. DON APOLINAR VELEZ ST. CAGAYAN DE ORO CITY,MISAMIS ORIENTAL,9650559587,"MAXIMO A. SAAVEDRA, MD",cdopolymedicgeneralhospitallab@gmail.com,cdopolymedicgeneralhospitallab@gmail.com,5189123,1,2,3,,,PASSED,Highly Satisfactory,SDTLPT-23-0100548,HS
11,10-1299-23-PIBS-R,10,"CDO POLYMEDIC MEDICAL PLAZA, INC. DTL","KAUSWAGAN NATIONAL HIGHWAY CAGAYAN DE ORO CITY, MISAMIS ORIENTAL",MISAMIS ORIENTAL,09173051163/(088)858-5241 LOC 183/ 09452166464,"MAXIMO A. SAAVEDRA, MD",cdopolymedicmedicalplaza@gmail.com,cdopolymedicmedicalplaza@gmail.com,5189122,1,2,3,,,PASSED,Highly Satisfactory,SDTLPT-23-0100549,HS
11,10-0862-23-GIBS-R,10,MAYOR HILARION A. RAMIRO SR. MEDICAL CENTER,"MINDOG, MANINGCOL, OZAMIS CITY, MISAMIS OCCIDENTAL",MISAMIS OCCIDENTAL,09071060438; 0885210440,"HAROLD L. TEE, MD",mharsmc.lab@gmail.com,mharsmc.lab@gmail.com,5190527,0,4,4,,,PASSED,Highly Satisfactory,SDTLPT-23-0100550,HS
11,10-0881-23-PIBS-R,10,TAGOLOAN POLYMEDIC GENERAL HOSPITAL INC. DTL,PHIVIDEC COMPOUND STA CRUZ TAGOLOAN MISAMIS ORIENTAL,MISAMIS ORIENTAL,9258986944,"MAXIMO A. SAAVEDRA, MD",lab.tpgh@gmail.com,lab.tpgh@gmail.com,5189124,2,3,5,,,PASSED,Highly Satisfactory,SDTLPT-23-0100551,HS
11,10-0950-22-PIBS-R,10,JJB MEDICAL DIAGNOSTIC,"GF FICCO BLDG., MARANDING, LALA CITY, LANAO DEL NORTE", LANAO DEL NORTE,094784444876/ 09174165808/ (063) 2278491,"RASHIDAH A. GURO, MD",rash_guco@yahoo.com/ jjbdiagnostics@gmail.com,rash_guco@yahoo.com/ jjbdiagnostics@gmail.com,5191809,2,2,4,,,PASSED,Highly Satisfactory,SDTLPT-23-0100552,HS
11,10-0978-22-PIBS-R,10,ST. VINCENT FERRER CLINICAL LABORATORY,"#500 J, APOSTOL BLDG., 2/F, G. LA VI„A ST., POB. VALENCIA CITY, BUKIDNON",BUKIDNON,0917-704-0494 / 088-828-5017,"MAXIMO A. SAAVEDRA, MD",st.vincentferrerclinlab@yahoo.com.ph,st.vincentferrerclinlab@yahoo.com.ph,5190948,1,2,3,,,PASSED,Highly Satisfactory,SDTLPT-23-0100553,HS
11,10-1360-22-PIBS-R,10,NINE MEDICAL LABORATORY,"NATIONAL HIGHWAY, BRGY 23 , GINGOOG CITY, (NEAR PNB)",MISAMIS ORIENTAL ,09561687158; 0888586408; 09209453229,"GERARD L. LAMAYRA, MD",9medlab@gmail.com,9medlab@gmail.com,5196490,1,1,2,,,PASSED,Excellent,SDTLPT-23-0100554,E
11,10-1177-23-PFSS-R,10,MISSION FAMILY INFIRMARY,"PUROK 9, CENTRO DAMILG, MANOLO FORTICH, BUKIDNON",BUKIDNON,09969278900/ 09569278900,"SARAH H. CASIO, MD",mfi.drugtesting@gmail.com,mfi.drugtesting@gmail.com,5203272,1,2,3,,,PASSED,Highly Satisfactory,SDTLPT-23-0100555,HS
11,10-0835-23-GIBS-R,10,CAMP EVANGELISTA STATION HOSP - DRUG TESTING LAB,"CAMP EVANGELISTA, PATAG, CAGAYAN DE ORO CITY, MISAMIS ORIENTAL",MISAMIS ORIENTAL ,09087573327/ 09177989988,"RAMON M. NERY, MD",ceshlab@gmail.com,ceshlab@gmail.com,5203571,3,0,3,,,PASSED,Highly Satisfactory,SDTLPT-23-0100556,HS
11,10-1704-22-GIBS-I ,10,CHO LYING-IN AND FAMILY PLANNING CLINIC DRUG TESTING CENTER,"GR. FLR CITY HEALTH BLDG, ROOM 10 MORTOLA HAYES ST. CAGAYAN DE ORO CITY",MISAMIS ORIENTAL ,09171372881/ 09209600365,"JERRY C. ABROGUENA, MD",chocdodaiagnosticlab@gmail.com,chocdodaiagnosticlab@gmail.com,5207577,1,2,3,,,PASSED,Highly Satisfactory,SDTLPT-23-0100557,HS
11,10-1508-23-PIBS-R,10,BONGCAS HOLY CHILD HOSPITAL,"PUROK 2, SOUTH POBLACION, MARAMAG CITY, BUKIDNON",BUKIDNON,9176648450 (088) 8281746,"RAMON M. NERY, MD",loverstificar14@gmail.com,loverstificar14@gmail.com,5214779,2,0,2,,,PASSED,Excellent,SDTLPT-23-0100558,E
11,10-1725-23-PIBS-I,10,GREATLAB POLYCLINIC & DRUGTESTING CENTER,"2/F LIFESTYLE DISTRICT, CORRALES EXT., BRGY 23, CAGAYAN DE ORO CITY",MISAMIS ORIENTAL ,9175652141,"JERRY C. ABROGUENA, MD",greatlabpolyclinic@gmail.com,greatlabpolyclinic@gmail.com,5207571,1,1,2,,,PASSED,Excellent,SDTLPT-23-0100559,E
11,10-1726-23-PIBS-R,10,GREAT LAB TAGOLDAN DIAG. AND DRUG TESTING CENTER,"#1 MANATANDANG SORA ST., POBLACION, TAGOLOAN CITY, MISAMIS ORIENTAL",MISAMIS ORIENTAL ,09171858460/ 09178371542,"GERARD L. LAMAYRA, MD",greatlabtagoloan@gmail.com,greatlabtagoloan@gmail.com,5207573,1,1,2,,,PASSED,Excellent,SDTLPT-23-0100560,E
11,10-0883-23-PFSS-R,10,VITALAB HEALTHCARE INC,"DOOR 3 ATC BLDG. LUNA-VELEZ ST, CAGAYAN DE ORO CITY, MISAMIS ORIENTAL ",MISAMIS ORIENTAL ,09558074667/ (088) 850 3069,"GERARD L. LAMAYRA, MD",vitalabcfo@gmail.com,vitalabcfo@gmail.com,5215816,1,0,1,,,PASSED,Excellent,SDTLPT-23-0100561,E
11,10-0939-22-PIBS-R,10,CEDAR SCIENTIFIC CLINICAL- DRUG TESTING LAB,"JAMES HAYES ST. CAMAMAN-AN, CAGAYAN DE ORO CITY, MISAMIS ORIENTAL",MISAMIS ORIENTAL,9176267204,"EDGARDO B. ADIANO, MD",cedarclinlabcdo@gmail.com,cedarclinlabcdo@gmail.com,5237196,1,0,1,,,PASSED,Excellent,SDTLPT-23-0100562,E
11,10-0146-23-PFSS-R,10,BIOCARE DRUG TESTIG LABORATORY,"PUROK 6, TABLON, COOP NESTLE BLDG, TABLON, NATIONAL HIGHWAY",MISAMIS ORIENTAL,09171426925/ 09177172935,"ERODDULF L. PETILLA, MD",biocorelabhub@gmail.com,biocorelabhub@gmail.com,5219310,1,1,2,,,PASSED,Excellent,SDTLPT-23-0100563,E
11,10-0865-23-GIBS-R,10,NORTHERN MINDANAO MEDICAL CENTER-DRUG TESTING LAB,"CAPITOL COMPOUND, BRGY. 27, CAGAYAN DE ORO CITY, MISAMIS ORIENTAL",MISAMIS ORIENTAL,9209600365,"JERRY C. ABROGUENA, MD",nmmc_patho@yahoo.com,nmmc_patho@yahoo.com,5219311,0,0,0,,,PASSED,Excellent,SDTLPT-23-0100564,E
11,10-0852-23-PIBS-R,10,HI-PRECISION DIAGNOSTICS,"JR. BORJA ST. COR., AGUINALDO ST. COGON, CAGAYAN DE ORO CITY",MISAMIS ORIENTAL,09177088986/ (088) 8592004/ 09177773749,"MAXIMO JR A. SAAVEDRA, MD",hpodo.lab@hi-precision.com.ph,hpodo.lab@hi-precision.com.ph,5220540,0,4,4,,,PASSED,Highly Satisfactory,SDTLPT-23-0100565,HS
11,10-0976-22-PIBS-R,10,SACRED HEART MEDICAL LABORATORY,"67 TORIBIO CHAVEZ ST., BRGY 4, CAGAYAN DE ORO CITY, MISAMIS ORIENTAL",MISAMIS ORIENTAL,088-881958,"JERRY C. ABIZOGUE„A, MD",cabance-m@yahoo.com,cabance-m@yahoo.com,5226164,2,1,3,,,PASSED,Highly Satisfactory,SDTLPT-23-0100566,HS
11,10-0887-23-PIBS-R,10,LIFELINK DRUG TESTING SITE,"2ND FR. ALMIRANTE BLDG., DON A. VELEZ ST. BRGY. 19, CAGAYAN DE ORO CITY",MISAMIS ORIENTAL,09171468872; (088) 8804268,"JERRY C. ABIZOGUE„A, MD",lifelink11@yahoo.com,lifelink11@yahoo.com,5226163,0,0,0,,,PASSED,Excellent,SDTLPT-23-0100567,E
11,10-0951-20-PIBS-R,10,ADVENTIST MEDICAL CENTER - VALENCIA CITY DRUG TESTING,"A. AGUILAR ST., POBLACION, VALENCIA CITY, BUKIDNON",BUKIDNON,09458696984/ 09177182076,"RACHEL P. ALEGATA, MD",amcvalencia2016@gmail.com,amcvalencia2016@gmail.com,5236172,2,1,3,,,PASSED,Highly Satisfactory,SDTLPT-23-0100568,HS
12,11-1490-22-PIBS-R,11,"RIVERA MEDICAL CENTER, INC.","7302 BRGY SAN FRANCISCO, PANABO CITY, DAVAO DEL NORTE",DAVAO DEL NORTE,9177107032 / (084)6285234,"OSCAR P. GRAGEDA,MD",rmci_lab@yahoo.com.ph,rmci_lab@yahoo.com.ph,5125974,2,4,6,,,PASSED,Acceptable,SDTLPT-23-0110569,A
12,11-0959-22-PIBS-R,11,RUGENE N. BERATO WELL LAB. DIAGNOSTIC CENTER,"J.SAAVEDRA ST., TORIL, (FRONT OLD BPI/SUNCOR GROCERAMA) DAVAO CITY",DAVAO DEL SUR,099507145717 / 09434600629 / 333-7022,"EDMUNDO JR. J. VISITACION,MD",welllaboratorydiagnosticcenter@gmail.com,welllaboratorydiagnosticcenter@gmail.com,5135748,2,2,4,,,PASSED,Highly Satisfactory,SDTLPT-23-0110570,HS
12,11-1165-22-PIBS-R,11,ALPHACARE MEDICAL LABORATORY,"CONCEPCION BLDG., MAGSAYSAY ST. CALINAN, DAVAO CITY, DAVAO DEL SUR",DAVAO DEL SUR,0063-915-449-0680 / 0063-977-675-1972 (082) 2222966,"JOHARI M. ANCHETA,MD",alphacaremedlab@gmail.com,alphacaremedlab@gmail.com,5153088,2,2,4,,,PASSED,Highly Satisfactory,SDTLPT-23-0110571,HS
12,11-1485-22-PIBS-R,11,"UNIV. OF THE IMMACULATE CONCEPTION (DAVAO CITY), INC","A. BONIFACIO ST. BARANGAY 1-A (POB.), DAVAO CITY, DAVAO DEL SUR",DAVAO DEL SUR,09255001953/09209510796,"LEONCIO U. ONG,MD",uicclinicallaboratory@gmail.com,uicclinicallaboratory@gmail.com,5148039,2,1,3,,,PASSED,Highly Satisfactory,SDTLPT-23-0110572,HS
12,11-0967-22-PFSS-R,11,SAN ROQUE RETROUVAILLE CENTER,"DOOR 8, ARAFOL BLDG., MARGARITA VILLAGE, CAPITOL ROAD, MANKILAM, TAGUM CITY",DAVAO DEL NORTE,9976423218,"EUGENIA S. HINGPIT,MD",srdtc_mankilam@yahoo.com,srdtc_mankilam@yahoo.com,5149686,0,5,5,,,PASSED,Highly Satisfactory,SDTLPT-23-0110573,HS
12,11-1167-22-PIBS-R,11,"HEALTHPLUS DIAGNOSTIC SPECIALIST, INC. ","272 BONIFACIOST. BRGY 33-D POBLACION DISTRICT DAVAO, DAVAO CITY",DAVAO DEL SUR,09228951192 / 0822271192,"JOHN PATRICK C. PADILLA,MD",healthplusdavao@yahoo.com,healthplusdavao@yahoo.com,5146218,2,2,4,,,PASSED,Highly Satisfactory,SDTLPT-23-0110574,HS
12,11-0808-22-PIBS-R,11,CARELIFE MEDICAL LABORATORY AND DIAG. CENTER INC. ,"DOOR #18, JIN LONG BLDG.. BRGY. UBALDE R. CASTILLO, ST. AGDAO, DAVAO CITY",DAVAO DEL SUR,09953830197/ (082) 2873138,"OSCAR P. GRAGEDA,MD",carelife.laboratory@gmail.com,carelife.laboratory@gmail.com,5146222,0,1,1,,,PASSED,Excellent,SDTLPT-23-0110575,E
12,11-0986-22-PIBS-R,11,"SINGAPORE MEDICAL LABORATORIES, INC.","2F ML2 BLDG., 26 SOBRECAREY ST, BO OBRERO, DAVAO CITY, DAVAO DEL SUR",DAVAO DEL SUR,917701170/ 0822334291,"JOHN PATRICK C. PADILLA,MD",corelabdavao@singaporediagnostics.com,corelabdavao@singaporediagnostics.com,5158122,2,5,7,,,PASSED,Acceptable,SDTLPT-23-0110576,A
12,11-1532-22-PIBS-R,11,PHILIPPINE NIKKEI JIN KAI POLYCLINIC & DIAG. CENTER INC,"G/F PHIL. NIKKEI VIN KAI POLYCLINIC BLDG., ANGLIONTO AVE. LANANG, DAVAO CITY",DAVAO DEL SUR,082-321-6860,"MARLON M. MARAMION,MD",pnjkpolyclinic2009@gmail.com,pnjkpolyclinic2009@gmail.com,5157846,1,4,5,,,PASSED,Highly Satisfactory,SDTLPT-23-0110577,HS
12,11-0936-18-PIBS-R,11,ST. PETER- PAUL MEDICAL CLINIC INC. - DAVAO,"RM.208 LEE BUSSINESS CENTER JUAN LUNA & JUAN DELA CRUZ ST.BGRY. 27,DAVAO CITY",DAVAO DEL SUR,09173248677/ (082) 2229812,"EDMUNDO JR. J. VISITACION,MD",sppmci.davao2000@gmail.com,sppmci.davao2000@gmail.com,5159251,1,2,3,,,PASSED,Highly Satisfactory,SDTLPT-23-0110578,HS
12,11-1488-22-PIBS-R,11,ULTRALABX DIAGNOSTIC CENTER,"GEN LIM ST. ZONE III, DIGOS CITY, DAVAO DEL SUR",DAVAO DEL SUR,09154960258 / 09177959110,"JOHN PATRICK C. PADILLA,MD",ultralabx@gmail.com,ultralabx@gmail.com,5157003,2,5,7,,,PASSED,Acceptable,SDTLPT-23-0110579,A
12,11-0800-22-PIBS-R,11,ANDA RIVERVIEW MEDICAL CENTER INC.,"BRGY., 2 A, MAGALLANES ST. ANDA RIVERSIDE, DAVAO CITY, DAVAO DEL SUR",DAVAO DEL SUR,09398589559; 0822210808 LOC 203; 09177018515,"OSCAR P. GRAGEDA,MD",armci.hospital@gmail.com,armci.hospital@gmail.com,5160258,4,3,7,,,PASSED,Acceptable,SDTLPT-23-0110580,A
12,11-0849-22-PIBS-R,11,PACIFICMD MEDICAL CLINIC ,"BABAK-SAMAL KAPUTIAN ROAD. BRGY VILLARICA, ISLAND GARDEN CITY OF SAMAL",DAVAO DEL NORTE,9236007920,"MARLON M. MARAMION,MD",pacificmdmc@gmail.com,pacificmdmc@gmail.com,5160261,4,4,8,,,PASSED,Acceptable,SDTLPT-23-0110581,A
12,11-0415-22-PIBS-R,11,HYATT DIAGNOSTIC SYSTEM INC.,"2ND FLOOR JALTAN BUILDING CM RECTO, DAVAO CITY, DAVAO DEL SUR",DAVAO DEL SUR,09228931002; 0822867569,"JOHN PATRICK C. PADILLA,MD",hyattdiaginc@gmail.com,hyattdiaginc@gmail.com,5160275,0,3,3,,,PASSED,Highly Satisfactory,SDTLPT-23-0110582,HS
12,11-1655-22-PIBS-I,11,MATI MEDICAL CLINIC AND DIAGNOSTIC CENTER,"PUROK MABUHAY II, PANAMIN, BRGY. MATIAO, MATI, DAVAO ORIENTAL",DAVAO ORIENTAL,09061945448/ 09258892121,"OSCAR P. GRAGEDA,MD",mmsdcmatic@gmailcom,mmsdcmatic@gmailcom,5160295,1,3,4,,,PASSED,Highly Satisfactory,SDTLPT-23-0110583,HS
12,11-1033-22-PFSS-R,11,WATCH DRUG TESTING AND DIAGNOSTIC CENTER,"2ND FLOOR CHUA BLDG., OSME„A ST. MAGUGPO, POBLACION, TAGUM CITY",DAVAO DEL NORTE,09269491235; 09209529948,"ALEJANDRO JR. L DOMINGO, MD",junet_reloj@yahoo.com,junet_reloj@yahoo.com,5159073,3,2,5,,,PASSED,Highly Satisfactory,SDTLPT-23-0110584,HS
12,11-0812-22-PIBS-R,11,DAVAO DOCTOR'S HOSPITAL (CLINICA HILARIO),"118 E. QUIRINO AVENUE,, DAVAO DOCTORS HOSP, DAVAO CITY (CLINICA HILARIO)",DAVAO DEL SUR,09257000725/ 09176780816/ 222-8000 LOCAL 8122,"OSCAR P. GRAGEDA, MD",gpdelacruz@ddh.com.ph,gpdelacruz@ddh.com.ph,5156958,1,1,2,,,PASSED,Excellent,SDTLPT-23-0110585,E
12,11-1028-22-PIBS-R,11,TADECO HOSPITAL,"PUROK 18 BRGY AO FLORENDO, PANABO, DAVAO DEL NORTE",DAVAO DEL NORTE,09302206461/ 09177018515,"OSCAR P. GRAGEDA, MD",tdchlab21@gmail.com,tdchlab21@gmail.com,5159102,1,0,1,,,PASSED,Excellent,SDTLPT-23-0110586,E
12,11-1038-22-PIBS-R,11,ST.HYACINTH DIAGNOSTIC LABORATORY,"582-B LIM BLDG., QUIRINO AVE., DAVAO CITY,(IN FRONT OF FELCRIS QUIRINO)",DAVAO DEL SUR,09228867281/(082) 3336446 /09209458011,"FLORANNE MARGARET L. MARGARET, MD",sthyacinthdiagnosticlab@gmail.com,sthyacinthdiagnosticlab@gmail.com,5160282,3,5,8,,,PASSED,Acceptable,SDTLPT-23-0110587,A
12,11-1016-22-PIBS-R,11,TORIL DIAGNOSTIC LABORATORY,"DOOR 4 SAAVEDRA BUILDING, AGTON STREET, TORIL, DAVAO CITY",DAVAO DEL SUR,09177183662/(082)291-0090,"FLORANNE MARGARET L. MARGARET, MD",michelledonayre2@gmail.com,michelledonayre2@gmail.com,5160021,3,0,3,,,PASSED,Highly Satisfactory,SDTLPT-23-0110588,HS
12,11-0416-22-PFSS-R,11,NOEL SJ. LARANTA MAHOGANY DRUG TESTING CENTER,"105 GF BERMEJO BLDG., A PICHON ST., BRGY. 39-D, DAVAO CITY, DAVAO DEL SUR",DAVAO DEL SUR,9331481413,"JOVVENAL C. DELGADO, MD",mahoganydavao3852@gmail.com,mahoganydavao3852@gmail.com,5160296,0,2,2,,,PASSED,Excellent,SDTLPT-23-0110589,E
12,11-0806-22-PIBS-R,11,BROKENSHIRE INTEGRATED HEALTH MINISTRIES INC.,"BROKENSHIRE HEIGHTS MADAPO HILLS,BRGY 8-A POBLACION DIST. DAVAO CITY",DAVAO DEL SUR,9325798434/(082) 282-1908 LOC 4117,"EDMUNDI J. VISITACION, MD",laboratory@brokenshire.org,laboratory@brokenshire.org,5160914,2,3,5,,,PASSED,Highly Satisfactory,SDTLPT-23-0110590,HS
12,11-0789-22-PFSS-R,11,AC-RED DRUG TESTING CENTER,"PUROK 5 TRADING BOULEVARD BRGY 38 D, DAVAO CITY, DAVAO DEL SUR",DAVAO DEL SUR,09166449429/ 09971105921/ 09328437875/ (082) 333-5812,"MARLON M. MARION, MD",ac_reddrugtestmedicalcenter@yahoo.com,ac_reddrugtestmedicalcenter@yahoo.com,5160933,1,0,1,,,PASSED,Excellent,SDTLPT-23-0110591,E
12,11-0417-22-PFSS-R,11,SOLID FOUR DRUG TESTING CENTER,"DOOR 4 PIATOS BLDG. PICHON ST., BRGY. 1-A (POB.), DAVAO CITY",DAVAO DEL SUR,09506035867/ 082-3276232,"JOUVENAL C. DELGADO, MD",solidfour@yahoo.com,solidfour@yahoo.com,5160916,1,0,1,,,PASSED,Excellent,SDTLPT-23-0110592,E
12,11-0809-22-PFSS-R,11,CUBERO DRUG TEST CENTER,"BLK 1-LOT 1 NHA, DAHICAN, MATI CITY, DAVAO ORIENTAL",DAVAO ORIENTAL,09310940888/ 09171502733,"LUNINGNING P. CUBERO, MD",cuberodrugtestingcenter@gmail.com,cuberodrugtestingcenter@gmail.com,5160925,0,2,2,,,PASSED,Excellent,SDTLPT-23-0110593,E
12,11-1030-22-PIBS-R,11,VITAMER MEDICAL LABORATORY,"SAMPAGUITA ST. MINTAL, DAVAO CITY, DAVAO DEL SUR",DAVAO DEL SUR,09171360317/ 2379655/ 2995756,"ALEJANDRO L. DOMINGO JR., MD",vitamermedicallab@ygmail.com,vitamermedicallab@ygmail.com,5160928,3,2,5,,,PASSED,Highly Satisfactory,SDTLPT-23-0110594,HS
12,11-0972-22-GIBS-R,11,SOUTHERN PHILIPPINES MEDICAL CENTER,"HSSC BLG., DRUG TESTING SECTUM SPMC COMPOUND JP LAUREL, DAVAO CITY",DAVAO DEL SUR,09156723305/ 0822272731 LOC. 4144,"MARLON M. MARION, MD",spmcdrugtesting@gmail.com,spmcdrugtesting@gmail.com,5161737,1,2,3,,,PASSED,Highly Satisfactory,SDTLPT-23-0110595,HS
12,11-0791-22-PIBS-R,11,ADVENTIST HOSPITAL- DAVAO INC.,"KM 7 MC ARTHUR HIGHWAY, BANGKAL, BRGY. TALOMO, DAVAO CITY",DAVAO DEL SUR,09385438298/ 0822983805 LOC. 104,"LEONCIO U. ONG, MD",laboratory@adventisthealth_duo.com,laboratory@adventisthealth_duo.com,5161735,0,4,4,,,PASSED,Highly Satisfactory,SDTLPT-23-0110596,HS
12,11-1429-22-GFSS-R,11,10 1D DRUG TESTING AND SCREENING CENTER,"CAMP GENERAL MANUEL T. YAN. SR BARANGAY TUBORAN, MAWAB",DAVAO DE ORO,9282769395,"RAUL S. SASUCA, MD",jimsmaysix@gmail.com,jimsmaysix@gmail.com,5161548,0,1,1,,,PASSED,Excellent,SDTLPT-23-0110597,E
12,11-0803-22-PIBS-R,11,"BIOANALYTICAL LAB. AND DIAGNOSTIC CLINIC, INC.","DOOR 2 AND 3, GRI BUSINESS CENTER BUILDING KM 14 PANACAN, DAVAO CITY",DAVAO DEL SUR,09614478483/ (082) 224-9580,"EDMUNDO J. VISITACION, MD",bioana2009@gmail.com,bioana2009@gmail.com,5161549,3,1,4,,,PASSED,Highly Satisfactory,SDTLPT-23-0110598,HS
12,11-1166-22-PIBS-R,11,DAVAO MEDICAL SCHOOL FOUNDATION INC. HOSPITAL,"DR A. GAHOL AVENUE, BRGY 19-B, DAVAO CITY, DAVAO DEL SUR",DAVAO DEL SUR,09266887834/ 0917708515/ (082) 2279330 LOC. 259,"OSCAR P. GRAGEDA, MD",oscargrageda@yahoo.com/ dmsfhilaboratory@gmail.com,oscargrageda@yahoo.com/ dmsfhilaboratory@gmail.com,5161738,1,0,1,,,PASSED,Excellent,SDTLPT-23-0110599,E
12,11-0845-22-PIBS-R,11,METRO DAVAO MEDICAL AND RESEARCH CENTER INC.,"KM4 J.P LAUREL AVENUE BAJADA, DAVAO CITY, DAVAO DEL SUR ",DAVAO DEL SUR,2877777 LOC. 5102/09177018515/09173510972,"OSCAR P. GRAGEDA, MD",mdmrci.lab@gmail.com,mdmrci.lab@gmail.com,5167991,0,1,1,,,PASSED,Excellent,SDTLPT-23-0110600,E
12,11-0958-22-PIBS-R,11,POLYCLINIC DAVAO INCORPORATED ,"SANTIAGO ARTIAGA COR. AURORA QUEZON ST, BARANGAY 36-D DAVAO CITY",DAVAO DEL SUR,082-2227622,"OSCAR P. GRAGEDA, MD",polyclinicdvoinc_08@yahoo.com,polyclinicdvoinc_08@yahoo.com,5167994,0,0,0,,,PASSED,Excellent,SDTLPT-23-0110601,E
12,11-1029-22-PIBS-R,11,UM MEDICAL & MULTITEST DIAGNOSTIC CENTER INC,"CAYETANO BANGOY ST., DAVAO CITY, DAVAO DEL SUR",DAVAO DEL SUR,082-222-8066 / (082) 222-80-66,"JOHN PATRICK C. PADILLA, MD",ummultitestlab@yahoo.com / tinapads@yahoo.com,ummultitestlab@yahoo.com / tinapads@yahoo.com,5178811,0,1,1,,,PASSED,Excellent,SDTLPT-23-0110602,E
12,11-0811-22-GFSS-R,11,DAVAO DEL NORTE DRUG TESTING LABORATORY,"CAPITOL CENTER, TAGUM CITY, DAVAO DEL NORTE",DAVAO DEL NORTE,09496206711 / 09496206711,"MARY ANNE O. BERNAS, MD",roseleenadlayan19@gmail.com,roseleenadlayan19@gmail.com,5182131,3,0,3,,,PASSED,Highly Satisfactory,SDTLPT-23-0110603,HS
12,11-0843-22-PFSS-R,11,LYCON DIAGNOSTIC CENTER,"DOOR NO. 2 LSAGUIRRE BLDG RAMON MAGSAYSAY ST CALINAN, DAVAO CITY",DAVAO DEL SUR,0822724286 / 09206353932 / 0822724286,"ALEJANDRO JR. L DOMINGO, MD","lycondx2@gmail,com","lycondx2@gmail,com",5182139,1,2,3,,,PASSED,Highly Satisfactory,SDTLPT-23-0110604,HS
12,11-0821-22-PIBS-R,11,LYCON DIAGNOSTIC CENTER,"G/F ESPINO BLDG J.P. LAUREL AVE. BAJADA, DAVAO CITY, DAVAO DEL SUR",DAVAO DEL SUR,0822991880 / 0920635932,"ALEJANDRO JR. L DOMINGO, MD",lycondx@gmail.com,lycondx@gmail.com,5182140,1,1,2,,,PASSED,Excellent,SDTLPT-23-0110605,E
12,11-1046-23-PFSS-R,11,"SAN ROQUE, RETROUVAILLE CENTER","DOOR 5, DABON BLDG, AURORA 6TH ST (BESIDE LTO OFFICE), DIGOS CITY",DAVAO DEL SUR,09189356214 / 082538291 / 09089469726,"IMELDA L. BELGA, MD",ilab_melds@yahoo.com / sanroquedtc22@yahoo.com,ilab_melds@yahoo.com / sanroquedtc22@yahoo.com,5182500,1,1,2,,,PASSED,Excellent,SDTLPT-23-0110606,E
12,11-0794-22-PIBS-R,11,ALTERADO GENERAL HOSPITAL MC,"P. VILLANUEVA STREET. COR R.CASTILLO AGDAO, DAVAO CITY, DAVAO DEL SUR",DAVAO DEL SUR,0822243022 / 09776134788,"OSCAR P. GRAGEDA, MD",alterado_generalhospital@yahoo.com.ph,alterado_generalhospital@yahoo.com.ph,5182707,2,2,4,,,PASSED,Highly Satisfactory,SDTLPT-23-0110607,HS
12,11-1752-23-PIBS-R,11,MEDISENSE LABORATORY CENTER INC,"#156 LOCSIN BLDG., C.M RECTO ST, DAVAO CITY, DAVAO DEL SUR",DAVAO DEL SUR,09283112042/ 0822223799,"JOHN PATRICK C. PADILLA, MD",rheaniervo@yahoo.com,rheaniervo@yahoo.com,5200027,1,0,1,,,PASSED,Excellent,SDTLPT-23-0110608,E
12,11-0932-23-PFSS-I,11,ANAHAW DRUG TESTING CENTER,"R. MAGSAYSAY ST., SUIZO BLDG., BRGY. ZONE III, DIGOS CITY, DAVAO DEL SUR",DAVAO DEL SUR,0927-026-4526,"JOHN PATRICK C. PADILLA, MD",anahawdrugtest2020@gmail.com,anahawdrugtest2020@gmail.com,5191754,3,1,4,,,PASSED,Highly Satisfactory,SDTLPT-23-0110609,HS
12,11-0805-22-PFSS-R,11,BOSHWIN MEDICAL AND DRUG TEST CENTER,"ENTRANCE VILLA PATRICIA, PUROK GALINGAN MANKILAM, TAGUM CITY",DAVAO DEL NORTE,09353243084; 0842181966,"EUGENIA S. HINGPIT, MD",boshwin2005@gmail.com,boshwin2005@gmail.com,5199019,2,0,2,,,PASSED,Excellent,SDTLPT-23-0110610,E
12,11-1361-23-PFSS-R,11,DATU BAGO DRUG TESTING CENTER,"SAN PEDRO STREET, BRGY. 38 D, DAVAO CITY, DAVAO DEL SUR",DAVAO DEL SUR,0991-706-2963/(082)286-0290,"MARLON M. MARION, MD",josefdbtc2008@yahoo.com,josefdbtc2008@yahoo.com,5198645,0,2,2,,,PASSED,Excellent,SDTLPT-23-0110611,E
12,11-1004-23-PFSS-R,11,DURIAN DRUG TESTING CENTER,"DOOR 1 MAGNO BLDG., QUIMPO BOULEVARD, DAVAO CITY, DAVAO DEL SUR",DAVAO DEL SUR,0923-3104-250/(082)-2860920,"MARLON M. MARION, MD",smdtc_2005@yahoo.com,smdtc_2005@yahoo.com,5198644,1,2,3,,,PASSED,Highly Satisfactory,SDTLPT-23-0110612,HS
12,11-1039-25-PFSS-R,11,SOUTH MINDANAO DRUG TEST CENTER,"DOOR 9, 2ND FLOOR TOURISM BLDG., MAGSAYSAY PARK, BRGY 27, DAVAO CITY",DAVAO DEL SUR,09917062963/082-225-1835,"FLORANNE MARGARET L. VERGARA, MD",smdtc_2005@yahoo.com,smdtc_2005@yahoo.com,5198646,0,1,1,,,PASSED,Excellent,SDTLPT-23-0110613,E
12,11-0149-23-PIBS-R,11,BMCDC CENTRAL CO.,"LUCIO ONG BLDG. KM 2 MC ARTHUR HIGHWAY, MATINA, DAVAO CITY",DAVAO DEL SUR,09707007442/ 0822845049/ (082) 2211088,"OSCAR P. GRAGEDA, MD",bmcdc.central@gmail.com,bmcdc.central@gmail.com,5203572,1,5,6,,,PASSED,Acceptable,SDTLPT-23-0110614,A
12,11-0986-23-PFSS-R,11,BMCDC HEALTHCARE INC.-MATINA,"JJL BDG., 1 STO NI„O VILLAGE, MCARTHUR HIGWAY MATINA, DAVAO CITY",DAVAO DEL SUR,09427500700/ 0822332044,"OSCAR P. GRAGEDA, MD",bhimatima.lab@gmail.com,bhimatima.lab@gmail.com,5204692,1,0,1,,,PASSED,Excellent,SDTLPT-23-0110615,E
12,11-0592-19-PIBS-R,11,SAN PEDRO HOSP. OF DAVAO CITY INC. DRUG TESTING LAB,"C. GUZMAN ST., BRGY. 14-B DAVAO CITY, DAVAO DEL SUR 8000",DAVAO DEL SUR,"09278353098/ 222-6100 LOC, 132/197","OSCAR P. GRAGEDA, MD",sphdavaodt@gmail.com,sphdavaodt@gmail.com,5211719,1,3,4,,,PASSED,Highly Satisfactory,SDTLPT-23-0110616,HS
12,11-1791-23-PFSS-R,11,DAVAO DOCTOR'S CARE CENTER AND DOH CARE CENTER- SM LANANG PREMIER,"J.P LAUREL AVENUE, BRGY. SAN ANTONIO, LANANG DAVAO CITY",DAVAO DEL SUR,09989604107/ 2443878,"OSCAR P. GRAGEDA, MD",davdocarecenter@ddh.com.ph,davdocarecenter@ddh.com.ph,5212831,0,4,4,,,PASSED,Highly Satisfactory,SDTLPT-23-0110617,HS
12,11-1789-23-PFSS-R,11,DAVAO DOCTOR'S CARE CENTER AND DOH CARE CENTER,"SM CITY DAVAO, QUIMPO BOULEVARD, BUCANA BRGY. 76-A, MATINA DAVAO CITY",DAVAO DEL SUR,09985331265/ 244-3879,"OSCAR P. GRAGEDA, MD",davdocarecenter@ddh.com.ph,davdocarecenter@ddh.com.ph,5212830,0,2,2,,,PASSED,Excellent,SDTLPT-23-0110618,E
12,11-1430-22-PIBS-R,11,"BMCDC MEDICAL STATION CO., INC. - CALINAN","DOOR 3, TNE BUILDING, DAVAO-BUKIDNON, CALINAN, DAVAO CITY",DAVAO DEL SUR,09425626374/(082)284-5093/082-2332044,"OSCAR P. GRAGEDA, MD",BMCDC.CALINAN@gmail.com,BMCDC.CALINAN@gmail.com,5215452,0,2,2,,,PASSED,Excellent,SDTLPT-23-0110619,E
12,11-0848-22-PIBS-R,11,ONPOINT8 LABORATORIES INC.,"DOOR 2 J. LIM BUILDING KM. 6 DIVERSION RD. BUHANGIN, DAVAO CITY",DAVAO DEL SUR,09190734490/ (082) 2410141,"OSCAR P. GRAGEDA, MD","onpoint8laboratories.inc@gmail,com","onpoint8laboratories.inc@gmail,com",5215454,1,0,1,,,PASSED,Excellent,SDTLPT-23-0110620,E
12,11-1431-22-PIBS-R,11,DAVAO DOCTORS HOSPITAL (CLINICAL HILARIO) INC,"MC ARTHUR HIGHWAY, DUMOY, DAVAO CITY, DAVAO DEL SUR",DAVAO DEL SUR,0932-923-4067 / 295-2556,"OSCAR P. GRAGEDA, MD",dumoylaboratory@ddh.com.ph,dumoylaboratory@ddh.com.ph,5174907,0,3,3,,,PASSED,Highly Satisfactory,SDTLPT-23-0110621,HS
12,11-1052-23-PIBS-R,11,VITALAB REDMARK CORPORATION (MAIN) ,"DOOR 2&3 MAGRICON BLDG. KM5 BAJADA, DAVAO CITY, DAVAO DEL SUR ",DAVAO DEL SUR,9985445932/ 082-287-3157,"EDMUNDO J. VISITACION, MD","vitalabmatina@gmail,com","vitalabmatina@gmail,com",5215820,0,0,0,,,PASSED,Excellent,SDTLPT-23-0110622,E
12,11-1052-23-PIBS-R,11,VITALAB REDMARK CORPORATION (BRANCH 1) ,"DOOR 1 ALBAY BLDG. MCARTHUR HIGHWAY, MATINA, DAVAO CITY",DAVAO DEL SUR,09985445932/ 09173084545,"EDMUNDO J. VISITACION, MD","vitalabmatina@gmail,com","vitalabmatina@gmail,com",5215820,2,0,2,,,PASSED,Excellent,SDTLPT-23-0110623,E
12,11-1518-23-PFSS-R,11,"PHYSICIANS' DIAGNOSTIC CENTER, INC- DAVAO","GF # 49 JOSE PALMA GIL ST., BRGY 4A DISTRICT 1, DAVAO CITY, DAVAO DEL SUR",DAVAO DEL SUR,09661706015/ 09209529948 (082) 2246672,"ALEJANDRO JR L. DOMINGO, MD",davao@pdsclinics.com,davao@pdsclinics.com,5237197,1,2,3,,,PASSED,Highly Satisfactory,SDTLPT-23-0110624,HS
12,11-0148-23-PIBS-R,11,ACCUCARE MEDICAL AND DIAGNOSTIC CLINIC,"LLANOS BLDG., A. BRIOSO ST., ZONE III, SANTA CRUZ, DAVAO DEL SUR",DAVAO DEL SUR,09485352573/ 09984751419,"MA. THERESA A. FODOC, MD",accucaremdc@yahoo.com,accucaremdc@yahoo.com,5237674,0,2,2,,,PASSED,Excellent,SDTLPT-23-0110625,E
12,11-1277-22-PIBS-R,11,NEW WORLD DIAGNOSTICS INC. ,"584 E. QUIRINO AVE., POBLACION 6-A, INFRONT OF FELCRIS CENTRALE, DAVAO CITY",DAVAO DEL SUR,09177991818/ 2216916/ 09984751419,"MA. THERESA A. FEDOC, MD",davao.laboratory@nwdi.com.ph,davao.laboratory@nwdi.com.ph,5224602,0,3,3,,,PASSED,Highly Satisfactory,SDTLPT-23-0110626,HS
12,11-1257-23-GIBS-R,11,DAVAO REGIONAL MEDICAL CENTER,"DAVAO REGIONAL MEDICAL CENTER BRGY. APOKON, TAGUM CITY",DAVAO DEL NORTE,09126451327/ (084) 2169138/ 09228564649,"ALEJANDRO JR. L. DOMINGO, MD",laboratory@drmc.doh.gov.ph,laboratory@drmc.doh.gov.ph,5223144,1,3,4,,,PASSED,Highly Satisfactory,SDTLPT-23-0110627,HS
12,11-1008-23-PIBS-R,11,FRIENDLY CARE FOUNDATION INC (DAVAO),"G/F SPCRD. BLDG. A. PICHON ST., CORNER ILUSTRE EXT, DAVAO CITY",DAVAO DEL SUR,09471874656 / 3277477/ 2271845,"OSCAR P. GRAGEDA, MD",fcfi.laboratory@gmail.com ,fcfi.laboratory@gmail.com ,5230143,0,3,3,,,PASSED,Highly Satisfactory,SDTLPT-23-0110628,HS
12,11-0152-23-PIBS-R,11,ECOLAND MEDICAL AND WELLNESS CENTER INC ,"AMYA BLDG., CORNER TULIP DRIVE, QUIMPO BLVRD. ECOLAND, DAVAO CITY",DAVAO DEL SUR,09924873203/ 224-1883 LOC. 150,"JOHN PATRICK C. PADILLA, MD",ecomed.laboratory@gmail.com,ecomed.laboratory@gmail.com,5227870,0,3,3,,,PASSED,Highly Satisfactory,SDTLPT-23-0110629,HS
12,11-1168-22-PFSS-R,11,MAHOGANY MEDICAL & PHARMACEUTICAL SUPPLIES INC ,"DOOR I DABON BLDG. AURORA ST. SAN JOSE, DIGOS CITY, (BESIDE LTO OFFICE)",DAVAO DEL SUR,09493761905/ (082) 2287902/09209510796,"LEONCIO U. ONG, MD",rosaliepilapil2@gmail.com,rosaliepilapil2@gmail.com,5226160,1,0,1,,,PASSED,Excellent,SDTLPT-23-0110630,E
12,11-1018-23-PFSS-R,11,MKC DRUG TEST LABORATORY,"PUROK MAGSANOC, CAPITOL AVE., MANKILAM, TAGUM CITY, DAVAO DEL NORTE",DAVAO DEL NORTE,09187593150; 2160021,"ALEJANDRO JR L. DOMINGO, MD",pearl_mkc@yahoo.com,pearl_mkc@yahoo.com,5226082,3,3,6,,,PASSED,Acceptable,SDTLPT-23-0110631,A
12,11-1050-23-PIBS-R,11,SUREHEALTH MANAGEMENT DIAGNOSTIC CENTER CO,"DOOR I DIOKNO BLDG. GEMPESACO ST. DAVAO CITY, DAVAO DEL SUR",DAVAO DEL SUR,09336126787/ 09209529948/ 0823279129,"ALEJANDRO L. DOMINGO, MD",aldjr0615@yahoo.com/ surehealthdavo@gmail.com,aldjr0615@yahoo.com/ surehealthdavo@gmail.com,5236150,4,2,6,,,PASSED,Acceptable,SDTLPT-23-0110632,A
12,11-0985-23-PFSS-R,11,BERNARDO-LACANILAO CLIN. LAB. AND DRUG TESTING CENTER,"DR. 5 BERNARDO BLDG.,A. PICHON ST., BRGY 2-A, DAVAO CITY, DAVAO",DAVAO DEL SUR,9369558535,"OSCAR P. GRAGEDA, MD",blcl8000@gmail.com,blcl8000@gmail.com,5235552,1,1,2,,,PASSED,Excellent,SDTLPT-23-0110633,E
12,11-0151-23-PIBS-R,11,"DAVAO SPECIALISTS CLINIC AND DIAGNOSTIC LAB., INC.","G/F SOMBILON - SABUGA BLDG. (BESIDE EDU HOME), PUROK SIBUYAS, GREDU (POB.), PANABO CITY",DAVAO DEL NORTE,09770990127/ (084) 3084993,"ALEJANDRO JR. L. DOMINGO, MD",scdlpanabo@gmail.com,scdlpanabo@gmail.com,5234846,2,0,2,,,PASSED,Excellent,SDTLPT-23-0110634,E
12,11-1433-22-PIBS-R,11,VIACRUCIS INFIRMARY ,"LOWER BINUGAO, TORIL, DAVAO CITY, DAVAO DEL SUR",DAVAO DEL SUR,082-222-8066 / (082) 222-80-66/ 09209458011,"FLORANNE L. VERGARA, MD",ummultitestlab@yahoo.com / tinapads@yahoo.com,ummultitestlab@yahoo.com / tinapads@yahoo.com,5243613,2,5,7,,,PASSED,Acceptable,SDTLPT-23-0110635,A
12,11-0162-23-PFSS-R,11,RPMED ADVANCED DIAGNOSTIC AND OUTPATIENT CENTER,"36 QUIMPO BLVD., ECOLAND PHASE 1 ECOLAND BUCANA DAVAO CITY",DAVAO DEL SUR,,,,,5301610,1,3,4,,,PASSED,Highly Satisfactory,SDTLPT-23-0110636,HS
13,12-1638-22-PIBS-R,12,LANDERO CLINIC AND HOSPITAL,"# 85 CORNER RIZAL AND JACINTO STREETS, LIBERTAD, SURALAH",SOUTH COTABATO,9778218449,"EDWIN C. ALCONCEL,MD",landerolaboratory@gmail.com,landerolaboratory@gmail.com,5138244,0,5,5,,,PASSED,Highly Satisfactory,SDTLPT-23-0120637,HS
13,12-0998-22-GFSS-R,12,KIDAPAWAN CITY DRUG TESTING LABORATORY,"KIDAPAWAN CITY HEALTH OFFICE, QUEZON BLVD., POBLACION, KIDAPAWAN CITY",COTOBATO,09153523020/09706971146,"NENA C. SALCEDO-LINGAYON,MD",sg93rmt@gmail.com,sg93rmt@gmail.com,5149679,2,3,5,,,PASSED,Highly Satisfactory,SDTLPT-23-0120638,HS
13,12-0992-22-PIBS-R,12,HUMAN INDEX DIAGNOSTIC AND WELLNESS SOLUTIONS,"RGH BUILDING, JOSE CATOLICO AVENUE, BRGY LAGAO, GENERAL SANTOS CITY",SOUTH COTABATO,0932-8460188/ (083) 8772398/ 09177018515,"OSCAR P. GRAGEDA,MD",oscargrageda@yahoo.com / HumanindexDiagnostics@gmail.com,oscargrageda@yahoo.com / HumanindexDiagnostics@gmail.com,5156961,2,0,2,,,PASSED,Excellent,SDTLPT-23-0120639,E
13,12-0989-22-PIBS-R,12,"HEALTHCARE DIAGNOSTIC LAB., INC.","DON ROMAN VILO ST. COTABATO CITY POB.,(BESIDE FILIDIAN BAZAAR)",COTABATO CITY,09177708343; 0644218322; 09209137727,"NENA C. SALCEDO-LINGAYON,MD",healthcarediagnsticlab@yahoo.com,healthcarediagnsticlab@yahoo.com,5157015,2,2,4,,,PASSED,Highly Satisfactory,SDTLPT-23-0120640,HS
13,12-1465-22-GIBS-R,12,COTABATO REGIONAL AND MEDICAL CENTER,"COTABATO REGIONAL AND MED CENTER, SINSUAT AVE. ROSARIO HEIGHTS 10",COTABATO CITY,09770231966; (064) 4212341 LOC. 142/ 09923145104,"NENA C. SALCEDO-LINGAYON,MD",patholabcrmc@gmail.com,patholabcrmc@gmail.com,5156955,2,4,6,,,PASSED,Acceptable,SDTLPT-23-0120641,A
13,12-1007-22-PIBS-R,12,ST. ELIZABETH HOSPITAL INC.,"NATIONAL HWY COR. SANTIAGO BLVD. LAGAO, GEN. SANTOS CITY",SOUTH COTABATO,5523162 loc. 114; 09329626077; 09228675365,"KENNETH C. CRISOSTOMO,MD",laboratory@sehi.ph,laboratory@sehi.ph,5160013,2,0,2,,,PASSED,Excellent,SDTLPT-23-0120642,E
13,12-0993-22-PFSS-R,12,JCD HI PRECISION BIO-LAB GENERAL SANTOS,"#049 RITZ TOWNHOUSE SOUTH OSME„A ST, GENERAL SANTOS CITY",SOUTH COTABATO,09663920999/ (083) 553-5388,"KENNETH C. CRISOSTOMO,MD",gllim_05@yahho.com,gllim_05@yahho.com,5160279,0,0,0,,,PASSED,Excellent,SDTLPT-23-0120643,E
13,12-1000-22-PIBS-R,12,MLANG SPECIALIST MEDICAL CENTER INC,"PUROK. 2, SANGAT, M'LANG CITY, NORTH COTABATO 9402",NORTH COTABATO ,09109114442/ (064) 5720726,"NENA S. LINGAYON, MD",msmcilab@yahoo.com,msmcilab@yahoo.com,5081949,3,0,3,,,PASSED,Highly Satisfactory,SDTLPT-23-0120644,HS
13,12-1015-22-PIBS-R,12,ST. HYACINTH DIAGNOSTIC LABORATORY,"GF LINDRI BLDG., BLOCK 1, MARA„ON VILLAGE, BRGY. ZONE III, KORONADAL CITY",SOUTH COTABATO,09688551378/ (083) 310-6261/ 09177269214,"VITA B. GASATAYA, MD",shdlmarbelbranch@gmail.com,shdlmarbelbranch@gmail.com,5159076,2,5,7,,,PASSED,Acceptable,SDTLPT-23-0120645,A
13,12-0990-22-PIBS-R,12,HEALTH HUB LABORATORY AND MEDICAL CLINIC,"GF RM. 8 MATINONG BLDG. ALLAH VALLEY DR., POBLACION LIBERTAD, SURALLAH",SOUTH COTABATO,09666928078/ 083553792/ 09177269214,"VITA B. GASATAYA, MD",chalaboratory1981@gmail.com,chalaboratory1981@gmail.com,5158946,1,0,1,,,PASSED,Excellent,SDTLPT-23-0120646,E
13,12-1585-22-PIBS-R,12,"NOTRE DAME OF MARBEL UNIVERSITY, INC","NOMU COMPLEX, ALUNAN AVENUE, BRGY ZONE III, KORONADAL CITY",SOUTH COTABATO,09190932133/ 228-2218 (LOC. 129),"EDWIN C. ALCONCEL, MD",ndmuctdl@gmail.com,ndmuctdl@gmail.com,5158941,0,5,5,,,PASSED,Highly Satisfactory,SDTLPT-23-0120647,HS
13,12-1009-22-GIBS-R,12,TUPI RHU DRUG TESTING LABORATORY,"PUROK 8, POBLACION, TUPI, SOUTH COTABATO",SOUTH COTABATO,09155491324/ 083-226-2800,"VITA B. GASATAYA, MD",tupidtlc@yahoo.com,tupidtlc@yahoo.com,5159080,1,0,1,,,PASSED,Excellent,SDTLPT-23-0120648,E
13,12-0995-22-PFSS-R,12,JCD HI-PRECISION BIO-LAB,"GIRL SCOUT BLDG., JAYCEE AVENUE, ZONE 1, KORONADAL CITY",SOUTH COTABATO,09663920999/ 5200054,"KENNETH C. CRISOSTOMO, MD",gllim-05@yahoo.com,gllim-05@yahoo.com,5160278,2,0,2,,,PASSED,Excellent,SDTLPT-23-0120649,E
13,12-1749-22-PFSS-R,12,IMMACULATE DRUG TESTING,"AGLIPAY ST., POBLACION KAYAGA, KABACAN COTABATO",COTABATO,09817814572/ 09513885904,"ARTURO N. ANULAO, MD",art73@gmail.com/  mariaceciliapindoy@gmail.com,art73@gmail.com/  mariaceciliapindoy@gmail.com,5160026,2,0,2,,,PASSED,Excellent,SDTLPT-23-0120650,E
13,12-1004-22-GIBS-R,12,SOUTH COTABATO PROVINCIAL HOSPITAL SDTL,"AGUINALDO ST., ZONE III, KORONADAL CITY, SOUTH COTABATO",SOUTH COTABATO,09177269214/ 0832283206,"VITA B. GASATAYA, MD",vitz_md@yahoo.com,vitz_md@yahoo.com,5160910,1,2,3,,,PASSED,Highly Satisfactory,SDTLPT-23-0120651,HS
13,12-0418-22-PFSS-R,12,HALILI DRUGTEST CENTER,"GROUND FLOOR SPECTRUM BLDG., OSME„A DRIVE KIDAPAWAN CITY, COTABATO",NORTH COTABATO,521-0511 / 09481210631,"ABRAHAM Y. LEDESMA, MD",evelynsumatin24@gmail.com,evelynsumatin24@gmail.com,5164505,1,0,1,,,PASSED,Excellent,SDTLPT-23-0120652,E
13,12-0941-23-PIBS-R,12,GENERAL SANTOS DOCTORS HOSPITAL,"NATIONAL HIGHWAY, GENERAL SANTOS CITY, SOUTH COTABATO",SOUTH COTABATO,09338162793 / 09616581476 / 250-2777 loc. 127,"OSCAR P. GRAGEDA, MD",gsdhofficelab@gmail.com / oscargregada@yahoo.com,gsdhofficelab@gmail.com / oscargregada@yahoo.com,5177008,0,0,0,,,PASSED,Excellent,SDTLPT-23-0120653,E
13,12-1403-23-PIBS-R,12,DR. ARTURO P. PINGOY MEDICAL CENTER,"GENERAL TRIAS DRIVE, ZONE 4, KORONADAL CITY, SOUTH COTABATO",SOUTH COTABATO,09228796951 / (083) 228-2202 loc 135,"EDWIN C. ALCONCEL, MD",dchi_dtl@yahoo.com / niwde552000@yahoo.com,dchi_dtl@yahoo.com / niwde552000@yahoo.com,5178809,1,2,3,,,PASSED,Highly Satisfactory,SDTLPT-23-0120654,HS
13,12-0953-23-PFSS-R,12,JM DRUG TESTING CENTER,"JP LAUREL ST. LIBERTAD, SURALLAH CITY, SOUTH COTABATO",SOUTH COTABATO,9513149805,"NENA S. LINGAYON, MD",jelancebriy@yahoo.com,jelancebriy@yahoo.com,5195987,3,2,5,,,PASSED,Highly Satisfactory,SDTLPT-23-0120655,HS
13,12-1365-23-PFSS-R,12,TOWNSQUARE DRUG TESTING CENTER,"083 VILLANUEVA BLDG., ROXAS STREET, DADIANGAS EAST, GEN. SANTOS CITY",SOUTH COTABATO,09282565731; 0835542502/ 09177269214,"VITA B. GASATAYA, MD",peach_nonaillada@yahoo.co.uk,peach_nonaillada@yahoo.co.uk,5198699,3,2,5,,,PASSED,Highly Satisfactory,SDTLPT-23-0120656,HS
13,12-0155-23-PIBS-R,12,HERCEDA-LAZARA DIAGNOSTIC & MEDICAL CLINIC,"#30 LAZARA BLDG., JP LAUREL ST., COR RECTO, BRGY SAO NORTH, GEN. SANTOS CITY",SOUTH COTABATO,09177154308/ 5546336/3016373,"VITA B. GASATAYA, MD",lazaradiagnostics@gmail.com,lazaradiagnostics@gmail.com,5198598,3,2,5,,,PASSED,Highly Satisfactory,SDTLPT-23-0120657,HS
13,12-0939-23-PFSS-R,12,ER DIAGNOSTIC CENTER,"2F JMP 1 BLDG., SOUTH OSME„A COR. CHAMAGA ST. DAD. SOUTH, GEN. SANTOS CITY",SOUTH COTABATO,0920979-4912/ 08365207124,"EDWIN C. ALCONCEL, MD",erdiagnosticcenter@gmail.com,erdiagnosticcenter@gmail.com,5203720,1,2,3,,,PASSED,Highly Satisfactory,SDTLPT-23-0120658,HS
13,12-1196-22-PIBS-R,12,MEDALLA DRUG TESTING CENTER-TACURONG,"DOOR 5 DARRAINE BLDG., TACURONG CITY, SULTAN KUDARAT",SULTAN KUDARAT,097738903/ 064-4712609,"NENA S. LINGAYON, MD",medalladiagnostic@gmail.com,medalladiagnostic@gmail.com,5204689,0,1,1,,,PASSED,Excellent,SDTLPT-23-0120659,E
13,12-1196-22-PIBS-R ,12,MEDALLA DRUG TESTING CENTER-ISULAN,"CACHUELA BLDG., NATIONAL HIGHWAY, ISULAN CITY, SULTAN KUDARAT",SULTAN KUDARAT,09277389031/ 09209137727,"NENA S. LINGAYON, MD",medallaisulan1022@gmail.com,medallaisulan1022@gmail.com,5204690,0,1,1,,,PASSED,Excellent,SDTLPT-23-0120660,E
13,12-0611-20-PFSS-R,12,JRG DRUG TESTING CENTER AND MEDICAL CLINIC,"2F/ GAISANO GRAND KORONADAL, GENSAN DRIVE, KORONADAL CITY",SOUTH COTABATO,9499929365,"NENA S. LINGAYON, MD",jrggaisano.jggc@gmail.com,jrggaisano.jggc@gmail.com,5207209,1,1,2,,,PASSED,Excellent,SDTLPT-23-0120661,E
13,12-0682-22-PFSS-R,12,HYATT DIAGNOSTIC SYSTEM INC.,"GR. FR. HYATT BLDG., CAMIAS J. CRISOLOGO ST. BRGY DADIANGAS EAST, GEN. SANTOS CITY",SOUTH COTABATO,09228131002/ 0835209762,"NENA S. LINGAYON, MD",hyattdiagnostic@gmail.com,hyattdiagnostic@gmail.com,5206197,1,0,1,,,PASSED,Excellent,SDTLPT-23-0120662,E
13,12-1366-22-PFSS-R,12,M/S DRUG TESTING CENTER,"ASPILLA BLDG., QUIRINO DRIVE, KIDAPAWAN CITY, COTABATO",SOUTH COTABATO,09162937307/ 0645210529,"ABRAHAM Y. LEDESMA, MD",brahmii7@yahoo.com,brahmii7@yahoo.com,5191622,0,1,1,,,PASSED,Excellent,SDTLPT-23-0120663,E
13,12-0153-23-PIBS-R,12,DADIANGAS MEDICAL CENTER,"ALLADO COMPOUND LEON LLIDO ST. BRGY CITY HEIGHTS, GEN. SANTOS CITY",SOUTH COTABATO,9171902565,"DIANNE ANGELICA S. SINGSON, MD",dmcdrugtest@gmail.com,dmcdrugtest@gmail.com,5203570,0,1,1,,,PASSED,Excellent,SDTLPT-23-0120664,E
13,12-0972-23-PIBS-R,12,VITALAB HEALTHCARE INC,"UNIT 5,6 & 7 VALLEY HIGH BLDG. NATIONAL HWY., CITY HEIGHTS, GEN. SANTOS CITY (DADIANGAS)",SOUTH COTABATO,09513066406/ 09177171994/ (083) 887 4546,"EDWIN C. ALCONCEL, MD",vitalab_healthcare@yahoo.com,vitalab_healthcare@yahoo.com,5215818,0,3,3,,,PASSED,Highly Satisfactory,SDTLPT-23-0120665,HS
13,12-1382-22-PFSS-R,12,JGR DRUG TESTING CENTER AND MEDICAL CLINIC,"ROBINSONS PLACE J. CATOLICO SR.AVE, NAT HIGHWAY, GENERAL SANTOS CITY",SOUTH COTABATO,09171005608/ 09209137727,"NENA C. SALCEDO- LINGAYON, MD",jgrrobinson.jggc@yahoo.com,jgrrobinson.jggc@yahoo.com,5217921,3,0,3,,,PASSED,Highly Satisfactory,SDTLPT-23-0120666,HS
13,12-0936-23-PIBS-R,12,ALLAH VALLEY MEDICAL SPECIALISTS CENTER INC. HOSP.,"ZONE 3, PUROK VILLEGAS, GENSAN DRIVE, CITY OF KORONADAL",SOUTH COTABATO,09202873406/09209137727/(083)2283550 LOC. 1046,"NENA S. LINGAYON, MD",m_hannyz@yahoo.com,m_hannyz@yahoo.com,5237682,1,1,2,,,PASSED,Excellent,SDTLPT-23-0120667,E
13,12-1637-23-PIBS-R,12,RUMERAZ DIAGNOSTIC LABORATORY,"CORONICAC-DAYO BLDG., QUEZON BLVD, KIDAPAWAN CITY, NORTH COTABATO",NORTH COTABATO,9109177454,"FLORANNE MARGARET L. VERGARA, MD",rumerazdiagnosticlaboratory@yahoo.com,rumerazdiagnosticlaboratory@yahoo.com,5237676,2,2,4,,,PASSED,Highly Satisfactory,SDTLPT-23-0120668,HS
13,12-0961-23-PIBS-R,12,SOCKSARGEN COUNTY HOSPITAL DRUG TESTING LAB.,"L. ARRADAZA ST., COR BULA-LAGAO ROAD, GENERAL SANTOS CITY",SOUTH COTABATO,09514817393/ (083) 5538906 LOC. 110,"KENNETH C. CRISOSTOMO, MD",sch_laboratory@yahoo.com,sch_laboratory@yahoo.com,5223148,2,3,5,,,PASSED,Highly Satisfactory,SDTLPT-23-0120669,HS
13,12-1824-23-PIBS-R,12,GSC MEDICAL SPECIALIST CORPORATION,"NATIONAL HIGHWAY, PUROK VETERANS, GENERAL SANTOS CITY, SOUTH COTABATO (DRUG TESTING LABORATORY-OPD BUILDING,)",SOUTH COTABATO,09457891459/ 09228675365,"KENNETH C. CRISOSTOMO, MD",gmcdrugtesting.laboratory@gmail.com,gmcdrugtesting.laboratory@gmail.com,5231295,0,2,2,,,PASSED,Excellent,SDTLPT-23-0120670,E
13,12-1485-23-PFSS-R,12,EXCELLANZE LAB DIAGNOSTIC & SERVICES,"DOOR 4, JAYME BUILDING , PIONEER AVENUE, POLOMOLOK CITY",SOUTH COTABATO,09485821699/ (083) 8873559,"NENA S. LINGAYON, MD",excellanzelads@yahoo.com,excellanzelads@yahoo.com,5235395,2,0,2,,,PASSED,Excellent,SDTLPT-23-0120671,E
13,12-0163-23-GFSS-R,12,SOCCSKSARGEN DRUG ABUSE TREATMENT AND REHABILITATION CENTER,"PUROK 4, BARANGAY KAWAS, ALABEL CITY, SARANGANI PROVINCE",SARANGANI,09052672911/ 09228675365/ (083) 892 5678,"KENNETH C. CRISOSTOMO, MD",soxdatrc.laboratory@gmail.com,soxdatrc.laboratory@gmail.com,5222893,3,2,5,,,PASSED,Highly Satisfactory,SDTLPT-23-0120672,HS
13,12-0157-23-PFSS-R,12,JPS DRUG TESTING CENTER,"DOOR 3, HTK COMM. BLDG. 42-A BONIFACIO ST., POBLACION, TACURONG CITY",SULTAN KUDARAT,9212566622,"VITA B. GASATAYA, MD",braselinoj@gmail.com,braselinoj@gmail.com,5254529,1,1,2,,,PASSED,Excellent,SDTLPT-23-0120673,E
14,13-1441-22-PIBS-R,13,ALLIED CARE EXPERTS MED. CENTER - VALENZUELA CITY,"1ST FLOOR LABORATORY DEPT. #548 MC ARTHUR HIGHWAY, MALANDAY",VALENZUELA CITY,366-0000 LOC. 108-110/ 09178442709,"ANTONIO M. CRUZ,MD",acemcvdlm2014@gmail.com,acemcvdlm2014@gmail.com,5141881,0,1,1,,,PASSED,Excellent,SDTLPT-23-0130674,E
14,13-0219-22-PIBS-R,13,R.G.O LAB. & INDUSTRIAL DIAG. CENTER INC. - MAKATI,"1980 EMILUZ BLDG. M.REYES ST. BANGKAL, MAKATI CITY",MAKATI CITY,8843-18-53 / 09175491517,"HERBERT Z. MANAOIS,MD",rgolaboratory@gmail.com,rgolaboratory@gmail.com,5141299,0,1,1,,,PASSED,Excellent,SDTLPT-23-0130675,E
14,13-0222-022-PIBS-R,13,R.G.O LAB. & INDUSTRIAL DIAG. CENTER INC. - BGC BRANCH,"UNIT 7A, ICON PLAZA, 26TH ST., FORT BGC TAGUIG CITY",TAGUIG,88387178 / 09175491517,"HERBERT Z. MANAOIS,MD",rgobgc@gmail.com,rgobgc@gmail.com,5141298,4,0,4,,,PASSED,Highly Satisfactory,SDTLPT-23-0130676,HS
14,13-0220-22PIBS-R,13,R.G.O LAB. & INDUSTRIAL DIAG. CENTER INC. - PARA„AQUE,"UNIT 2E & 2F, AIRPORT GLOBAL PLAZA, NAIA ROAD COR. ROXAS BLVD. TAMBO",PARA„AQUE CITY,53823071 / 09175491517,"HERBERT Z. MANAOIS,MD",rgoparanaque@gmail.com,rgoparanaque@gmail.com,5141300,1,1,2,,,PASSED,Excellent,SDTLPT-23-0130677,E
14,13-0875-22-PFSS-R,13,SUPERSCAN DRUG TESTING LABORATORY,1918 IPIL ST. COR. TAYUMAN ST. STA. CRUZ. MANILA,MANILA CITY,9336373377,"ALVIN D. ARQUILLANO,MD",jonathanco95@gmail.com,jonathanco95@gmail.com,5134961,4,2,6,,,PASSED,Acceptable,SDTLPT-23-0130678,A
14,13-1191-19-PFSS-R,13,ONE HEALTH MEDICAL SERVICES INC.,ONE HEALTH BUILDING ANDREWS AVE. MIAA ZONE BRGY 184 PASAY CITY,PASAY CITY,09177046205 / 9386681917,"CONNIE L. BERNARDO,MD",medical.ohm2012@gmail.com,medical.ohm2012@gmail.com,5141394,0,1,1,,,PASSED,Excellent,SDTLPT-23-0130679,E
14,13-1460-22-PFSS-R,13,ALLIED DRUG TESTING CENTER,RM 310 PRIMA BLDG EAST AVE. COR MAGALANG  ST PINYAHAN  QUEZON CITY,QUEZON CITY,79465881 / 09328622017,"JOHN V. LORIA,MD",allieddrugtetsingcenter@yahoo.com,allieddrugtetsingcenter@yahoo.com,5141246,2,3,5,,,PASSED,Highly Satisfactory,SDTLPT-23-0130680,HS
14,13-0268-22-PIBS-R,13,TRICITY MEDICAL CENTER INC. ,"269 C. RAYMUNDO Avenue, MAYBUNGA PASIG CITY",PASIG CITY,82759751,"ARTURO C. LOPEZ,MD",tcmclab@gmail.com ,tcmclab@gmail.com ,5141312,1,2,3,,,PASSED,Highly Satisfactory,SDTLPT-23-0130681,HS
14,13-0280-22-PIBS-R,13,UNIVERSITY OF PERPETUAL HELP DALTA MED. CENTER INC.,"UNIV. OF PERPETUAL HELP DALTA MED. CENTER, ALABANG ZAPOTE RD.",LAS PI„AS CITY,09171308124;  88748515 LOC 151,"ARTURO C. LOPEZ,MD",uphdmc_lab@yahoo.com,uphdmc_lab@yahoo.com,5141261,0,1,1,,,PASSED,Excellent,SDTLPT-23-0130682,E
14,13-0244-22-PFSS-R,13,ST.MICHAEL'S MED. CLINIC AND DIAG. CENTER,G/F NORTHWEST PLAZA RIZAL AVENUE KALOOKAN CITY,CALOOCAN CITY,4426036 / 09273409447,"BU C. CASTRO,MD",smmc_monumento@yahoo.com,smmc_monumento@yahoo.com,5140549,2,1,3,,,PASSED,Highly Satisfactory,SDTLPT-23-0130683,HS
14,13-1236-22-PIBS-R,13,ANGELINA APOSTOL PUNZALAN MEDICAL CLINIC,3RD FLOOR GCC NEW ATRIUM WING EDSA GUADALUPE NUEVO MAKATI CITY,MAKATI CITY,73734676 / 09209492106,"ANDREW D. DIMACALI,MD",followup.punzalan@gmail.com,followup.punzalan@gmail.com,5140548,1,5,6,,,PASSED,Acceptable,SDTLPT-23-0130684,A
14,13-0060-22-PIBS-R,13,GILCARE DIAGNOSTIC CLINIC,"# 132 ROOM 202, 2ND FLOOR KALAYAAN AVENUE, DILIMAN, QUEZON CITY",QUEZON CITY,79765027 / 09279433983,"OLGA M. BAUSA,MD",gilcarediagnosticclinic@yahoo.com,gilcarediagnosticclinic@yahoo.com,5141251,0,1,1,,,PASSED,Excellent,SDTLPT-23-0130685,E
14,13-1323-22-PIBS-R,13,AMBULATORY HEALTH CARE INSTITUTE INC.,"2ND FR BLDG. A, SM MEGAMALL, DO„A JULIA VARGAS AVE. ORTIGAS CENTER, BRGY. WACK-WACK GREENHILLS",MANDALUYONG CITY,9088695310,"RODOLFO E. JOSON,MD",laboratory0101@gmail.com,laboratory0101@gmail.com,5140513,0,2,2,,,PASSED,Excellent,SDTLPT-23-0130686,E
14,13-1580-22-PFSS-R,13,UNIFIED MEDICAL SERVICES INC.,#103 SGT. J CATOLOS ST. BRGY IMMACULATE CONCEPCION CUBAO,QUEZON CITY,09550950401 / 09338588235,"TITO G. GARRIDO,MD",medicalunified2000@yahoo.com,medicalunified2000@yahoo.com,5141222,0,0,0,,,PASSED,Excellent,SDTLPT-23-0130687,E
14,13-1685-22-PFSS-I,13,BCC DIAGNOSTIC & MEDICAL SERVICES CORPORATION,UNIT B 545 SHAW BLVD WACK WACK MANDALUYONG CITY,MANDALUYONG CITY,8723-87-35 / 0917-581-18-17,"TITO G. GARRIDO,MD",dmsc@cat.bccgroup.com.ph,dmsc@cat.bccgroup.com.ph,514121,0,5,5,,,PASSED,Highly Satisfactory,SDTLPT-23-0130688,HS
14,13-0859-22-PFSS-R,13,ST. ANDREW DRUG SCREENING & NEURO PSYCHO TESTING CENTER,2B 1ST AVENUE BAGONG LIPUNANAN NG CRAME,QUEZON CITY,8722-9954 / 09175254682,"LESTER D. ABELEDA,MD",st_andrew_dsl@yahoo.com,st_andrew_dsl@yahoo.com,5140885,4,2,6,,,PASSED,Acceptable,SDTLPT-23-0130689,A
14,13-1282-22-PIBS-R,13,"CLINILAB MEDICAL SERVICES, INC.","2/F ORCHID TOWER, ORIENTAL GARDENS CHINO ROCES AVE. MAKATI CITY",MAKATI CITY,0919-0016138/ 7-729-8966 / 09189903336,"ANAROSE C. ALVARADO,MD",clinilabmedical@yahoo.com,clinilabmedical@yahoo.com,5141755,4,3,7,,,PASSED,Acceptable,SDTLPT-23-0130690,A
14,13-0038-22-PIBS-R,13,CHRISTIAN MEDICAL CLINIC INC.,22B MADISON ST. NEW MANILA BRGY. MARIANA QUEZON CITY,QUEZON CITY,7759-7116 / 09178239562 / 0925-8989231,"MELANI H. SIONZON,MD",melsh.sionzon@gmail.com,melsh.sionzon@gmail.com,5140950,4,3,7,,,PASSED,Acceptable,SDTLPT-23-0130691,A
14,13-1507-22-PFSS-R,13,"ASIATIC MEDICAL LABORATORIES, INC.","ROOM 206 SE JO TONG BUILDING, 808 ONGPIN STREET, STA. CRUZ, MANILA CITY",MANILA CITY,09178517152; 87333065; 87333060; 09175466009,"LAARNIE N. CALE-SUBIA,MD",asiaticmed1970@gmail.com,asiaticmed1970@gmail.com,5141448,2,0,2,,,PASSED,Excellent,SDTLPT-23-0130692,E
14,13-0697-22-PFSS-R,13,AS SCREEN DRUG TESTING CENTER,"#17 3RD AVENUE BAGONG LIPUNAN NG CRAME, QUEZON CITY",QUEZON CITY,091711002103 / 0270016975,"FREDERICK S. LLANERA,MD",asscreeneuro@gmail.com,asscreeneuro@gmail.com,5141411,1,1,2,,,PASSED,Excellent,SDTLPT-23-0130693,E
14,13-1432-21-PFSS-R,13,BRAIN MASTER DIGNOSTIC CENTER,ROOM 303 #1754 SUJECO BLDG. BRGY IMMACULATE CONCEPCION CUBAO,QUEZON CITY,86549284 / 09988812565,"LESTER D. ABELEDA,MD",cerbitojudybenito@yahoo.com,cerbitojudybenito@yahoo.com,5141400,1,2,3,,,PASSED,Highly Satisfactory,SDTLPT-23-0130694,HS
14,13-0074-22-PFSS-R,13,HEALTH CUBE MEDICAL CLINICS,241 SHAW BLVD.CORM.YULO ST.BRGY BAGONG SILANG (HIGHPOINTE MED. HUB),MANDALUYONG CITY,09178852062 / 09167344335,"SUSANA C. PINILI-QUIAOIT,MD",justinemay.noguera@gmail.com,justinemay.noguera@gmail.com,5141397,1,5,6,,,PASSED,Acceptable,SDTLPT-23-0130695,A
14,13-1715-22-PIBS-I,13,SOUTHPORT MEDICAL HUB INC.,"UNIT 262-266 PITX,1 KENNEDY ROAD, BRGY. TAMBO PARA„AQUE CITY",PARA„AQUE CITY,0908-888-6647,"CONNIE L. BERNARDO,MD",southportmedicalhub2021@gmail.com,southportmedicalhub2021@gmail.com,5141393,0,5,5,,,PASSED,Highly Satisfactory,SDTLPT-23-0130696,HS
14,13-0631-21-PIBS-R,13,THE MEDICAL CITY CLINIC @ TRINOMA,TRINOMA MALL EDSA COR. NORTH ONE BRGY BAGONG PAG-ASA QUEZON CITY,QUEZON CITY,9955668406/ (02) 7901-3668,"FARRAH KRISTINE FONTILLA-SANTIAGO,MD",tmctrinoma@themedicalcity.com,tmctrinoma@themedicalcity.com,5141385,1,4,5,,,PASSED,Highly Satisfactory,SDTLPT-23-0130697,HS
14,13-0004-18-PIBS-R,13,AMERICAN OUT-PATIENT CLINIC (AMERICAN HOSPITAL INC.),"2/F FEMII BLDG. A. SORIANO AVENUE, INTRAMUROS, MANILA CITY",MANILA CITY,085271611 / 09310905274,"BERNADETTE R. ESPIRITU,MD",amer_h@pldtdsl.net,amer_h@pldtdsl.net,5151979,0,0,0,,,PASSED,Excellent,SDTLPT-23-0130698,E
14,13-0167-22-PIBS-R,13,CYTOCHEM MEDICAL LABORATORIES ,2/F FLR. 7-11 BLDG MORNING BREEZE SUBD ASUNCION ST. EDSA,CALOOCAN CITY,02 8361-0510 / 09228351546 / 02-83670510,"REYNALDO G. TORRES,MD",cytochemlaboratories@yahoo.com,cytochemlaboratories@yahoo.com,5153123,1,0,1,,,PASSED,Excellent,SDTLPT-23-0130699,E
14,13-0051-22-PIBS-R,13,FEU-DR.NICANOR REYES MED. FOUNDATION INST.-CLIN. LAB.,"REGALADO AVENUE COR DAHLIA ST WEST FAIRVIEW, QUEZON CITY",QUEZON CITY,(02) 34270213 LOC3720 / 09176212069,"MARI KARR A. ESGUERRA,MD",clinicallab@feu-nrmf.edu.ph,clinicallab@feu-nrmf.edu.ph,5153115,0,1,1,,,PASSED,Excellent,SDTLPT-23-0130700,E
14,13-0248-22-PIBS-R,13,STO. DOMINGO DIAGNOSTIC AND MEDICAL CENTER CORP.,"303-305 LUZ BLDG. III QUEZON AVENUE, QUEZON CITY",QUEZON CITY,09178239562 / 09178343587 / 8732-1412,"MELANI H. SIONZON,MD",sddmcc.drugtest@gmail.com,sddmcc.drugtest@gmail.com,5152939,1,5,6,,,PASSED,Acceptable,SDTLPT-23-0130701,A
14,13-0339-21-PIBS-R,13,PREMIERE MEDICAL AND CARDIOVASCULAR LAB. INC.,"G/F MANORA BLDG., #6 , MAYOR GIL FERNANDO, MARIKINA CITY",MARIKINA CITY,09303619223; 09175640228; 85731130,"FLORIDO A. ATIBAGOS JR.,MD",premiere.marikina_clinlab@yahoo.com,premiere.marikina_clinlab@yahoo.com,5155455,2,4,6,,,PASSED,Acceptable,SDTLPT-23-0130702,A
14,13-1668-22-PIBS-I,13,"ASSOCIATED MEDICAL AND CLINICAL SERVICES, INC.",3RD FR. KALAYAAN BLDG. CORNER SALCEDO & DELA ROSA STS. LEGASPI VILLAGE,MAKATI CITY,09175285266/892-5906 to 08,"NEILA A. CEJUDO,MD",laboratory@amsclinic.net,laboratory@amsclinic.net,5155284,4,1,5,,,PASSED,Highly Satisfactory,SDTLPT-23-0130703,HS
14,13-0011-22-PIBS-R,13,ASIAN HOSPITAL AND MEDICAL CENTER,"2205 CIVIC DRIVE FILINVEST CORPORATE CITY, ALABANG",MUNTINLUPA CITY,09998878579/8771-9000 loc 8356,"NELSON T. GERALDINO,MD",labteamlead@asianhospital.com,labteamlead@asianhospital.com,5155229,1,5,6,,,PASSED,Acceptable,SDTLPT-23-0130704,A
14,13-0056-22-PFSS-R,13,MAHOGANY DRUGTESTING CENTER,"KM 29 NATIONAR RD. TUNASAN, MUNTINLUPA CITY, MANILA",MUNTINLUPA CITY,9297567438,"JAIME A. BARRON,MD",mahogany86_dt@yahoo.com,mahogany86_dt@yahoo.com,5155273,0,0,0,,,PASSED,Excellent,SDTLPT-23-0130705,E
14,13-0016-22-PIBS-R,13,BIOASSAY DIAGNOSTIC CENTER AND MEDICAL CLINIC,F. SALVADOR AVE JORDAN PLAINS SUBD. NOVALICHES,QUEZON CITY,09438210076/88979742,"SUSANA P. QUIAOIT,MD",bioassaydiagnostic@yahoo.com,bioassaydiagnostic@yahoo.com,5155261,2,1,3,,,PASSED,Highly Satisfactory,SDTLPT-23-0130706,HS
14,13-0619-22-PFSS-R,13,DOMINICO MEDICAL AND LABORATORY SERVICES,"1131 2ND FLOOR SYTO BLDG KALIGAYAHAN, NOVALICHES",QUEZON CITY,9561376522,"GABRIEL U. CRUZ,MD",dominicomedicalandlaboratory@gmail.com,dominicomedicalandlaboratory@gmail.com,5155473,4,0,4,,,PASSED,Highly Satisfactory,SDTLPT-23-0130707,HS
14,13-0062-22-GFSS-R,13,MALABON ANTI DRUG ABUSE CENTER,"SU 2/F DHO BLDG PBM, MAYA MAYA ST. COR DAGAT DAGATAN AVE. LONGOS  ",MALABON CITY,9177945858,"REMEDIOS A. SANTIAGO,MD",dfameds@yahoo.com,dfameds@yahoo.com,5156170,4,1,5,,,PASSED,Highly Satisfactory,SDTLPT-23-0130708,HS
14,13-0150-22-GIBS-R,13,PASIG CITY DRUG TESTING LABORATORY,"5/F PASIG CITY HALL BLDG. CARUNCHO AVE. SAN NICOLAS, PASIG CITY",PASIG CITY,9173910734,"ROCYLENE C. ROQUE,MD",pasigcitydrugtestinglab@yahoo.com.ph,pasigcitydrugtestinglab@yahoo.com.ph,5156467,2,1,3,,,PASSED,Highly Satisfactory,SDTLPT-23-0130709,HS
14,13-0110-22-PIBS-R,13,KEYHEALTH DIAGNOSTIC LABORATORY,"UNIT 102/104, COLUMBIAN BLDG, 160 WEST AVENUE., QUEZON CITY",QUEZON CITY,09125050786/09102550573,"OLGA M. BAUSA,MD",keyhealthlab@gmail.com,keyhealthlab@gmail.com,5156446,0,0,0,,,PASSED,Excellent,SDTLPT-23-0130710,E
14,13-1494-22-PFSS-I,13,MD CLINICAL LABORATORY CO.,"206 VICTORIA BLDG COR 11TH AVE. & RIZAL AVE. EXT., CALOOCAN CITY",CALOOCAN CITY,89315950,"VENERACION V. PACIS-MUNAR,MD",mymddmlabco@gmail.com,mymddmlabco@gmail.com,5156424,1,0,1,,,PASSED,Excellent,SDTLPT-23-0130711,E
14,13-0168-22-PIBS-R,13,PREMIER 101 MEDICAL AND DIAGNOSTIC CENTER,"2F VALENZUELA TOWN CENTER, KARUHATAN, VALENZUELA CITY",VALENZUELA CITY,9178616027,"AMELIA C. FIBRA,MD",drugtesting.premier101@gmail.com,drugtesting.premier101@gmail.com,5156271,0,5,5,,,PASSED,Highly Satisfactory,SDTLPT-23-0130712,HS
14,13-0207-22-PIBS-R,13,"SACRED HEART DIAGNOSTIC MEDICAL CENTER, INC.",2ND FLR RIGHT WING MAGA CENTER BLDG. PASEO DE MAGALLANES,MAKATI CITY,"09367076734/8853-0633, 8853-0235/09175056591","AMELIA C. FIBRA,MD",clinic.sacredheart@gmail.com,clinic.sacredheart@gmail.com,5152838,3,0,3,,,PASSED,Highly Satisfactory,SDTLPT-23-0130713,HS
14,13-0614-22-PIBS-R,13,CLEMEN'S MEDICAL CLINIC,"1565 LEON GUINTO ST. BRGY. 675 MALATE, MANILA",MANILA CITY,9328905305,"MARY ANN O. CABRERA,MD",clemensmedicalclinic@yahoo.com,clemensmedicalclinic@yahoo.com,5151572,2,0,2,,,PASSED,Excellent,SDTLPT-23-0130714,E
14,13-0041-22-PFSS-R,13,D.J.C DRUG TESTING CENTER,"1808 DELTON BLDG RIZAL AVENUE, STA. CRUZ, MANILA CITY",MANILA CITY,9275552804,"ALBERT M. ALEGRE,MD",j.cdrugtestingcenter@yahoo.com,j.cdrugtestingcenter@yahoo.com,5151605,1,1,2,,,PASSED,Excellent,SDTLPT-23-0130715,E
14,13-0240-22-PIBS-R,13,SONIC SOLUTIONS MEDICAL AND DIAG. LAB. CENTER INC.,"3F SUITE 301, 1823 FMSG BLDG. E. RODRIGUEZ SE. AVE COR. NEW YORK AVE",QUEZON CITY,"""09275622917","MARIA ANGELICA B. VALDEZ,MD",sonicmedicalclinic!gmail.com,sonicmedicalclinic!gmail.com,5131039,3,5,8,,,PASSED,Acceptable,SDTLPT-23-0130716,A
14,13-0172-22-PIBS-R,13,PREMIERE MEDICAL AND CARDIOVASCULAR LAB. INC.,"G/F BELLKENZ TOWER NO. 127 MALAKAS ST., DILIMAN, QUEZON CITY",QUEZON CITY,9171644271,"FLORIDO A. ATIBAGOS,MD",premiere_clinlab@yahoo.com,premiere_clinlab@yahoo.com,5147576,0,4,4,,,PASSED,Highly Satisfactory,SDTLPT-23-0130717,HS
14,13-1391-22-PIBS-R,13,"HEALTH METRICS INC.,-MAKATI ","1157 DON CHINO ROCES AVE., SAN ANTONIO VILLAGE, MAKATI CITY",MAKATI CITY,9178349289,"GRACE C. KING,MD",coro@healthmetrics.com.ph,coro@healthmetrics.com.ph,5147246,1,5,6,,,PASSED,Acceptable,SDTLPT-23-0130718,A
14,13-1684-22-PIBS-I,13,HEALTHLINE MEDICAL HEALTH SERVICES,"1125 ABENIDA MARIA OROSA ST., ERMITA, MANILA",MANILA CITY,9175220601,"SUZETTE A. BABAGAY,MD",HEALTHLINEMEDICALSERVICES@GMAIL.COM,HEALTHLINEMEDICALSERVICES@GMAIL.COM,5141819,4,2,6,,,PASSED,Acceptable,SDTLPT-23-0130719,A
14,13-0046-22-PIBS-R,13,E. ZARATE HOSPITAL,"16 J. AGUILAR AVE. TALON I, LAS PI„AS CITY, METRO MANILA",LAS PI„AS CITY,9175382440,"FLORECITA LUDIVINA T. SOLIS,MD",laboratory_zarate@yahoo.com.ph,laboratory_zarate@yahoo.com.ph,5073319,0,0,0,,,PASSED,Excellent,SDTLPT-23-0130720,E
14,13-1389-22-PIBS-R,13,"HEALTH METRICS, INC.-PASAY","4/F PRISM PLAZA, TWO E-COM BLDG., MALL OF ASIA COMPLEX, BARANGAY 109",PASAY CITY,9089411327,"FRANK GERALD C. PAGDUNZULAN,MD",hmi.moa.laboratory@healthmetrics.com.ph,hmi.moa.laboratory@healthmetrics.com.ph,5147247,0,5,5,,,PASSED,Highly Satisfactory,SDTLPT-23-0130721,HS
14,13-1484-22-PIBS-R,13,"MARILAO MEDICAL & DIAGNOSTIC CLINIC, INC.","ANTONIO ARNAIZ AVE. COR. FB HARRISON, PASAY CITY, METRO MANILA",PASAY CITY,9311187157,"GRIG D. NISIONA,MD",marilao.clinic.pasay@gmail.com,marilao.clinic.pasay@gmail.com,5148094,1,2,3,,,PASSED,Highly Satisfactory,SDTLPT-23-0130722,HS
14,13-0257-22-PIBS-R,13,THERESE OF LISEUX DIAGNOSTICS AND RESEARCH CENTER,"G/F 56 MANILA TIMES AVE, MANILA TIMES VILLAGE, PAMPLONA 3",LAS PI„AS CITY,09987927103/09178399766,"RONALD D. CABUDOY,MD",therese.liseux.lab@gmail.com,therese.liseux.lab@gmail.com,5148097,0,1,1,,,PASSED,Excellent,SDTLPT-23-0130723,E
14,13-0451-22-CL-2,13,MED 101 DIAGNOSTIC CENTER CO.,"#74 VILLONGCO ST. BRGY., COMMONWEALTH, QUEZON CITY, MANILA",QUEZON CITY,09519368762/7729-8315,"MELVIN JUDE G. KATAPANG,MD",meddtl@gmail.com,meddtl@gmail.com,5149430,2,1,3,,,PASSED,Highly Satisfactory,SDTLPT-23-0130724,HS
14,13-0028-22-PFSS-R,13,CENTER FOR HEALTH SERVICES INC.-PASIG BRANCH,"19TH FLR. THE JMT CORPORATE CONDOMINIUM 27 ADB AVE., BRGY. SAN ANTONIO, ORTIGAS CENTER",PASIG CITY,8637-05-62 TO 63,"GLORIA L. TAN,MD",chsilab@gmail.com,chsilab@gmail.com,5149453,2,0,2,,,PASSED,Excellent,SDTLPT-23-0130725,E
14,13-0166-22-PIBS-R,13,CRUZ-RABE MATERNITY & GEN. HOSP. DRUG TESTING LAB.,"#37 GEN. LUNA ST TUKTUKAN, TAGUIG CITY",TAGUIG,9614347338,"IFTIZAR N. HARON,MD",arhian_03@yahoo.com,arhian_03@yahoo.com,5149912,2,4,6,,,PASSED,Acceptable,SDTLPT-23-0130726,A
14,13-0215-22-PIBS-R,13,"SAN JUAN DE DIOS EDUCATIONAL FOUNDATION, INC-HOSPITAL DRUG TESTING LABORATORY","2772, ROXAS BLVD., BRGY. 076, PASAY CITY",PASAY CITY,9392934943,"LIEZEL V. SOSITO,MD",laboratory@sanjuandedios.org,laboratory@sanjuandedios.org,5143347,2,0,2,,,PASSED,Excellent,SDTLPT-23-0130727,E
14,13-0082-22-PIBS-R,13,"MARIKINA MULTISPECIALTY HEALTHCARE SERVICES, INC.","#865 JOCEVIL BUILDING J.P. RIZAL STREET, CONCEPCION UNO, MARIKINA CITY",MARIKINA CITY,9171452052,"MA. LOURDES A. TILBE,MD",marikinamultispecialtylab.2020@gmail.com,marikinamultispecialtylab.2020@gmail.com,5149977,0,0,0,,,PASSED,Excellent,SDTLPT-23-0130728,E
14,13-0012-22-PFSS-R,13,ASTRAL TECH DRUG TESTING LABORATORY,"9639 PILILLA ST., BARANGAY VALENZUELA, MAKATI CITY",MAKATI CITY,09453213477/09178463592,"RUEL JOHN T. LANDRITO,MD",astral9639pililla@yahoo.com,astral9639pililla@yahoo.com,5149243,2,1,3,,,PASSED,Highly Satisfactory,SDTLPT-23-0130729,HS
14,13-0036-22-PIBS-R,13,CHERRY LAB DIAGNOSTICS & MEDICAL CLINIC,"#37 GOVERNOR PASCUAL AVENUE TINAJEROS, MALABON CITY",MALABON CITY,9152811232,"ELENITA H. TINIO,MD",cldmc2012@yahoo.com,cldmc2012@yahoo.com,5149688,3,5,8,,,PASSED,Acceptable,SDTLPT-23-0130730,A
14,13-1523-21-PIBS-R,13,THE MEDICAL CITY CLINIC @ TIMOG,56 TIMOG AVENUE BRGY LAGING HANDA (INFRONT OF LUXENT HOTEL), QUEZON CITY,9365867004,"FRANCES A. SAURA-SANCHEZ,MD",tmctimog@themedicalcity.com,tmctimog@themedicalcity.com,5150080,1,5,6,,,PASSED,Acceptable,SDTLPT-23-0130731,A
14,13-0699-22-PIBS-R,13,"PHILIPPINE-CHINESE CHARITABLE ASSOCIATION, INC.","286 BLUMENTRITT STREET, STA. CRUZ, MANILA",MANILA CITY,09684454454/09175238181,"EVELINA N. LAGANAYO,MD",cghdrugtestinglab@gmail.com,cghdrugtestinglab@gmail.com,5150828,0,5,5,,,PASSED,Highly Satisfactory,SDTLPT-23-0130732,HS
14,13-1540-22-PFSS-R,13,ST. ANNE MEDICAL CLINIC,"UNIT GE-1, 8101 PEARL PLAZA, PEARL DRIVE, ORTIGAS CENTER, PASIG, MANILA",PASIG CITY,09338519277/09175281755,"MICHAEL M. ORTEGA,MD",unbdtc@gmail.com,unbdtc@gmail.com,5141936,2,0,2,,,PASSED,Excellent,SDTLPT-23-0130733,E
14,13-1594-22-GIBS-R,13,UNIVERSITY HEALTH SERVICE,"J.P LAUREL ST. UP CAMPUS DILIMAN, QUEZON CITY, MANILA",QUEZON CITY,09432803571/09190016138,"ANAROSE C. ALVARADO,MD",uphslaboratory.upd@up.edu.ph,uphslaboratory.upd@up.edu.ph,5141956,0,3,3,,,PASSED,Highly Satisfactory,SDTLPT-23-0130734,HS
14,13-0297-22-PFSS-R,13,WORLD CITI MEDICAL CENTER,"960 AURORA BLVD., COR. ANONAS ST., BRGY. BAGUMBUHAY",QUEZON CITY,09338548612/09151327910,"ANTONIO M. CRUZ,MD",wcmclaboratory@gmail.com,wcmclaboratory@gmail.com,5141918,3,2,5,,,PASSED,Highly Satisfactory,SDTLPT-23-0130735,HS
14,13-012-2224-HF-2,13,EL ROI MEDICAL CLINIC & DIAGNOSTIC CENTER INC.,"3RD FLOOR LEON DE ORO PLACE, 2125 LEON GUINTO ST., MALATE, MANILA",MANILA CITY,09958658077/09328510256,"FRANK GERALD C. PAGDUNZULAN,MD",info@elroi.com.ph/bj_tsutsugamushi@yahoo.com,info@elroi.com.ph/bj_tsutsugamushi@yahoo.com,5141659,1,1,2,,,PASSED,Excellent,SDTLPT-23-0130736,E
14,13-0290-22-PIBS-R,13,VALLEYMED DIAGNOSTIC AND AMBULATORY SURGICAL CENTER,UNIT 2C CITICENTRE BUILDING JP RIZAL COR. PUERTO RICO ST. NANGKA,MARIKINA CITY,9178998259,"CATHERINE KAORIE D. CALINGO,MD",valleymedmultispecialtyclinic@gmail.com,valleymedmultispecialtyclinic@gmail.com,5141920,2,5,7,,,PASSED,Acceptable,SDTLPT-23-0130737,A
14,13-1295-22-PIBS-R,13,"D' MICROASIA MEDICAL LABORATORY, INC.",913 A.T. REYES ST. BRGY. POBLACION NEAR SM FELIPE CHURCH,MANDALUYONG CITY,09999958798/09178852062,"SUSANA P. QUIAOIT,MD",micromediclab@gmail.com,micromediclab@gmail.com,5141887,2,0,2,,,PASSED,Excellent,SDTLPT-23-0130738,E
14,13-0104-22-PIBS-R,13,JED DIAGNOSTIC CENTER,"3RD FLR. GODINO BLDG. 350 A. VILLEGAS ST. ERMITA, MANILA",MANILA CITY,09175055743/09178701775,"EDITH S. TRIA,MD",jeddiagnostic_center@yahoo.com,jeddiagnostic_center@yahoo.com,5151406,0,5,5,,,PASSED,Highly Satisfactory,SDTLPT-23-0130739,HS
14,13-0202-22-PIBS-R,13,RG MEDICAL CLINIC INC.,1692 EVANGELISTA ST. BANGKAL MAKATI CITY (IN FRONT OF BDO),MAKATI CITY,09171180027/ 88432645 (LOCAL 106),"ANDREW D. DIMACALI,MD",rgmclaboratory@gmail.com,rgmclaboratory@gmail.com,5145082,1,0,1,,,PASSED,Excellent,SDTLPT-23-0130740,E
14,13-0345-22-PIBS-R,13,THE MEDICAL CITY CLINIC@REGIS CENTER KATIPUNAN,"7TH FLOOR REGIS CENTER KATIPUNAN AVE., QUEZON CITY, MANILA",QUEZON CITY,9177552561,"GREGORIO B. CORTEZ III,MD",carlosdaniel17@rocketmail.com,carlosdaniel17@rocketmail.com,5142730,0,5,5,,,PASSED,Highly Satisfactory,SDTLPT-23-0130741,HS
14,13-0227-22-PIBS-R,13,ST. CAMILLUS MEDICAL CENTER,"116 EULOGIO AMANG RODRIGUEZ AVENUE SANTOLAN, PASIG CITY, MANILA",PASIG CITY,9771427446,"ROZANI O. NAVARRO,MD",scmclab@gmail.com,scmclab@gmail.com,5142662,0,3,3,,,PASSED,Highly Satisfactory,SDTLPT-23-0130742,HS
14,13-0285-22-PIBS-R,13,UNLAB MEDICAL CLINICAL CORP,"876 G. APACIBLE CORNER L. GUINTO ST. ERMITA, MANILA",MANILA CITY,84005129,"ROMMEL P. DOMALAON,MD",unlabmedicalclinic@gmail.com,unlabmedicalclinic@gmail.com,5141806,1,1,2,,,PASSED,Excellent,SDTLPT-23-0130743,E
14,13-0135-22-GIBS-R,13,NATIONAL CENTER FOR MENTAL HEALTH,"9 DE PEBRERO ST. BRGY. MAUWAY, MANDALUYONG CITY, MANILA",MANDALUYONG CITY,9178320021,"RICHARDSON M. CARMEN,MD",ncmh18dtl@yahoo.com,ncmh18dtl@yahoo.com,5142710,1,0,1,,,PASSED,Excellent,SDTLPT-23-0130744,E
14,13-0241-22-PFSS-R,13,ST. MICHAEL'S MEDICAL CENTER AND DIAGNOSTIC CLINIC,"2ND FLOOR STARMALL, SHAW BLVD., EDSA WACK-WACK GREENHILLS",MANDALUYONG CITY,8477-8937,"BU C. CASTRO,MD",ssmc_starmallbranch@yahoo.com,ssmc_starmallbranch@yahoo.com,5142440,2,2,4,,,PASSED,Highly Satisfactory,SDTLPT-23-0130745,HS
14,13-1557-22-PIBS-I,13,PHIL. MEDICAL DIAGNOSTICS AND LAB. CENTER CORP.,"1932-A TAFT AVENUE, MALATE, MANILA",MANILA CITY,9778506929,"HERBERT Z. MANAOIS,MD",philmedlab@gmail.com,philmedlab@gmail.com,5142629,2,3,5,,,PASSED,Highly Satisfactory,SDTLPT-23-0130746,HS
14,13-1771-22-PFSS-I,13,OLYMPUS MEDICAL AND DIAGNOSTIC LABORATORY,"#333 A. MABINI ST. BRGY. 18, CALOOCAN CITY, MANILA",CALOOCAN CITY,9350531211,"JANETTE S. TOLENTINO,MD",olympusmedical2015@yahoo.com,olympusmedical2015@yahoo.com,5142491,2,1,3,,,PASSED,Highly Satisfactory,SDTLPT-23-0130747,HS
14,13-0698-22-PIBS-R,13,"MEDICAL CENTER PARA„AQUE, INC.","OLD BLDG., 2ND FLR. LAB. DEPT., DR. A. SANTOS AVE., BRGY. SAN ANTONIO, SUCAT RD",PARA„AQUE CITY,9178252945,"HUMPREY G. BITUN,MD",mcp_lab@yahoo.com,mcp_lab@yahoo.com,5142423,2,0,2,,,PASSED,Excellent,SDTLPT-23-0130748,E
14,13-0140-22-PFSS-R,13,NOVA DRUG TESTING LABORATORY,"1A 1131 QUIRINO HIGHWAY NOVALICHES, FAIRVIEW",QUEZON CITY,9195396442,"RAYMUNDO F. FELICIANO,MD",novadrugtestinglaboratory@yahoo.com,novadrugtestinglaboratory@yahoo.com,5143007,2,3,5,,,PASSED,Highly Satisfactory,SDTLPT-23-0130749,HS
14,13-0226-22-PIBS-R,13,SSMC HEALTH INC.,"3RD FR., SYCAMORE CENTER, BUENCAMINO ST. ALABANG ZAPOTE, BRGY. CUPANG",MUNTINLUPA CITY,09474464642/09178860063,"IFTIZAR N. HARON,MD",ssmchealthmsu@gmail.com,ssmchealthmsu@gmail.com,5142780,1,4,5,,,PASSED,Highly Satisfactory,SDTLPT-23-0130750,HS
14,13-0040-22-PFSS-R,13,CMI WELLNESS DIAGNOSTIC CENTER,"315 CMI BLDG. COMMONWEALTH AVENUE, BRGY. CULIAT, DILIMAN",QUEZON CITY,9198332608,"SUSANA P. QUIAOIT,MD",wellness_neuro@yahoo.com,wellness_neuro@yahoo.com,51242841,0,1,1,,,PASSED,Excellent,SDTLPT-23-0130751,E
14,13-0032-22-PIBS-R,13,"CENTRALLE MED. DIAGNOSTICS AND POLYCLINIC, INC.-PASAY","4TH FLOOR WELCOME PLAZA MALL, TAFT AVE. COR. LIBERTAD ST.",PASAY CITY,9329813299,"IRENE D. CHING,MD",pasaycmdp@gmail.com,pasaycmdp@gmail.com,5142832,1,5,6,,,PASSED,Acceptable,SDTLPT-23-0130752,A
14,13-0031-22-PIBS-R,13,"CENTRALLE MEDICAL DIAGNOSTICS AND POLYCLINIC, INC.","2/F FIRST AMIJI MANSION 6TH AVE COR MH DELPILAR STREET, CALOOCAN CITY",CALOOCAN CITY,9310726025,"IRENE D. CHING,MD",lab@centrallemedical.com,lab@centrallemedical.com,5142831,2,0,2,,,PASSED,Excellent,SDTLPT-23-0130753,E
14,13-0033-22-PIBS-R,13,"CENTRALLE MED. DIAGNOSTICS AND POLYCLINIC, INC-VALENZUELA CITY","119 PASO DE BLAS ROAD, BRGY. PASO DE BLAS, VALENZUELA CITY",VALENZUELA CITY,9233259789,"IRENE D. CHING,MD",valenzuelacmdp@gmail.com,valenzuelacmdp@gmail.com,5142833,1,1,2,,,PASSED,Excellent,SDTLPT-23-0130754,E
14,13-0137-22-PIBS-R,13,NEW ERA DRUG TESTING CENTER,"COMMONWEALTH AVENUE, CORNER TANDANG SORA, QUEZON CITY",QUEZON CITY,9619342432,"ARACELI P. JACOBA,MD",newera_drugtest@yahoo.com,newera_drugtest@yahoo.com,5142823,0,0,0,,,PASSED,Excellent,SDTLPT-23-0130755,E
14,13-0079-22-PIBS-R,13,MARIKINA MEDICAL DOCTORS CLINIC AND LABORATORY,"2ND FR BLUEWAVE STRIP MAR. GIL FERNANDO AVE., STO. NI„O, MARIKINA CITY",MARIKINA CITY,8930-7875,"DEXTER A. LEDESMA,MD",marmedinternal@yahoo.com,marmedinternal@yahoo.com,5142808,1,1,2,,,PASSED,Excellent,SDTLPT-23-0130756,E
14,13-1059-22-PIBS-R,13,THE MEDICAL CITY,"MERALCO AVENUE, ORTIGAS CENTER, PASIG CITY", PASIG CITY,09171453925/09153766093,"GREGORIO B. CORTEZ III,MD",jbmatibag@themedicalcity.com,jbmatibag@themedicalcity.com,5142804,0,0,0,,,PASSED,Excellent,SDTLPT-23-0130757,E
14,13-0147-22-PIBS-R,13,"PARA„AQUE ULTRASOUND DIAG. CENTER, INC-BACLARAN","2150 CASQUEJO BUILDING, AIRPORT ROAD, BACLARAN, PARA„AQUE CITY",PARA„AQUE CITY,9178907471,"MINNIE JANE A. PINEDA,MD",pudci.baclab@gmail.com,pudci.baclab@gmail.com,5143081,0,0,0,,,PASSED,Excellent,SDTLPT-23-0130758,E
14,13-0129-22-PIBS-R,13,MICAH MEDICAL LABORATORY,"1923 SAN MARCELINO ST., MALATE, MANILA",MANILA CITY,9209538561,"ROSALINDA COSMAS R. BENITEZ,MD",micahmedicallab@gmail.com,micahmedicallab@gmail.com,5143077,3,0,3,,,PASSED,Highly Satisfactory,SDTLPT-23-0130759,HS
14,13-0245-22-PIBS-R,13,"ST. PETER PAUL MEDICAL CLINIC, INC.","1182 GREY ST., ERMITA, MANILA",MANILA CITY,9692285223,"MARIMIN A. LAPUEBLA,MD",nishy_49@yahoo.com.ph,nishy_49@yahoo.com.ph,5142997,2,0,2,,,PASSED,Excellent,SDTLPT-23-0130760,E
14,13-0069-22-PIBS-R,13,GREPA MEDICAL AND DIAGNOSTIC CENTER (SUN LIFE GREPA FINANCIAL INC),"6819 AYALA AVE COR BUENDIA AVE BGY BEL-AIR, MAKATI CITY",MAKATI CITY,9277736101,"SIERRA ROMA S. FERNANDEZ,MD",gmdclaboratory@sunlifegrepa.com,gmdclaboratory@sunlifegrepa.com,5143064,1,5,6,,,PASSED,Acceptable,SDTLPT-23-0130761,A
14,13-0146-22-PIBS-R,13,PACIFIC GLOBAL MEDICAL CENTER,"L2B MINDANAO AVENUE, BARANGAY TALIPAPA, NOVALICHES, QUEZON CITY",QUEZON CITY,9568444753,"JANETTE S. TOLENTINO,MD",LABORATORY.PGMC@GMAIL.COM,LABORATORY.PGMC@GMAIL.COM,5143062,1,0,1,,,PASSED,Excellent,SDTLPT-23-0130762,E
14,13-0452-22-PFSS-R,13,STAR ALLIANCES DIAGNOSTICS & MARKETING SERVICES,"RM. 401 DAVID BLDG., SHAW BLVD. WACK-WACK GREENHILLS",MANDALUYONG CITY,9427441485,"VITTORIO AQUITON,MD",vittstar@yahoo.com,vittstar@yahoo.com,5143057,0,4,4,,,PASSED,Highly Satisfactory,SDTLPT-23-0130763,HS
14,13-1230-21-PFSS-R,13,AJV DRUG TESTING LABORATORY,"GROUND FLOOR CENTENO BLDG., C.J. SANTOS ST., MALINTA, VALENZUELA CITY",VALENZUELA CITY,9178300005,"AVELINO A. ALOMESEN,MD",ajvdrugtestlab@gmail.com,ajvdrugtestlab@gmail.com,5142979,1,0,1,,,PASSED,Excellent,SDTLPT-23-0130764,E
14,13-0061-22-PIBS-R,13,MAKATI MEDICAL CENTER DRUG TESTING UNIT,"#2 AMORSOLO ST., LEGASPI, VILLAGE SAN LORENZO, MAKATI CITY",MAKATI CITY,9239565786,"NEILA D. CEJUDO,MD",judy.padilla@makatimed.net.ph,judy.padilla@makatimed.net.ph,5142913,1,0,1,,,PASSED,Excellent,SDTLPT-23-0130765,E
14,13-1250-22-PIBS-R,13,ST. IGNATIUS DE LOYOLA HEALTHCARE SERVICES,"131 PASIG BLVD. BRGY., PINEDA, PASIG CITY",PASIG CITY,9178311444,"FREDERICK R. LLANERA,MD",stignatiuspasig@gmail.com,stignatiuspasig@gmail.com,5143610,4,0,4,,,PASSED,Highly Satisfactory,SDTLPT-23-0130766,HS
14,13-1245-22-PIBS-R,13,NEOMEDICA HEALTH SERVICES INC.,"LOT 4G BLK 71 CONGRESSIONAL AVENUE, BGY. BAHAY TORO, QUEZON CITY",QUEZON CITY,9176523465,"JOSE III V. YASON,MD",neomedica@gmail.com,neomedica@gmail.com,5143589,1,1,2,,,PASSED,Excellent,SDTLPT-23-0130767,E
14,13-0701-22-PIBS-R,13,UNITED DOCTORS SERVICE CORP. (METROPOLITAN MED. CENTER),"1357 G. MASANGKAY ST., STA. CRUZ, BRGY. 262, MANILA",MANILA CITY,09562191856/09175615685,"DENNIS JOSE S. CARBONEL,MD",laboratorymetromed@gmail.com,laboratorymetromed@gmail.com,5143428,2,0,2,,,PASSED,Excellent,SDTLPT-23-0130768,E
14,13-0238-22-PIBS-R,13,ST. LUKE'S MEDICAL CENTER- GLOBAL CITY,"RIZAL DRIVE CORNER, 32ND STREET AND 5TH AVENUE, BONIFACIO GLOBAL CITY",TAGUIG,789-77-00 loc. 2074,"MARIA CECILIA F. LIM,MD",chemistryslmcgc@gmail.com,chemistryslmcgc@gmail.com,5143337,2,0,2,,,PASSED,Excellent,SDTLPT-23-0130769,E
14,13-0254-22-PIBS-R,13,"THE MEGACLINIC, INC.","UNIT 552, SM MEGAMALL BLDG. A, DO„A JULIA VARGAS AVE., COR. EDSA",MANDALUYONG CITY,9989612950,"SIERRA ROMA S. FERNANDEZ,MD",megaclinic.dt@gmail.com/laboratory.mega@keralty.com.ph,megaclinic.dt@gmail.com/laboratory.mega@keralty.com.ph,5143331,0,0,0,,,PASSED,Excellent,SDTLPT-23-0130770,E
14,13-0153-22-PIBS-R,13,PATIENT'S CHOICE MEDICAL & INDUSTRIAL LABORATORY,"508-F JCG BLDG. BONI AVENUE PLAINVIEW, MANDALUYONG CITY",MANDALUYONG CITY,9613830173,"ARLENE L. SANTOS,MD",patientschoice@hotmail.com,patientschoice@hotmail.com,5143381,4,3,7,,,PASSED,Acceptable,SDTLPT-23-0130771,A
14,13-1592-22-PIBS-R,13,"PROBE POLYCLINIC & DIAGNOSTIC CENTER, INC.","UNIT 102 MARIBELLA BLDG. II 2071 ROXAS BLVD. MALATE, MANILA",MANILA CITY,9959483964,"ANAROSE C. ALVARADO,MD",corpuzdemmy@gmail.com,corpuzdemmy@gmail.com,5143319,3,2,5,,,PASSED,Highly Satisfactory,SDTLPT-23-0130772,HS
14,13-1730-22-PIBS-I,13,PROVIDENCE HOSPITAL INC.,"1515 QUEZON AVENUE, WEST TRIANGLE, QUEZON CITY",QUEZON CITY,9088137239,"RAYMUND R. INOCENCIO,MD",lab1515.phi@gmail.com,lab1515.phi@gmail.com,5143315,2,1,3,,,PASSED,Highly Satisfactory,SDTLPT-23-0130773,HS
14,13-0294-22-PIBS-R,13,VLF MEDICAL CLINIC,"6C MARCELO BLDG. CARUNCHO AVE., SAN NICOLAS, PASIG CITY",PASIG CITY,9277060338,"ROMIL M. AGUIRRE,MD",vlfmedicalclinic@gmail.com,vlfmedicalclinic@gmail.com,5143640,0,5,5,,,PASSED,Highly Satisfactory,SDTLPT-23-0130774,HS
14,13-0024-22-PIBS-R,13,"CAREPOINT MEDICAL, DIAGNOSTIC AND WELLNESS CLINIC","5F, 473 MAGCOOP BUILDING, UNITED NATIONS AVENUE, BRGY. 666, ERMITA",MANILA CITY,9695200163,"DARIO D. DEFENSOR,MD",laboratory@carepoint.com.ph,laboratory@carepoint.com.ph,5143630,1,2,3,,,PASSED,Highly Satisfactory,SDTLPT-23-0130775,HS
14,13-1572-22-PFSS-R,13,THE MEDICAL CITY CLINIC@SM NOVALICHES,"2/F UNIT, 202-356-40/41 B SM NOVALICHES, QUIRINO HIGHWAY, SAN BARTOLOME",QUEZON CITY,9257139687,"FARRAH KRISTINE Q. FONTILLA-SANTIAGO,MD",tmcsmnovaliches@themedicalcity.com,tmcsmnovaliches@themedicalcity.com,5144015,0,0,0,,,PASSED,Excellent,SDTLPT-23-0130776,E
14,13-0775-21-PIBS-R,13,DIAGNOSTICA DE SAN VICENTE CORP.,"GROUND FLOOR UNIT 101, 284 DO„A ANITA BUILDING E. RODRIGUEZ SR. AVE.",QUEZON CITY,9178283504,"ARTURO C. LOPEZ,MD",diagnostica_ddsv@yahoo.com,diagnostica_ddsv@yahoo.com,5143960,1,3,4,,,PASSED,Highly Satisfactory,SDTLPT-23-0130777,HS
14,13-0078-22-PIBS-R,13,HEALTHRIGHT INC.,"UNIT 1-9, 2/F WILCON CITY CENTER, 121 VISAYAS AVENUE, BRGY. BAHAY TORO",QUEZON CITY,9274650350,"ROSALINDA COSMAS R. BENITEZ,MD",laboratory.healthright@gmail.com,laboratory.healthright@gmail.com,5143912,1,0,1,,,PASSED,Excellent,SDTLPT-23-0130778,E
14,13-0615-22-PFSS-R,13,PRECISION MEDICAL SERVICES AND DRUG TESTING LAB.,"82 P. TUAZON BOULEVARD, BRGY. KAUNLARAN, CUBAO",QUEZON CITY,9952542521,"PRISCILLA G. MONTEFALCON,MD",kisses14393@hotmail.com,kisses14393@hotmail.com,5143838,4,1,5,,,PASSED,Highly Satisfactory,SDTLPT-23-0130779,HS
14,13-0189-22-PIBS-R,13,HEALTHWAY QUALIMED MANILA (FORMERLY:QUALIMED SURGERY CENTER),"UPM-PGH, FMAB BLDG., PGH COMPOUND, TAFT AVE., MANILA",MANILA CITY,09173075997/09178925665,"KAREN B. DAMIAN,MD",hcjalago.mnl@qualimed.com.ph,hcjalago.mnl@qualimed.com.ph,5143837,2,5,7,,,PASSED,Acceptable,SDTLPT-23-0130780,A
14,13-0084-22-PIBS-R,13,"MARITIME CLINIC FOR INTERNATIONAL SEAFARERS, INC.","7TH FR. INTRAMUROS CORPORATE PLAZA BLDG., RECOLETOS ST. INTRAMUROS",MANILA CITY,9692253375,"ANDRES S. BONIFACIO,MD",maritimeclinic.ph@gmail.com,maritimeclinic.ph@gmail.com,5144419,4,0,4,,,PASSED,Highly Satisfactory,SDTLPT-23-0130781,HS
14,13-0021-22-PFSS-R,13,"C FAMILYCARE LAGRO, INC.","KM. 22 QUIRINO HIGHWAY, BRGY. PASONG PUTIK, QUEZON CITY",QUEZON CITY,9225412738,"MARIA LUISA R. CRUZ,MD",cfamilycareclinic@yahoo.com,cfamilycareclinic@yahoo.com,5144196,2,4,6,,,PASSED,Acceptable,SDTLPT-23-0130782,A
14,13-0007-22-PFSS-R,13,ARHC DRUG TESTING CENTER,"RM 204 JL BUILDING, 109 A. MABINI STREET, KAPASIGAN, PASIG CITY",PASIG CITY,917823992,"FREDERICK R. LLANERA,MD",ghiepagkatotohan@yahoo.com,ghiepagkatotohan@yahoo.com,5143897,0,3,3,,,PASSED,Highly Satisfactory,SDTLPT-23-0130783,HS
14,13-0292-22-PIBS-R,13,VIZCARRA DIAGNOSTIC CENTER,"#464 SEGUNDA BUILDING UNITED NATION'S AVENUE, ERMITA, MANILA",MANILA CITY,9988440358,"FREDERICK G. LIM,MD",vdclaboratory@viscarrapharma.com,vdclaboratory@viscarrapharma.com,5143987,0,1,1,,,PASSED,Excellent,SDTLPT-23-0130784,E
14,13-0064-22-PIBS-R,13,MANILA DOCTORS HOSPITAL DRUG TESTING LABORATORY,"#667 UNITED NATIONS AVENUE, ERMITA, MANILA",MANILA CITY,9209024359,"MARIA CECILIA F. LIM,MD",labimmunology@maniladoctors.com.ph,labimmunology@maniladoctors.com.ph,5144114,2,1,3,,,PASSED,Highly Satisfactory,SDTLPT-23-0130785,HS
14,13-0022-22-PIBS-R,13,"CAPITOL MEDICAL CENTER, INC.","2ND FLR. LAB. DEPT. QUEZON AVE. COR. ST., MAGBANUA BRGY. PALIGSAHAN",QUEZON CITY,9968899272," MARIA MYSTICA FLODALYN T. BAUTISTA,MD",laboratory@capitolmedical.com.ph,laboratory@capitolmedical.com.ph,5145179,0,3,3,,,PASSED,Highly Satisfactory,SDTLPT-23-0130786,HS
14,13-1064-22-PIBS-R,13,THE MEDICAL CITY CLINIC @ SM LIGHT MALL,"2/F SM LIGHT MALL EDSA CORNER MADISON AVE., BRGY. BARANGKA ILAYA",MANDALUYONG,9274984143,"SARAH-JANE L. DATAY-LIM,MD",tmcsmlightmall@themedicalcity.com,tmcsmlightmall@themedicalcity.com,5144031,1,4,5,,,PASSED,Highly Satisfactory,SDTLPT-23-0130787,HS
14,13-0055-22-PIBS-R,13,GAMMACARE MEDICAL SERVICES INC.,"635 BINAYUYO ST. COR. MALANTING ST. AMPARO SUBD., BRGY. 179, NOVALICHES",CALOOCAN CITY,9175603725,"GABRIEL J. CRUZ,MD",info@gammacaremsi.com,info@gammacaremsi.com,5144519,0,4,4,,,PASSED,Highly Satisfactory,SDTLPT-23-0130788,HS
14,13-0119-22-PFSS-R,13,"LLN MEDICAL SERVICES, INC.","#1627 AGONCILLO TOWNHOMES II AGONCILLO ST., MALATE, MANILA",MANILA CITY,9223566352,"RHODERICK M. CRUZ,MD",llnmedical95@gmail.com,llnmedical95@gmail.com,5144142,2,1,3,,,PASSED,Highly Satisfactory,SDTLPT-23-0130789,HS
14,13-0142-22-PIBS-R,13,"OCW MEDICAL CLNIC, INC.","1415 REGENT BUILDING 3RD FLOOR GENERAL LUNA STREET, ERMITA, MANILA",MANILA CITY,09495883598/09175821757,"DEXTER A. LEDESMA,MD",ocwmedlaboratory@yahoo.com.ph,ocwmedlaboratory@yahoo.com.ph,5144440,0,2,2,,,PASSED,Excellent,SDTLPT-23-0130790,E
14,13-0224-22-PFSS-R,13,SSMC HEALTH INC.,"3993 AURPORT ROAD BACLARAN, PARA„AQUE, MANILA",PARA„AQUE CITY,9167041039,"MARLENE S. ONTOG,MD",ssmcbaclaran2020@gmail.com,ssmcbaclaran2020@gmail.com,51441134,0,1,1,,,PASSED,Excellent,SDTLPT-23-0130791,E
14,13-0026-22-PIBS-R,13,CBZ MEDICAL CLINIC,"1507 NFWC BLDG. SAN MARCELINO ST., ERMITA, MANILA",MANILA CITY,85269133,"EDNA MAY L. GO,MD",cbz_med@yahoo.com,cbz_med@yahoo.com,5144132,0,0,0,,,PASSED,Excellent,SDTLPT-23-0130792,E
14,13-1517-22-PIBS-R,13,FCI LABORATORY AND MEDICAL SERVICES,"ROOM 2A E. CORTES BUILDING 958 E. RODDRIGUEZ SR. AVE., BRGY. MARIANA",QUEZON CITY,9178167210,"FRANCES A. SAURA-SANCHEZ,MD",fcilab316@gmail.com,fcilab316@gmail.com,5143850,0,3,3,,,PASSED,Highly Satisfactory,SDTLPT-23-0130793,HS
14,13-0236-22-PIBS-R,13,ST. LUKE'S MEDICAL CENTER-QUEZON CITY,"279 E. RODGIGUEZ SR. AVE, QUEZON CITY",QUEZON CITY,09985821336/09189068919,"MARIA CECILIA F. LIM,MD",bcguirindola@stlukes.com.ph,bcguirindola@stlukes.com.ph,5164020,2,1,3,,,PASSED,Highly Satisfactory,SDTLPT-23-0130794,HS
14,13-0251-22-PFSS-R,13,"STATELAB CLINICS & DIAGNOSTIC CENTER, INC.","UNIT 220 2ND/F SAINT ANTHONY BLDG. 891, AURORA BLVD. CUBAO, QUEZON CITY",QUEZON CITY,09171261339/09776284600,"OLGA M. BAUSA,MD",statelab_2009@yahoo.com,statelab_2009@yahoo.com,5163842,1,5,6,,,PASSED,Acceptable,SDTLPT-23-0130795,A
14,13-1523-22-PFSS-I,13,"MEDICARD PHILIPPINES, INC.(ORTIGAS BRANCH)","UNIT 105 PAR ROYALE CONDO., JULIA VARGAS AVE., ORTIGAS CENTRE, BRGY. SAN ANTONIO,",PASIG CITY,09088864746/ 8634-1885,"ARTURO C. LOPEZ,MD",ortigas.laboratory@medicardphils.com,ortigas.laboratory@medicardphils.com,5144666,4,0,4,,,PASSED,Highly Satisfactory,SDTLPT-23-0130796,HS
14,13-0122-22-PIBS-R,13,MEDICARD PHILIPPINES INC. (FESTIVAL ALABANG) ,3L WELLNESS LANE FESTIVAL MALL FILINVEST CORP. ALABANG,MUNTINLUPA CITY,09988493117/88079219,"ARTURO C. LOPEZ,MD",alabang.laboratory@medicardphils.com,alabang.laboratory@medicardphils.com,5144667,1,3,4,,,PASSED,Highly Satisfactory,SDTLPT-23-0130797,HS
14,13-0148-22-PFSS-R,13,PARA„AQUE ULTRASOUND DIAG. CENTER INC. - DONGALO,"0459 QUIRINO AVENUE, DONGALO- NEAR ST.A NDREW'S CATHEDRAL",PARA„AQUE CITY,09666535150/ 028522425,"MINNIE JANE A. PINEDA,MD",pudcdongalolab@gmail.com,pudcdongalolab@gmail.com,5144598,3,0,3,,,PASSED,Highly Satisfactory,SDTLPT-23-0130798,HS
14,13-0877-22-PIBS-R,13,"PHYSICIANS' DIAGNOSTIC SERVICES CENTER, INC.","533 PHYSICIANS TOWER, UN AVENUE ERMITA, MANILA ",MANILA CITY,5214967,"DEXTER A. LEDESMA,MD",dexteraledesma@yahoo.com,dexteraledesma@yahoo.com,5144545,0,3,3,,,PASSED,Highly Satisfactory,SDTLPT-23-0130799,HS
14,13-0037-22-PIBS-R,13,CHRISTIAN E. CANGCO MEDICAL CLINIC AND LABORATORY,"5TH /6TH F JAYYAH BLDG PRES QUIRINO AVE SAN PASCUAL ST. MALATE, MANILA",MANILA CITY,9177603890/ 76983058,"RONALD D. CABUDOY,MD",cangcomed@gmail.com,cangcomed@gmail.com,5145060,1,1,2,,,PASSED,Excellent,SDTLPT-23-0130800,E
14,13-1658-22-PIBS-R,13,"MEDICARD PHILIPPINES, INC. ","GF RAM PLAZA, 145 DELA ROSA COR. ADELANTADO ST. LEGASPI VILLAGE",MAKATI CITY,9151865734,"ARTURO C. LOPEZ,MD",ramplaza.laboratory@medicardphil.com,ramplaza.laboratory@medicardphil.com,5144664,1,5,6,,,PASSED,Acceptable,SDTLPT-23-0130801,A
14,13-1090-22- PIBS-R,13,MEDICARD PHILIPPINES INC.,"#51 PASEO DE ROXAS COR. SEN GIL PUYAT AVENUE, MAKATI CITY",MAKATI CITY,09989632538/ 0288230379,"ARTURO C. LOPEZ,MD",,,5144665,2,0,2,,,PASSED,Excellent,SDTLPT-23-0130802,E
14,13-0158-22-PFSS-R,13,BEST DIAGNOSTIC CORPORATION,"94 NASIKAP EXTENSION, BRGY. CENTRAL DILIMAN, QUEZON CITY",QUEZON CITY,09199918903/ 029201023,"SUSANA QUIAOIT,MD",laboratory@bestdiagnostic.com.ph,laboratory@bestdiagnostic.com.ph,5144856,2,1,3,,,PASSED,Highly Satisfactory,SDTLPT-23-0130803,HS
14,13-0156-22 GIBS-R,13,PHIL. CHILDREN'S HOSP. MED. CENTER DRUG TESTING LAB,"PATHO. DEPT, GR. FR, PCMC, AGHAM ROAD COR.QUEZON AVE., DILIMAN",QUEZON CITY,09616936489/09178550673/02 8588 9900 LOC. 246,"CARINA N. MATABANG,MD",sdtl.pcmc@gmail.com,sdtl.pcmc@gmail.com,5144771,3,5,8,,,PASSED,Acceptable,SDTLPT-23-0130804,A
14,13-0095-22-PIBS-R,13,INTERNATIONAL HEALTH SCREENING CORPORATION,"401-402 4TH FLOOR, 2100 ALTOHA BLDG., BRGY 701, MADRE IGNACIA ST.,",MANILA CITY,09175982827/ 5310-1508,"EXALTACION A. CARINGAL,MD",ihscphilippines@yahoo.com,ihscphilippines@yahoo.com,5145072,3,1,4,,,PASSED,Highly Satisfactory,SDTLPT-23-0130805,HS
14,13-1058-22-PIBS-R,13,HMC  INC.- FESTIVAL MALL BRANCH,"PIXIE FOREST ENTRNCE, FESTIVAL MALL FILINVEST CITY ALABANG",MUNTINLUPA CITY,9178558100/ 09178902449,"MA. TERESA A. BARZAGA,MD",fm.lab@healhthway.com.ph,fm.lab@healhthway.com.ph,5145114,0,2,2,,,PASSED,Excellent,SDTLPT-23-0130806,E
14,13-1053-22-PIBS-R,13,HEALTHWAY MEDICAL CLINIC - ALABANG TOWN CENTER,2/FLOOR ALABANG TOWN CENTER ALABANG ZAPOTE ROAD ALABANG,MUNTINLUPA CITY,7206102/ 09166660051/ 09178902449,"MA. TERESA A. BARZAGA,MD",atc.lab@healthway.com.ph,atc.lab@healthway.com.ph,5145113,2,0,2,,,PASSED,Excellent,SDTLPT-23-0130807,E
14,13-1058-22-PIBS-R,13,HMC  INC. (SHANGRI-LA PLAZA),"5TH LEVEL, WELLNESS ZONE, SHANGRILA MALL, BRGY WACK WACK GREEN HILLS",MANDALUYONG CITY,77206119/09178479724,"MA. TERESA A. BARZAGA,MD",medlab@healthway.com.ph,medlab@healthway.com.ph,5145112,2,0,2,,,PASSED,Excellent,SDTLPT-23-0130808,E
14,13-1055-22-PIBS-R,13,"HMC, INC.- GREENBELT 5","4TH LEVEL, GREENBELT 5, AYALA CENTER, SAN LORENZO",MAKATI CITY,77206109/ 09178746084,"MA. TERESA A. BARZAGA,MD",gb.lab@healthway.com.ph,gb.lab@healthway.com.ph,5145111,1,2,3,,,PASSED,Highly Satisfactory,SDTLPT-23-0130809,HS
14,13-1056-22-PIBS-R,13,"HMC,INC. (HEALTHWAY MEDICAL CLINIC - MANILA)",G/F 8 ADRIATICO TOWER PADRE FAURA CORNER J. BOCOBO ST.,MANILA CITY,9178479722/ 09178902449,"MA. TERESA A. BARZAGA,MD",rm.lab@healthway.com.ph,rm.lab@healthway.com.ph,5145110,0,0,0,,,PASSED,Excellent,SDTLPT-23-0130810,E
14,13-1057-22-PIBS-R,13,HMC.INC (MARKET! MARKET!),"4TH LEVEL, MARKET! MARKET! BONIFACIO GLOBAL CITY",TAGUIG,77206114 LOC. 5014/ 09178078386/ 09088203549,"MA. TERESA A. BARZAGA,MD",mm.lab@healthway.com.ph,mm.lab@healthway.com.ph,5145109,4,4,8,,,PASSED,Acceptable,SDTLPT-23-0130811,A
14,13-1052-22-PIBS-R,13,"HMC,INC.","5th LEVEL, THE BLOCK, SM CITY NORTH EDSA",QUEZON CITY,09178078380/ 7206107/ 09209227612,"ARTURO C. LOPEZ,MD",sm.lab@healthway.com.ph,sm.lab@healthway.com.ph,5145708,2,0,2,,,PASSED,Excellent,SDTLPT-23-0130812,E
14,13-0001-22-PIBS-R,13,A. ZARATE GENERAL HOSPITAL,"ATLAS COMPOUND NAGA ROAD PULANG LUPA I, LAS PI„AS CITY",LAS PI„AS CITY,09067071088/ 88746903,"ALBERT L. ZARATE,MD",azarategeneralhospitallab@gmail.com,azarategeneralhospitallab@gmail.com,5144792,1,0,1,,,PASSED,Excellent,SDTLPT-23-0130813,E
14,13-1291-21-PIBS-R,13,DR. VICTOR R. POTENCIANO MEDICAL CENTER,"3RD LEVEL, VRP MEDICAL CENTER 163 EDSA",MANDALUYONG CITY,09171840352/ 8464-9999 LOC. 272,"ROSANNA S. TUNGOL,MD",laboratory@vrp.com.ph,laboratory@vrp.com.ph,5141799,0,5,5,,,PASSED,Highly Satisfactory,SDTLPT-23-0130814,HS
14,13-1587-22-PIBS-R,13,"WINDSOR INTERNATIONAL MARITIME CLINIC, INC.","2F PALACIO GRANDE BLDG. A. LUNA cor ANDA ST. INTRAMUROS, MANILA CITY",MANILA CITY,09955221966/ 5310343,"JESSICA NICOLE C. SABIDO,MD",wincilab@gmail.com,wincilab@gmail.com,5145268,1,3,4,,,PASSED,Highly Satisfactory,SDTLPT-23-0130815,HS
14,13-1249-22-PIBS-R,13,PMP DIAGNOSTIC CENTER INC- MAKATI,"THE ZONE BUILDING, 7224 MALUGAY ST. COR. BUENDIA STREET, BRGY BEL-AIR",MAKATI CITY,894-0376 / 09178005866,"RONALD D. CABUDOY,MD",pmpdci.labmakati@gmail.com,pmpdci.labmakati@gmail.com,5145303,2,4,6,,,PASSED,Acceptable,SDTLPT-23-0130816,A
14,13-0141-22GIBS-R,13,NOVALICHES DISTRICT HOSPITAL,"638 QUIRINO HI-WAY SAN BARTOLOME, NOVALICHES, QUEZON CITY",QUEZON CITY,09324210880/ 89310310 LOC. 111 AND 124,"MARIA MYSTICA FLODALYN T. BAUTISTA,MD",ndhdtl2019@gmail.com,ndhdtl2019@gmail.com,5145264,0,2,2,,,PASSED,Excellent,SDTLPT-23-0130817,E
14,13-0070-22-PIBS-R,13,"MARIKINA DOCTORS HOSPITAL AND MEDICAL CENTER, INC.","#10 EVANGELISTA ST., BRGY. SANTOLAN, PASIG CITY METRO MANILA", PASIG CITY,8-535-3837 LOC. 107 ,"FRANCES S. SANCHEZ,MD",mdhmclab@gmail.com,mdhmclab@gmail.com,5145269,2,1,3,,,PASSED,Highly Satisfactory,SDTLPT-23-0130818,HS
14,13-0444-22-PIBS-R,13,SEATRIC MEDICAL CLINICAL CORPORATION,14TH FLOOR MARITIME PLAZA TOWER A. FLORES COR. CORTADA ST. ERMITA,MANILA CITY,09970685455/ 3100178 LOC 144,"JANETTE S. SANCHEZ,MD",seatriclab@gmail.com,seatriclab@gmail.com,5145138,1,3,4,,,PASSED,Highly Satisfactory,SDTLPT-23-0130819,HS
14,13-1292-22-PIBS-R,13,MAGNIFICAT DIAGNOSTIC INC.,"2A F RESIDENCES MALINAO STREET BARANGAY HIGHWAY HILLS, SIERRA MADRE",MANDALUYONG CITY,09064088534/ 8452573,"OLGA M. BAUSA,MD",magnificatdiagnostic@gmail.com,magnificatdiagnostic@gmail.com,5145135,4,3,7,,,PASSED,Acceptable,SDTLPT-23-0130820,A
14,13-1384-22-PFSS-R,13,NICATTO HEALTH DYNAMICS CORPORATION,"1405 JOLLIBEE CENTER, SAN MIGUEL. OTIGAS CENTER",PASIG CITY,09457739930/ 7391991/ 09178832269,"FRANCIS G. MORIA,MD",nicatto.lab@gmail.com,nicatto.lab@gmail.com,5145126,2,2,4,,,PASSED,Highly Satisfactory,SDTLPT-23-0130821,HS
14,13-0034-22-PIBS-R,13,CENTRO ESCOLAR UNIVERSITY CLINICAL LABORATORY,"#9 MEDIOLA ST.BRGY 570, SAN MIGUEL",MANILA CITY,09173215898/093964667984,"FREDERICK R. LLANERA,MD",clinicallaboratory@ceu.edu.ph,clinicallaboratory@ceu.edu.ph,5145125,1,0,1,,,PASSED,Excellent,SDTLPT-23-0130822,E
14,13-0246-22-PFSS-R,13,ST. RITA MEDICAL AND DIAGNOSTIC CENTER ,1705-B DIAN COR. FINLANDIA STS. SAN ISIDRO,MAKATI CITY,0945178135/ 88451481,"SUSANA P. QUIAOIT,MD",srmdccebu13@yahoo.com,srmdccebu13@yahoo.com,5145115,2,3,5,,,PASSED,Highly Satisfactory,SDTLPT-23-0130823,HS
14,13-0052-22-PIBS-R,13,FORTMED MEDICAL CLINICS,3RD FR. CROWN CENTER #158 JUPITER CORNER NICANOR GARCIA ST. BEL AIR,MAKATI CITY,09067730917/09954664537,"AMY ROSE E. DE ALBAN,MD",medtechhead@fortmed.org,medtechhead@fortmed.org,5070327,2,0,2,,,PASSED,Excellent,SDTLPT-23-0130824,E
14,13-0050-22-PIBS-R,13,"EXACT CHECK DIAGNOSTIC CENTER, INC. -LIBIS",GROUND FLOOR MADISON SQUARE E. RODRIGUEZ JR. AVENUE BAGUMBAYAN,QUEZON CITY ,09088796388/ 88796388/70925081,"FREDERICK G. LIM,MD",exactchecklibis@gmail.com,exactchecklibis@gmail.com,5146136,2,0,2,,,PASSED,Excellent,SDTLPT-23-0130825,E
14,13-1578-22-PFSS-R,13,VALULIFE MOBILE XRAY &LABORATORY SERVICES,"G/F AURORA BUILDING, ALABANG-ZAPOTE RD., CUPANG",MUNTINLUPA CITY,(02) 8772-5131/ 09177015963,"JOCELYN MYRA R. CAJA,MD",valuelifelab@yahoo.com,valuelifelab@yahoo.com,5146090,0,0,0,,,PASSED,Excellent,SDTLPT-23-0130826,E
14,13-0475-20-PIBS-R,13,ESTRELLA LABORATORY AND DIAGNOSTIC CENTER,PASADENA ST. BRGY 70 PASAY CITY,PASAY CITY,09914654865/ 83980931,"HORACIO A. SAGUIL JR.,MD",estrelladiagnostics@yahoo.com,estrelladiagnostics@yahoo.com,5146202,0,0,0,,,PASSED,Excellent,SDTLPT-23-0130827,E
14,13-0093-22-PIBS-R,13,"INTER INDUSTRIAL PHYSICIAN MEDICAL SERVICES,INC. ",NUESTRA SE„ORA DELA PAZ ST. SAN ANTONIO VALLEY 1 SUCAT,PARA„AQUE CITY ,09173217401 / 85462355/ 09977243017,"EDNA MAY L. GO,MD",iipmsi_main@yahoo.com,iipmsi_main@yahoo.com,5146075,0,5,5,,,PASSED,Highly Satisfactory,SDTLPT-23-0130828,HS
14,13-1443-22-PIBS-R,13,MD PLUS CLINIC AND DIAGNOSTIC CENTER - ALABANG,"2F WESTGATE HUB , COMMERCE AVE, FILINVEST CORP CITY, FILINVEST, ALABANG",MUNTINLUPA CITY,823-1111/ 09171438231,"EXALTACION A. CARINGAL,MD",laboratoryalabang.mdplusclinics@gmail.com,laboratoryalabang.mdplusclinics@gmail.com,5146018,2,3,5,,,PASSED,Highly Satisfactory,SDTLPT-23-0130829,HS
14,13-0299-22-PIBS-R,13,YGEIA MEDICAL CENTER INC.,"2081 PRES. QUIRINO AVE., BRGY. 833, PANDACAN, MANILA CITY",MANILA CITY,09989392532/ 8561-2164,"WALTER G. JUAREZ,MD",deahlatade@gmail.com,deahlatade@gmail.com,5145699,4,2,6,,,PASSED,Acceptable,SDTLPT-23-0130830,A
14,13-1568-22-PIBS-R,13,SILONGA MEDICAL LABORATORY,"PHASE 1A BLK. 26 LOT 1 DAGAT DAGATAN, NAVOTAS CITY ",NAVOTAS CITY ,09178149117/ 86428631,"SONIA P. SILONGA,MD",ssmiste@gmail.com,ssmiste@gmail.com,5145282,2,2,4,,,PASSED,Highly Satisfactory,SDTLPT-23-0130831,HS
14,13-0281-22-PIBS-R,13,"URO INDUSTRIAL CLINIC, INC.","1174 SOTTO YUVIENCO BLDG. GEN. LUNA ST. BRGY. 164, PACO CITY",MANILA CITY,8522-3060;09988448835;,"ARTURO C. LOPEZ,MD",laboratory@uroic.com,laboratory@uroic.com,5144617,0,2,2,,,PASSED,Excellent,SDTLPT-23-0130832,E
14,13-1631-22-PIBS-R,13,"ST. MARTIN POLYCLINIC, INC ","1455 LEON GUINTO ST. MALATE, MANILA (NEAR CHERRY MOBILE BUILDING) ",MANILA CITY,09179792305 / 85228341,"ERISTOTEL GREGORIO  M. PAUILINO,MD",josephbona53@yahoo.com,josephbona53@yahoo.com,5144537,0,2,2,,,PASSED,Excellent,SDTLPT-23-0130833,E
14,13-0053-22-PIBS-R,13,FRIENDLYCARE FOUNDATION INC- CUBAO,"2/F METROLANE COMPLEX BLDG., P. TUAZON ST. COR 20TH AVE, BRGY. TAGUMPAY CUBAO",QUEZON CITY,09474994335/ 09189259899,"REYNALDO G. TORRES,MD",frinedlycarecbolab@gmail.com,frinedlycarecbolab@gmail.com,5144561,0,0,0,,,PASSED,Excellent,SDTLPT-23-0130834,E
14,13-0213-22-PIBS-R,13,SANDA DIAGNOSTIC CENTER,"SANDA BLDG. (ATOP MERCURY DRUG STORE), A. LACSON COR. LAONG-LAAN, SAMPALOC",MANILA CITY,9380825580,"BU C. CASTRO,MD",sandadxcenter@yahoo.com,sandadxcenter@yahoo.com,5142465,4,2,6,,,PASSED,Acceptable,SDTLPT-23-0130835,A
14,13-0221-22-PIBS-R,13,"SINGAPORE MEDICAL LABORATORIES, INC.","4F STERLING CENTRE, 131 DELA ROSA ST., COR ORMAZA ST. LEGASPI VILLAGE",MAKATI CITY ,09158061552/ 09175169949/ 02 8845-0655 LOC. 122,"PAULO GIOVANNI L. MENDOZA,MD",irish.aguila@singaporediagnostic.com,irish.aguila@singaporediagnostic.com,5146198,1,3,4,,,PASSED,Highly Satisfactory,SDTLPT-23-0130836,HS
14,13-1313-22-PIBS-R,13,MEDWAY HEALTHCARE INC,"G/F 1636 F. AGONCILLO STREET, MALATE MANILA",MANILA CITY,8536-2042/ 8404-0530/ 09285201872/ 09175359350,"MARLENE S. ONTOG,MD",info@medway.com.ph,info@medway.com.ph,5145915,2,0,2,,,PASSED,Excellent,SDTLPT-23-0130837,E
14,13-0216-22-PIBS-R,13,REAL CARE LABORATORY AND MEDICAL CLINIC,"323 AMANG RODRIGUEZ AVENUE BRGY. MANGGAHAN, PASIG CITY (BESIDE MOTORTRADE IN FRONT OF PASIG DOCTORS HOSPITAL)",PASIG CITY,7757-6014 / 09338662320,"FREDERICK R. LLANERA,MD",realcarepasig@gmail.com,realcarepasig@gmail.com,5145283,2,3,5,,,PASSED,Highly Satisfactory,SDTLPT-23-0130838,HS
14,13-0091-22-PIBS-R,13,MED V MEDICAL CLINIC INC.,"UNIT 3-A CORNER COMPLEX BLDG., 12 NEW YORK ST. BGY IMMACULATE CONCEPCION",QUEZON CITY,7091-0741 / 0917-5491120,"JANETTE S. TOLENTINO,MD",medvclininc@yahoo.com.ph,medvclininc@yahoo.com.ph,5145360,2,2,4,,,PASSED,Highly Satisfactory,SDTLPT-23-0130839,HS
14,13-1717-22-PFSS-I,13,EBD MEDICAL AND DIAGNOSTIC CLINIC,"897 VC MARIE BLDG., BAGUMBONG RD, BRGY 171 BAGUMBONG",CALOOCAN CITY,09669609180/02 727 43421,"GABRIEL J. CRUZ,MD",emmadacara85@gmail.com,emmadacara85@gmail.com,5146328,0,3,3,,,PASSED,Highly Satisfactory,SDTLPT-23-0130840,HS
14,13-0211-22-PIBS-R,13,SAGRADA CORAZON MED & ALLIED SERVICES CENTER INC,"1057 M.H.DEL PILAR ST. ERMITA,  MANILA",MANILA CITY,09560387664/ 85247128/09178399766,"RONALD D. CABUDOY,MD",laboratorysagrada@yahoo.com,laboratorysagrada@yahoo.com,5146323,3,1,4,,,PASSED,Highly Satisfactory,SDTLPT-23-0130841,HS
14,13-0498-22-PIBS-R,13,"AVENTUS MEDICAL CARE, INC.","2/F SYCAMORE ARCS1, ALABANG-ZAPOTE RD, BUENCAMINO STREET, ALABANG",MUNTINLUPA CITY,85563596/09339721244,"ARTURO C. LOPEZ,MD",laboratory.alabang@aventusmedical.com.ph,laboratory.alabang@aventusmedical.com.ph,5146349,4,0,4,,,PASSED,Highly Satisfactory,SDTLPT-23-0130842,HS
14,13-0049-22-PFSS-R,13,"EXACT CHECK DIAGNOSTIC CENTER INC.
(BANAWE BRANCH)",238 BANAWE COR. PAGATAAN AND PANALTURAN STS. BRGY. MANRESA,QUEZON CITY,09171700211/8363-9228/ 09175204205,"FREDERICK G. LIM,MD",exactcheck@gmail.com,exactcheck@gmail.com,5145394,2,3,5,,,PASSED,Highly Satisfactory,SDTLPT-23-0130843,HS
14,13-0018-22-PIBS-R,13,BMCI DIAGNOSTIC CLINIC,"UNIT 04091 LEVEL 4 WEST WING ROBINSONS GALLERIA ORTIGAS AVE BRGY UGONG, NORTE",QUEZON CITY,09171445412/091771445412,"VALERIE ANNE T. TESORO,MD",bmciresults@yahoo.com,bmciresults@yahoo.com,5145970,4,4,8,,,PASSED,Acceptable,SDTLPT-23-0130844,A
14,13-0195-22-PIBS-R,13,MAYON CLINICAL LABORATORY AND MEDICAL SERVICES,"UNIT 105 G/F MPLACE @ SOUTH TRIANGLE, 116 PANAY AVENUE",QUEZON CITY,82302370/ 09062033079,"MARILYN C. BARZA,MD",mayonmplace@gmail.com,mayonmplace@gmail.com,5145928,2,0,2,,,PASSED,Excellent,SDTLPT-23-0130845,E
14,13-0194-22-PIBS-R,13,MAYON CLINICAL LABORATORY AND MEDICAL SERVICES,"857 LOT 3 MAYON ST. NS AMORANTO, QUEZON CITY, METRO MANILA",QUEZON CITY,09062039079/87083520,"VENERACION P. MUNAR,MD",mayonlab18@gmail.com,mayonlab18@gmail.com,5145927,2,1,3,,,PASSED,Highly Satisfactory,SDTLPT-23-0130846,HS
14,13-0683-22-PIBS-R,13,AVENTUS MEDICAL CARE INC. -MANDALUYONG,"LOWER 2ND FR ALS-001, ST. FRANCIS SQUARE BLDG. DO„A JULIA VARGAS, ORTIGAS CENTER, BRGY. WACK-WACK, GREENHILLS, ",MANDALUYONG CITY,854-26578 / 09178318557,"OLGA M. BAUSA,MD",laboratory.mandaluyong@admin.aventusmedicalcare.com,laboratory.mandaluyong@admin.aventusmedicalcare.com,5146755,2,0,2,,,PASSED,Excellent,SDTLPT-23-0130847,E
14,13-0520-22-PFSS-R,13,AVENTUS MEDICAL CARE INC-AYALA NORTH EXCHANGE BRANCH,"UNIT 61 & 62 3RD FLOOR AYALA NORTH EXCHANGE BUILDING, AYALA AVE. BRGY SAN LORENZO",MAKATI CITY,09178500356/84251610,"OLGA M. BAUSA,MD",Laboratory.Ayala@aventusmedical.com.ph,Laboratory.Ayala@aventusmedical.com.ph,5146753,2,5,7,,,PASSED,Acceptable,SDTLPT-23-0130848,A
14,13-0523-22-PIBS-R,13,AVENTUS MEDICAL CARE INC.- EAST WOOD,"6F 2A CYBERZONE BLDG. EASTWOOD CITY CYBERPARK BAGUMBAYAN E. RODRIGUEZ AVE.,",QUEZON CITY,09060639962/87756132,"ARTURO C. LOPEZ,MD",Laboratory.eastwood@aventusmedical.com.ph,Laboratory.eastwood@aventusmedical.com.ph,5146752,3,1,4,,,PASSED,Highly Satisfactory,SDTLPT-23-0130849,HS
14,13-0506-22-PIBS-R,13,"AVENTUS MEDICAL CARE, INC.","SCAPE BLDG., MACAPAGAL AVE COR PEARL DR, CENTRAL BUSINESS PARK 1, SAN RAFAEL, BRGY. 76",PASAY CITY,(02)8400588/ 09178180987,"OLGA M. BAUSA,MD",Laboratory.Pasay@aventusmedical.com.ph,Laboratory.Pasay@aventusmedical.com.ph,5146346,0,5,5,,,PASSED,Highly Satisfactory,SDTLPT-23-0130850,HS
14,13-0123-22-PFSS-R,13,"MEDICARD PHILIPPINES, INC.","UNIT DEFG, TWO CYBERPOD CENTRIS, ETON CENTRIS,EDSA CORNER QUEZON AVENUE",QUEZON CITY,09126258311/(02) 89205164,"ARTURO C. LOPEZ,MD",medicardcentris@yahoo.com,medicardcentris@yahoo.com,5146902,2,5,7,,,PASSED,Acceptable,SDTLPT-23-0130851,A
14,13-0068-22-PIBS-R,13,GOLD MEDICHECK INC.,"4TH FLOOR THA BLDG., SEN GIL PUYAT AVE. COR. TAFT AVE.,",PASAY CITY,09562018453/09178490638,"MARLON A. BRIONES,MD",goldmedicheck2015@yahoo.com,goldmedicheck2015@yahoo.com,5146767,3,3,6,,,PASSED,Acceptable,SDTLPT-23-0130852,A
14,13-0291-22-PIBS-R,13,"VITALCHECK DIAGNOSTIC, INC. ","1420 G. MASANGKAY ST. STA. CRUZ, MANILA",MANILA CITY,5328 8825 LOC 105/ 09176522419,"FLORIDO A. ATIBAGOS JR.,MD",vitalchecklaboratory@gmail.com,vitalchecklaboratory@gmail.com,5146489,0,2,2,,,PASSED,Excellent,SDTLPT-23-0130853,E
14,13-0019-22-PIBS-R,13,BOROUGH MEDICAL CLINIC,"2F WELLNESS ZONE, NORTH WING, MALL OF ASIA, PASAY CITY",PASAY CITY,9175535612,"MONINA C. MONTENEGRO,MD",boroughmedicallab@gmail.com,boroughmedicallab@gmail.com,5145075,0,5,5,,,PASSED,Highly Satisfactory,SDTLPT-23-0130854,HS
14,13-0460-22-PFSS-R,13,FORTUNE AMARIS DIAGNOSTIC CENTER,"4TH FLR. DELTON BUILDING RIZAL AVE., STA. CRUZ MANILA CITY",MANILA CITY,09688572905/ 82514313,"HORACIO A. SAGUIL,MD",fortuneamaris2016@yahoo.com,fortuneamaris2016@yahoo.com,5145357,1,0,1,,,PASSED,Excellent,SDTLPT-23-0130855,E
14,13-0186-22PIBS-R,13,"QUALI-CARE POLYCLINIC AND LABORATORY, INC.","#47-A BAYAN-BAYANAN AVE., CONCEPCION UNO, MARIKINA CITY",MARIKINA CITY,8475-0235; 09295011032,"OLGA M. BAUSA,MD",qualicarepolyclinic@gmail.com,qualicarepolyclinic@gmail.com,5145982,0,4,4,,,PASSED,Highly Satisfactory,SDTLPT-23-0130856,HS
14,13-0436-21-PIBS-R,13,AVENTUS MEDICAL CARE INC-MANILA BRANCH,"5TH FLOOR TIMES PLAZA, UNITED NATION CORNER TAFT AVENUE, ERMITA",MANILA CITY,9061957322,ARTURO C. LOPEZ JR.MD,laboratory.manila@admin.aventusmedicalcare.com,laboratory.manila@admin.aventusmedicalcare.com,5146761,1,5,6,,,PASSED,Acceptable,SDTLPT-23-0130857,A
14,13-0503-22-PIBS-R,13,AVENTUS MEDICAL CARE INC. NORTH EDSA,992 EDSA 2ND FLOOR PHILIPPINE COLLEGE OF SURGEONS BUILDING, QUEZON CITY,09178306257/ 83524677/09209227612,ARTURO C. LOPEZ JR.MD,laboratory.northedsa@aventusmedical.com.ph,laboratory.northedsa@aventusmedical.com.ph,5146759,0,5,5,,,PASSED,Highly Satisfactory,SDTLPT-23-0130858,HS
14,13-0511-22-PIBS-R,13,"AVENTUS MEDICAL CARE, INC. - CUBAO","G/F UNIT 17 AND 18 MANHATTAN PARKVIEW TOWER ONE, GEN. ROMULO AVE., ARANETA CITY CUBAO, BARANGAY SOCORRO,(INFRONT OF SAVEMORE-CUBAO)", QUEZON CITY,09178317930/ (02) 8545-0976/ 09776284600,"OLGA M. BAUSA,MD",Laboratory.Cubao@aventusmedical.com.ph,Laboratory.Cubao@aventusmedical.com.ph,5146758,2,5,7,,,PASSED,Acceptable,SDTLPT-23-0130859,A
14,13-0509-22-PIBS-R,13,AVENTUS MEDICAL CARE INC - PASIG ,UNIT 16-20 G/F AIC GRANDE TOWER SAPPHIRE RD. ORTIGAS CENTER,PASIG CITY,09173098156/ 582 2430,ARTURO C. LOPEZ JR.MD,laboratory.ortigas@aventusmedical.com.ph,laboratory.ortigas@aventusmedical.com.ph,5146757,1,4,5,,,PASSED,Highly Satisfactory,SDTLPT-23-0130860,HS
14,13-0519-22-PIBS-R,13,"AVENTUS MEDICAL CARE, INC.-MAKATI","GF FILOMENA BLDG. 104 AMORSOLO ST. LEGASPI VILLAGE, MAKATI CITY", MAKATI CITY,09672073066/ (02) 8-817-1464/ 09209227612,ARTURO C. LOPEZ JR.MD,Laboratory.Makati@aventusmedical.com.ph,Laboratory.Makati@aventusmedical.com.ph,5146756,2,4,6,,,PASSED,Acceptable,SDTLPT-23-0130861,A
14,13-0027-22-PIBS-R,13,CCM CLINICAL LABORATORY AND DIAGNOSTIC CENTER,"487 GREGORIO COMPD., ALMANZA UNO, ALABANG-ZAPOTE ROAD, LAS PI„AS CITY",LAS PI„AS CITY,02-70019767/ 0915-2846163/ 09178521238,"HERBERT G. PASCUAL, MD",ccm_lab@yahoo.com,ccm_lab@yahoo.com,5146213,4,0,4,,,PASSED,Highly Satisfactory,SDTLPT-23-0130862,HS
14,13-1048-22-PIBS-R,13,MYHEALTH CLINIC - MANILA,"3RD LEVEL PEDRO GIL WING ROBINSONS PLACE MANILA, BRGY 669",MANILA CITY,(02)8251-9172/ 09177024409,"BU C. CASTRO,MD",mhermita.dtl@gmail.com,mhermita.dtl@gmail.com,5146824,2,5,7,,,PASSED,Acceptable,SDTLPT-23-0130863,A
14,13-1047-22-PIBS-R,13,MYHEALTH CLINIC - ALABANG,"2073-3 2ND LEVEL, STYLE BOULEVARD, FESTIVAL SUPERMALL, ALABANG",ALABANG,9176273266,"BU M. CASTRO,MD",myhealthclinicalabang@gmail.com,myhealthclinicalabang@gmail.com,5146825,2,0,2,,,PASSED,Excellent,SDTLPT-23-0130864,E
14,13-0188-20-PIBS-R,13,MY HEALTH CLINIC- SM NORTH,"2ND LEVEL NORTHLINK BLDG F, SM CITY NORTH EDSA NORTH AVE.,",QUEZON CITY,09175109250/ 441-41-06,"BU M. CASTRO,MD",myhealthnorthedsa@gmai.com,myhealthnorthedsa@gmai.com,5146826,3,5,8,,,PASSED,Acceptable,SDTLPT-23-0130865,A
14,13-0106-22-PIBS-R,13,JL QUALITY CLINICAL LABORATORY CO.,"95-B EDSA GUADALUPE NUEVO, MAKATI CITY (NEAR PHOENIX GAS STATION)",MAKATI CITY,09275535576/77528546,"EXALTACION A. CARINGAL,MD",jlqualityclinlab@yahoo.com,jlqualityclinlab@yahoo.com,5146228,4,0,4,,,PASSED,Highly Satisfactory,SDTLPT-23-0130866,HS
14,13-1237-22-PFSS-R,13,EVANS MEDICAL DIAGNOSTIC CENTER,"#115 NATIONAL ROAD, BRGY. BAYANAN, MUNTINLUPA CITY",MUNTINLUPA CITY,(02) 8292-6344 / 09565260063,"FLORECITA LUDIVINA T. SOLIS,MD",evansmeddx@yahoo.com,evansmeddx@yahoo.com,5146227,1,1,2,,,PASSED,Excellent,SDTLPT-23-0130867,E
14,13-1133-22-PIBS-R,13,HEALTH GUARD DIAGNOSTIC LAB. AND MEDICAL SERVICES,"55 KARUHATAN ROAD, KARUHATAN, VALENZUELA CITY",VALENZUELA CITY,09178172153/ 8-294-4565,"EXALTACION A. CARINGAL,MD",healthguarddiagnosticlaboratory@yahoo.com,healthguarddiagnosticlaboratory@yahoo.com,5069466,3,0,3,,,PASSED,Highly Satisfactory,SDTLPT-23-0130868,HS
14,13-0157-22-PFSS-R,13,AMGB DRUG TESTING LABORATORY,"503B CAMUS BLDG., EDSA, BRGY BAGONG LIPUNAN NG CRAME, QUEZON CITY",QUEZON CITY,09282432972/(8)356-1657,"TITO G. GARRIDO,MD",amgbdrugtestinglaboratory@gmail.com,amgbdrugtestinglaboratory@gmail.com,51417522,1,2,3,,,PASSED,Highly Satisfactory,SDTLPT-23-0130869,HS
14,13-0004-22-PFSS-R,13,AMERICAN BIO-CLINICAL LABORATORIES INTERNATIONAL,"LG 3-6 RICHVILLE CORP. TOWER MADRIGAL BUSINESS PARK, AYALA ALABANG",MUNTINLUPA CITY,09999376878; 0917841101; 8850-6288,"FLORENCIO C. DIZON,MD",qc.officer@abclab.com.ph / cmt@abclab.com.ph,qc.officer@abclab.com.ph / cmt@abclab.com.ph,5147520,2,5,7,,,PASSED,Acceptable,SDTLPT-23-0130870,A
14,13-0192-22-PFSS-R,13,INB DRUGTESTING CENTER,"RM. 304 3RD FLOOR, ARRHELYN BLDG. MAYSAN ROAD, MALINTA",VALENZUELA CITY,09175110522/ 89520512,"EXALTACION A. CARINGAL,MD",isidrosalvaterra@gmail.com,isidrosalvaterra@gmail.com,5147450,2,0,2,,,PASSED,Excellent,SDTLPT-23-0130871,E
14,13-0249-22-PIBS-R,13,STO. DOMINGO DIAGNOSTIC AND MEDICAL CENTER CORP.,"LGP STARMALL BRGY. WACK-WACK GREENHILL, EAST EDSA CORNER SHAW BLVD.",MANDALUYONG CITY,8654-4651/ 86503743,"MELANI H. SIOZON,MD",sto.domingodiagnostic2@gmail.com,sto.domingodiagnostic2@gmail.com,5147636,2,1,3,,,PASSED,Highly Satisfactory,SDTLPT-23-0130872,HS
14,13-1498-22-PIBS-R,13,"MULTI-LIFECARE FOUNDATION, INC.","RAMTECH BLDG., MARATHON COR. SCT. SANTIAGO ST. BRGY OBRERO, DILIMAN",QUEZON CITY,09175896930/09228468786,"MELVIN JUDE G. KATAPANG,MD",lifecarelab01@yahoo.com,lifecarelab01@yahoo.com,5157087,2,5,7,,,PASSED,Acceptable,SDTLPT-23-0130873,A
14,13-1679-22-PFSS-I,13,GOOD SHEPHERED LABORATORY AND HEALTH DIAGNOSTICS SERVICES INC.,"G/F J AND F BUILDING, #19 BAYAN BAYARAN AVE., CONCEPCION UNO", MARIKINA CITY,09175683180/ 8941-0173/ 09228648115,"MA. LOURDES A. TILBE,MD",mltilbe@yahoo.com,mltilbe@yahoo.com,5158887,1,5,6,,,PASSED,Acceptable,SDTLPT-23-0130874,A
14,13-0182-22-PIBS-R,13,GMWV MEDICAL CLINIC,"26 MAYSAN ROAD, MALINTA, VALENZUELA CITY, METRO MANILA",VALENZUELA CITY,09258297026/ (02) 83660822,"GEORGE ARISTOTLE S. WEE,MD",gmwvmedicalclinic@yahoo.com,gmwvmedicalclinic@yahoo.com,5158647,1,5,6,,,PASSED,Acceptable,SDTLPT-23-0130875,A
14,13-0011-21-PIBS-R,13,DE LOS SANTOS MEDICAL CENTER,"201 E. RODRIGUEZ SR AVE BRGY KALUSUGAN, QUEZON CITY",QUEZON CITY,88985762 LOC 8123/ 09778152378,"HERBERT Z. MANAOIS,MD",nspathology@dismc.ph,nspathology@dismc.ph,5158641,2,0,2,,,PASSED,Excellent,SDTLPT-23-0130876,E
14,13-0087-22-PIBS-R,13,HEARTWELL MEDICAL AND DIAGNOSTIC CENTER CO.,UNIT 402-404 4TH FR.  STANISO TOWER 999 PEDRO GIL COR. AGONCILLO ST. BRGY. 675 ERMITA,MANILA CITY,09435704368/ 70919758,"EDITH S. TRIA,MD",heartwellmed@gmail.com,heartwellmed@gmail.com,5158549,3,3,6,,,PASSED,Acceptable,SDTLPT-23-0130877,A
14,13-1657-22-PIBS-R,13,RMI MEDICAL AND DIAGNOSTIC CENTER,"BLK 1 LOT 1 PH 2 AB3 PAMPANO ST., LONGOS, MALABON, METRO MANILA",MALABON CITY,09271170124/ 8511-0461/ ,"KETHLY A. TEJADA,MD",rmi.mdc0219@gmail.com,rmi.mdc0219@gmail.com,5158599,3,1,4,,,PASSED,Highly Satisfactory,SDTLPT-23-0130878,HS
14,13-1060-22-PIBS-R,13,THE MEDICAL CITY CLINIC@SM FAIRVIEW,106 LGF SM CITY SM FAIRVIEW QUIRINO HI-WAY COR. REGALADO AVE.,QUEZON CITY,9178308600,"FARRAH KRISTINE FONTILLA-SANTIAGO,MD",tmcsmfairview@themedicalcity.com,tmcsmfairview@themedicalcity.com,5143346,1,5,6,,,PASSED,Acceptable,SDTLPT-23-0130879,A
14,13-0099-22-PIBS-R,13,MEDICAL CENTER MANILA,"850 UNITED NATIONS AVENUE, BRGY. 670, ERMITA,MANILA",MANILA CITY,9064557611,"ANDREW D. DIMACALI,MD",danjeromemacaraeg@gmail.com,danjeromemacaraeg@gmail.com,5148087,1,3,4,,,PASSED,Highly Satisfactory,SDTLPT-23-0130880,HS
14,13-1589-19-PIBS-I,13,ONE-RAD MEDICAL AND X-RAY CLINIC,"PUROK 4 LOT 10 BLK 7 KATIPUNAN ST. BRGY. COMMONWEALTH, QUEZON CITY",QUEZON CITY,9988646392,"JEFFERSON B. MENDOZA,MD",oneradmed@gmail.com,oneradmed@gmail.com,5147991,2,4,6,,,PASSED,Acceptable,SDTLPT-23-0130881,A
14,13-0601-23-PIBS-R,13,POPE JOHN PAUL II HOSPITAL AND MEDICAL CENTER,"GROUND FLOOR 545-E ALABANG- ZAPOTE ROAD, TALON UNO, LAS PI„AS",LAS PI„AS CITY,09218196555/ 09176257310 (02) 8876 0285 LOC. 104,"JEFFERSON B. MENDOZA,MD",pjpsdtl@gmail.com,pjpsdtl@gmail.com,5190102,0,0,0,,,PASSED,Excellent,SDTLPT-23-0130882,E
14,13-0030-22-PIBS-R,13,CENTRAL MEDICAL DRUG TESTING CENTER,"# 485 DEL MUNDO BLDG. QUIRINI HI-WAY TALIPAPA, QUEZON CITY",QUEZON CITY,09435710367/ 8231-1432,"AMELIA C. FIBRA,MD",centralmed1988@yahoo.com,centralmed1988@yahoo.com,5141760,0,2,2,,,PASSED,Excellent,SDTLPT-23-0130883,E
14,13-0014-22-PIBS-R,13,BAIRAN-TRAMMEL DIAGNOSTIC CENTER,552 UNITED NATIONS AVENUE ERMITA MANILA,MANILA CITY,09299755880/ 092868020086/ 9197983,"JEANNIE I. ANDRADE,MD",btdiagnostic@gmail.com,btdiagnostic@gmail.com,5141149,2,2,4,,,PASSED,Highly Satisfactory,SDTLPT-23-0130884,HS
14,13-0025-22-PIBS-R,13,CASA MEDIKA INCORPORATED,"0105 A SERVICE LANE LG/F SM SOUTHMALL, LAS PI„AS CITY, METRO MANILA",LAS PI„AS CITY,09165989800/ 8067891/ 09178046648,"RODOLFO E. JOSON,M D",casamedicalpc@yahoo.com,casamedicalpc@yahoo.com,5141839,2,0,2,,,PASSED,Excellent,SDTLPT-23-0130885,E
14,13-1565-22-PIBS-R,13,GALINOS MEDICAL CLINIC INC.,"3/F ATLANTIS BEACON TOWER, LEON GUINTO ST MALATE MANILA",MANILA CITY,09472923706/8521-2742,"DARIO D. DEFENSOR,MD",galinoslaboratory@gmail.com,galinoslaboratory@gmail.com,5141832,2,4,6,,,PASSED,Acceptable,SDTLPT-23-0130886,A
14,13-0963-22-PIBS-R,13,HALCYON HEALTH NETWORK INC.,"222 SEN. GIL PUYAT AVE., BRGY. PIO DEL PILAR, GROUND AND 3RD FLOOR MARIA CORNELIA BLDG",MAKATI CITY,09778360536/ 02-7577-1754,"MA. VICTORIA V. LONTOC,MD",judy.riveraalago@halcyconmarine.com.ph,judy.riveraalago@halcyconmarine.com.ph,5141846,2,5,7,,,PASSED,Acceptable,SDTLPT-23-0130887,A
14,13-0098-22-PFSS-R,13,"JAGB DRUG TESTING CENTER, INC.","UNIT 118, LEVEL 3 ROBINSONS NOVA, QUIRINO HWY, BRGY. PASONG PUTIK, NOVALICHES",QUEZON CITY,09171230325/ 8372-7776/ 09062511070,"RICARDO A. FRANCISCO,MD",tots_maranan@yahoo.com/  jagb.dtc@yahoo.com,tots_maranan@yahoo.com/  jagb.dtc@yahoo.com,5141877,2,1,3,,,PASSED,Highly Satisfactory,SDTLPT-23-0130888,HS
14,13-0101-22-PIBS-R,13,JAR MEDICAL NETWORKERS AND MOBILE DIAG. SERVICES,UNIT 207  2ND FLR. RESIDENCIALE  BLDG. KALAYAAN AVE. CENTRAL,QUEZON CITY,8518-6371/ 09457548085,"LUIS RAMON V. RODRIGUEZ,MD",jarmed.manila1@gmail.com,jarmed.manila1@gmail.com,5141871,1,0,1,,,PASSED,Excellent,SDTLPT-23-0130889,E
14,13-0117-22-PFSS-R,13,LEANNDREW DRUGTESTING AND DIAGNOSTIC CENTER,"1503 B TAYUMAN ST., BRGY 353 DIST III, STA CRUZ MANILA",MANILA CITY,09493653395/ 84000805,"ALBERT M. ALEGRE,MD",leandrewdrugtestingcenter@gmail.com,leandrewdrugtestingcenter@gmail.com,5141780,0,4,4,,,PASSED,Highly Satisfactory,SDTLPT-23-0130890,HS
14,13-0102-22-PFSS-R,13,MEDICAL DENTAL TESTS CENTER (MEDTEST)INC,"4TH FLOOR DALLCON II BLDG 164 AURORA BLVD, SAN JUAN CITY",SAN JUAN CITY, (7) 744-2639,"PRISCILLA G. MONTEFALCON,MD",mtmed164aurora@yahoo.com,mtmed164aurora@yahoo.com,5141875,1,0,1,,,PASSED,Excellent,SDTLPT-23-0130891,E
14,13-0120-22-PFSS-R,13,METRO SANITAS CORPORATION / KERALTY CLINICS,"LEVEL 2, GATEWAY MALL BRGY. SOCORRO ARANETA CITY, CUBAO, QUEZON CITY",QUEZON CITY,09190872198; 82414004/82413769,"SIERRA R. HERNANDEZ,MD",laboratory.gateway@gmail.com,laboratory.gateway@gmail.com,5141855,1,5,6,,,PASSED,Acceptable,SDTLPT-23-0130892,A
14,13-0154-22-PIBS-R,13,"PHILHEALTHCARE, INC.","2ND FLOOR., STI HOLDINGS CENTER, 6764 AYALA AVENUE, SAN LORENZO",MAKATI CITY,02-8802-7333/09999122921,"JOHN ARNEL H. AMATA,MD",PMDiagnostics@philcare.com.ph,PMDiagnostics@philcare.com.ph,5141763,0,0,0,,,PASSED,Excellent,SDTLPT-23-0130893,E
14,13-0155-22-PIBS-R,13,"PHILHEALTHCARE, INC.","UNIT 408H FIVE E COM BLDG CENTER BUILDING, MALL OF ASIA COMPLEX",PASAY CITY,09266973686/ 09178490638/ 8893-8250,"JOHN ARNEL H. AMATA,MD",moalaboratory@philcare.com.ph,moalaboratory@philcare.com.ph,5141764,4,0,4,,,PASSED,Highly Satisfactory,SDTLPT-23-0130894,HS
14,13-0161-22-GIBS-R,13,PHILIPPINE HEART CENTER- BLOOD BANK DIVISION,"MAB ANNEX MEZZANINE, EAST AVENUE, DILIMAN, QUEZON CITY",QUEZON CITY,9291638,"FREDERICK R. LLANERA,MD",phc_bb@yahoo.com,phc_bb@yahoo.com,5141801,2,0,2,,,PASSED,Excellent,SDTLPT-23-0130895,E
14,13-0242-22-PIBS-R,13,SAFEWAY DIAGNOSTICS AND MEDICAL CLINIC INC. ,2ND FR. CENTILLION CENTRE BLDG. 2972 RAMON MAGSAYSAY BLVD. STA MESA,QUEZON CITY,09171450866/ 09265340414/ (02) 87135219 LOC. 208,"MARIO ANTONIO III V. CUDAL,MD",safewaylab@yahoo.com,safewaylab@yahoo.com,5141851,2,5,7,,,PASSED,Acceptable,SDTLPT-23-0130896,A
14,13-0231-22-PIBS-R,13,ST. IGNATIUS DE LOYOLA HEALTH CARE SERVICES,"253 SHOE AVENUE, BRGY. STO. NI„O, MARIKINA CITY",MARIKINA CITY,73945412/ 09279275680/ 09228368137,"MARIA LOURDES A. TILBE,MD",stignaciushcs_1993@yahoo.com,stignaciushcs_1993@yahoo.com,5141849,4,0,4,,,PASSED,Highly Satisfactory,SDTLPT-23-0130897,HS
14,13-0239-22-PFSS-R,13,ST. MICHAEL'S MEDICAL AND DIAGNOSTIC CENTER,"2F TRINISIA CENTER, EDSA ARAYAT, CUBAO, QUEZON CITY",QUEZON CITY,57051676,"BU C. CASTRO,MD",smmc_cubao@yahoo.com,smmc_cubao@yahoo.com,5141779,4,3,7,,,PASSED,Acceptable,SDTLPT-23-0130898,A
14,13-0261-22-GIBS-R,13,TONDO MEDICAL CENTER,"KALAKAL ST., BALUT, TONDO, MANILA",MANILA CITY,"09178865949/ LOCAL 1058,1059","JOHN A. COLOMA,MD",ayapanaaida@gmail.com,ayapanaaida@gmail.com,5141914,0,0,0,,,PASSED,Excellent,SDTLPT-23-0130899,E
14,13-1286-22-PIBS-R,13,TRANSNATIONAL MEDICAL AND DIAGNOSTIC CENTER INC.,"551 CABILDO 3RD FLOOR. ST CASA MARINERO BUILDING II, INTRAMUROS, MANILA",MANILA CITY,9189596113,"ELIA P. CABRERA,MD",marjohn.gerero@tmdc.ph,marjohn.gerero@tmdc.ph,5141821,2,0,2,,,PASSED,Excellent,SDTLPT-23-0130900,E
14,13-1763-20-PFFS-I,13,ALPHASTAR LAB. DIAGNOSTIC & MULTI SPECIALTY CLINIC," C 128 ROMAROSA BLDG., LUZON AVE, OLD BALARA, QUEZON CITY",QUEZON CITY,9320966,"GABRIEL J. CRUZ,MD",alphastargenerika@gmail.com,alphastargenerika@gmail.com,5147571,2,1,3,,,PASSED,Highly Satisfactory,SDTLPT-23-0130901,HS
14,13-1309-22-PIBS-R,13,"PMP DIAGNOSTIC CENTER INC, ","#1428 JOSHUA CENTER BLDG., TAFT AVENUE, ERMITA MANILA ",MANILA CITY,09178399766/ 5273767 LOC 116,"RONALD D. CABUDOY,MD",pmpdiagnostic_taft@yahoo.com,pmpdiagnostic_taft@yahoo.com,5159409,0,0,0,,,PASSED,Excellent,SDTLPT-23-0130902,E
14,13-1217-21 PIBS-R,13,MEDHELP CLINIC & DIAGNOSTICS INC. ,"UNIT S2 ARMAL CENTER BLDG .CARUNCHO AVE. MALINAO, PASIG CITY",PASIG CITY,09674726269/ 79036114,"HORACIO A. SAGUIL,MD",medhelpcd@yahoo.com.ph,medhelpcd@yahoo.com.ph,5160908,2,0,2,,,PASSED,Excellent,SDTLPT-23-0130903,E
14,13-0125-22-PIBS-R,13,MEDLINE DIAGNOSTIC CENTER INC. ,"2ND FLOOR UNIT 10 & 11 CYT BUILDING 180 PASO DE BLAS, VALENZUELA CITY",VALENZUELA CITY,09664371703/ 86513072,"EXALTACION A. CARINGAL,MD",medline08@yahoo.com,medline08@yahoo.com,5160940,0,0,0,,,PASSED,Excellent,SDTLPT-23-0130904,E
14,13-1527-22-PFSS-R,13,PARA„AQUE DRUGTESTING AND MEDICAL SERVICES ,"23 C BLOCK 3 LOT 7 DO„A SOLEDAD AVENUE, BETTER LIVING SUBD. ",PARA„AQUE CITY ,6391715910729/ 82530120,"GODOFREDO RAINIER B. MANERA,MD",pdtams8@gmail.com,pdtams8@gmail.com,5164554,4,1,5,,,PASSED,Highly Satisfactory,SDTLPT-23-0130905,HS
14,13-1061-22-PIBS-R,13,THE MEDICAL CITY CLINIC @ SM MALL OF ASIA ,"2/F SM MALL OF ASIA WELLNESS ZONE J.W. DIOKNO BLVD., MOA COMPLEX",PASAY CITY,09153766093/ 09275089159/ 08-8770148/02-8656948,"GREGORIO III B. CORTEZ,MD",gbcortez@themedicalcity.com / tmcsmmoa@themedicalcity.com,gbcortez@themedicalcity.com / tmcsmmoa@themedicalcity.com,5166652,4,0,4,,,PASSED,Highly Satisfactory,SDTLPT-23-0130906,HS
14,13-0181-23-PIBS-R,13,GLOBALIFE MEDICAL LABORATORY AND POLYCLINIC ,"CLUSTER J, UNIT 149-150 BLUEBAY WALK, MACAPAGAL BLVD. BRGY. 76",PASAY CITY,88292751/09277094059,"FLORECITA LUDIVINA T. SOLIS,MD",globalifebbw_medlab@yahoo.com,globalifebbw_medlab@yahoo.com,5168108,2,1,3,,,PASSED,Highly Satisfactory,SDTLPT-23-0130907,HS
14,13-0022-20-PIBS-R,13,NUESTRA SE„ORA DE BUENSUCESO POLYCLINIC AND DIAGNOSTIC CENTER,"5383 M.H DEL PILAR ST., LA HUERTA, PARA„AQUE CITY ",PARA„AQUE CITY,88261405/09064329297/ 09064203244,"JOSEPHINE L. CHUA,MD",nsdb_polyclinic@yahoo.com,nsdb_polyclinic@yahoo.com,5168085,0,5,5,,,PASSED,Highly Satisfactory,SDTLPT-23-0130908,HS
14,13-1347-22-PIBS-R,13,CLEARBRIDGE MEDICAL PHILIPPINES INC.,"33 V. LUNA AVE., BARANGAY PINYAHAN, QUEZON CITY ",QUEZON CITY,09175556684/ 09207557228/ 82825227,"GRIG D. MISIONA,MD",clearbridgemeical.result@gmail.com,clearbridgemeical.result@gmail.com,5168555,2,4,6,,,PASSED,Acceptable,SDTLPT-23-0130909,A
14,13-1663-22-PFSS-I,13,HOLY NAME OF JESUS MULTI-SPECIALIST AND DIAG. CLINIC,"2F UNIT 21-23 ETON CENTRIS MALL, EDSA COR QUEZON AVE. PINYAHAN",QUEZON CITY,87161317/ 09777853949,"OLGA M. BAUSA,MD",drugtest@hnj.com,drugtest@hnj.com,5168579,0,4,4,,,PASSED,Highly Satisfactory,SDTLPT-23-0130910,HS
14,13-0543-23-PFSS-R,13,BLESSED HEART DIAG. & MULTI-SPECIALTY CLINIC INC.,RM 304-305 FRC BLDG. PEDRO GIL CORNER TAFT AVENUE MALATE MANILA,MANILA CITY,53101347/09087897381,"GRACE JOY H. PADILLA,MD",blessedheart_diagnostic@yahoo.com,blessedheart_diagnostic@yahoo.com,5170859,2,2,4,,,PASSED,Highly Satisfactory,SDTLPT-23-0130911,HS
14,13-0274-22-PFSS-R,13,"UNIFIED HEALTH POLYCLINIC, DIAGNOSTIC & DRUG TESTING ",2154-B NARRA ST. UNITED HILLS SAN MARTIN DE PORRES,PARA„AQUE CITY,8241582/ 09308468172,"JOHN DENNIS D. MACAPAGAL,MD",upolyclinic@yahoo.com,upolyclinic@yahoo.com,5170861,1,1,2,,,PASSED,Excellent,SDTLPT-23-0130912,E
14,13-1652-22- PFSS-R,13,NICATTO HEALTH DYNAMICS CORPORATION,"C3 WALKWAY EXTENSION, CENTRIS MALL, EDSA COR. QUEZON AVENUE",QUEZON CITY,9190069437,"FRANCIS G. MORIA,MD",nicatto.labqc@gmail.com,nicatto.labqc@gmail.com,5171657,2,0,2,,,PASSED,Excellent,SDTLPT-23-0130913,E
14,13-0687-23-PIBS-R,13,"HEALTHLAB AND MEDICAL SERVICES, INC.","UNIT 1601 MED. PLAZA MAKATI BLDG., AMORSOLO COR. DELA ROSA STS., LEG VILLAGE",MAKATI CITY,09288692141 / 09328872069 / 88671140 / 88443703,"NEILA D. CEJUDO,MD",healthlabinc@gmail.com / len.monteverde@gmail.com,healthlabinc@gmail.com / len.monteverde@gmail.com,5177608,0,5,5,,,PASSED,Highly Satisfactory,SDTLPT-23-0130914,HS
14,13-0615-23-PIBS-R,13,EASTERN DOCTORS MEDICAL SERVICES INC. ,"SUITE G-1 BEL-AIR APTS. 1020 ROXAS BLVD., ERMITA, MANILA, NCR",MANILA CITY,09228468786 / 09214552251,"MELVIN JUDE G. KATAPANG,MD",edms95@yahoo.com,edms95@yahoo.com,5178206,4,3,7,,,PASSED,Acceptable,SDTLPT-23-0130915,A
14,13-0096-23-PFSS-R,13,"MCLAB HEALTH CARE SOLUTIONS, INC.","UPPER GROUND FR. WORLDWIDE CORPORATE CENTER, SHAW BLVD. HWY HILLS",MANDALUYONG CITY,0917578012 / 028-451-0039,"VENERACION P. MUNAR,MD",mclabsdtl2022@gmail.com,mclabsdtl2022@gmail.com,5178812,1,1,2,,,PASSED,Excellent,SDTLPT-23-0130916,E
14,13-0771-23-PIBS-R,13,LABORATORY OF COMPUTER MEDICINE PHILIPPINES INC.,"UF, GROUND FR, MAKATI CURB BUILDING, 7433 YAKAL ST., SAN ANTONIO VILLAGE",MAKATI CITY,09164906712 / 09561451130 / 88446828 / 88435836,"MARIE MICHELLE Y. SO,MD",mariemichelle.so@gmail.com / lcmdiagnostics@yahoo.com.ph,mariemichelle.so@gmail.com / lcmdiagnostics@yahoo.com.ph,5180444,3,2,5,,,PASSED,Highly Satisfactory,SDTLPT-23-0130917,HS
14,13-0124-22-PFSS-R,13,MEDICHECK DIAGNOSTIC LABORATORY INC,"2329 BUAGOS ST. BARANGAY 59, PASAY CITY, METRO MANILA",PASAY CITY,8339753 / 09055694013,"KAREN O. BONGAS,MD",ichecklaboratory@gmail.com,ichecklaboratory@gmail.com,5180514,3,0,3,,,PASSED,Highly Satisfactory,SDTLPT-23-0130918,HS
14,13-0377-23-PFSS-R,13,BICUTAN DIAGNOSTIC LABORATORY CO.,"BLK 184 LOT 9 A. BONIFACIO AVE ZONE 1, CENTRAL BICUTAN, TAGUIG CITY",TAGUIG,09228468786 / 09182438716 / 0285526404,"MELVIN JUDE G. KATAPANG,MD",meljudmd@yahoo.com / bicutan@gmail.com,meljudmd@yahoo.com / bicutan@gmail.com,5182136,4,3,7,,,PASSED,Acceptable,SDTLPT-23-0130919,A
14,13-1045-22-PIBS-R,13,ONEHEALTH MEDICAL LABORATORY INC.,"577 P. FAURA ST. ERMITA, MANILA, METRO MANILA",MANILA CITY,09178227109 / 0953126803 / 82548200,"MONINA C. MONTENEGRO,MD",1healthmedical@gmail.com,1healthmedical@gmail.com,5180450,2,0,2,,,PASSED,Excellent,SDTLPT-23-0130920,E
14,13-1503-23-PIBS-R,13,"PERPETUAL SUCCOR HOSPITAL AND MATERNITY, INC.","G/F PERPETUAL SUCCOR HOSP. AND MATERNITY INC ACROSS CPAR REVIEW CENTER NEAR UST ESPANA 836 F CAYCO ST.457, SAMPALOC",MANILA CITY,09178472757 / 09171183769 / 87311631 to 33,"ALBERT M. ALEGRE,MD",laboratory.pshm@gmail.com,laboratory.pshm@gmail.com,5184154,2,2,4,,,PASSED,Highly Satisfactory,SDTLPT-23-0130921,HS
14,13-0398-23-PIBS-R,13,WILMAR DIAGNOSTIC AND MEDICAL CLINIC,"UNIT 302 AMV BLDG., 1748 EVANGELISTA ST. BRGY BANGKAL, MAKATI CITY",MAKATI CITY,09190997889/ 09286820086 / (02) 86598528,"JEANNIE I. ANDRADE,MD",wilmar.clinic@yahoo.com,wilmar.clinic@yahoo.com,5187040,2,0,2,,,PASSED,Excellent,SDTLPT-23-0130922,E
14,13-0637-23-PIBS-R,13,FIRST MEDICAL TEAM HEALTHCARE SPECIALIST GROUP,"AIJAS BLDG.., 970 PRES. QUIRINO AVE. COR MODESTO ST, BRGY 772, MALATE",MANILA CITY,09175537793/ 0917749680/ 8689-1430,"PAUL M. TEVES,MD",fmt_laboratory@yahoo.com,fmt_laboratory@yahoo.com,5187665,2,0,2,,,PASSED,Excellent,SDTLPT-23-0130923,E
14,13-1708-23-PFSS-I,13,AVENUE DIAGNOSTIC MEDICAL CLINICS & CLINICAL LAB.,"1728 ARV BLDG., RIZAL AVENUE STA. CRUZ, MANILA",MANILA CITY,87411112,"MA. VICTORIA L. LONTOC,MD",admclab.1728@gmail.com,admclab.1728@gmail.com,5191651,2,1,3,,,PASSED,Highly Satisfactory,SDTLPT-23-0130924,HS
14,13-0714-23-PIBS-R,13,"MMC MEDICAL AND DIAGNOSTICS CENTER, INC.","4TH FLOOR, GHR BLDG., 713 REMEDIOS ST. MALATE, MANILA",MANILA CITY,09060588804/247-1822,"RONALD D. CABUDOY,MD",mmcmedclinic@gmail.com ,mmcmedclinic@gmail.com ,5191625,2,2,4,,,PASSED,Highly Satisfactory,SDTLPT-23-0130925,HS
14,13-0190-22-GIBS-R,13,QUIRINO MEMORIAL MEDICAL CENTER,"JP RIZAL COR. P TUAZON STS, PROJECT 4 QUEZON CITY, METRO MANILA 1109",QUEZON CITY,09989722465 / 5304-9800 loc 6048,"MARITESS A. AMBAO,MD",mike_raquel@yahoo.com / qmmc_doh@yahoo.com,mike_raquel@yahoo.com / qmmc_doh@yahoo.com,5179451,2,0,2,,,PASSED,Excellent,SDTLPT-23-0130926,E
14,13-1383-22-PIBS-R,13,NOTRE DAME MEDICO DENTAL CLINICS INC.,"MD EJMAN BLDG. 1036 J. MAKPIL ST. MALATE, MANILA",MANILA CITY,09062631198/ 5232311,"EMILIO III VILLANUEVA,MD",laboratory@notredameclinic.com,laboratory@notredameclinic.com,5194170,2,3,5,,,PASSED,Highly Satisfactory,SDTLPT-23-0130927,HS
14,13-0464-22-PIBS-R,13,"S.M. LAZO MEDICAL CLINIC, INC.","1755 TAFT AVENUE CORNER J. NAKPIL ST., MALATE MANILA",MANILA CITY,85241891 TO 97,"AGUSTINA D. ABELARDO,MD",smlazolaboratory@yahoo.com,smlazolaboratory@yahoo.com,5195307,1,1,2,,,PASSED,Excellent,SDTLPT-23-0130928,E
14,13-1762-23-PFSS-R,13,TOPMED DIAGNOSTICS AND ANIMAL BITE CENTER,"130 KALAYAAN AVE, BRGY. CENTRAL, QUEZON CITY",QUEZON CITY,9683797409/ 0928932410,"LARA MAE A. ANGELES,MD",topmedlaboratoryqc@gmail.com/ laramaeangeles@gmail.com,topmedlaboratoryqc@gmail.com/ laramaeangeles@gmail.com,5195358,0,5,5,,,PASSED,Highly Satisfactory,SDTLPT-23-0130929,HS
14,13-0180-22-PIBS-R,13,PROSPERITY MEDICAL CLINIC AND LABORATORY INC,"RVA BLDG., 858 REMEDIOS ST., MALATE,MANILA, BARANGAY 708, MALATE, MANILA",MANILA CITY,09178211627/ 0285212252,"MARILYN P. CALILUNG,MD",pmcli_2000@yahoo.com,pmcli_2000@yahoo.com,5196489,1,0,1,,,PASSED,Excellent,SDTLPT-23-0130930,E
14,13-1596-22-PIBS-R,13,WORD OF HOPE GENERAL HOSPITAL FOUNDATION INC,"23 BUENAMAR, NOVALICHES PROPER, QUEZON CITY, METRO MANILA",QUEZON CITY,095551396773/ 89369953,"ELISEO JR A. GARCIA,MD",hopegenlab@gmail.com,hopegenlab@gmail.com,5196472,2,1,3,,,PASSED,Highly Satisfactory,SDTLPT-23-0130931,HS
14,13-11055-23-PIBS-R,13,"ASIA PACIFIC MEDICAL AND DIAGNOSTICS, INC.","3/F ALSCOPHIL BLDG. 2053 EDISON COR. FARADAY STS. SAN ISIDRO, MAKATI CTY",MAKATI CITY,09399832712/ 73588680,"BERNARD M. REGALADO,MD",pveterbo@apdiags.com,pveterbo@apdiags.com,5197053,1,4,5,,,PASSED,Highly Satisfactory,SDTLPT-23-0130932,HS
14,13-0780-23-PFSS-R,13,KERALTY CLINIC FESTIVAL ALABANG,"ALABANG FESVAL MALL, 2ND FLOOR,ALABANG MUNTINLUPA",MUNTINLUPA CITY,86988286,"SIERRA ROMA S. HERNANDEZ,MD",carlos.dadoacon@keralty.com.ph,carlos.dadoacon@keralty.com.ph,5196763,2,0,2,,,PASSED,Excellent,SDTLPT-23-0130933,E
14,13-0018-21-PIBS-R,13,"GLOBALHEALTH DIAGNOSTIC CENTER, INC.","156 N. DOMINGO ST. BRGY. PEDRO CRUZ, SAN JUAN CITY, METRO MANILA",SAN JUAN CITY,8-7224544/ 0945847,"ROSALIE SABINA M. SAMONTE,MD",globalhealthlabdept@gmail.com,globalhealthlabdept@gmail.com,5197614,4,4,8,,,PASSED,Acceptable,SDTLPT-23-0130934,A
14,13-1611-22-PIBS-R,13,MEDEX LABORATORIES,"#270 N. DOMINGO ST., BRGY PASADENA, SAN JUAN CITY, METRO MANILA",SAN JUAN CITY,9175284241,"SOCORRO C. YA„EZ,MD",medexlab@gmail.com,medexlab@gmail.com,5198457,0,5,5,,,PASSED,Highly Satisfactory,SDTLPT-23-0130935,HS
14,13-1340-22-GIBS-R,13,DR. JOSE N. RODRIGUEZ MEMORIAL HOSPITAL,"ST. JOSEPH AVENUE, TALA, CALOOCAN CITY, METRO MANILA",CALOOCAN CITY,09292961443/ (02) 8294-2571 LOC. 147,"MIRIAN D.VITERBO,MD",mildredfrangonilo@gmail.com,mildredfrangonilo@gmail.com,5199958,0,1,1,,,PASSED,Excellent,SDTLPT-23-0130936,E
14,13-0105-23-PFSS-R,13,MEDITRUST DIAGNOSTIC MEDICAL CLINIC AND LAB.,"109 V. LUNA EXTENSION, SIKATUNA VILLAGE QUEZON CITY",QUEZON CITY,09176854013/ (02) 700-22-775 (02) 8986-78-12,"JEFFERSON B. MENDOZA,MD",jebamen@yahoo.com/ meditrustdiagnosticmedical@gmail.com,jebamen@yahoo.com/ meditrustdiagnosticmedical@gmail.com,5199711,0,4,4,,,PASSED,Highly Satisfactory,SDTLPT-23-0130937,HS
14,13-0908-23-PIBS-R,13,WELLNEST DIAGNOSTIC CENTER,"5864 ALFONSO- ST. POBLACION, MAKATI CITY, METRO MANILA",MAKATI CITY,09914400749/ (02) 8527-7214/,"RUDOLPH D. ABINA,MD",wellnestdiagnostic2021@gmail.com,wellnestdiagnostic2021@gmail.com,5205821,3,5,8,,,PASSED,Acceptable,SDTLPT-23-0130938,A
14,13-0735-23-PIBS-R,13,HEALTHWELL DIAGNOSTIC CLINIC CO.,"5/F 1431 MRS BLDG A MABINI ST ERMITA, MANILA",MANILA CITY,9989756936,"MARLENE S. ONTOG,MD",info@healthwellclinic.net,info@healthwellclinic.net,5201801,2,4,6,,,PASSED,Acceptable,SDTLPT-23-0130939,A
14,13-0525-23-PIBS-R,13,BE SAFE MD DIAGNOSTICS,"185 EULOGIO RODRIGUEZ JR. AVE, QUEZON CITY, METRO MANILA",QUEZON CITY,9178957233/ 87312781,"MARLENE S. ONTOG,MD",sdmc.drugtesting@gmail.com,sdmc.drugtesting@gmail.com,5203719,4,3,7,,,PASSED,Acceptable,SDTLPT-23-0130940,A
14,13-0873-23-PIBS-R,13,"TRANSGLOBAL HEALTH SYSTEM, INC.","8833 SAMPALOC ST. SAN ANTONIO VILLGA MAKATI CITY, METRO MANILA",MAKATI CITY,09296775107/8955411,"MAXIMO B. AXIBAL JR.,MD",transgloballab@gmail.com,transgloballab@gmail.com,5203702,3,0,3,,,PASSED,Highly Satisfactory,SDTLPT-23-0130941,HS
14,13-004-2325-MF-2,13,BBMB LABORATORY & DIAGNOSTIC CLINIC CORP.,"#636 T.M. Kalaw St , ROOM 501 TRINITY BLDG, ERMITA, MANILA",MANILA CITY,0917255148/ 8255-6756,"MAXIMO B. AXIBAL JR.,MD",bbmblaboratory@gmail.com,bbmblaboratory@gmail.com,5204620,2,3,5,,,PASSED,Highly Satisfactory,SDTLPT-23-0130942,HS
14,13-0075-22-PIBS-R,13,"HEALTH DELIVERY SYSTEM,INC","2ND FR., SOHO CENTRAL CONDO., 748 SHAW BLVD., GREENFIELD DIST., HIGHWAY-HILLS",MANDALUYONG CITY,09175968937/ 86345714,"RODELIO D. LIM,MD",laboratory@healthfirst.com.ph,laboratory@healthfirst.com.ph,52062311,2,1,3,,,PASSED,Highly Satisfactory,SDTLPT-23-0130943,HS
14,13-1295-23-PIBS-R,13,HEALTHFIRST CLINICS- WILLIAMS BRANCH,"WILLIAM CENTER, WILLIAM ST. CORNER MAYFLOWER ST., GREENFIELD DISTRICT, HIGHWAY HILLS",MANDALUYONG CITY,09175968937/ 86345714,"ALAN T. KOA,MD",central.laboratory@healthfirst.com.ph,central.laboratory@healthfirst.com.ph,5206232,1,0,1,,,PASSED,Excellent,SDTLPT-23-0130944,E
14,13-0712-23-PIBS-R,13,MEGASON DIAGNOSTIC CLINIC,"GROUND FLOOR, THE BANYAN PLACE BLDG.,366 JP RIZAL ST.BRGY.TEJEROS",MAKATI CITY,09154257557/ 88974150,"NEIL U. NOVEROS,MD",megasontejeroslab@gmail.com,megasontejeroslab@gmail.com,5206392,0,4,4,,,PASSED,Highly Satisfactory,SDTLPT-23-0130945,HS
14,13-0711-23-PIBS-R,13,MERITA DIAGNOSTIC CLINIC INC,920 PRES. QUIRINO COR SAN ANTONIO MALATE MANILA,MANILA CITY,53101022/53100825/ 09178576942/09214420106,"NOEL C. SANTOS,MD",meritadiagnosticclinic@yahoo.com,meritadiagnosticclinic@yahoo.com,5205908,0,4,4,,,PASSED,Highly Satisfactory,SDTLPT-23-0130946,HS
14,13-1130-22-PFSS-I,13,ST. CECILIA DIAGNOSTIC CLINIC,"2F BRITTANY SQUARE BLDG. MINDANAO AVE., COR. EXT. BELFAST ST. BRGY. PASONG PUTIK",QUEZON CITY,09951661127/8546617/09258541347,"HORACIO A. SAGUIL,MD",stceciliaclinic@gmail.com,stceciliaclinic@gmail.com,5205904,0,5,5,,,PASSED,Highly Satisfactory,SDTLPT-23-0130947,HS
14,13-012-2123-MF-2,13,GRAMCARE DIAGNOSTIC CENTER INC.,"2ND-3RD FR. PHILTRUST BANK MABINI BLDG. A MABINI ST.,COR. UN AVE. ERMITA",MANILA CITY,09988619730/8712-7268,"VOLTAIRE C. YABUT,MD",gramcarediagnosticcenter@yahoo.com,gramcarediagnosticcenter@yahoo.com,52067254,1,5,6,,,PASSED,Acceptable,SDTLPT-23-0130948,A
14,13-0725-23-PIBS-R,13,HEARTLAND MEDICAL AND DIAGNOSTIC CENTER,"1853 LEON GUINTO ST. MALATE (NEAR SALVATION ARMY, BET J. NAKPIL ST AND REMEDIOS ST.)",MANILA CITY,9202383782,"DARIO D. DEFENSOR,MD",heartland.medical@yahoo.com,heartland.medical@yahoo.com,5206767,1,3,4,,,PASSED,Highly Satisfactory,SDTLPT-23-0130949,HS
14,13-0893-23-PFSS-R,13,SULIT MEDLAB CLINIC,"#7 F. SEVILLA BLVD., TA„UNG, MALABON CITY, METRO MANILA",MALABON CITY,9688795419,"KETHLY A. TEJADA,MD",sulitmedlabbranch2@gmail.com,sulitmedlabbranch2@gmail.com,5206772,1,4,5,,,PASSED,Highly Satisfactory,SDTLPT-23-0130950,HS
14,13-0123-23-PFSS-R,13,TLCC MEDICAL HEALTH SERVICES,"UNIT 201 JEMCO BLDG., C. RAYMUNDO CORNER BERNAL ST., ROSARIO",PASIG CITY,09772882108/ 02 84052685,"ROCYLENE C. ROQUE,MD",sharcabral.mt@gmail.com,sharcabral.mt@gmail.com,5206762,2,4,6,,,PASSED,Acceptable,SDTLPT-23-0130951,A
14,13-1109-23-PIBS-R,13,"HEALTHPLUS DIAGNOSTIC CLINIC, INC.","4th FR. SOLEMIL BLDG. 1248 J.BOCOBO ST., COR. PADRE FAURA ST. ERMITA BRGY 669",MANILA CITY,09474051592/ (02) 85627101 loc. 104/ 09776284600,"OLGA M. BAUSA,MD",laboratory@hpdci.com,laboratory@hpdci.com,5207564,1,0,1,,,PASSED,Excellent,SDTLPT-23-0130952,E
14,13-0068-23-PIBS-R,13,"DETOXICARE MOLECULAR DIAGNOSTICS LABORATORY, INC.","441 BONI AVENUE, BARANGGAY NEW ZANIGA",MANDALUYONG CITY,9688870986,"DAPHNE C. ANG,MD",detoxicare.clinical@gmail.com,detoxicare.clinical@gmail.com,5083083,0,4,4,,,PASSED,Highly Satisfactory,SDTLPT-23-0130953,HS
14,13-0384-23-PIBS-R,13,GLOBAL HEALTH DIAGNOSTICS-QUEZON CITY,132-I KALAYAAN AVE. BRGY. CENTRAL DILIMAN QUEZON CITY,QUEZON CITY,09985482697/ 09214420106,"NOEL C. SANTOS,MD",globalhealthquezoncity@gmail.com,globalhealthquezoncity@gmail.com,5208513,0,4,4,,,PASSED,Highly Satisfactory,SDTLPT-23-0130954,HS
14,13-0385-23-PIBS-R,13,GLOBALHEALTH DIAGNOSTICS -PARANAQUE,4TH FLOOR LMB BUILDING 158 SAN ANTONIO AVENUE SAN ANTONIO VALLEY 1,PARA„AQUE CITY,09222709614/ 88259964/ 09214420106,"NOEL C. SANTOS,MD",globalhealthparanaque@gmail.com,globalhealthparanaque@gmail.com,5208515,2,2,4,,,PASSED,Highly Satisfactory,SDTLPT-23-0130955,HS
14,13-0656-23-PFSS-R,13,GL-ORO DRUGTESTING LABORATORY,"1151 QUIRINO HI-WAY BRGY KALIGAYAHAN, QUEZON CITY",QUEZON CITY,09060111277/ 09491616499/84005706,"GABRIEL J. CRUZ,MD",guialuz_oro@yahoo.com.ph,guialuz_oro@yahoo.com.ph,5208084,4,0,4,,,PASSED,Highly Satisfactory,SDTLPT-23-0130956,HS
14,13-0766-23-PIBS-R,13,LAKAMBINI DIAGNOSTIC CENTER CORPORATION,1991 UNIT E & F WARDLEY BLDG. TAFT AVENUE PASAY CITY,PASAY CITY,9178087846,"GRIG D. MISIONA,MD",lakambinidiagnosticcenter@yahoo.com,lakambinidiagnosticcenter@yahoo.com,5208078,0,1,1,,,PASSED,Excellent,SDTLPT-23-0130957,E
14,13-1232-23-PIBS-R,13,IMS WELLTHCARE INC. MEDICAL CLINIC,"NO. 49 NATIONAL RD. PUTUTAN CITY, MUNTINLUPA",MUNTINLUPA CITY,09695257163/ 88611598/ 88624969,"KAREN B. DAMIAN,MD",imswellthcare@gmail.com,imswellthcare@gmail.com,5209272,1,4,5,,,PASSED,Highly Satisfactory,SDTLPT-23-0130958,HS
14,13-0126-22-PIBS-R,13,MEDOCARE HEALTH SYSTEM INC. ,"30 EU STATE TOWER,QUEZON AVENUE BRGY DONA JOSEFA",QUEZON CITY,09053432688/8628-9027,"GODWIN N. HERNAEZ,MD",medocaredt123@yahoo.com,medocaredt123@yahoo.com,5208860,1,5,6,,,PASSED,Acceptable,SDTLPT-23-0130959,A
14,13-0574-PFSS-R,13,CENTRO MEDICAL AND LABORATORY,"397 J.P RIZAL ST STO NINO MARIKINA CITY, METRO MANILA",MARIKINA CITY,9189592286 / 84703494,"MARK JOSEPH R. DE GUZMAN,MD",centromedenlab@gmail.com,centromedenlab@gmail.com,5210557,4,0,4,,,PASSED,Highly Satisfactory,SDTLPT-23-0130960,HS
14,13-0161-23-PFSS-R,13,TOPHEALTH MEDICAL CLINICS INC. ,"2ND FR. SM CITY SAN LAZARO, FELIX HUERTAS ST., COR A.H. LACSON, MANILA",MANILA CITY,09278563756/ 09178239562,"MELANI H. SIOZON,MD",tophealthmcidtl@gmail.com,tophealthmcidtl@gmail.com,5210564,1,5,6,,,PASSED,Acceptable,SDTLPT-23-0130961,A
14,13-0023-22-PIBS-R,13,CARDINAL SANTOS MEDICAL CENTER,"10 WILSON STREET, CARDINAL SANTOS MED CENTER-DEPT. OF LAB AND PATHO.",SAN JUAN CITY,(8) 727-0001 LOC. 4012 /09260356970,"IMELDA O. DEL ROSARIO,MD",ktan@csmc.ph,ktan@csmc.ph,5212161,1,5,6,,,PASSED,Acceptable,SDTLPT-23-0130962,A
14,13-0386-23-PIBS-R,13,GLOBAL HEALTH DIAGNOSTICS- PASAY CITY,"2ND FLOOR ALEXANDRA BLDG. 107 PASADENA ST, PASAY CITY MANILA",PASAY CITY,09667198251/ 8556-2753/ 09214420106,"NOEL C. SANTOS,MD",globalhealthpasay@gmail.com,globalhealthpasay@gmail.com,5208514,0,2,2,,,PASSED,Excellent,SDTLPT-23-0130963,E
14,13-1220-23-PIBS-R,13,K LINE CLINIC,"8TH FLOOR OCEAN BREEZE BLDG, CORAL WAY DRIVE CENTRAL BUSINESS PARK 1",PASAY CITY,556-2956 LOC. 405,"DEXTER A. LEDESMA,MD",leizelsalmamon@gmail.com ,leizelsalmamon@gmail.com ,5212177,1,5,6,,,PASSED,Acceptable,SDTLPT-23-0130964,A
14,13-0080-23-PFSS-R,13,HEALTH SCREEN LABORATORY AND DIAGNOSTIC CENTER,"G/F ANSA II BLDG., CHINO ROCES AVE., MAKATI CITY",MAKATI CITY,09062635164/ 8883-0045/ 09088181464,"SARAH H. CASIO,MD",healthscreenmakatilaboratory@gmail.com,healthscreenmakatilaboratory@gmail.com,5212504,2,5,7,,,PASSED,Acceptable,SDTLPT-23-0130965,A
14,13-0078-23-PFSS-R,13,HEALTH SCREEN LABORATORY AND DIAGNOSTIC CENTER,"2ND FR. NO. 3 ASUNCION ST. MORNING BREEZE, SUBDIVISION, CALOOCAN CITY",CALOOCAN CITY,09177000599/ 08-84774313/ 09179575757,"ALBERT M. LUNA,MD",hscaloocan.labdept@gmail.com,hscaloocan.labdept@gmail.com,5212505,0,1,1,,,PASSED,Excellent,SDTLPT-23-0130966,E
14,13-0391-23-PFSS-R,13,"MEDICAL TRENDS, INC. ","UNIT 2A-D LMN BLDG. DR. A SANTOS AVE., SUCAT PARANAQUE CITY",PARA„AQUE CITY,09228104478/8820-9596,"FREDERICK G. LIM,MD",medicaltrends_inc@yahoo.com.ph,medicaltrends_inc@yahoo.com.ph,5212241,1,2,3,,,PASSED,Highly Satisfactory,SDTLPT-23-0130967,HS
14,13-0394-22-PFSS-R,13,"DRUGCHECK PHILIPPINES, INC.","ESTRELLITA BLDG. 236 MONTILLANO ST. BRGY. ALABANG, MUNTINLUPA CITY",MUNTINLUPA CITY,09295655222/ 8843-4587,"MARIA LEAL M. REYES,MD",pauliz.abasolo@gmail.com,pauliz.abasolo@gmail.com,5214604,1,0,1,,,PASSED,Excellent,SDTLPT-23-0130968,E
14,13-0397-22-PFSS-R,13,"DRUGCHECK PHILIPPINES, INC. - SHAW","ROOM 202 MN SQUARE BLDG. 678 SHAW BLVD. BRGY. KAPITOLYO, PASIG CITY",PASIG CITY,7091-1734 / 8277-4951/ 09985493015,"MARIA LEAL M. REYES,MD",rollydemata@yahoo.com / rollydemata@gmail.com,rollydemata@yahoo.com / rollydemata@gmail.com,5214605,2,0,2,,,PASSED,Excellent,SDTLPT-23-0130969,E
14,13-0396-22-PFSS-R,13,DRUGCHECK PHILS. INC.,RM.211 PRIMA BLDG. #1 MAGALANG ST. BRGY. PINYAHA,QUEZON CITY,09062728103/ 73416571,"MARIA LEAL M. REYES,MD",dcpieastave2022@gmail.com,dcpieastave2022@gmail.com,5214602,2,1,3,,,PASSED,Highly Satisfactory,SDTLPT-23-0130970,HS
14,13-0395-22-PFSS-R,13,"DRUGCHECK PHILS., INC.","UNIT 3 DO„A CONSOLACION BLDG., GEN.SANTOS AVE., ARANETA CENTER, CUBAO",QUEZON CITY,09209227612/ 8283-1407,"ARTURO JR. C. LOPEZ,MD",dcpicubao@gmail.com,dcpicubao@gmail.com,5214603,1,2,3,,,PASSED,Highly Satisfactory,SDTLPT-23-0130971,HS
14,13-0699-23-GIBS-R,13,NATIONAL CHILDRENS HOSPITAL,"264 E. RODRIGUEZ SR. AVE.,BRGY DAMAYANG LAGI,QUEZON CITY",QUEZON CITY,09423422175/ 87240656 LOC. 216 ,"KETHLY A. TEJADA,MD",nchqc.dlt@gmail.com,nchqc.dlt@gmail.com,5214416,2,2,4,,,PASSED,Highly Satisfactory,SDTLPT-23-0130972,HS
14,13-0229-22-PFSS-R,13,ST. GEORGE CLINICAL LABORATORY SERVICES,"704 2/F PUREGOLD BLDG. RIZAL AVE. EXT., CALOOCAN, METRO MANILA",CALOOCAN CITY,09176899980 /(02) 83673083,"GEORGE III C. ABARRO,MD",rmtchel20@gmail.com,rmtchel20@gmail.com,5214418,1,4,5,,,PASSED,Highly Satisfactory,SDTLPT-23-0130973,HS
14,13-0230-22-PIBS-R,13,ST. GEORGE CLIN. LAB. SERVICES- KALAYAAN BRANCH,"NO. 132 3/F, KALAYAAN AVENUE, BRGY.CENTRAL, DILIMAN, QUEZON CITY",QUEZON CITY,09954053887/ 8426-3490,"GEORGE III C. ABARRO,MD",st.georgecclinic@yahoo.com,st.georgecclinic@yahoo.com,5124419,1,3,4,,,PASSED,Highly Satisfactory,SDTLPT-23-0130974,HS
14,13-1104-23-GIBS-R,13,MANILA HEALTH DEPARTMENT - PUBLIC HEALTH LAB.,"1559 ALVAREZ STREET STA. CRUZ, MANILA, METRO MANILA",MANILA CITY,09175771197/ 53103747,"MARIA LOURDES P. SANTOS,MD",manilalab_phl@yahoo.com,manilalab_phl@yahoo.com,5215912,4,1,5,,,PASSED,Highly Satisfactory,SDTLPT-23-0130975,HS
14,13-1389-23-PIBS-R,13,ST. JUDE MEDICAL CLINIC AND DIAGNOSTIC CENTER,"BLK 51 LOT 3 PH 3 F2 DAGAT-DAGATAN, CALOOCAN CITY, METRO MANILA",CALOOCAN CITY,09229758486/ 09171459421,"ROSALINDA COSMAS R. BENITEZ,MD",stcaloocan@gmail.com,stcaloocan@gmail.com,5215909,4,0,4,,,PASSED,Highly Satisfactory,SDTLPT-23-0130976,HS
14,13-0233-22-PIBS-R,13,ST. JUDE MEDICAL CLINIC AND DIAGNOSTIC CENTER,"RLN BLDG. 153 GOV PASCUAL AVE. COR. M H DEL PILAR ST., BRGY. TINAJEROS",MALABON CITY,09762384509/ 09338267432/,"ROSALINDA COSMAS PIBS0R. BENITEZ,MD",stjudemedcen@gmail.com,stjudemedcen@gmail.com,5215908,0,0,0,,,PASSED,Excellent,SDTLPT-23-0130977,E
14,13-1278-22-PIBS-R,13,"MULTICARE MEDICAL AND DIAGNOSTIC CENTER, INC.","302 GEMPC BUILDING, 132 TIMOG AVENUE, DILIMAN, QUEZON CITY",QUEZON CITY,09159247867/8810-1665/09178013840,"PAULO E. BELEN,MD",multicare.qc@gmail.com,multicare.qc@gmail.com,5157084,2,2,4,,,PASSED,Highly Satisfactory,SDTLPT-23-0130978,HS
14,13-0753-23-GIBS-R,13,MAKATI DISTRICT HEALTH LABORATORY,"7TH FLOOR, BLDG. I, JP RIZAL ST., BARANGAY POBLACION,MAKATI CITY HALL",MAKATI CITY,0917-513-0560 / 8870-1617 / 0956-759-7036,"JOHN A. COLOMA,MD",mhd.drugtest@gmail.com,mhd.drugtest@gmail.com,5173905,0,5,5,,,PASSED,Highly Satisfactory,SDTLPT-23-0130979,HS
14,13-0493-23-PIBS-R,13,"MARITIME MEDICAL AND LABORATORY CLINIC, INC.","2ND FLOOR, PARAGON TOWER, 531-A, FLORES ST., ERMITA, MANILA",MANILA CITY,8526-3816 / 0915-355-1801,"DEXTER A. LEDESMA,MD",peme@mmlci.com.ph,peme@mmlci.com.ph,5173953,0,3,3,,,PASSED,Highly Satisfactory,SDTLPT-23-0130980,HS
14,13-0734-23-PIBS-R,13,MCU-FDT MEDICAL FOUNDATION HOSPITAL,"EDSA, CALOOCAN CITY",CALOOCAN CITY,8363-3084 / 0917-105-1019,"ESTELA MARIE C. TANCHOCO,MD",lab.mcuhospital@gmail.com,lab.mcuhospital@gmail.com,5175106,2,0,2,,,PASSED,Excellent,SDTLPT-23-0130981,E
14,13-1352-19-PIBS-R,13,ALFONSO SPECIALIST HOSPITAL,"185, DR. SIXTO ANTONIO AVE., ROSARIO, PASIG CITY, METRO MANILA, NCR",PASIG CITY,0917-385-2062 / 8571-1285,"SUSANA P. QUIAOIT,MD",alfonsospecialist. hospital@yahoo.com,alfonsospecialist. hospital@yahoo.com,5176085,1,0,1,,,PASSED,Excellent,SDTLPT-23-0130982,E
14,13-0620-23-PIBS-R,13,EVERGREEN MEDICAL AND DIAGNOSTIC CENTER,"641 J&B BUILDING, EDSA MALIBAY, PASAY CITY, 4TH DISTRICT",PASAY CITY,0905-350-0767 / (02) 8646-3734,"FRANK GERALD G. PAGDUNZALAN,MD",info.evergreenmdc@gmail.com,info.evergreenmdc@gmail.com,5175954,0,0,0,,,PASSED,Excellent,SDTLPT-23-0130983,E
14,13-1086-23-PIBS-R,13,HI-PRECISION DIAGNOSTICS - COMMONWEALTH BRANCH,"2/F CPE MULTI-RESOURCES INC. BLDG. EAST FAIRVIEW, COMMONWEALTH AVE.",QUEZON CITY,09178062890/ 09088165722/ 09178408791,"EVETTE LILYBELLE A. DEMAISIP,MD",hpcommonwealth.lab@hi-precision.com.ph,hpcommonwealth.lab@hi-precision.com.ph,52201061,2,0,2,,,PASSED,Excellent,SDTLPT-23-0130984,E
14,13-1082-23-PFSS-R,13,HI-PRECISION DIAGNOSTICS - LACSON,MEZZANINE & 2ND FLOOR PACIFIC SKYLOFT BLDG. 1160 GOV. FORBES LACSON AVE.,MANILA CITY,09177256425/ 4040102,"MARIA LOURDES P. SANTOS,MD",hplacson.lab@hi-precision.com.ph,hplacson.lab@hi-precision.com.ph,5221064,0,5,5,,,PASSED,Highly Satisfactory,SDTLPT-23-0130985,HS
14,13-1239-22-PFSS-R,13,HI-PRECISION DIAGNOSTICS - MALABON BRANCH,"1/F - L12A FISHERMALL MALABON, LOT 2-10, BLK 8, PH3 E-2, LONGOS DISTRICT 2",MALABON CITY,09178293164/ 09209775938,"MARICEL R. RIBO,MD",hpmalabon.lab@hi-precision.com.ph,hpmalabon.lab@hi-precision.com.ph,5221065,1,5,6,,,PASSED,Acceptable,SDTLPT-23-0130986,A
14,13-1080-23-PFSS-R,13,HI-PRECISION DIAGNOSTICS - PASIG BRANCH,"102-202 ARMAL BLDG. II F. LEGASPI ST. COR. C. RAYMUNDO AVE, MAYBUNGA",PASIG CITY,090626716027/ 09209610407/ 86283277,"PEDRITO Y. TAGAYUNA,MD",hppasig.lab@hi-precision.com.ph,hppasig.lab@hi-precision.com.ph,5221069,0,3,3,,,PASSED,Highly Satisfactory,SDTLPT-23-0130987,HS
14,13-1102-23-PFSS-R,13,HI-PRECISION DIAGNOSTICS - TAFT,"1852 TAFT AVE. ZONE 075 BRGY. 693, MALATE, MANILA, ",MANILA CITY,09338690041/ 84050039 LOC. 1007/ 09178569010,"IRMA GRACE B. CAPINIG,MD",hptaft.lab@hi-precision.com.ph,hptaft.lab@hi-precision.com.ph,5221073,4,0,4,,,PASSED,Highly Satisfactory,SDTLPT-23-0130988,HS
14,13-1100-23-PIBS-R,13,HI-PRECISION DIAGNOSTICS - V.LUNA BRANCH,"G/F GARPAS TOWER NO. 31-B V. LUNA AVENUE, BRGY. PINYAHAN",QUEZON CITY,09338193799/ 09176566623/ 09399043463,"EVETTE LILYBELLE A. DEMAISIP,MD",hpvluna.lab@hi-precision.com.ph,hpvluna.lab@hi-precision.com.ph,5221063,3,5,8,,,PASSED,Acceptable,SDTLPT-23-0130989,A
14,13-1085-23-PFSS-R,13,HI-PRECISION DIAGNOSTICS - VALENZUELA,"UNITS 3 AND 4 ARCA NORTH COMPOUND, 286 MACARTHUR HI-WAY, KARUHATAN",VALENZUELA CITY,09176567012/ 09338193866,"IRMA GRACE B. CAPINIG,MD",hpvalenzuela.lab@hi-precision.com.ph,hpvalenzuela.lab@hi-precision.com.ph,5221075,2,2,4,,,PASSED,Highly Satisfactory,SDTLPT-23-0130990,HS
14,13-1092-23-PFSS-R,13,HI-PRECISION DIAGNOSTICS EAST AVENUE BRANCH,"18 EAST AVENUE, COR. VLUNA BARANGAY PINYAHAN DILIMAN, QUEZON CITY",QUEZON CITY,09175782198/  09338193853,"EVETTE LILYBELLE A. DEMAISIP,MD",hpeastave.lab@hi-precision.com.ph,hpeastave.lab@hi-precision.com.ph,5221056,2,1,3,,,PASSED,Highly Satisfactory,SDTLPT-23-0130991,HS
14,13-1101-23-PFSS-R,13,HI-PRECISION DIAGNOSTICS PIONEER,8006 PIONEER CENTER COR. UNITED AND BRIXTON STS. BARANGAY KAPITOLYO,PASIG CITY,09176594671/ 09338193859/ 09178569010,"IRMA GRACE B. CAPINIG,MD",hppioneer.lab@hi-precision.com.ph,hppioneer.lab@hi-precision.com.ph,5221070,0,3,3,,,PASSED,Highly Satisfactory,SDTLPT-23-0130992,HS
14,13-1088-23-PFSS-R,13,HI-PRECISION DIAGNOSTICS PLUS,"11, NORKIS BLDG. CALBAYOG ST. COR DM GUEVARRA ST., MANDALUYONG CITY",MANDALUYONG CITY,09178327313/ 09178569010/ 86595613 LOC. 1001,"IRMA GRACE B. CAPINIG,MD",hpmandaluyong.lab@hi-precision.com.ph,hpmandaluyong.lab@hi-precision.com.ph,5221066,2,0,2,,,PASSED,Excellent,SDTLPT-23-0130993,E
14,13-1085-22-PIBS-R,13,HI-PRECISION DIAGNOSTICS PLUS - ALABANG,"SPACE NOS. 2214-2216 UPPER GR FR, FESTIVAL SUPERMALL, FILINVEST CORP.",MUNTINLUPA CITY,09338690057/ 09226970629,"MONINA C. MONTENEGRO,MD",hpalabanglab@hiprecision.com.ph,hpalabanglab@hiprecision.com.ph,5221091,1,5,6,,,PASSED,Acceptable,SDTLPT-23-0130994,A
14,13-1095-23-PFSS-R,13,HI-PRECISION DIAGNOSTICS PLUS - BF HOMES,"64 AGUIRRE AVENUE, BF HOMES, SUCAT,PARANAQUE CITY, METRO MANILA",PARA„AQUE CITY,09338231118/ 09178337726/ (02) 88341295/ 88341289,"PAULO ANTONIO E. CLEMENTE,MD",hpbfhomes.lab@hi-precision.com.ph,hpbfhomes.lab@hi-precision.com.ph,5221094,1,4,5,,,PASSED,Highly Satisfactory,SDTLPT-23-0130995,HS
14,13-1112-23-PFSS-R,13,HI-PRECISION DIAGNOSTICS PLUS - MCKINLEY,"UNIT LG-1A AND A107 C1-1 123 WEST CAMPUS, MCKINLEY WEST (TELUS BLDG.)",TAGUIG,091786983389/ 09178837269/ 02 82537143,"FRANCIS G. MORIA,MD",hpmckinley.lab@hi-precision.com.ph,hpmckinley.lab@hi-precision.com.ph,5221067,3,2,5,,,PASSED,Highly Satisfactory,SDTLPT-23-0130996,HS
14,13-1110-23-PFSS-R,13,HI-PRECISION DIAGNOSTICS PLUS - ROCKWELL,"R3 324A POWERPLANT MALL, ROCKWELL, POBLACION, MAKATI CITY",MAKATI CITY,09178481765/ 84048120/ 09209610407,"PEDRITO Y. TAGAYUNA,MD",hprockwell.lab@hi-precision.com.ph,hprockwell.lab@hi-precision.com.ph,5221071,3,2,5,,,PASSED,Highly Satisfactory,SDTLPT-23-0130997,HS
14,13-1091-23-PFSS-R,13,HI-PRECISION DIAGNOSTICS PLUS - SAN JUAN BRANCH,"UNIT G01, G02 & M01 TNA BLDG. 17 J. ABAD SANTOS LITTLE BAGUIO",SAN JUAN CITY,09177002685/ 02 88716406 LOC. 116,"IRMA GRACE B. CAPINIG,MD",hpsanjuan.lab@hi-precision.com.ph,hpsanjuan.lab@hi-precision.com.ph,5221072,1,0,1,,,PASSED,Excellent,SDTLPT-23-0130998,E
14,13-1087-23-PFSS-R,13,HI-PRECISION DIAGNOSTICS PLUS - SM AURA,"364-365 LEVEL 3 SM AURA PREMIER, MCKINLEY PARKWAY, BONIFACIO GLOBAL CITY",TAGUIG,09177143942/ 8294-0015,"PEDRITO Y. TAGAYUNA,MD",hpaura.lab@hi-precision.com.ph,hpaura.lab@hi-precision.com.ph,5221057,2,3,5,,,PASSED,Highly Satisfactory,SDTLPT-23-0130999,HS
14,13-1089-23-PFSS-R,13,HI-PRECISION DIAGNOSTICS PLUS - THE FORT BRANCH,"3RD FLOOR COMMERCENTER BUILDING, 31ST STREET CORNER 4TH AVENUE BGC",TAGUIG,09176336071/ 09178837269/ 09338259504/ (02) 85523310,"FRANCIS G. MORIA,MD",hpfort.lab@hi-precision.com.ph,hpfort.lab@hi-precision.com.ph,5221062,1,5,6,,,PASSED,Acceptable,SDTLPT-23-0131000,A
14,13-1083-23-PFSS-R,13,HI-PRECISION DIAGNOSTICS PLUS AYALA,"UNIT 3 GF SHOPS AT AYALA NORTH EXCHANGE, BPO TOWER AYALA AVE. COR. SALCEDO ST.",MAKATI CITY,09176374849/ 09178837269/ 89830325/ 88639999 LOC. 138/232,"FRANCIS G. MORIA,MD",hpayala.lab@hi-precision.com.ph,hpayala.lab@hi-precision.com.ph,5221058,0,5,5,,,PASSED,Highly Satisfactory,SDTLPT-23-0131001,HS
14,13-1099-23-PFSS-R,13,HI-PRECISION DIAGNOSTICS PLUS ORTIGAS,"UNIT G20-23 ORTIGAS TECHNOPOINT ONE, DO„A JULIA VARGAS AVE., PASIG CITY",PASIG CITY,09431351865/ 09177088948,"MARIA LOURDES P. SANTOS,MD",hportigas.lab@hi-precision.com.ph,hportigas.lab@hi-precision.com.ph,5221068,1,2,3,,,PASSED,Highly Satisfactory,SDTLPT-23-0131002,HS
14,13-1090-23-PIBS-R,13,HI-PRECISION DIAGNOSTICS PLUS-VERTIS NORTH,"LEVEL 3 R3-L3 - 034 AYALA MALLS VERTIS NORTH, PHASE 1&2",QUEZON CITY,09177071955/ 09338690061,"MARICEL R. RIBO,MD",hpvertis.lab@hi-precision.com.ph,hpvertis.lab@hi-precision.com.ph,5221076,3,4,7,,,PASSED,Acceptable,SDTLPT-23-0131003,A
14,13-1429-23-GIBS-R,13,EAST AVENUE MEDICAL CENTER ,"EAST AVENUE DILIMAN , QUEZON CITY",QUEZON CITY,09175955003/ 02-892980611 LOC. 265,"EMMANUEL CAESAR V. ARCINAS, MD",rpulvinar@gmail.com,rpulvinar@gmail.com,FOC,0,5,5,,,PASSED,Highly Satisfactory,SDTLPT-23-0131004,HS
14,13-1097-23-PIBS-R,13,HI-PRECISION DIAGNOSTICS - LAS PINAS,"LOT 2 D-1 TO D3, ALABANG-ZAPOTE ROAD, TALON DOS",LAS PI„AS CITY,09178140530/ 09338193854,"PAULO ANTONIO E. CLEMENTE, MD",hplp.lab@hi-precision.com.ph,hplp.lab@hi-precision.com.ph,5221098,3,5,8,,,PASSED,Acceptable,SDTLPT-23-0131005,A
14,13-1096-23-PFSS-R,13,HI-PRECISION DIAGNOSTICS - SUCAT BRANCH,"UNIT A4-B JAKA PLAZA MALL, 8288 DR. A. SANTOS AVENUE",PARA„AQUE CITY,09338193858/ (02) 8363431/ 09226970629,"MONINA C. MONTENEGRO, MD",hpsucat.lab@hi-precision.com.ph,hpsucat.lab@hi-precision.com.ph,5221100,0,3,3,,,PASSED,Highly Satisfactory,SDTLPT-23-0131006,HS
14,13-1093-23-PIBS-R,13,HI-PRECISION DIAGNOSTICS DEL MONTE,"440-442 W.LONG BUILDING, DEL MONTE AVENUE, CORNER BIAK-NA-BATO STREET",QUEZON CITY,09178044176/ 09178898656,"OSCAR D. NG, MD",hpdelmonte.lab@hi-precision.com.ph,hpdelmonte.lab@hi-precision.com.ph,5221003,1,1,2,,,PASSED,Excellent,SDTLPT-23-0131007,E
14,13-0082-23-PFSS-R,13,"HI-PRECISION DIAGNOSTICS, INC.",722 N.S. AMORANTO SR. AVE. BRGY. STO. DOMINGO,QUEZON CITY,09569215604/ (8) 7113380/ 09478907925,"SOCORRO C. YA„EZ, MD",hpretiro.lab@hi-precision.com.ph,hpretiro.lab@hi-precision.com.ph,5221004,0,0,0,,,PASSED,Excellent,SDTLPT-23-0131008,E
14,13-1079-23-PFSS-R,13,HI-PRECISION PLUS DIAGNOSTICS INC. KATIPUNAN BRANCH,"LG/F THE ARTON  STRIP KATIPUNAN AVE. COR HIGHLAND DRIVE, BLUERIDGE A",QUEZON CITY,09177113512/ 09431280187,"MARIA LOURDES P. SANTOS, MD",hpkatipunan.lab@hi-precision.com.ph,hpkatipunan.lab@hi-precision.com.ph,5221005,1,3,4,,,PASSED,Highly Satisfactory,SDTLPT-23-0131009,HS
14,13-0081-23-PFSS-R,13,HI-PRECISION DIAGNOSTICS PLUS,"UNIT 01136, UG ROBINSONS MAGNOLIA, AURORA BLVD., COR. DO„A HEMADY & N. DOMINGO ST.",QUEZON CITY,09176337440/ 09399155120,"PEDRITO Y. TAGAYUNA, MD",hpmagnolia.lab@hi-precision.com.ph,hpmagnolia.lab@hi-precision.com.ph,5221006,1,2,3,,,PASSED,Highly Satisfactory,SDTLPT-23-0131010,HS
14,13-0084-23-PFSS-R,13,HI-PRECISION DIAGNOSTIC PLUS MOA,"UNIT 114 GROUND FLOOR, MALL OF ASIA ANNEX BLDG., CORAL WAY COR. J.W.DIOKNO BLVD., MOA COMPLEX",PASAY CITY,09688602625/ (02) 84416206/ 09209739859,"MARICEL R. RIBO, MD",hpmoa.lab@hi-precision.com.ph,hpmoa.lab@hi-precision.com.ph,5221007,1,0,1,,,PASSED,Excellent,SDTLPT-23-0131011,E
14,13-1094-23-PIBS-R,13,HI-PRECISION DIAGNOSTICS MARIKINA BRANCH,"2/F AVISHA CENTER, 94 MAYOR GIL. FERNANDO ST. COR. MT. VERNON ST. STA ELENA",MARIKINA CITY,09431435009/ 09177163833,"SIERRA ROMA S. HERNANDEZ, MD",hpmarikina.lab@hi-precision.com.ph,hpmarikina.lab@hi-precision.com.ph,5221008,0,3,3,,,PASSED,Highly Satisfactory,SDTLPT-23-0131012,HS
14,13-1289-23-PFSS-R,13,HI-PRECISION DIAGNOSTICS - STA. ANA BRANCH,"G/F RIVERGREEN RESIDENCES, 2217 PEDRO GIL ST. BRGY.880, ZONE 97, STA. ANA",MANILA CITY,09178032504/ 8661-6244,"MARICEL R. RIBO, MD",hpstaana.lab@hi-precision.com.ph,hpstaana.lab@hi-precision.com.ph,5221009,0,5,5,,,PASSED,Highly Satisfactory,SDTLPT-23-0131013,HS
14,13-1098-23-PFSS-R,13,HI-PRECISION DIAGNOSTIC CENTER INC.-KALAW,"G/F RM 102 638 SAN LUIS TERRACES TM KALAW ST, MANILA",MANILA CITY,91757882256/ 84050151 LOC. 111/ 09178569010,"IRMA GRACE BAUTISTA-CAPINIG, MD",hpkalaw.lab@hi-precision.com.ph,hpkalaw.lab@hi-precision.com.ph,5220537,1,1,2,,,PASSED,Excellent,SDTLPT-23-0131014,E
14,13-0507-23-PFSS-R,13,ADVANCED LAB SOLUTIONS BY HI-PRECISION - CENTURIA,"9TH FLOOR, CENTURIA MEDICAL MAKATI BLDG., LOT 9 KALAYAAN AVE., COR. SALAMANCA ST. BRGY. POBLACION",MAKATI CITY,09178621152/8-793-8623/09338182036,"MARIA LOURDES EVANGELISTA P. SANTOS, MD",hpcenturia.lab@hi-precision.com.ph,hpcenturia.lab@hi-precision.com.ph,5221060,1,2,3,,,PASSED,Highly Satisfactory,SDTLPT-23-0131015,HS
14,13-0048-22-PIBS-R,13,ESSENCE MEDICAL AND LABORATORY CLINIC,"UNIT 205 2F 3615 DAVILA ST., SGC BUILDING, MAKATI CITY",MAKATI CITY,09272210841/ 8888-9114,,essencemedical@yahoo.com.ph,essencemedical@yahoo.com.ph,5219321,0,1,1,,,PASSED,Excellent,SDTLPT-23-0131016,E
14,13-1524-23-PFSS-R,13,KERALTY CLINIC,"LEVEL 2 GATEWAY MALL, GEN. AGUINALDO AVE., BARANGGAY SOCORRO, CUBO",QUEZON CITY,9190872198/ 8637-9661/ 7005-7029,"SIERRA ROMA S. HERNANDEZ, MD",laboratory.gateway@keralty.com.ph,laboratory.gateway@keralty.com.ph,5220883,0,5,5,,,PASSED,Highly Satisfactory,SDTLPT-23-0131017,HS
14,13-0725-23-PIBS-R,13,HEARTLAND MEDICAL AND DIAGNOSTIC CENTER,"B5 L2 D. MACAPAGAL BLVD. COR CORAL ST., CENTRAL BUSINESS PARK 1 (INFRONT OF W MALL)", PASAY CITY,9173012313,"DARIO D. DEFENSOR, MD",pasay@heartland.ph,pasay@heartland.ph,5219618,0,0,0,,,PASSED,Excellent,SDTLPT-23-0131018,E
14,13-1571-22-PIBS-R,13,MEDASIA INDUSTRIAL CLINIC AND DIAGNOSTIC CENTER,"2F ALL NATIONS CARGO BLDG., 606 TAMBO, PARA„AQUE CITY, METRO MANILA",PARA„AQUE CITY,09171888192/ 7504-9268/ 09286820086,"JEANNIE I. ANDRADE, MD",medasiaclinic@gmail.com,medasiaclinic@gmail.com,5219608,1,0,1,,,PASSED,Excellent,SDTLPT-23-0131019,E
14,13-0255-22-PIBS-R,13,THE PERLAS POLYCLINIC,"#171 F. ROXAS ST. 4TH AVE. GRACE PARK, CALOOCAN CITY, METRO MANILA",CALOOCAN CITY,09164191541/5319-5054/09164191541,"LOURDES P. SANTOS, MD",mellendresm@yahoo.com,mellendresm@yahoo.com,5218915,3,0,3,,,PASSED,Highly Satisfactory,SDTLPT-23-0131020,HS
14,13-0717-23-PIBS-R,13,MEDICUS DIAGNOSTIC CENTER- PARA„AQUE BRANCH,"UNIT F, BPI BLDG., 177 OO„A SOLEDAD AVE, BETTER LIVING SUBD., BRGY DON BOSCO",PARA„AQUE CITY,09175255325/ 02-7257-3347/ 09085257672,"MARK ANTHONY C. TURINGAN, MD",laboratory@medicusparanaque.com,laboratory@medicusparanaque.com,5218905,1,0,1,,,PASSED,Excellent,SDTLPT-23-0131021,E
14,13-0378-23-PIBS-R,13,INTEGRITY DIAGNOSTIC CENTER,"#6 12TH AVENUE, MURPHY,  BRGY, SOCCORO, CUBAO, QUEZON CITY",QUEZON CITY,09955710851/ 289121588 LOC. 7005,"GABRIEL J. CRUZ, MD",integrity_lab@yahoo.com,integrity_lab@yahoo.com,5218617,1,0,1,,,PASSED,Excellent,SDTLPT-23-0131022,E
14,13-1465-23-PFSS-R,13,WHEALTHPLUS MEDICAL AND DIAGNOSTIC,"2ND FLOOR UNIT 4 BLDG. 3086 RAMON MAGSAYSAY BLVD. STA. MESA, MANILA",QUEZON CITY,09774835513/ 02-8-7088-156/ 09178861001,"PHILIP TEOMAR A. RADIN, MD",arkeejusay@gmail.com,arkeejusay@gmail.com,5218380,1,2,3,,,PASSED,Highly Satisfactory,SDTLPT-23-0131023,HS
14,13-1162-23-PIBS-R,13,NORDIC MEDICAL CLINIC ,UNIT 1-B MARIA DANIEL BLDG. SAN ANDRES ST. COR M.H. DEL PILAR ST. BRGY 701 MALATE ,MANILA CITY,09392827173/ 09175511210/ 8-562-7810,"MICHELE H. DIWA, MD",nmc.laboratory@nordicmedical.no ,nmc.laboratory@nordicmedical.no ,5217421,1,0,1,,,PASSED,Excellent,SDTLPT-23-0131024,E
14,13-0175-22-PFSS-R,13,GENSENS INC.,"UNIT 1 #60 AGS PLAZA BUILDING QUEZON AVENUE, QUEZON CITY, NCR",QUEZON CITY,09175103572/ 7933-0068,"ARACELI P. JACOBA, MD",gensens.lab@gmail.com,gensens.lab@gmail.com,5217418,0,0,0,,,PASSED,Excellent,SDTLPT-23-0131025,E
14,13-0103-22-PFSS-R,13,JEDÕS CLINICAL LABORATORY,"BLK1 LOT3 SAINT FRANCIS ST. MRT AVE, PUROK 14 ZONE 3B, BRGY. CENTRAL, SIGNAL VILLAGE",TAGUIG,09286663023/ 09209610407,"PEDRITO Y. TAGAYUNA, MD",jedsclinlab@gmail.com,jedsclinlab@gmail.com,5216764,0,0,0,,,PASSED,Excellent,SDTLPT-23-0131026,E
14,13-0708-23-PFSS-R,13,NEW WORLD DIAGNOSTICS - PARANAQUE,"35 PRESIDENT'S AVENUE BF HOMES, PARANAQUE CITY, METRO MANILA",PARA„AQUE CITY,8790-8888 LOC. 611,"DAPHNE C. ANG, MD",paranaque.laboratory@nwdi.com.ph,paranaque.laboratory@nwdi.com.ph,5224608,1,1,2,,,PASSED,Excellent,SDTLPT-23-0131027,E
14,13-1293-23-PIBS-R,13,NEW WORLD DIAGNOSTICS - LAS PI„AS BRANCH,GF IMPERIAL APPLIANCE PLAZA BLDG ALABANG ZAPOTE ROAD TALON UNO,LAS PI„AS CITY,"09176369985/ 8790-8888 LOC. 891, 892","PAULO GIOVANNI L. MENDOZA, MD",laspinas.lab.nwdi@gmail.com,laspinas.lab.nwdi@gmail.com,5224606,0,3,3,,,PASSED,Highly Satisfactory,SDTLPT-23-0131028,HS
14,13-1253-22-PIBS-R,13,NEW WORLD DIAGNOSTICS INC - MALABON BRANCH,"UNIT 101-102 MEZZANINE FLOOR PANCO SQUARE BLDG, 67 MACARTHUR, POTRERO",MALABON CITY,8790-8888 LOC. 867,"PAULO GIOVANNI L. MENDOZA, MD",malabon@nwdi.com.ph,malabon@nwdi.com.ph,5224605,3,5,8,,,PASSED,Acceptable,SDTLPT-23-0131029,A
14,13-1267-22-PIBS-R,13,NEW WORLD DIAGNOSTICS INC - NOVALICHES BRANCH,"188 GENERAL LUIS,  BRGY. NAGKAISANG-NAYON, NOVALICHES, QUEZON CITY",QUEZON CITY,0960-30812-16/ 87908888,"PAULO GIOVANNI L. MENDOZA, MD",,,5224604,1,5,6,,,PASSED,Acceptable,SDTLPT-23-0131030,A
14,13-0663-23-PIBS-R,13,NEW WORLD DIAGNOSTICS INC - ONGPIN BRANCH,"UNIT M4-M8 MEZZANINE FLR STRATA GOLD, BLDG ONGPIN ST, BINONDO, MANILA",MANILA CITY,09603081216/ 87908888 LOC. 852,"PAULO GIOVANNI L. MENDOZA, MD",ongpin.lab.nwdi@gmail.com,ongpin.lab.nwdi@gmail.com,5224600,1,4,5,,,PASSED,Highly Satisfactory,SDTLPT-23-0131031,HS
14,13-1339-21-PIBS-R ,13,NEW WORLD DIAGNOSTICS INC - MIRASOL BRANCH,"854 MIRASOL BLDG APACIBLE ST., TAFT AVENUE BRGY. 676, PACO MANILA",MANILA CITY,87908888 LOC. 862,"PAULO GIOVANNI L. MENDOZA, MD",mirasol.lab.nwdi@gmail.com,mirasol.lab.nwdi@gmail.com,5224549,0,5,5,,,PASSED,Highly Satisfactory,SDTLPT-23-0131032,HS
14,13-0682-23-PIBS-R,13,NEW WORLD DIAGNOSTICS INC - MAKATI BRANCH,"UNIT 104-105 CAMPUS RUEDA BLDG, URBAN AVE, BRGY SAN LORENZO",MAKATI CITY,87908888 LOC 872/ 0960-3081216,"PAULO GIOVANNI L. MENDOZA, MD",makati.lab.nwdi@gmail.com,makati.lab.nwdi@gmail.com,5224598,2,4,6,,,PASSED,Acceptable,SDTLPT-23-0131033,A
14,13-1258-22-PFSS-R,13,NEW WORLD DIAGNOSTICS INC.,PREMIUM MEDICAL 33 MERALCO AVE BRGY SAN ANTONIO PASIG CITY,PASIG CITY,87908888 LOC. 886,"DAPHNE C. ANG, MD",ortigas@nwdi.com.ph,ortigas@nwdi.com.ph,5224597,1,5,6,,,PASSED,Acceptable,SDTLPT-23-0131034,A
14,13-0652-23-PIBS-R,13,NEW WORLD DIAGNOSTICS INC - D.TUAZON BRANCH,"205 D TUAZON STREET BRGY MAHARLIKA, QUEZON CITY, METRO MANILA",QUEZON CITY,87908888 LOC 886,"PAULO GIOVANNI L. MENDOZA, MD",kristel.dionisio@nwdi.com.ph,kristel.dionisio@nwdi.com.ph,5224595,1,4,5,,,PASSED,Highly Satisfactory,SDTLPT-23-0131035,HS
14,13-0875-23-PIBS-R,13,UNIMED DIAGNOSTIC CENTER CORP.,2ND FLOOR JLC BLDG 8 NICANOR RAMIREZ ST. BRGY DON MANUEL QUEZON CITY,QUEZON CITY,09088512243/ 09222335058/ 82902302,"THOMAS JEFF C. LIM, MD",lab.unimed.diagnostic@gmail.com,lab.unimed.diagnostic@gmail.com,5225767,0,1,1,,,PASSED,Excellent,SDTLPT-23-0131036,E
14,13-0756-14-PFSS-R,13,N.H MEDICAL LABORATORY,"3RD FLOOR, RM 301 PRIMA BUILDING, QUEZON CITY, METRO MANILA",QUEZON CITY,09178700065/ 359-29062,"FREDERICK R. LLANERA, MD",nhmedlab@gmail.com,nhmedlab@gmail.com,5225762,0,0,0,,,PASSED,Excellent,SDTLPT-23-0131037,E
14,13-0527-23-PIBS-R,13,"ANGELUS MEDICAL CLINIC, INC.","1730 DIAN STREET, PALANAN, CITY OF MAKATI, METRO MANILA",MAKATI CITY,09260191195/ 87438717/ 09178055062,"MARIA LUISA F. REYES, MD",lab@angelusmed.com,lab@angelusmed.com,5222394,1,0,1,,,PASSED,Excellent,SDTLPT-23-0131038,E
14,13-0406-23-PIBS-R,13,RSS CITI HEALTH SERVICES,"#21 PASIG BLVD., EXT.,ROTONDA, CANIOGAN, PASIG CITY, METRO MANILA",PASIG CITY,09551022638/ 86281311,"MENNEN A. ALSOL, MD",rsscitihealthservicescorp@gmail.com,rsscitihealthservicescorp@gmail.com,5222174,1,0,1,,,PASSED,Excellent,SDTLPT-23-0131039,E
14,13-0814-23-GIBS-R,13,TAGUIG-PATEROS DISTRICT HOSPITAL,"EAST SERVICE RD,WESTERN BICUTAN TAGUIG CITY, METRO MANILA",TAGUIG,9617044326,"NEIL U. NOVEROS, MD",tpdhlabneqas@gmail.com,tpdhlabneqas@gmail.com,5225435,1,0,1,,,PASSED,Excellent,SDTLPT-23-0131040,E
14,13-1320-23-PFSS-R,13,POLY HEALTH PRACTICE CORPORATION ,"239 GEN LUNA CORNER BURGOS ST., MALABON CITY, PHILIPPINES",MALABON CITY,09175821757/ 85390456,"DEXTER A. LEDESMA, MD",laboratory@polyhealth.ph,laboratory@polyhealth.ph,5224873,0,4,4,,,PASSED,Highly Satisfactory,SDTLPT-23-0131041,HS
14,13-0750-23-GIBS-R,13,MANILA NAVAL HOSPITAL ,"LAB. SECTION, MANILA NAVAL HOSPITAL BONIFACIO NAVAL STATION FORT BONIFACIO, WESTERN BICUTAN ",TAGUIG,9772440486/ (8) 4637414,"WILFREDO F. SEVILLA, MD",mnh_clinlab@yahoo.com,mnh_clinlab@yahoo.com,5224870,1,0,1,,,PASSED,Excellent,SDTLPT-23-0131042,E
14,13-0593-23-PFSS-R,13,CLN DRUG SCREENING LABORATORY ,"2C 2NDF MEDINA BLDG., 3RD AVE. COR. B. SERRANO BAGONG LIPUNAN NG CRAME",QUEZON CITY,09667682797/ 09209201087/ 8570-78-03,"LESTER D. ABELEDA, MD",docles2002@hotmail.com,docles2002@hotmail.com,5224400,0,1,1,,,PASSED,Excellent,SDTLPT-23-0131043,E
14,13-0616-23-PIBS-R,13,"PASIG DOCTORS MEDICAL CENTER, INC.","254 AMANG RODRIGUEZ AVE. MANGGAHAN PASIG CITY, METRO MANILA",PASIG CITY,09171268087/ 09175619927/ ,"ROBERTO D. PADUA, MD",dplm.pdmc@gmail.com,dplm.pdmc@gmail.com,5222489,1,0,1,,,PASSED,Excellent,SDTLPT-23-0131044,E
14,13-1123-23-PIBS-R,13,UST HOSPITAL,"ESPANA BOULEVARD, MANILA",MANILA CITY,09178068849/02-87313014 LOC. 2704,"ROSELLA L. MONTANO, MD",usth_qa@yahoo.com,usth_qa@yahoo.com,5222614,3,0,3,,,PASSED,Highly Satisfactory,SDTLPT-23-0131045,HS
14,13-1408-23-PIBS-R,13,MEDICAL AND DIAGNOSTIC COSMEDERME HUB INC.,"760 A.H. LACSON AVE., SAMPALOC, MANILA",MANILA CITY,09478312685/ 09175057371,"MARIA ANGELICA B. VALDEZ, MD",medicaldiagnosticcosmederme@gmail.com,medicaldiagnosticcosmederme@gmail.com,52225757,0,4,4,,,PASSED,Highly Satisfactory,SDTLPT-23-0131046,HS
14,13-0063-23-PIBS-R,13,ADCURALABS,"102 TIMES SQUARE BLDG., 57 EXAMINER ST., WEST TRIANGLE, QUEZON CITY",QUEZON CITY,09275943569/ 09175057371/(02) 88004257,"MARIA ANGELICA B. VALDEZ, MD",adcuralabslaboratory@gmail.com,adcuralabslaboratory@gmail.com,5225758,1,0,1,,,PASSED,Excellent,SDTLPT-23-0131047,E
14,13-0811-23-PIBS-R,13,STO.DOMINGO DIAG. AND MED. CENTER CORP.- PARA„AQUE,UNIT A WILMART BLDG 3104 REDEMPTORIST RD. BRGY BACLARAN,PARA„AQUE CITY,0913212541/ 88511992,"MELANI H. SIONZON, MD",sto.domingo.baclaran@gmail.com,sto.domingo.baclaran@gmail.com,5230116,1,1,2,,,PASSED,Excellent,SDTLPT-23-0131048,E
14,13-0212-22-PIBS-R,13,PROLAB DIAGNOSTIC CO. ,"UNIT MC2 VICTORIA STATION 1, 793 EDSA KAMUNING SOUTH TRIANGLE, DILIMAN",QUEZON CITY,09177387592/ 77190857,"NOEL C. SANTOS, MD",prolabqc0809@yahoo.com.ph ,prolabqc0809@yahoo.com.ph ,5230106,1,0,1,,,PASSED,Excellent,SDTLPT-23-0131049,E
14,13-0403-23-PIBS-R,13,PROLAB DIAGNOSTIC CO. ,"UNIT 202, 2ND FLOOR MAKATI EXECUTIVE TOWER 4 CITYLAND SQUARE, SEN GIL PUYAT AVE, BUENDIA COR P. MEDINA ST., MAKATI CITY",MAKATI CITY,09178393382/ 8853-9826,"NOEL C. SANTOS, MD",prolab_op@yahoo.com.ph ,prolab_op@yahoo.com.ph ,5230107,1,0,1,,,PASSED,Excellent,SDTLPT-23-0131050,E
14,13-0752-23-PIBS-R,13,JOSE L. GUTIERREZ MEDICAL CLINIC ,"3F UNITS 4, 5 & 6 UNIVERSITY 2507 MALL TAFT AVENUE, MALATE, MANILA",MANILA CITY,09198062641/ 85232570,"ROBERTO, JR. D. PADUA, MD",medtech@jlgclinic.com,medtech@jlgclinic.com,5229531,1,0,1,,,PASSED,Excellent,SDTLPT-23-0131051,E
14,13-0468-23-PFSS-R,13,DIAGNOSTIC INTENSIVE & PRECISE MED. AND LAB. (D.I.P) INC,129 G/F CRUZSAN ALLEN BLDG 6TH ST. COR 9TH AVE GRACE PARK,CALOOCAN CITY,09327874292/'09453181385 / 84425980,"VENERACION P. MUNAR, MD",jaimecristobal2345@gmail.com,jaimecristobal2345@gmail.com,5229502,0,0,0,,,PASSED,Excellent,SDTLPT-23-0131052,E
14,13-0508-23-GIBS-R,13,AFP HEALTH SERVICE COMMAND,AFPHSC DEPARTMENT OF PATHOLOGY AND LABORATORY V. LUNA AVENUE,QUEZON CITY,09277972378/ (8) 9248068,"HERBERT G. PASCUAL, MD",laboratory.vlmc@gmail.com,laboratory.vlmc@gmail.com,5228592,1,0,1,,,PASSED,Excellent,SDTLPT-23-0131053,E
14,13-0388-23-PIBS-R,13,"HELAL MEDICAL LABORATORY,PHARMACY & DIAG. TRADING","1679 VAREB MANSION COR MALVAR MALATE, MANILA UNIT 205",MANILA CITY,09393333334/ 09055092766,"VENERACION P. MUNAR, MD",johelal@yahoo.com,johelal@yahoo.com,5228581,2,0,2,,,PASSED,Excellent,SDTLPT-23-0131054,E
14,13-0793-23-PIBS-R,13,ST. ISABEL POLYCLINIC AND LABORATORY,"3RD FLOOR 417 JP RIZAL ST., MARIKINA CITY, METRO MANILA",MARIKINA CITY,285641497; 09165125585;9165125585,"TITO G. GARRIDO, MD",st.isabel_lab@yahoo.com,st.isabel_lab@yahoo.com,5228580,0,0,0,,,PASSED,Excellent,SDTLPT-23-0131055,E
14,13-0113-23-PIBS-R,13,OWM INC. (ONE WORLD MEDICAL),"ZOBEL ST. CORNER ROMUALDEZ ST. BARANGAY 661, ERMITA, METRO MANILA",MANILA CITY,09175990417/09778152378,"HERBERT Z. MANAOIS, MD",admin@oneworldmedicalph.com,admin@oneworldmedicalph.com,5227768,0,5,5,,,PASSED,Highly Satisfactory,SDTLPT-23-0131056,HS
14,13-0160-22-PFSS-R,13,BIOQUEST DIAGNOSTIC LABORATORY,"NO. 3 3RD AVE, BAGONG LIPUNAN NG CRAME, QUEZON CITY",QUEZON CITY,09233756504/ 84775581,"IKE MANUEL G. FLORES, MD",mariaconcepciontabora@gmail.com,mariaconcepciontabora@gmail.com,5228571,2,1,3,,,PASSED,Highly Satisfactory,SDTLPT-23-0131057,HS
14,13-0728-23-PFSS-R,13,MEDHEALTH DIAGNOSTIC SERVICES INC. ,1670 UPPER GROUND FR. VICTORIA ONE BLDG. SOUTH TRIANGLE QUEZON AVE,QUEZON CITY,09434327505 / 8-7095725 ,"JOCELYN MYRA R. CAJA, MD",medhealth_lab@yahoo.com,medhealth_lab@yahoo.com,5228556,3,1,4,,,PASSED,Highly Satisfactory,SDTLPT-23-0131058,HS
14,13-0716-23-PFSS-R,13,"MEDISENSE LABORATORY CENTER, INC - MANILA","3RD - 5TH FR., BDO KALAW AVENUE BLDG., KALAW COR. CHURUCCA STREET, ERMITA",MANILA CITY,0918 683 5035/ (02) 527 6349/09178852065,"SUSANA P. QUAIOIT, MD",mslkalaw.lab@gmail.com,mslkalaw.lab@gmail.com,5227761,0,1,1,,,PASSED,Excellent,SDTLPT-23-0131059,E
14,13-0633-23-PIBS-R,13,"O'CARE DIAGNOSTIC MEDICAL CENTER, INC.","3RD FLOOR, STWLP BUILDING, 338 SENATOR GIL J. PUYAT AVENUE, BARANGAY 49",PASAY CITY,09186835035/ 09178852062,"SUSANA P. QUAIOIT, MD",ocare.laboratory@gmail.com,ocare.laboratory@gmail.com,5228300,0,2,2,,,PASSED,Excellent,SDTLPT-23-0131060,E
14,13-0628-23-PIBS-R,13,"OLAYN MEDICAL LABORATORY, INC.","3RD FLOOR, BDO TAFT - VITO CRUZ BLDG., 2422 TAFT AVE., BRGY., 727,MALATE",MANILA CITY,09186835035/ 0286552648/ 09178852062,"SUSANA P. QUAIOIT, MD",olayntaft.lab@gmail.com,olayntaft.lab@gmail.com,5228299,2,5,7,,,PASSED,Acceptable,SDTLPT-23-0131061,A
14,13-0131-22-PIBS-R,13,MONTE ZION DIAGNOSTIC AND MEDICAL CENTER CORP.,"G/F ICC-MTC BUILDING, #699 TANDANG SORA AVE., MATANDANG BALARA",QUEZON CITY,3411720/09336522296/ 09228482043/ 09175694004,"ANNE LIZBETH B. VALDEZ, MD",mzlaboratory01@gmail.com,mzlaboratory01@gmail.com,5228176,1,0,1,,,PASSED,Excellent,SDTLPT-23-0131062,E
14,13-0272-22-PIBS-R ,13,TULAY LINGAP NI PADRE PIO INC. ,#11 ST. FRANCIS ST. COR. SHAW BLVD. BRGY WACK WACK(ST. FRANCIS CHURCH/ LOURDES SCH. OF MANDALUYONG),MANDALUYONG CITY,9531385797/ 8330021/ 09178562060,"ROCYLENE C. ROQUE, MD",tlplaboratory2k17@yahoo.com ,tlplaboratory2k17@yahoo.com ,5227668,1,4,5,,,PASSED,Highly Satisfactory,SDTLPT-23-0131063,HS
14,13-0857-22-PIBS-R,13,HEALTH VENUE MULTI-SPECIALTY CLINIC AND DIAG. CENTER,"UNIT 2E JG CAMPO BLDG., COL B. SERRANO COR. 4TH AVE. BAGONG LIPUNAN NG CRAME",QUEZON CITY,09178521290/ 86478409,"FREDERICK R. LLANERA, MD",healthvenue2011@gmail.com,healthvenue2011@gmail.com,5226162,0,1,1,,,PASSED,Excellent,SDTLPT-23-0131064,E
14,13-0708-23-GIBS-R,13,MUNTINLUPA DRUG TESTING LABORATORY ,"GR. FLR., OSPITAL NG MUNTINLUPA CIVIC DRIVE FILINVEST CORP. CITY ALABANG ",ALABANG ,8831-2215,"FLORENCIO C. DIZON, MD",muntinlupadtl@gmail.com ,muntinlupadtl@gmail.com ,5228165,1,2,3,,,PASSED,Highly Satisfactory,SDTLPT-23-0131065,HS
14,13-0727-23-PIBS-R,13,MEDICAL BENEFIT CLEARINGHOUSE INC.,"GF CITY STATE CENTRE 709 SHAW BLVD. BRGY. ORANBO,PASIG CITY ",PASIG CITY ,5232662,"PEDRITO Y. TAGAYUNA, MD",mbcilab2020@gmail.com,mbcilab2020@gmail.com,5232662,1,3,4,,,PASSED,Highly Satisfactory,SDTLPT-23-0131066,HS
14,13-1644-23-GIBS-R,13,RIZAL MEDICAL CENTER,"PASIG BLVD,BAGONG ILOG, PASIG CITY",PASIG CITY ,5232450,"HERBERT Z. MANAOIS, MD",rmcdrugtestinglab@gmail.com,rmcdrugtestinglab@gmail.com,5232450,2,5,7,,,PASSED,Acceptable,SDTLPT-23-0131067,A
14,13-0547-23-PFSS-R,13,RAPID CARE MEDICAL CLINIC CORPORATION,"RM 406-407, UNLAD CONDOMINIUM, GEN. MALVAR ST. COR TAFT AVENUE, MALATE",MANILA CITY,9228666423,"EXALTACION A. CARINGAL, MD",rcmmc.lab2021@gmail.com,rcmmc.lab2021@gmail.com,5232446,0,5,5,,,PASSED,Highly Satisfactory,SDTLPT-23-0131068,HS
14,13-1731-23-PIBS-R,13,KAISER MEDICAL CENTER INC.ROBINSONS GALLERIA,"UNIT 01487 ORTIGAS AVENUE, COR. EDSA, BRGY. UGONG NORTE, QUEZON CITY",QUEZON CITY,09171835788/ 82531285/ 09166085434,"RODRIGO C. RODRIGO, MD",robgalleria. patientcare@kaisermedcenter.com,robgalleria. patientcare@kaisermedcenter.com,5230970,2,0,2,,,PASSED,Excellent,SDTLPT-23-0131069,E
14,13-0782-23-PIBS-R,13,KAISER MEDICAL CENTER - MAKATI BRANCH ,"G/F KING'S COURT 1 BLDG. 2129 DON CHINO ROCES AVE, BRGY, PIO DEL PILAR",MAKATI CITY,09175773886/ 8849988,"RODRIGO C. RODRIGO, MD",laboratorykaiser@gmail.com,laboratorykaiser@gmail.com,5230969,2,0,2,,,PASSED,Excellent,SDTLPT-23-0131070,E
14,13-1292-23-PIBS-R,13,HEALTH CUBE MEDICAL CLINIC-GREEN HILLS,"BASEMENT 1, PROMENADE BUILDING, GREENHILLS",SAN JUAN CITY,09124782329/ 09178852062,"SUSANA C. QUIAOIT, MD",maryjoysangal@gmai.com,maryjoysangal@gmai.com,5230979,0,1,1,,,PASSED,Excellent,SDTLPT-23-0131071,E
14,13-0115-22-PIBS-R,13,LABTALK DIAGNOSTICS CORP.,"GF PHIL. BAND OF MERCY COMPOUND, #22 EAST AVENUE, BRGY. PINYAHAN",QUEZON CITY,09174716797/ 02-71166152,"RODELIO D. LIM, MD",labtalkdiagnosticscorp@yahoo.com,labtalkdiagnosticscorp@yahoo.com,5231270,0,1,1,,,PASSED,Excellent,SDTLPT-23-0131072,E
14,13-0218-22-PIBS-R,13,SEAMEN'S HOSPITAL,"3F CABILDO CORNER SAN JOSE ST., INTRAMUROS, MANILA",MANILA CITY,85278116/09172475248,"RONALD C. CABUDOY, MD",shosp_mnl@amosup.org,shosp_mnl@amosup.org,5231770,3,0,3,,,PASSED,Highly Satisfactory,SDTLPT-23-0131073,HS
14,13-0049-23-PFSS-R,13,JESUS CARESS DIAGNOSTIC LABORATORY ,"2ND FLOOR ALSAN BUILDING, KM17 MC ARTHUR HIWAY",VALENZUELA CITY,9294379679,"FREDERICK R. LLANERA, MD",jesuscares2k19@yahoo.com ,jesuscares2k19@yahoo.com ,5230994,1,2,3,,,PASSED,Highly Satisfactory,SDTLPT-23-0131074,HS
14,13-0737-23-PIBS-R,13,"HMICARE, INC","HMI CORP CENTER, 1152 CHINO ROCES AVENUE,  BRGY. SAN ANTONIO VILLAGE",MAKATI CITY ,09177677559/ 09171167013/ 02-881-1313 LOC. 203,"ALMUHIMIN M. USMAN, MD",raymondreyes07p@gmail.com,raymondreyes07p@gmail.com,5230990,1,0,1,,,PASSED,Excellent,SDTLPT-23-0131075,E
14,13-0072-23-PFSS-R,13,ESMAO MEDICAL AND DIAGNOSTIC CLINIC,"106 PANGHULO RD., PANGHULO, MALABON CITY, METRO MANILA",MALABON CITY,09264645321/ 02 84230332,"FREDERICK R. LLANERA, MD",esmaomdc@gmail.com,esmaomdc@gmail.com,5230995,1,2,3,,,PASSED,Highly Satisfactory,SDTLPT-23-0131076,HS
14,13-0677-23-PFSS-R,13,GUADA HEALTH,"WIGWAM PLACE, 2014 R. MAGSAYSAY AVENUE, GUADALUPE NUEVO, MAKATI CITY",MAKATI CITY,09325312962/83324599/09178490638,"JOHN ARNEL H. AMATA, MD",lab.klinik1@gmail.com,lab.klinik1@gmail.com,5230982,0,3,3,,,PASSED,Highly Satisfactory,SDTLPT-23-0131077,HS
14,13-0627-23-PIBS-R,13,FAIRCARE X-RAY AND CLINICAL LABORATORY,2ND & 3RD FLR. TOPSTAR 2 BLDG. F. MANALO ST. SAN NICOLAS,PASIG CITY,77202528/ 09175224683/ 85811311,"FREDERICK R. LLANERA, MD",faircare.laboratory@yahoo.com,faircare.laboratory@yahoo.com,5231785,1,1,2,,,PASSED,Excellent,SDTLPT-23-0131078,E
14,13-0748-23-GIBS-R,13,MARIKINA CITY DRUG TESTING LABORATORY ,"MARIKINA HEALTHY CITY CENTRE BLDG. G/F, SHOE AVENUE STO.NI„O",MARIKINA CITY,09209816447/ 8-942-0831,"ROSALIE SABINA MICHIKO SAMONTE, MD",ronicanavarro@gmail.com,ronicanavarro@gmail.com,5232422,4,0,4,,,PASSED,Highly Satisfactory,SDTLPT-23-0131079,HS
14,13-0629-23-PIBS-R,13,FATIMA UNIVERSITY MEDICAL CENTER CORP,"120 MC ARTHUR HI WAY MARULAS, VALENZUELA CITY, METRO MANILA",VALENZUELA CITY,8-291-6538 Loc 207; 09163533383,"HERBERT G. PASCUAL, MD",glory.biazon@yahoo.com,glory.biazon@yahoo.com,5231780,1,3,4,,,PASSED,Highly Satisfactory,SDTLPT-23-0131080,HS
14,13-0090-23-PFSS-R,13,LABLIFE MEDICAL AND DIAGNOSTIC CENTER,"116 13TH AVENUE ST., MURPHY CUBAO, BRGY. SOCORRO, QUEZON CITY",QUEZON CITY,9292691968/ 09329082168,"HORACIO A. SAGUIL, MD",lablife.13thavenuecubao@gmail.com,lablife.13thavenuecubao@gmail.com,5232438,1,1,2,,,PASSED,Excellent,SDTLPT-23-0131081,E
14,13-0721-23-PFSS-R,13,"HEALTH STAT DIAGNOSTIC AND MEDICAL CLINIC, CO.","4 ADV BLDG. J.P. LAUREL ST. SAN ROQUE, MARIKINA CITY, METRO MANILA",MARIKINA CITY,9175394484,"NOEL C. SANTOS, MD",healthstatlab2015@gmail.com,healthstatlab2015@gmail.com,5232623,3,2,5,,,PASSED,Highly Satisfactory,SDTLPT-23-0131082,HS
14,13-0208-22-PFSS-R,13,OC TIAMZON DIAGNOSTIC CLINIC ,"441 PADRE DIEGO CERA AVE PULANG LUPA, UNO, LAS PI„AS, METRO MANILA",LAS PI„AS CITY,09225513726/ 0285601917,"AMADO III O. TANDOC, MD",octiamzonlaboratory@gmail.com,octiamzonlaboratory@gmail.com,5234725,1,1,2,,,PASSED,Excellent,SDTLPT-23-0131083,E
14,13-0092-22-PIBS-R,13,HOPE LOVE FAITH MEDICAL CLINIC AND LABORATORY INC.,"35-C WILLIAM BUILDING QUEZON AVENUE, BARANGAY LOURDES, QUEZON CITY",QUEZON CITY,09054546995/ 09189250620/ 87112455,"VENERACION P. MUNAR, MD",hlf_laboratory@yahoo.com,hlf_laboratory@yahoo.com,5234541,1,0,1,,,PASSED,Excellent,SDTLPT-23-0131084,E
14,13-0118-23-PIBS-R,13,"SEAMED MEDICAL CLINIC, INC","3F ESPA„A PLACE BUILDING, 1139 ADELINA ST., COR. ESPA„A BLVD, SAMPALOC",MANILA CITY,09190961066/ 099999672528,"ALMA N. AQUILIZAN, MD",seamed_medical@yahoo.com.ph,seamed_medical@yahoo.com.ph,5234752,0,0,0,,,PASSED,Excellent,SDTLPT-23-0131085,E
14,13-0401-23-PIBS-R,13,PHILIPPINE MEDICAL TESTS SYSTEM,"GOLDEN SUN REALTY BLDG. #29 MINDANAO AVE., BRGY. BAGONG PAG-ASA",QUEZON CITY,09326142516/ 02-83744299,"MA. ANGELCA V. VALDEZ, MD",pmts_quezonave@yahoo.com,pmts_quezonave@yahoo.com,5234718,1,0,1,,,PASSED,Excellent,SDTLPT-23-0131086,E
14,13-0884-22-PIBS-R,13,"SUPERCARE MEDICAL SERVICES, INC. - MANILA ","573 PATRIA BUILDING,MARIA OROSA ST. COR. ARKANSAS ST. BRGY. 670, ERMITA",MANILA CITY,09567246876/ 02-85210024 LOC. 123,"ROLAN R. DE LA ROSA, MD",idtomis.supercare@gmail.com,idtomis.supercare@gmail.com,5234524,1,1,2,,,PASSED,Excellent,SDTLPT-23-0131087,E
14,13-0813-23-PIB-R,13,SUPERCARE MEDICAL SERVICES INC. - MAKATI,2F DON CHUA LAMKO BUILDING H.V. DELA COSTA COR. L.P. LEVISTE ST. BEL-AIR,MAKATI CITY,09062431949/886-6503-05 loc. 213,"MONALYN MARABI, MD",lab.makati@supercare.com.ph,lab.makati@supercare.com.ph,5234525,1,0,1,,,PASSED,Excellent,SDTLPT-23-0131088,E
14,13-1397-23-PIBS-R,13,GLOBAL HEALTH INDUSTRIAL CLINIC AND LABORATORY ,"235 NATIONAL ROAD BAYANAN, MUNTINLUPA",MUNTINLUPA CITY,09333981720/ 02-88623212,"ESPERANZA B. RANERA, MD",ghicl.bayanan2016@gmail.com ,ghicl.bayanan2016@gmail.com ,5234511,4,4,8,,,PASSED,Acceptable,SDTLPT-23-0131089,A
14,13-0680-23-PIBS-R,13,"HEALTH DELIVERY SYSTEM,INC-CUBAO (HEALTHFIRST CLINICS)","UNIT 322-323,3F,SPARK PLACE,P TUAZON BLVD BRGY SOCORRO CUBAO",QUEZON CITY,097783583833/ 09178112135,"RODELIO D. LIM, MD",cubaobranch@healthfirst.com.ph,cubaobranch@healthfirst.com.ph,5234654,0,0,0,,,PASSED,Excellent,SDTLPT-23-0131090,E
14,13-1853-23-PFSS-I,13,HEALTHFIRST CLINICS- BGC,"34th ST. CORNER 11TH AVENUE AND LANE T. BGC, TAGUIG CITY, METRO MANILA",TAGUIG,09291233403-09178112135,"RODELIO D. LIM, MD","hfBGC@healthfirst.com,ph","hfBGC@healthfirst.com,ph",5234653,2,4,6,,,PASSED,Acceptable,SDTLPT-23-0131091,A
14,13-1084-23-PIBS-R,13,HEALTHFIRST CLINICS- MAKATI,"LEVEL 1, LEGASPI TOWER 200, PASEO DE ROXAS, LEGASPI VILLAGE, SAN LORENZO",MAKATI CITY,09176314620/09178112135,"RODELIO D. LIM, MD",makatibranch@healthfist.com.ph,makatibranch@healthfist.com.ph,52347652,1,0,1,,,PASSED,Excellent,SDTLPT-23-0131092,E
14,13-0778-23-PIBS-R,13,L-R LABORATORY & X-RAY CLINIC,"2113 VOLTA ST.  BARANGAY SAN ISIDRO, MAKATI CITY, METRO MANILA",MAKATI CITY,09989698926/ 88127059/ 09456798425,"CORA S. NEMIS, MD",paulacalma28@yahoo.com,paulacalma28@yahoo.com,5234509,1,3,4,,,PASSED,Highly Satisfactory,SDTLPT-23-0131093,HS
14,13-0495-23-PIBS-R,13,ST. CECILIA POLYCLINIC ,"3/F METROBANK BLDG. 1149 A. MABINI ST., ERMITA, MANILA ",MANILA CITY,9064750238,"EMMANUEL D. BUHAT, MD",st.ceciliapolyclinic@yahoo.com.ph ,st.ceciliapolyclinic@yahoo.com.ph ,5233531,1,0,1,,,PASSED,Excellent,SDTLPT-23-0131094,E
14,13-0113-22-PIBS-R,13,LABNET DIAGNOSTIC & MEDICAL CLINIC & WATER TESTING LABORATORY INC.,"138 KALAYAAN AVENUE. BRGY CENTRAL, QUEZON CITY",QUEZON CITY,09234296337/ 85270007,"VENERACION P. MUNAR, MD",labnetdiagnostic@gmail.com,labnetdiagnostic@gmail.com,5233519,1,3,4,,,PASSED,Highly Satisfactory,SDTLPT-23-0131095,HS
14,13-0295-22-PIBS-R,13,W.RAMOS DIAGNOSTIC LABORATORY,"LOT 194 A. G. LAZARO ST. BRGY. DALANDANAN, VALENZUELA CITY, METRO MANILA",VALENZUELA CITY,0975786270/ 09325397973,"REYNALDO G. TORRES, MD",wramosdiagnosticlaboratory@gmail.com,wramosdiagnosticlaboratory@gmail.com,5236187,3,0,3,,,PASSED,Highly Satisfactory,SDTLPT-23-0131096,HS
14,13-0562-23-PIBS-R,13,"CENTERPORT MEDICAL SERVICES, INC ","4TH FLOOR VICTORIA BLDG. 429 COR. LM GUERRERO, U.N AVE, ERMITA ",MANILA CITY,09178848923/ 82309994/ 09399262197,"MICHELE H. DIWA, MD",centerportmed@gmail.com,centerportmed@gmail.com,5236149,1,0,1,,,PASSED,Excellent,SDTLPT-23-0131097,E
14,13-0200-22-PIBS-R,13,R.E. MALLARI CLINICAL DIAGNOSTIC LABORATORY ,3RD FLOOR 3F-4 DIANNE BLDG. COR 746 RIZAL AVE EXT. GRACE PARK MONUMENTO,CALOOCAN CITY,09227776822/ 8-277-6855," GABRIEL J. CRUZ, MD",remallariclinicaldiagnosticlab@gmail.com,remallariclinicaldiagnosticlab@gmail.com,5236169,4,1,5,,,PASSED,Highly Satisfactory,SDTLPT-23-0131098,HS
14,13-0530-23-GIBS-R,13,ARMY GENERAL HOSPITAL,"M. CASTANEDA ST., FORT ANDRES BONIFACIO, TAGUIG CITY, METRO MANILA",TAGUIG,09954182037/87082316/09209222722,"SIERRA ROMA S. HERNANDEZ, MD",agh.laboratory@yahoo.com,agh.laboratory@yahoo.com,5236283,1,0,1,,,PASSED,Excellent,SDTLPT-23-0131099,E
14,13-1107-23-PIBS-R,13,EAS DIAGNOSTIC AND MEDICAL CLINIC,"1840 SAN MARCELINO ST. MALATE, MANILA",MANILA CITY,09695812547/ 53135818,"MARICEL R. RIBO, MD",erwinasollano@gmail.com,erwinasollano@gmail.com,5236280,3,2,5,,,PASSED,Highly Satisfactory,SDTLPT-23-0131100,HS
14,13-0851-23-PFSS-R,13,MESSIAH CLINICA MEDICA MEDICAL CENTER,"UNIT 2D& 2E, 2F KIMSTON PLAZA BLDG., P. VICTOR COR. P. BURGOS ST. GUADALUPE NUEVO",MAKATI CITY,09569851448/ 09228834515/ 63287742367,"ERIC M. MIRANDILLA, MD",messiahdtl@gmail.com,messiahdtl@gmail.com,5236174,1,1,2,,,PASSED,Excellent,SDTLPT-23-0131101,E
14,13-0449-22-PFSS-R,13,EMMANUEL MEDICAL AND DIAGNOSTIC CENTER,"2106 TAFT AVENUE, BRGY. 725, MALATE, MANILA",MANILA CITY,9178852062/ 09956795519,"SUSANA P. QUAIOIT, MD",emdclaboratory@yahoo.com,emdclaboratory@yahoo.com,5234932,1,2,3,,,PASSED,Highly Satisfactory,SDTLPT-23-0131102,HS
14,13-0088-23-PIBS-R,13,KSC FAMILY CLINIC,"LEVEL 2 JEEPNEY MARKET, LOT 663-C MCARTHUR HI-WAY COR. A. PABLO ST.",VALENZUELA CITY,9173118326,"MA. VICTORIA V. LONTOC, MD",kscfamilyclinic@gmail.com,kscfamilyclinic@gmail.com,5235947,0,1,1,,,PASSED,Excellent,SDTLPT-23-0131103,E
14,13-1439-21-PFSS-R,13,HEALTH TRENDS MEDICAL CLINIC AND DIAGNOSTIC CENTER,"LIFESTYLE SECTION, HOBBIES OF ASIA #8 PRESIDENT, DIOSDADO MACAPAGAL AVE",PASAY CITY ,09228287884/ 09669576332,"AZEUS O. SILVA, MD",info@healthtrendsclinic.com,info@healthtrendsclinic.com,5235921,1,0,1,,,PASSED,Excellent,SDTLPT-23-0131104,E
14,13-1491-23-PIBS-R,13,MCSA MEDICAL AND DIAGNOSTIC CLINIC,"1020 ST., JUDE BLDG. GENERAL MALVAR COR. MODESTO, MALATE MANILA",MANILA CITY,9173057173,"SUSANA P. QUAIOIT, MD",mcsa2022@management@gmail.com,mcsa2022@management@gmail.com,5235919,1,2,3,,,PASSED,Highly Satisfactory,SDTLPT-23-0131105,HS
14,13-0776-23-PIBS-R,13,LAB THREE LABORATORY AND DIAGNOSTIC MEDICAL CLINIC,RS TEC BLDG. MARCOS HIGHWAY COR. F. MARIANO ST. BRGY. DELA PAZ,PASIG CITY,09395039744/ 86603360,"FREDERICK R. LLANERA, MD",labthreelaboratory@gmail.com,labthreelaboratory@gmail.com,5235910,1,0,1,,,PASSED,Excellent,SDTLPT-23-0131106,E
14,13-1847-23-PIBS-I,13,KAIROS HEALTH MEDICAL DIAGNOSTICS,"1123-25 ORIENTAL HANDICRAFT BDLG., A. MABINI ST., ERMITA, MANILA",MANILA CITY,09197768237/ 09778152378/ 8524-0234,"HERBERT Z. MANAOIS, MD",kairosermita.dt@gmail.com,kairosermita.dt@gmail.com,5235902,1,1,2,,,PASSED,Excellent,SDTLPT-23-0131107,E
14,13-0188-PIBS-R,13,HEALTHLOCK MEDICAL DENTAL DIAGNOSTIC SERVICES,"UNIT D TRIPLE K BLDG. #187 M. CONCENCION ST., SAN JOAQUIN, PASIG CITY",PASIG CITY,0926-6377967/ 09277401890,"FREDERICK R. LLANERA, MD",healthlock_healthservices@yahoo.com,healthlock_healthservices@yahoo.com,5235182,1,0,1,,,PASSED,Excellent,SDTLPT-23-0131108,E
14,13-0247-22-PIBS-R,13,ST. THOMAS DIAGNOSTIC MEDICAL AND DENTAL CLINIC INC.,"1724 2ND FLR PWU UNLAD BLDG LEON GUINTO ST. COR. MALVAR MALATE, MANILA",MANILA CITY,09274052512/2540683,"JANETTE S. TOLENTINO, MD",info@stdmdc.net,info@stdmdc.net,5234896,3,2,5,,,PASSED,Highly Satisfactory,SDTLPT-23-0131109,HS
14,13-0060-23-PIBS-R,13,3 STAR MEDICAL CLINIC AMD DIAGNOSTIC CENTRE INC.,"UNIT 103-104 VICTORIA STATION 1, GMA KAMUNING, QUEZON CITY",QUEZON CITY,9260793695,"JEFFERSON B. MENDOZA, MD",3starmedicalclinic2018@gmail.com,3starmedicalclinic2018@gmail.com,5239508,2,0,2,,,PASSED,Excellent,SDTLPT-23-0131110,E
14,13-0649-23-PFSS-R,13,GIAN HEALTHCARE INC. ,"238 SCOUT BAYORAN, TOMAS MORATO AVENUE BRGY. SOUTH TRIANGLE",QUEZON CITY,09065576625/ 09239357895,"FARRAH KRISTINE F. SANTIAGO, MD",labqc.minutehealthcare@gmail.com,labqc.minutehealthcare@gmail.com,5227509,0,2,2,,,PASSED,Excellent,SDTLPT-23-0131111,E
14,13-0868-23-PFSS-R,13,"TOKYO HEALTHLINK,INC.","UNIT R2 EL MOLITO BLDG., MADRIGAL AVENUE AYALA CITY,ALABANG",ALABANG,09998432485/ 87722678/ ,"AZEUS O. SILVA, MD",tokyohealthlink.lab@gmail.com,tokyohealthlink.lab@gmail.com,5229406,0,1,1,,,PASSED,Excellent,SDTLPT-23-0131112,E
14,13-0441-21-PIBS-R,13,AVENTUS MEDICAL CARE INC.-BGC,"GR. FR., BASEMENT 1 & 2, CITIBANK PLAZA, 34TH ST. COR. LANE 6, BGC",TAGUIG,9152815044,"OLGA M. BAUSA,MD",laboratory.BGC@aventusmedical.com.ph,laboratory.BGC@aventusmedical.com.ph,5146347,0,2,2,,,PASSED,Excellent,SDTLPT-23-0131113,E
14,13-0514-22-PFSS-R,13,AVENTUS MEDICAL CARE INC- PARANAQUE,"ASEANA ONE, UNIT 9, GROUND FLOOR, BRADCO AVENUE, ASEANA CITY",PARA„AQUE CITY,09151127351/09272055331/82453603,"OLGA M. BAUSA,MD",laboratory.paranaque@clinicmanagement.aventusmedicalcare.com,laboratory.paranaque@clinicmanagement.aventusmedicalcare.com,5146754,1,0,1,,,PASSED,Excellent,SDTLPT-23-0131114,E
14,13-0177-22-PIBS-R,13,PROLAB DIAGNOSTIC CENTER ALABANG,"252 MONTILLANO ST. 2ND FLOOR OF LIANA'S CENTRAL MALL, ALABANG",MUNTINLUPA CITY,09273197584/02-45593031,"MARIA LUISA ROSPI P. CRUZ,MD",prolabdiagnosticcenter@gmail.com,prolabdiagnosticcenter@gmail.com,5145826,0,0,0,,,PASSED,Excellent,SDTLPT-23-0131115,E
14,13-0203-22-PIBS-R,13,MYHEALTHYWAY CLINIC AND LABORATORY CORP,"566 SHAW BLVD., MANDALUYONG CITY, METRO MANILA",MANDALUYONG CITY,09984447577/ 85339740-47,"NICK R. FERNANDEZ,MD",laboratory@myhealthyway.ph/ kimberludianne.terez@myhealthyway.ph,laboratory@myhealthyway.ph/ kimberludianne.terez@myhealthyway.ph,5144530,0,5,5,,,PASSED,Highly Satisfactory,SDTLPT-23-0131116,HS
14,13-0057-22-PIBS-R,13,GEN. MIGUEL MALVAR MEDICAL RESEARCH FOUDATION INC. ,"531 COMMONWEALTH AVE., OLD BALARA, QUEZON CITY",QUEZON CITY,09061196636/ 89367230,"SOCORRO C. YA„EZ,MD",gmmmflab@yahoo.com,gmmmflab@yahoo.com,5144838,1,0,1,,,PASSED,Excellent,SDTLPT-23-0131117,E
14,13-0039-22-PIBS-R,13,CLINICA MANILA PASIG,"UNIT 158-159 SM CENTER PASIG FRONTERA VERDED, BRGY. UGONG, PASIG CITY",PASIG CITY,9260191195,"PAULO ANTONIO E. CLEMENTE,MD",cmpasig.laboratory@yahoo.com,cmpasig.laboratory@yahoo.com,5142920,0,1,1,,,PASSED,Excellent,SDTLPT-23-0131118,E
14,13-0185-22-PIBS-R,13,"HEALTH QUEST DIAGNOSTIC LABORATORY AND MULTI-SPECIALTY CLINIC, INC.","GRND. FLOOR 11 A&B DEL MONTE AVE. COR. TOLENTINO ST., BRGY. DAMAYAN",QUEZON CITY,9177136757,"REYNALDO G. TORRES,MD",healthquestlab@hotmail.com,healthquestlab@hotmail.com,5151038,1,0,1,,,PASSED,Excellent,SDTLPT-23-0131119,E
14,13-0152-22-PIBS-R,13,PATIENT FIRST HOSPITAL CORPORATION,1418 KAMIAS RD CORNER ANONAS ROAD EXTESION SIKATUNA VILLAGE QC,QUEZON CITY,09753596494 / 09171228808,"GERALD V. TEJADA,MD",kamias.laboratory@patientfirstphil.com,kamias.laboratory@patientfirstphil.com,5153727,3,0,3,,,PASSED,Highly Satisfactory,SDTLPT-23-0131120,HS
14,13-0672-20-GIBS-R,13,VALENZUELA MEDICAL CENTER ,"PADRIGAL ST. KARUHATAN, VALENZUELA CITY",VALENZUELA CITY,09060521186 / 8. 294-67-11 LOC 118,"LUISITO DJ. CELESTINO,MD",vmc.lab1@yahoo.com,vmc.lab1@yahoo.com,5152327,1,0,1,,,PASSED,Excellent,SDTLPT-23-0131121,E
14,13-0204-22-PIBS-R,13,RNL MEDICAL & DIAGNOSTIC CENTER INC.,"5TH FR. UNIT A, WISMA CYBERHUB BLDG, NO. 45 SEN. GIL PUYAT AVE., PALANAN",MAKATI CITY,(02)7909-12-44/09178084806/ 09178399766/ 09206705363,"RONALD D. CABUDOY, MD",rnl_medical2016@yahoo.com/rnlmedical2001@gmail.com,rnl_medical2016@yahoo.com/rnlmedical2001@gmail.com,5250690,0,2,2,,,PASSED,Excellent,SDTLPT-23-0131122,E
14,13-0124-23-PIBS-R,13,VELMAN HEALTHCARE MEDICAL AND LAB. SERVICES,"#1524 F. MANALO ST., BAMBANG, PASIG CITY",PASIG CITY,09652383978/ 700-24095,"CARASHANYL C. YOUNG, MD",velmanhealthcare@gmail.com,velmanhealthcare@gmail.com,5235912,0,5,5,,,PASSED,Highly Satisfactory,SDTLPT-23-0131123,HS
14,13-1407-21-GIBS-R,13,AIR FORCE GENERAL HOSPITAL,"AIR FORCE GENERAL HOSPITAL, COLONEL JESUS VILLAMOR AIR BASE, BRGY 183",PASAY CITY,09285548905/09284710674/09273379893,"WILFREDO F. SEVILLA, MD",pafdtctfj@gmail.com,pafdtctfj@gmail.com,5149039,1,2,3,,,PASSED,Highly Satisfactory,SDTLPT-23-0131124,HS
14,13-0099-23-PFSS-R,13,MDMC DRUG TESTING LABORATORY,"42 ELI BUILDING, BLK 15, 5TH AVE. BRGY. SOCORRO, CUBAO, QUEZON CITY",QUEZON CITY,9569039313,"MARIA JOSEFA D. MESINA, MD",,,5186854,4,0,4,,,PASSED,Highly Satisfactory,SDTLPT-23-0131125,HS
14,13-1570-22-PIBS-R,13,MEDOPTIONS MULTI-SPECIALTY CLINIC AND DIAG. CENTER INC.,"157 P. DIEGO CERA AVE. DANIEL FAJARDO, LAS PINAS CITY",LAS PI„AS CITY,09178085697/ 8831-2741,"JEANNIE I. ANDRADE, MD",medoptions2002@yahoo.com,medoptions2002@yahoo.com,5219607,0,1,1,,,PASSED,Excellent,SDTLPT-23-0131126,E
14,13-0244-22-PFSS-R,13,ST. MICHAEL'S MEDICAL AND DIAGNOSTIC CENTER,"GF NORTHWEST PLAZA MALL 101 RIZAL AVE., EXTENSION MONUMENTO",CALOOCAN CITY,9273409447,"BU C. CASTRO, MD",smmc_monumento@yahoo.com,smmc_monumento@yahoo.com,5140545,2,1,3,,,PASSED,Highly Satisfactory,SDTLPT-23-0131127,HS
14,13-0201-22-PIBS-R,13,MEDX DIAGNOSTIC AND DRUG TESTING CENTER,"6E 2ND AVE. BAGONG LIPUNAN NG CRAME, QUEZON CITY",QUEZON CITY,9174522433,"FREDERICK R. LLANERA, MD",medxclinic2019@gmail.com,medxclinic2019@gmail.com,5201812,2,0,2,,,PASSED,Excellent,SDTLPT-23-0131128,E
14,13-0064-23-PFSS-R,13,E. PERLAS DIAGNOSTICS AND POLYCLINIC,"93 PIO VALENZUELA ST., BRGY. MARULAS, VALENZUELA CITY",VALENZUELA CITY,906835557,"ROWENA Z. CLIMACO, MD",eperlasclinic@gmail.com,eperlasclinic@gmail.com,5212162,1,1,2,,,PASSED,Excellent,SDTLPT-23-0131129,E
14,13-1756-22-PIBS-I,13,E.C. TORRES MEDICAL CLINIC,"C.K. SY DIAMOND BUILDING, 156 LIBERTAD ST., PASAY CITY",PASAY CITY,9088250866,"MINNIE JANE A. PINEDA, MD",ectorres_05@yahoo.com,ectorres_05@yahoo.com,5300419,2,1,3,,,PASSED,Highly Satisfactory,SDTLPT-23-0131130,HS
14,13-1051-22-PFSS-R,13,MY HEALTH CLINIC-VENICE,"2ND LEVEL B108 VENICE GRAND CANAL MALL, UPPER MCKINLEY BRGY. PINAGSAMA",TAGUIG,9175109291,"BU C. CASTRO, MD",myhealthvenice@gmail.com,myhealthvenice@gmail.com,5146828,1,5,6,,,PASSED,Acceptable,SDTLPT-23-0131131,A
14,13-1050-22-PIBS-R,13,MYHEALTH CLINIC-MANDALUYONG CITY,146 6/F SHANGRI-LA PLAZA EDSA COR. SHAW BLVD. WACK-WACK GREENHILLS,MANDALUYONG CITY,9175109322,"BU C. CASTRO, MD",myhealth.shangrila17@gmail.com,myhealth.shangrila17@gmail.com,5146827,2,5,7,,,PASSED,Acceptable,SDTLPT-23-0131132,A
14,13-1667-22-PIBS-I,13,TELECURE MEDICAL AND DIAGNOSTIC CENTER,"1-C RM 1010 SQUARE, R. MAGSAYSAY BLVD., COR. D. AMPIL ST., BRGY 631, STA. MESA",MANILA CITY,9171160070,"JINALYN T. NOH, MD",medical@telecure.com.ph,medical@telecure.com.ph,5148075,1,5,6,,,PASSED,Acceptable,SDTLPT-23-0131133,A
15,14-1207-22-PIBS-R,14,"HMC - MEDICAL SPECIALISTS CLINIC, DIAGNOSTIC IMAGING AND DRUG TESTING CENTER","ELISA SEARES BUILDING, WASHINGTON STREET, ZONE 4, BANGUED, ABRA CITY",ABRA ,074-752-7714 - 09754904121,"MARIA B. SEARES,MD",hmc_clinic@yahoo.com,hmc_clinic@yahoo.com,5135750,0,5,5,,,PASSED,Highly Satisfactory,SDTLPT-23-0141134,HS
15,14-1215-22-PFSS-R,14,MPSi DRUG TESTING LABORATORY,"24 MCKINLEY ST. ALZATE BLDG. ZONE 4, BANGUED,ABRA",ABRA ,09176482301/ (74) 614-6640 /09669272196,"MILAGROS F. ALZATE,MD",mpsi_dtl@yahoo.com,mpsi_dtl@yahoo.com,5156810,2,3,5,,,PASSED,Highly Satisfactory,SDTLPT-23-0141135,HS
15,14-1210-22-PIBS-R,14,LA TRINIDAD DIAGNOSTIC MULTIPURPOSE,"2ND FR. JC 174 GIBSON BLDG.., KM 5 PICO (BACK OF MDRMMC BLDG), LA TRINIDAD",BENGUET,09192148778/ 09196866520,"BERNADETTE L. BALDO,MD",ltdmcsdtl.2018@yahoo.com,ltdmcsdtl.2018@yahoo.com,5157031,1,4,5,,,PASSED,Highly Satisfactory,SDTLPT-23-0141136,HS
15,14-1213-22-PIBS-R,14,"METROBAGUIO LABORATORIES, INC","146 KISAD RD., BAGUIO CITY, BENGUET",BENGUET,09196072337/ (047) 445-8582,"RODOLFO CONSTANTINO T. WI,MD",metrobaguiorecep@gmail.com / ino_wi@yahoo.com,metrobaguiorecep@gmail.com / ino_wi@yahoo.com,5160259,1,3,4,,,PASSED,Highly Satisfactory,SDTLPT-23-0141137,HS
15,14-1209-22-PIBS-R,14,L AND A DIAGNOSTIC AND DRUG TESTING CENTER,"PUROK A, PROPER, POBLACION SOUTH, LAGAWE, IFUGAO",IFUGAO,09176352402/091768295423,"NELIA S. BANDAO,MD",nelia_bandao@yahoo.com,nelia_bandao@yahoo.com,2160007,1,4,5,,,PASSED,Highly Satisfactory,SDTLPT-23-0141138,HS
15,14-1219-22-PIBS-R,14,T. ALONZO DIAG. CENTER AND DRUG TESTING LAB.,"19 T. ALONZO ST.,TEODORA ALONZO, BAGUIO CITY, BENGUET 2600",BENGUET,09153585938/ (074) 442-2730,"VIRGINIA V. JOYA, MD",tadcdtl@yahoo.com,tadcdtl@yahoo.com,5159079,2,1,3,,,PASSED,Highly Satisfactory,SDTLPT-23-0141139,HS
15,14-1479-22-GIBS-R,14,LUIS HORA MEMORIAL REGIONAL HOSPITAL,"LABORATORY DEPARTMENT, JUNCTION ABATAN, BAUKO, MOUNTAIN PROVINCE",MOUNTAIN PROVINCE,9952234310,"CHRISTINE P. AYOCHOK, MD",lmrh_doh@yahoo.com,lmrh_doh@yahoo.com,5160281,2,2,4,,,PASSED,Highly Satisfactory,SDTLPT-23-0141140,HS
15,14-1220-22-PIBS-R,14,TABUK DIAGNOSTICS AND CLINICAL LABORATORY,"NATIONAL ROAD PUROK 5, BULANAO, TABUK CITY, KALINGA",KALINGA,09663794221/ 09999924951/ 0746241291,"EMMYLOU B. AKIA, MD",tabukdiagnostics@yahoo.com.ph,tabukdiagnostics@yahoo.com.ph,5160917,0,1,1,,,PASSED,Excellent,SDTLPT-23-0141141,E
15,14-1200-22-PIBS-R,14,ALMORA GENERAL HOSPITAL DRUG TESTING LABORATORY,"SILAO STREET, PUROK 4, BULANAO, TABUK CITY, KALINGA",KALINGA,09382524107/09999924951,"EMMYLOU B. AKIA, MD",novaljen89@gmail.com,novaljen89@gmail.com,5160927,1,0,1,,,PASSED,Excellent,SDTLPT-23-0141142,E
15,14-1268-23-GIBS-R,14,BGHMC -ODTRC DRUG TESTING LABORATORY ,"GOVERNOR PACK ROAD, BGH COMPOUND, BAGUIO CITY, BENGUET ",BENGUET,09273419578/091697442411/09673601176,"CLARETTE ROSARIO P. DY, MD",clarettedy@yahoo.com / bghmcodtrcdtl@gmail.com,clarettedy@yahoo.com / bghmcodtrcdtl@gmail.com,5172159,3,0,3,,,PASSED,Highly Satisfactory,SDTLPT-23-0141143,HS
15,14-1375-23-GIBS-R,14,FAR NORTH LUZON GEN. HOSP. AND TRAINING CENTER,"LAB. DEPT., ALONG ABULUG-LUNA PUDTOL-KABUGAO ROAD, QUIRINO, LUNA, APAYAO",APAYAO,09778308437/ 09361913802,"JUANITA T. LACUESTA, MD",fnightc.lab.dtl@gmail.com,fnightc.lab.dtl@gmail.com,5201803,0,1,1,,,PASSED,Excellent,SDTLPT-23-0141144,E
15,14-0463-23-PIBS-R,14,MAEZELLE PSYCHO METIER AND DIAGNOSTIC CENTER,"C-17 CAMP DANGWA, BRGY. BAHONG, LA TRINIDAD, BENGUET",BENGUET,09127839614/ 0744225688,"OLGA M. BAUSA, MD",mpmdcbenguet@gmail.com,mpmdcbenguet@gmail.com,5205200,1,0,1,,,PASSED,Excellent,SDTLPT-23-0141145,E
15,14-164923-PFSS-R,14,HEALTH SCREEN LAB. AND DIAGNOSTIC CENTER- BENGUET,"IC-15 KM16 BETAG, LA TRINIDAD (2ND FR. INGLAY RESTAURANT, BESIDE FUJIFILM)",BENGUET,09993582418/ (074)  2466457/ 09176575757,"ALBERT M. LUNA, MD",healthscreenbenguet@gmail.com,healthscreenbenguet@gmail.com,5212503,1,0,1,,,PASSED,Excellent,SDTLPT-23-0141146,E
15,14-0992-23-PIBS-R,14,HI-PRECISION DIAGNOSTIC CENTER INC.-BAGUIO,"2F CYA CENTRUM,MILITARY CUT-OFF,KENNON ROAD , BAGUIO CITY, BENGUET",BENGUET,09177085057/09338193880/423-2358-2359,"BABY LYNNE C. ASUNCION, MD",hpbaguio.lab@hi-precision.com.ph,hpbaguio.lab@hi-precision.com.ph,5221082,0,5,5,,,PASSED,Highly Satisfactory,SDTLPT-23-0141147,HS
15,14-0989-23-PFSS-R,14,BAGUIO FDC MEDICAL & DIAG. CENTER CORP. ,"85 K'S LOFT BLDG. T. ALONZO ST., BAGUIO CITY, BENGUET",BENGUET,(074) 4225861,"JERILYN L. DULAY, MD",fdclaboratory@gmail.com ,fdclaboratory@gmail.com ,5218927,1,2,3,,,PASSED,Highly Satisfactory,SDTLPT-23-0141148,HS
15,14-0991-23-GIBS-R,14,BENGUET GENERAL HOSPITAL DRUG TESTING LAB.,"KM 5 PICO, LA TRINIDAD,BENGUET",BENGUET,09196866520/ (074) 4224722,"BERNADETTE L. BALDO, MD",beghdrugtestlab@gmail.com,beghdrugtestlab@gmail.com,5219894,0,0,0,,,PASSED,Excellent,SDTLPT-23-0141149,E
15,14-1487-23-PIBS-R,14,ZION PRIME MEDICAL LABORATORY CO.,"TOWN PROPER, ALS BUILDING, POBLACION, LA TRINIDAD CITY, BENGUET",LA TRINIDAD CITY,09196953017/(074)424-44-54,"BERNADETTE L. BALDO, MD",zionprimemedlab@yahoo.com,zionprimemedlab@yahoo.com,5233517,2,0,2,,,PASSED,Excellent,SDTLPT-23-0141150,E
15,14-1794-23-PIBS-R,14,KONSULTA MEDICA AND DIAGNOSTIC CENTER,"RT35 4TH FLOOR MAHARLIKA LIVELIHOOD COMPLEX BRGY., AZCKO",BAGUIO CITY,9277083384,"VIRGINIA V. DE JOYA, MD",konsultamed88@gmail.com,konsultamed88@gmail.com,5235534,0,2,2,,,PASSED,Excellent,SDTLPT-23-0141151,E
15,14-1217-22-PIBS-R,14,PRECISE DIAGNOSTIC LABORATORY-BRANCH,"UNIT 1, #130 T. ALONZO ST., BRGY. TEODORA ALONZO, BAGUIO CITY, BENGUET",BAGUIO CITY,9178674297,"BERNADETTE L. BALDO, MD",precisediagnosticlab.talonzo@gmail.com,precisediagnosticlab.talonzo@gmail.com,5300316,5,1,6,,,PASSED,Acceptable,SDTLPT-23-0141152,A
15,14-1203-22-PIBS-R,14,"BENGUETCORP LABORATORIES, INC","4A & 301 BAGUIO CYBERZONE, HARRIZON ROAD, BAGUIO CITY, BENGUET",BAGUIO CITY,9281919024,"VIRGINIA V. DE JOYA, MD",ajdaguids@gmail.com,ajdaguids@gmail.com,5299089,3,2,5,,,PASSED,Highly Satisfactory,SDTLPT-23-0141153,HS
15,14-1310-22-PIBS-R,14,PRECISE DIAGNOSTIC LABORATORY,"RM 3; 3RD BASEMENT-NORTH HILLS-PALANGDAO BLDG., GEN. LUNA",BAGUIO CITY,9999007855,"BERNADETTE L. BALDO, MD",precisediagnosticlab.genluna@gmail.com,precisediagnosticlab.genluna@gmail.com,5300317,1,1,2,,,PASSED,Excellent,SDTLPT-23-0141154,E
16,15-1222-22-GIBS-R,15,CAMP SIONGCO STATION HOSPITAL,"6ID INFANTRY DIVISION CAMP SIONGCO, AWANG, DATU ODIN SINSUAT ",MAGUINDANAO ,09179713201 / 09198688826,"SHEJAN P. KALIM, MD",laboratorycsssh22@gmail.com / csmcb100dcenter@yahoo.com / shejank@gmail.com,laboratorycsssh22@gmail.com / csmcb100dcenter@yahoo.com / shejank@gmail.com,5182146,1,1,2,,,PASSED,Excellent,SDTLPT-23-0151155,E
16,15-0665-23-GIBS-R,15,SULU PROVINCIAL HOSPITAL,"SCOTT ROAD, BARANGAY ASTURIAS JOLO CITY, SULU",SULU,639164427968/639173010266/0853418911 LOC. 2260,"AL-ZAMZAM A. ABUBAKAR, MD",sphcl2016@gmail.com,sphcl2016@gmail.com,5215451,1,0,1,,,PASSED,Excellent,SDTLPT-23-0151156,E
16,15-1749-23-PFSS-R,15,PLUS CARE DIAGNOSTIC LABORATORY,"#68 TRAVISI ST., JOLO SULU",SULU,9063859706,"MARY ANN R.  TORREGOSA, MD",jeslermanansala@gmail.com,jeslermanansala@gmail.com,5218926,1,0,1,,,PASSED,Excellent,SDTLPT-23-0151157,E
16,15-1435-22-PFSS-R,15,SMA MEDICAL LAB. DRUG TEST AND DIAGNOSTIC CENTER,"MATAMPAY AVENUE, MARAWI CITY, LANAO DEL SUR",LANAO DEL SUR,9174356157,"CHONILO O. RUIZ, MD",smadrugtest@gmail.com,smadrugtest@gmail.com,5223093,4,1,5,,,PASSED,Highly Satisfactory,SDTLPT-23-0151158,HS
16,15-1533-22-GIBS-R,15,DOH-AMAI PAKPAK MEDICAL CENTER,"1199 AMAI PAKPAK AVE. BRGY DATU SABER, MARANI CITY, LANAO DEL SUR",LANAO DEL SUR,9173112128,"ASLIA A. MAPANDI, MD",apmclab@gmail.com,apmclab@gmail.com,5227661,0,0,0,,,PASSED,Excellent,SDTLPT-23-0151159,E
17,16-1582-22-PIBS-R,16,BAYUGAN DIAGNOSTIC AND DRUG TESTING CENTER,"PUROK 20, ESPERANZA ROAD, BRGY. POBLACION, BAYUGAN CITY",AGUSAN DEL SUR,09171357638; (085)3039832,"RAUL VENERANDO B. ATUPAN,MD",bddtc2010@gmail.com,bddtc2010@gmail.com,5160268,1,4,5,,,PASSED,Highly Satisfactory,SDTLPT-23-0161160,HS
17,16-0617-19-PIBS-R,16,BUTUAN DIAG. AND MED. CLINIC AND DRUG TESTING CENTER,"R. CALU ST. BRGY SIKATUNA, BUTUAN CITY",AGUSAN DEL NORTE,09171652277/ 0852250443/09209600365,"JERRY C. ABROGUENA, MD",bxudiagnostic@yahoo.com,bxudiagnostic@yahoo.com,5159704,1,0,1,,,PASSED,Excellent,SDTLPT-23-0161161,E
17,16-1300-22-PIBS-R,16,SAN FRANCISCO DIAGNOSTIC AND MEDICAL CLINIC AND DRUG TESTING CENTER,"SUDP ARCADE, JOHN BOSCO DISTRICT, MANGAGOY, BISLIG CITY",SURIGAO DEL SUR,09171599444/ 0852250443/ 09209600365,"JERRY C. ABROGUENA, MD",bisligdiagnostic@yahoo.com,bisligdiagnostic@yahoo.com,5159705,1,0,1,,,PASSED,Excellent,SDTLPT-23-0161162,E
17,16-1019-22-PIBS-R,16,SAN FRANCISCO DIAGNOSTIC AND MEDICAL CLINIC AND DRUG TESTING CENTER,"BARANGAY 4, CENTER ISLAND, SAN FRANCISCO, AGUSAN DEL SUR",AGUSAN DEL SUR,09177174150/ (086) 3438658,"JERRY C. ABROGUENA, MD",sanfranzdiagnostic@yahoo.com,sanfranzdiagnostic@yahoo.com,5159703,3,0,3,,,PASSED,Highly Satisfactory,SDTLPT-23-0161163,HS
17,16-1224-22-PIBS-R,16,BUTUAN HEALTHCARE CLINICS AND LABORATORY,"#103 MONTILLA BLVD., DIEGO SILANG, BUTUAN CITY, AGUSAN DEL NORTE",AGUSAN DEL NORTE,09153561049/ 09209052058,"PONCIANO S. LIMCANGCO, MD",butuanhealthcare07@gmail.com,butuanhealthcare07@gmail.com,5159069,2,1,3,,,PASSED,Highly Satisfactory,SDTLPT-23-0161164,HS
17,16-1232-22-PIBS-R,16,SAINT PETER DIAGNOSTICS AND LABORATORY,"NATIONAL HIGHWAY, BRGY. LADGARON, CLAVER, SURIGAO DEL NORTE",SURIGAO DEL NORTE,9516832212,"PONCIANO S. LIMCANGCO, MD",spdtl.claver2007@gamil.com,spdtl.claver2007@gamil.com,5161739,2,2,4,,,PASSED,Highly Satisfactory,SDTLPT-23-0161165,HS
17,16-1019-23-PIBS-R,16,"HOLY CHILD COLLEGES OF BUTUAN HOSPITAL, CO.","2ND STREET, GUINGONA SUBDIVISION, BRGY JP RIZAL, BUTUAN CITY",AGUSAN DEL NORTE,09989716870 / 09128096474 / 0853421770,"RAUL VENERANDO JR B. ATUPAN, MD",ravenatupan@yahoo.com / mengulloanna@gmail.com,ravenatupan@yahoo.com / mengulloanna@gmail.com,5185128,2,1,3,,,PASSED,Highly Satisfactory,SDTLPT-23-0161166,HS
17,16-1233-22-PIBS-R,16,ACH POLYCLINIC LAB. AND DRUG TESTING CENTER,"MARCOS CALO STREET, DATU SILONGAN, BUTUAN CITY, AGUSAN DEL NORTE",AGUSAN DEL NORTE,09174332438/ 086-815-15-52,"PONCIANO S. LIMCANGCO, MD",achpolycliniclabdtc@gmail.com,achpolycliniclabdtc@gmail.com,52000023,1,0,1,,,PASSED,Excellent,SDTLPT-23-0161167,E
17,16-1488-23-PIBS-R,16,GN POLYMEDIC AND DIAGNOSTIC CENTER,"CUBERO BLDG., BRGY. DAGOCDOC (BEHIND TANDAG GYMNASIUM), TANDAG CITY",SURIGAO DEL SUR,09295000215/ 09601088596/ 0862115372,"JOHN PATRICK C. PADILLA, MD",Gn_Polymedic_Diagnostic@yahoo.com,Gn_Polymedic_Diagnostic@yahoo.com,5211728,4,1,5,,,PASSED,Highly Satisfactory,SDTLPT-23-0161168,HS
17,16-1234-22-GIBS-R,16,BUTUAN MEDICAL CENTER DRUG TESTING LABORATORY,"KM 5, BAAN, BUTUAN CITY, AGUSAN DEL NORTE",AGUSAN DEL NORTE,0945-977-0295,"DINO RAPHAEL K. ABADIANO, MD",bmcdrugtestinglab@gmail.com / joanalynkay04@gmail.com,bmcdrugtestinglab@gmail.com / joanalynkay04@gmail.com,5174914,0,3,3,,,PASSED,Highly Satisfactory,SDTLPT-23-0161169,HS
17,16-1492-22-GIBS-R,16,CARAGA REGIONAL HOSPITAL DTL,"RIZAL ST., BRGY. WASHINGTON, SURIGAO CITY, SURIGAO DEL NORTE",SURIGAO DEL NORTE,0946-195-3759 / (086)-826-0134,"RAUL VENERANDO JR B. ATUPAN, MD",quaker_mt@yahoo.com,quaker_mt@yahoo.com,5174917,1,3,4,,,PASSED,Highly Satisfactory,SDTLPT-23-0161170,HS
17,16-1228-22-PIBS-R,16,HI-PRECISION DIAGNOSTIC CENTER INC.-BUTUAN ,"WATERGATE CENTER, J ROSALES AVENUE,BAYANIHAN, BUTUAN CITY",AGUSAN DEL NORTE,09177054765/(033)81938831/09665387575,"GRIG D. MISIONA, MD",hpbutuan.lab@hi-precision.com.ph,hpbutuan.lab@hi-precision.com.ph,5220532,1,2,3,,,PASSED,Highly Satisfactory,SDTLPT-23-0161171,HS
17,16-1638-23-GIBS-R,16,CARRASCAL RHU LABORATORY,"TRUGILLO CULTURAL STREETS, BAYBAY, CARRASCAL CITY, SURIGAO DEL SUR",SURIGAO DEL SUR,09468173952/086-2128060,"PONCIANO S. LIMCANGCO, MD",officialgmail.com/espinacharmin@gmail.com,officialgmail.com/espinacharmin@gmail.com,5222888,1,5,6,,,PASSED,Acceptable,SDTLPT-23-0161172,A
17,16-1844-23-GIBS-R,16,D.O PLAZA MEMORIAL HOSPITAL,"PUROK 2, PROSPERIDAD CITY, AGUSAN DEL SUR",AGUSAN DEL SUR,09105723722/ 09461000624,"RAUL VENERANDO B. ATUPAN, MD",dopmhclinlab22@gmail.com,dopmhclinlab22@gmail.com,5236998,4,1,5,,,PASSED,Highly Satisfactory,SDTLPT-23-0161173,HS
17,16-1016-23-PFSS-R,16,CABADBARAN DIAGNOSTIC CENTER,"FANCION ST. BRGY 4, CABADBARAN CITY, AGUSAN DEL NORTE",AGUSAN DEL NORTE,09225856233; 0858185532,"RAUL VENERANDO B. ATUPAN, MD",cabadbarandiagnostic@yahoo.com,cabadbarandiagnostic@yahoo.com,5235139,3,1,4,,,PASSED,Highly Satisfactory,SDTLPT-23-0161174,HS
4,4A-0324-22-PIBS-R ,4A,R.G.O LAB. AND INDUSTRIAL DIAG. CENTER INC. (CAVITE),"UNIT 103/104/205 H-SQUARE, CENTENNIAL RD. BRGY. BACO, GENERAL TRIAS CITY",CAVITE,09175491517 / 4847732,"HERBERT Z. MANAOIS,MD",rgo.gtcavite@gmail.com,rgo.gtcavite@gmail.com,5141297,1,4,5,,,PASSED,Highly Satisfactory,SDTLPT-23-04A1175,HS
4,4A-1414-22-PIBS-R,4A,LUCBAN MMG HOSPITAL,"NATIONAL HIGHWAY BRGY TINAMNAN, LUCBAN CITY, QUEZON",QUEZON CITY,09175102240; (042) 5408312,"RAYMUNDO C. SUPENA,MD",lucbanmmgdtl@gmail.com,lucbanmmgdtl@gmail.com,5134254,1,5,6,,,PASSED,Acceptable,SDTLPT-23-04A1176,A
4,4A-1642-22-PFSS-I,4A,DE LA SALLE MEDICAL AND HEALTH SCIENCES INSTITUTE DRUG TESTING LABORATORY,"1ST FR,RM6102, ANGELO KING BLDG, MEDICAL RESEARCH CTR,GOV.D. MANGUBAT AVE DASMARI„AS CITY",CAVITE,9209203439 / 09152938067,"LUIS P. CRUZ,MD",pathoshark@yahoo.com,pathoshark@yahoo.com,5139386,2,0,2,,,PASSED,Excellent,SDTLPT-23-04A1177,E
4,4A-1718-22-PIBS-I,4A,SHALOM DYNAMIC HEALTH CARE CO.,"MAPTAN BLDG. NATIONAL ROAD, BRGY PALLOCAN KANLURAN, BATANGAS CITY",BATANGAS,09228742198 / 09563084945 / 09694277313,"ALPHA GRACE B. CABIC,MD",dynamichealth@shalom.ph,dynamichealth@shalom.ph,5150919,2,3,5,,,PASSED,Highly Satisfactory,SDTLPT-23-04A1178,HS
4,4A-1694-22-PFSS-I,4A,SHALOM MEDICAL DIAGNOSTIC CENTER (ROSARIO),"8 TO 8 BUILDING G. CARANDANG ST., BRGY C ROSARIO, BATANGAS",BATANGAS,09750222676 / 0437844098,"ALPHA GRACE B. CABIC,MD",ros.shalom@shalomlab.ph,ros.shalom@shalomlab.ph,5150916,2,5,7,,,PASSED,Acceptable,SDTLPT-23-04A1179,A
4,4A-0330-22-PIBS-R,4A,SHALOM MEDICAL DIAGNOSTIC LABORATORY INC.,"ZENAIDA ARCADE NO. 43 M.H DEL PILAR ST., BATANGAS CITY, BATANGAS ",BATANGAS,980-5714 / 09173113468 / 0439805714,"ALPHA GRACE B. CABIC,MD",shalom@shalomlab.ph,shalom@shalomlab.ph,5150912,2,5,7,,,PASSED,Acceptable,SDTLPT-23-04A1180,A
4,4A-1695-22-PFSS-I,4A,SHALOM DYNAMIC HEALTH CARE CO.,"J.P. RIZAL ST., POBLACION 1, BAUAN CITY, BATANGAS",BATANGAS,09228742198 / 19171167418 (043)332-9841,"ALPHA GRACE B. CABIC,MD",shalombauan1@gmail.com,shalombauan1@gmail.com,5150911,0,5,5,,,PASSED,Highly Satisfactory,SDTLPT-23-04A1181,HS
4,4A-1444-22-PIBS-R,4A,MY LAB CLINICAL LABORATORY,"KAPITAN DAYO BLDG, GENERAL LUNA ST I POBLACION, SAN JUAN CITY, BATANGAS",BATANGAS,9992262399 / 19175121665,"MARIA MYSTICA FLODALYN T. BAUTISTA,MD",mylabclinic@gmail.com,mylabclinic@gmail.com,5151392,2,3,5,,,PASSED,Highly Satisfactory,SDTLPT-23-04A1182,HS
4,4A-0487-22-PIBS-R,4A,ON TOP MEDICAL SERVICES X-RAY AND LABORATORY DIAGNOSTIC CLINIC,"ONTOP BLDG, B1 LGA GOVERNOR'S DRIVE BRGY SAN GABRIEL., GENERAL MARIANO ALVAREZ, CAVITE",CAVITE,09275342076 / 0465451181,"JOANNE MARIE C. RODRIGUEZ,MD",ontopmedicalservices@gmail.com,ontopmedicalservices@gmail.com,5152381,0,5,5,,,PASSED,Highly Satisfactory,SDTLPT-23-04A1183,HS
4,4A-1721-22-PFSS-I,4A,ST. JOHN CALABRIA FOUNDATION INC.,"CALABRIAN COMPOUND, SAN LORENZO RUIS, TAYTAY CITY, RIZAL",RIZAL,9975980452,"BERNADETH R. ESPIRITU,MD",calabrian@gmail.com,calabrian@gmail.com,5152245,4,4,8,,,PASSED,Acceptable,SDTLPT-23-04A1184,A
4,4A-0393-22-PIBS-R,4A,"GENTRI MEDICAL CENTER AND HOSPITAL, INC.","SANTUSAN STREET, BRGY. MANGGAHAN, GENERAL TRIAS CITY, CAVITE",CAVITE,(046)424-0888; 09178572154; 09178966818,"ROLAN R. DELA ROSA,MD",gmch_lab@yahoo.com,gmch_lab@yahoo.com,5152373,1,5,6,,,PASSED,Acceptable,SDTLPT-23-04A1185,A
4,4A-0411-22-PIBS-I,4A,HEALTHPRO DIAGNOSTIC CENTER,"9008 PURELIFE BLDG. CATTLEYA COR. ROSAL ST., LM SUBD. BRGY MARKET AREA, STA. ROSA CITY",LAGUNA,09329137680 / 09234408580,"VOLTAIRE C. YABUT,MD",healthprodiagnosticcenter@gmail.com,healthprodiagnosticcenter@gmail.com,5152371,0,1,1,,,PASSED,Excellent,SDTLPT-23-04A1186,E
4,4A-1180-22-PFSS-R,4A,TANAUAN MEDICAL CENTER INC.,"A. MABINI AVE. POBLACION BRGY. 4 TANUAN CITY, BATANGAS",BATANGAS,09228559396 / 09338294193,"CELSO S. RAMOS,MD",tmcidtl@yahoo.com,tmcidtl@yahoo.com,5151995,2,4,6,,,PASSED,Acceptable,SDTLPT-23-04A1187,A
4,4A-1170-22-PFSS-R,4A,C.P REYES SATELLITE CLINIC,"BARANGAY SANTIAGO, MALVAR CITY, BATANGAS",BATANGAS,9224198820 / 09171077623,"CELSO S. RAMOS,MD",tmcidtl@yahoo.com,tmcidtl@yahoo.com,5151996,1,4,5,,,PASSED,Highly Satisfactory,SDTLPT-23-04A1188,HS
4,4A-0513-22-PIBS-R,4A,RNR MEDICAL CLINIC AND LABORATORY FACILITY,"LOT2 BLK21 NHA AVE. BRGY DELA PAZ, ANTIPOLO CITY, RIZAL",RIZAL,9430201463,"PAULO ANTONIO E. CLEMENTE,MD",RNRdiagnosticclinic@yahoo.com,RNRdiagnosticclinic@yahoo.com,5152314,1,4,5,,,PASSED,Highly Satisfactory,SDTLPT-23-04A1189,HS
4,4A-0463-22-PIBS-R,4A,MEDITROOPS LABORATORY AND DIAGNOSTIC,"LOT 1 BLK 1 MAYON DRIVE MONTANA SUBD. BURGOS, RODRIGUEZ CITY, RIZAL",RIZAL,09953019698 / 8-633-3276,FRANCIS DEMATERA,meditroops@yahoo.com,meditroops@yahoo.com,5152311,1,3,4,,,PASSED,Highly Satisfactory,SDTLPT-23-04A1190,HS
4,4A-0504-22-PFSS-R,4A,POLICARPIO-MANESE DRUG TESTING LABORATORY,"137 A-2 MAHOGANY AVE. MAHARLIKA WEST, TAGAYTAY CITY, CAVITE ",CAVITE,09464236413 / 09235133130 / 0464236413,"EMILIANO U. MALUTO,MD",policarpiodtl@gmail.com,policarpiodtl@gmail.com,5152518,2,4,6,,,PASSED,Acceptable,SDTLPT-23-04A1191,A
4,4A-0489-21-PIBS-R,4A,MARY IMMACULATE LABORATORY IMUS CAVITE,"2F EXODUS BLDG., NUENO AVE.,IMUS CITY, CAVITE",CAVITE,09175821757 / 09260667644 / (046)4714022,"DEXTER A. LEDESMA,MD",rcma_lab@yahoo.com,rcma_lab@yahoo.com,5152433,2,0,2,,,PASSED,Excellent,SDTLPT-23-04A1192,E
4,4A-0311-22-PIBS-R,4A,MARY IMMACULATE LABORATORY- GEN TRIAS,"328 CM DELOS REYES ST. MANGGAHAN, GEN. TRIAS CITY, CAVITE",CAVITE,09155618392 / (046) 4436257,"DEXTER A. LEDESMA,MD",mil.manggahan@gmail.com,mil.manggahan@gmail.com,5152434,1,3,4,,,PASSED,Highly Satisfactory,SDTLPT-23-04A1193,HS
4,4A-0357-22-PIBS-R,4A,ALANA'S CARE LABORATORIES AND DIAG. CENTER INC.,"2ND FLOOR PABO REAL BLDG., BRGY GOV. FERRER GENERAL TRIAS CITY CAVITE",CAVITE,09333584887 / (046) 423-5662,"MARICEL R. RIBO,MD",alanascare@gmail.com,alanascare@gmail.com,5152475,1,5,6,,,PASSED,Acceptable,SDTLPT-23-04A1194,A
4,4A-0492-22-PFSS-R,4A,"OXFORD LABORATORY AND DIAGNOSTIC CENTER, INC","ROOM 105 ENTREPRENEUR CENTER, ORTIGAS AVE. EXTENSION, CAINTA CITY",RIZAL,09178825556; 85842674,"MARILYN C. BARZA,MD",oxford_lab@yahoo.com.ph,oxford_lab@yahoo.com.ph,5152471,0,2,2,,,PASSED,Excellent,SDTLPT-23-04A1195,E
4,4A-1576-22-PIBS-R,4A,GENERAL TRIAS MATERNITY AND PEDIATRIC HOSPITAL,"BRGY TEJERO, GENERAL TRIAS CITY, CAVITE",CAVITE,046-4370124 / 09558668267 ,"FLORECITA LUDIVINA T. SOLIS,MD",gtmphdtl_gt@yahoo.com,gtmphdtl_gt@yahoo.com,5152427,2,1,3,,,PASSED,Highly Satisfactory,SDTLPT-23-04A1196,HS
4,4A-1145-21-PIBS-R,4A,HEALTHSERV LOS BA„OS MEDICAL CENTER,"8817 NATIONAL ROAD BATONG MALAKE, LOS BA„OS CITY, LAGUNA",LAGUNA,(049) 536-4858; 09178442867 / 09209440828,"EDNA MAY L. GO,MD",labhealthserv@gmail.com,labhealthserv@gmail.com,5152763,1,2,3,,,PASSED,Highly Satisfactory,SDTLPT-23-04A1197,HS
4,4A-0387-22-PIBS-R,4A,FIRST CABUYAO HOSPITAL AND MEDICAL CENTER INC.,"12 NATIONAL ROAD BRGY. SALA, CABUYAO CITY, LAGUNA",LAGUNA,09171353067 / 876-8383 LOC 113 / 09171353067,"AZEUS O. SILVA,MD",laboratory@fchmci.com,laboratory@fchmci.com,5152417,0,0,0,,,PASSED,Excellent,SDTLPT-23-04A1198,E
4,4A-0271-21-PIBS-R,4A,"MEDIC 8 MEDICAL AND DIAGNOSTIC CENTER, INC. ""CALACA MEDICAL AND LABORATORY CENTER""","G/F CALACA HEALTHCARE, NATIONAL HIGHWAY, POB.4 , CALACA CITY, BATANGAS",BATANGAS,0917-5285757,"GABRIEL J. CRUZ,MD",medic8.info@gmail.com,medic8.info@gmail.com,5152400,3,1,4,,,PASSED,Highly Satisfactory,SDTLPT-23-04A1199,HS
4,4A-0868-22-PIBS-R,4A,ULINK MEDICAL AND DIAGNOSTIC CENTER - CALAMBA BRANCH,"G/F JULITA BLDG PUROK 4 NATIONAL HIGHWAY BRGY 1, CALAMBA CITY, LAGUNA",LAGUNA,09175516858 / 09171081714 / 536-9686,"AZEUS O. SILVA,MD",laboratory.umdcc@gmail.com,laboratory.umdcc@gmail.com,5153086,3,5,8,,,PASSED,Acceptable,SDTLPT-23-04A1200,A
4,4A-1025-22-PIBS-R,4A,"ULINK MEDICAL AND DIAGNOSTIC CENTER - 
TANAUAN BATANGAS","G/F LAUREL HILL CENTER, NATATAS, TANAUAN CITY, BATANGAS",BATANGAS,09228098865 / 09059990760 / (043) 723-7802,"AZEUS O. SILVA,MD",ulink.mdc@gmail.com,ulink.mdc@gmail.com,5152618,0,4,4,,,PASSED,Highly Satisfactory,SDTLPT-23-04A1201,HS
4,4A-1184-22-PIBS-R,4A,VICENTE-ISABEL MULTISPECIALTY CLINIC AND DIAGNOSTIC AND DIAGNOSTIC CENTER INC ,"493 BUCANDALA V, IMUS CITY, CAVITE",CAVITE,09778152378 / 09177653855 / (046) 454-7500,"HERBERT Z. MANAOIS,MD",vimcdci.lab@gmail.com,vimcdci.lab@gmail.com,5152641,4,4,8,,,PASSED,Acceptable,SDTLPT-23-04A1202,A
4,4A-0489-22-PIBS-R,4A,OPTIMUM HEALTH DIAGNOSTIC AND MEDICAL SERVICES,"147 ESTEBAN MAYO ST. LIPA CITY, BATANGAS",BATANGAS,09126234300 / 7844035 ,"SPENCER S. WATANABE,MD",ohdiagnostic@gmail.com,ohdiagnostic@gmail.com,5153094,0,2,2,,,PASSED,Excellent,SDTLPT-23-04A1203,E
4,4A-0302-22-PFSS-R,4A,CITI_CARE ULTRASOUND SERVICES AND DIAGNOSTIC CENTER,"002 DR J. SALUD ST. MAGDIWANG, NOVELETA CITY, CAVITE",CAVITE,09457842992 / (046)476-2516,"FLORECITA LUDIVINA T. SOLIS,MD",citicare_8262010@yahoo.com,citicare_8262010@yahoo.com,5153723,1,4,5,,,PASSED,Highly Satisfactory,SDTLPT-23-04A1204,HS
4,4A-1408-22-PIBS-R,4A,THE MEDICAL CITY-SOUTH LUZON,"GREENFIELD CITY, UNITED BLVD., BRGY. DON JOSE (BESIDE PASEO), SANTA ROSA CITY",LAGUNA,09434531638 / 09152066859,"JENNIFER B. TORRES,MD",tmcsl.laboratory@gmail.com,tmcsl.laboratory@gmail.com,5153663,2,1,3,,,PASSED,Highly Satisfactory,SDTLPT-23-04A1205,HS
4,4A-1768-22-PIBS-R,4A,MEDICARD PHILIPPINES INC.- STA. ROSA,"2ND FLOOR HUMANA WELLNESS CENTER, STA. ROSA CITY, LAGUNA",LAGUNA,09209227602 / 09450962099 (028) 5844048,"ARTURO JR. C. LOPEZ,MD",starosa.laboratory@medicardphils.com,starosa.laboratory@medicardphils.com,5153599,0,4,4,,,PASSED,Highly Satisfactory,SDTLPT-23-04A1206,HS
4,4A-0535-22-PFSS-R,4A,TRIPTORS DIAGNOSTIC CENTRE,"B-3 LUCENA GRAND CENTRAL TERMINAL ILAYANG DUPAY, LUCENA CITY, QUEZON",QUEZON,9395320910 / (042) 373-0074 ,"JAIMAR R. SAPUNGAN,MD",tdc.lto@yahoo.com,tdc.lto@yahoo.com,5153623,1,1,2,,,PASSED,Excellent,SDTLPT-23-04A1207,E
4,4A-0338-22-PFSS-R,4A,WILBUR DRUG TESTING CENTER,"#16 STO NI„O ST., BRGY STO NI„O, SAN PEDRO CITY, LAGUNA",LAGUNA,09291924339 / 09569221140 / 8-403-4406,"DEXTER A. LEDESMA,MD",wilburlab.com@gmail.com,wilburlab.com@gmail.com,5154377,2,3,5,,,PASSED,Highly Satisfactory,SDTLPT-23-04A1208,HS
4,4A-1458-22-PIBS-R,4A,"LDC DIAGNOSTIC AND MULTISPECIALTY CLINIC, INC","#6607 TM PLACE BUILDING, BRGY SAN ANTONIO (ABOVE CHINABANK), LOS BA„OS CITY",LAGUNA,09916923435 / 09777948034 / (049) 5577347,"HERBERT Z. MANAOIS,MD",ldc.lbdiagnostic@gmail.com,ldc.lbdiagnostic@gmail.com,5146653,2,5,7,,,PASSED,Acceptable,SDTLPT-23-04A1209,A
4,4A-1454-22-PIBS-R,4A,LAGUNA DIAG. CENTER & MULTISPECIALTY CLINIC - STA. ROSA,"LDC BUILDING (INFRONT OF CALTEX TAGAPO), SANTA ROSA, LAGUNA",LAGUNA,(049) 827-4753 / (049) 827-4753,"HERBERT Z. MANAOIS,MD",ldcstarosa@yahoo.com,ldcstarosa@yahoo.com,5146656,2,5,7,,,PASSED,Acceptable,SDTLPT-23-04A1210,A
4,4A-0458-22-PIBS-R,4A,MEDICARD PHILIPPINES INC.- CALAMBA,"G/F ANDENSON BLDG. III, NATIONAL HIGHWAY, BRGY. PARIAN, CALAMBA CITY",LAGUNA,09209227612; 09190828775 (02) 5844288,"ARTURO JR. C. LOPEZ,MD",geriva@medicardphils.com,geriva@medicardphils.com,5155857,1,5,6,,,PASSED,Acceptable,SDTLPT-23-04A1211,A
4,4A-0521-22-PIBS-R,4A,ST. ANNE GENERAL HOSPITAL INC.,"P. GOMEZ EXT. RED V IBA. DUPAY, LUCENA CITY, QUEZON",QUEZON,09958421508; 0427102218 LOC. 105,"MARIA LUISA ROSPI P. CRUZ,MD",saghilabsdtl@gmail.com,saghilabsdtl@gmail.com,5155290,2,5,7,,,PASSED,Acceptable,SDTLPT-23-04A1212,A
4,4A-0343-22-PIBS-R,4A,ACCUCELL DIAGNOSTIC CENTER,"RM 219 221 FEMAR BLDG. M.L. QUEZON ST., SAN ROQUE, ANTIPOLO CITY, RIZAL",RIZAL,09275329559/(028) 697-6876,"ROMIL M. AGUIRRE,MD",accucelldiagnosticcenter@yahoo.com.ph,accucelldiagnosticcenter@yahoo.com.ph,5155181,2,2,4,,,PASSED,Highly Satisfactory,SDTLPT-23-04A1213,HS
4,4A-0340-22-PIBS-R,4A,ACCUCELL DIAGNOSTIC CENTER,"SEN. LORENZO SUMULONG MEMORIAL CIRCLE, SAN ROQUE, ANTIPOLO CITY",RIZAL,09189253901/ (028) 697-6876,"ROMIL M. AGUIRRE,MD",romilaguirre@yahoo.com,romilaguirre@yahoo.com,515582,3,0,3,,,PASSED,Highly Satisfactory,SDTLPT-23-04A1214,HS
4,4A-0507-22-GIBS-R,4A,QUEZON MEDICAL CENTER,"QUEZON AVE., BRGY. XI, LUCENA CITY, QUEZON",QUEZON,(042) 717 6323 loc 246,"RAYMUNDO C. SUPENA,MD",quezonmedicalcenterlab@gmail.com,quezonmedicalcenterlab@gmail.com,5155256,0,4,4,,,PASSED,Highly Satisfactory,SDTLPT-23-04A1215,HS
4,4A-0406-22-PIBS-R,4A,GREEN PASTURE SPECIALISTS CLINIC & PHARMACY,"BLOCK 5 LOT 31 PHASE 4, GOLDEN CITY SUBDIVISION, BRGY. DILA, SANTA ROSA CITY",LAGUNA,09424797784/ (049) 304-5920,"RAYMUNDO C. SUPENA,MD",greenpasturespecialistsclinic@gmail.com,greenpasturespecialistsclinic@gmail.com,5152843,2,1,3,,,PASSED,Highly Satisfactory,SDTLPT-23-04A1216,HS
4,4A-0455-22-PFSS-R,4A,MACRO ACCESS DRUG TESTING CENTER,"DAYO COMPOUND MAHARLIKA HIGHWAY, SAN NICOLAS, SAN PABLO CITY, LAGUNA",LAGUNA,9202961873,"IMELDA MARIE F. PALACOL,MD",macro_a11@yahoo.com,macro_a11@yahoo.com,5152845,0,3,3,,,PASSED,Highly Satisfactory,SDTLPT-23-04A1217,HS
4,4A-1371-22-PIBS-R,4A,CHEDRICK LABORATORY AND DIAGNOSTIC CENTER,"F. MANGOBOS ST. POB. I, BAUAN CITY, BATANGAS",BATANGAS,9177739240,"MARITESS TERESITA M. TORIO,MD",chedricklaboratory@yahoo.com,chedricklaboratory@yahoo.com,5152846,2,1,3,,,PASSED,Highly Satisfactory,SDTLPT-23-04A1218,HS
4,4A-0336-22-PIBS-R,4A,WECARE MEDICAL AND DIAGNOSTIC CLINIC,"288 DLRI BLDG. NATIONAL HIGHWAY, BRGY. HALANG, CALAMBA CITY, LAGUNA",LAGUNA,9972973652,"JENNIFER B. TORRES,MD",wecare.mdc@yahoo.com,wecare.mdc@yahoo.com,5152847,2,1,3,,,PASSED,Highly Satisfactory,SDTLPT-23-04A1219,HS
4,4A-0472-22-PIBS-R,4A,"METRO LEMERY MEDICAL CENTER
(SAINT THOMAS AQUINAS HOSP CORP. )","PALANAS, LEMERY CITY, BATANGAS (NEAR SM CITY LEMERY)",BATANGAS,9162856888,"AZEUS O. SILVA,MD",laboratory.mlmc@gmail.com,laboratory.mlmc@gmail.com,5152848,1,5,6,,,PASSED,Acceptable,SDTLPT-23-04A1220,A
4,4A-0476-22-PIBS-R,4A,METRO LIPA MEDICAL CENTER,"J.P. LAUREL HIGHWAY, LIPA CITY, BATANGAS",BATANGAS,9392214065,"MARITESS TERESITA M. TORIO,MD",mlmc.laboratory@gmail.com,mlmc.laboratory@gmail.com,5155913,1,5,6,,,PASSED,Acceptable,SDTLPT-23-04A1221,A
4,4A-0962-22-PIBS-I,4A,BIOTEKNIQUE DIAGNOSTIC LABORATORY CORPORATION,"G/FLR. RM BLDG. J.P. LAUREL  HI-WAY, MATAAS NA LUPA, LIPA CITY, BATANGAS",BATANGAS,9057603464,"FRANK GERALD G. PAGDUNZALAN,MD",05.biotek@gmail.com,05.biotek@gmail.com,5152841,3,2,5,,,PASSED,Highly Satisfactory,SDTLPT-23-04A1222,HS
4,4A-0496-22-PFSS-R,4A,PDP DRUGTECH DRUG TESTING LABORATORY,"2/F #15 A. BONIFACIO AVE., BRGY. SAN ROQUE, CAINTA CITY, RIZAL",RIZAL,09199709083/0939080813,"MARIA LEAL M. REYES,MD",pdpdrugtech@gmail.com,pdpdrugtech@gmail.com,5152844,4,1,5,,,PASSED,Highly Satisfactory,SDTLPT-23-04A1223,HS
4,4A-0428-22-PIBS-R,4A,"JANCOR DIAGNOSTICS & MEDICAL, INC.","LOT 43 BLOCK 22 JANCORD BLDG. , MAIN ST., COSTA VERDE SUBD., BRGY. TEJEROS CONVENTION, ROSARIO CITY",CAVITE,9750716978,"DEXTER A. LEDESMA,MD",dtl.jancordiagnostic@gmail.com,dtl.jancordiagnostic@gmail.com,5156399,0,0,0,,,PASSED,Excellent,SDTLPT-23-04A1224,E
4,4A-1442-22-PIBS-R,4A,METRO BALAYAN MEDICAL CENTER,"NATIONAL HIGHWAY BRGY. CALOOCAN, BALAYAN CITY, BATANGAS",BATANGAS,9272717042,"THOMAS JEFF C. LIM,MD",mbmcdtl@gmail.com,mbmcdtl@gmail.com,5156420,2,3,5,,,PASSED,Highly Satisfactory,SDTLPT-23-04A1225,HS
4,4A-0928-22-PIBS-R,4A,BIOHEALTH MEDICAL CLINIC AND DIAGNOSTICS CORP.,"248 GENERAL TRIAS DRIVE, ROSARIO CITY, CAVITE",CAVITE,9338200566,"FLORECITA LUDIVINA T. SOLIS,MD",biohealth.lab@yahoo.com,biohealth.lab@yahoo.com,5155954,2,0,2,,,PASSED,Excellent,SDTLPT-23-04A1226,E
4,4A-0536-22-PIBS-R,4A,"WELLCARE CLINICS & LAB., INC.","GOV D. MANGUBAT AVE. BUROL MAIN, DASMARI„AS CITY, CAVITE",CAVITE,9975431400,"JANETTE S. TOLENTINO,MD",wellcare_burol@yahoo.com,wellcare_burol@yahoo.com,5151413,2,0,2,,,PASSED,Excellent,SDTLPT-23-04A1227,E
4,4A-1376-22-PIBS-R,4A,WELLCARE CLINICS & LAB. INC.-WALTERMART DASMARI„AS,"2ND FR. WALTERMART COMPOUND EMILIO AGUINALDO HWY., DASMARI„AS CITY",CAVITE,9158427332,"LUIS P. CRUZ,MD",wellcare_dasma@yahoo.com,wellcare_dasma@yahoo.com,5151414,0,5,5,,,PASSED,Highly Satisfactory,SDTLPT-23-04A1228,HS
4,4A-0537-22-PFSS-R,4A,WELLCARE CLINICS & LAB INC.,"MAINSTREET PLAZA I GOV. DRIVE, GENERAL TRIAS CITY, CAVITE",CAVITE,9989709530,"LUIS P. CRUZ,MD",manggahan_wdtc@yahoo.com,manggahan_wdtc@yahoo.com,5151415,1,5,6,,,PASSED,Acceptable,SDTLPT-23-04A1229,A
4,4A-1564-22-PIBS-R,4A,WELLCARE CLINICS & LABORATORY INC.,"J.P. RIZAL ST. SAN VICENTE 1, SILANG CITY, CAVITE",CAVITE,046-413-0219,"JANETTE S. TOLENTINO,MD",wellcaresilangbranch20@gmail.com,wellcaresilangbranch20@gmail.com,5151416,1,1,2,,,PASSED,Excellent,SDTLPT-23-04A1230,E
4,4A-1510-22-PIBS-R,4A,"WELLCARE CLINICS & LABORATORY, INC.","2F WALTERMART SHOPPING CENTER, BRGY. BALIBAGO, STA. ROSA CITY, LAGUNA",LAGUNA,9255505773,"LUIS P. CRUZ,MD",wclab_starosa@yahoo.com,wclab_starosa@yahoo.com,5151417,2,4,6,,,PASSED,Acceptable,SDTLPT-23-04A1231,A
4,4A-0480-22-PIBS-R,4A,N.L. VILLA MEMORIAL MEDICAL CENTER,"F. MANALO ST., BRGY. 8, LIPA CITY, BATANGAS",BATANGAS,9457401485,"MAY M. MANGUIAT,MD",rheizer_clay08@yahoo.com,rheizer_clay08@yahoo.com,5151028,1,0,1,,,PASSED,Excellent,SDTLPT-23-04A1232,E
4,4A-1765-22-PFSS-I,4A,LACOSTA-RMC MEDICAL AND DIAGNOSTIC CENTER,"KM 25 ORTIGAS AVE EXT. SAN ISIDRO, TAYTAY CITY, RIZAL",RIZAL,9168862486,"DARIO D. DEFENSOR,MD",lacosta.rmc@gmail.com/LACOSTA.RMC@gmail.com,lacosta.rmc@gmail.com/LACOSTA.RMC@gmail.com,5151156,0,1,1,,,PASSED,Excellent,SDTLPT-23-04A1233,E
4,4A-1034-22-PFSS-R,4A,DASMA-MEDICA DRUG TESTING CENTER,"#50 DON PLACIDO CAMPOS AVE. COR. S. RAMIREZ ZONE1, DASMARI„AS CITY",CAVITE,9338130522,"LUIS P. CRUZ,MD",dasmamedica2019@gmail.com,dasmamedica2019@gmail.com,5151517,0,3,3,,,PASSED,Highly Satisfactory,SDTLPT-23-04A1234,HS
4,4A-0852-22-PFSS-R,4A,VALUECARE LABORATORY & DIAGNOSTIC CENTER CO,"2/F LIBERT BLDG GSIS ROAD VILLA MARIA SUBD. MOLINO III, BACOOR CITY, CAVITE",CAVITE,9088927049,"DEXTER A. LEDESMA,MD",valuecaremolino@gmail.com,valuecaremolino@gmail.com,5151567,0,5,5,,,PASSED,Highly Satisfactory,SDTLPT-23-04A1235,HS
4,4A-0851-22-PFSS-R,4A,VALUE CARE LABORATORY AND DIAGNOSTIC CENTER CO.,"PANAPAAN I, BACOOR CITY, CAVITE",CAVITE,9493132228,"DEXTER A. LEDESMA,MD",valuecarepanapaan@gmail.com,valuecarepanapaan@gmail.com,5151568,0,2,2,,,PASSED,Excellent,SDTLPT-23-04A1236,E
4,4A-00199-20-PIBS-R,4A,EMILIO AGUINALDO COLLEGE MEDICAL CENTER-CAVITE,"BRGY. SALITRAN II, DASMARI„AS CITY, CAVITE ",CAVITE,(046) 416-3010; 09177030263,"FLORECITA LUDIVINA T. SOLIS,MD",lab@eacmed.org.ph,lab@eacmed.org.ph,5151504,1,2,3,,,PASSED,Highly Satisfactory,SDTLPT-23-04A1237,HS
4,4A-1322-22-PFSS-R,4A,OUR LADY OF PROMPT SUCCOR MEDICAL CLINIC ,"MOLINO BLDG. SITIO ILOG PUGAD NATIONAL ROAD SAN JUAN, TAYTAY CITY",RIZAL,9226802127/ 8658-81-69,"ALMA N. AQUILIZAN,MD",zaferrer72@yahoo.com,zaferrer72@yahoo.com,5151129,1,0,1,,,PASSED,Excellent,SDTLPT-23-04A1238,E
4,4A-1621-22-PIBS-I,4A,TLC LABORATORY AND DIAGNOSTIC CENTER,"2ND FLR EAST TOWN CENTRE COMMERCIAL BLDG, 70A MANILA EAST ROAD, BRGY. MUZON, TAYTAY CITY",RIZAL,9289417862,"FRANCIS F. DEMATERA,MD",tlc.lab2k21@gmail.com,tlc.lab2k21@gmail.com,5151711,1,0,1,,,PASSED,Excellent,SDTLPT-23-04A1239,E
4,4A-0407-22-PIBS-R,4A,"HEALTH ACCESS MEDICAL AND LAB. SERVICES, INC.","9023 HBC. BUILDING, ROQUE C. LAZAGA SR. ST. BRGY. BALIBAGO, STA. ROSA CITY",LAGUNA,9564282147,"DARIO D. DEFENSOR,MD",healthaccess2017@gmail.com,healthaccess2017@gmail.com,5151520,1,4,5,,,PASSED,Highly Satisfactory,SDTLPT-23-04A1240,HS
4,4A-1496-22-PIBS-R,4A,SOLOSON MEDICAL CLINIC,"BLK I LOT 2 ALBERTO SUBD. BURGOS, RODRIGUEZ CITY, RIZAL",RIZAL,9477872429,"NICK R. FERNANDEZ,MD",rnmgabriel@yahoo.com,rnmgabriel@yahoo.com,5151706,0,5,5,,,PASSED,Highly Satisfactory,SDTLPT-23-04A1241,HS
4,4A-0483-22-PIBS-R,4A,NICOLAS-BANAL HEALTH SERVICES,"40 E. ROD. HI-WAY ST. SAN JOSE, RODRIGUEZ CITY, RIZAL",RIZAL,9477863124,"ROMIL M. AGUIRRE,MD",joybanal25@yahoo.com,joybanal25@yahoo.com,5151704,2,0,2,,,PASSED,Excellent,SDTLPT-23-04A1242,E
4,4A-1553-22-PIBS-R,4A,FORTMED MEDICAL CLINICS INC.-STA. ROSA,"UNITED BOULEVARD, STA. ROSA BUSINESS PARK, GREENFIELD CITY, BRGY. DON JOSE, STA. ROSA CITY",LAGUNA,9991350955,"AMY ROSE E. DE ALBAN,MD",starosafortmed@yahoo.com,starosafortmed@yahoo.com,5151100,4,0,4,,,PASSED,Highly Satisfactory,SDTLPT-23-04A1243,HS
4,4A-0319-22-PFSS-R,4A,"PARA„AQUE ULTRASOUND AND DIAGNSOTIC CENTER, INC.","RM8 2/F OCAMPO COMMERCIAL CENTER, ANIBAN, BACOOR CITY, CAVITE",CAVITE,9238765089,"MINIIE JANE A. PINEDA,MD",pudci_aniban@yahoo.com,pudci_aniban@yahoo.com,5148073,2,0,2,,,PASSED,Excellent,SDTLPT-23-04A1244,E
4,4A-0318-22-PFSS-R,4A,"PARA„AQUE ULTRASOUND AND DIAG. CENTER, INC.- MOLINO","#321 MOLINO ROAD, MOLINO 3, BACOOR CITY, CAVITE",CAVITE,09770864772/09989124572,"MINIIE JANE A. PINEDA,MD",pudc.molino@yahoo.com.ph,pudc.molino@yahoo.com.ph,5148071,0,1,1,,,PASSED,Excellent,SDTLPT-23-04A1245,E
4,4A-1537-22-GIBS-R,4A,PAGAMUTAN NG DASMARI„AS DRUG TESTING LAB.,"PAGAMUTANG DASMARI„AS CONGRESSIONAL AVE. BUROL III, DASMARI„AS CITY",CAVITE,(046) 481-44-00 LOC 783,"IRMA VERONICA M. GNILO,MD",pagamutandtl@gmail.com,pagamutandtl@gmail.com,5148666,0,5,5,,,PASSED,Highly Satisfactory,SDTLPT-23-04A1246,HS
4,4A-1375-22-PIBS-R,4A,PRIMACARE MEDICAL LABORATORY & CLINIC,"GROUND FLR., ROSARIO COMM'L CENTER, GEN. TRIAS DRIVE, EPZA, ROSARIO CITY",CAVITE,9771399524,"EDNA MAY L. GO,MD",primacaremedicalclinic@yahoo.com,primacaremedicalclinic@yahoo.com,5148467,2,0,2,,,PASSED,Excellent,SDTLPT-23-04A1247,E
4,4A-0524-22-PIBS-R,4A,ST. IGNATIUS DE LOYOLA HEALTH CARE SERVICES,"81 JOAQUINA BLDG. A. BONIFACIO ST., STO. DOMINGO, CAINTA CITY, RIZAL",RIZAL,9085067706,"MA. LOURDES A. TILBE,MD",stignatiuscainta@yahoo.com,stignatiuscainta@yahoo.com,5148466,0,1,1,,,PASSED,Excellent,SDTLPT-23-04A1248,E
4,4A-0516-22-PIBS-R,4A,"SAN ANTONIO MEDICAL CENTER OF LIPA, INC.","#2 C.M. RECTO AVENUE, BRGY. 9A LANDMARK: NEAR SAN SEBASTIAN CATHEDRAL(IN FRONT OF YAMAHA), LIPA CITY",BATANGAS,9272798353,"NINA NATALIA L. BAUTISTA,MD",schistosomajaponicum31@yahoo.com,schistosomajaponicum31@yahoo.com,574853,1,1,2,,,PASSED,Excellent,SDTLPT-23-04A1249,E
4,4A-0478-22-PIBS-R,4A,MULTILAB DIAGNOSTIC AND HEALTH SERVICES,"#52 TRECE-INDANG ROAD, LUCIANO (BITANGAN) HI-WAY, TRECE MARTIRES CITY",CAVITE,9175050084,"RAYMUNDO F. FELICIANO,MD",multilab2013diagnostic@yahoo.com.ph,multilab2013diagnostic@yahoo.com.ph,5148238,3,3,6,,,PASSED,Acceptable,SDTLPT-23-04A1250,A
4,4A-1304-21-PIBS-R,4A,DCEPS MEDICAL SERVICES CO.,"A. SORIANO HI-WAY, AMAYA I, TANZA CITY, CAVITE",CAVITE,9951596849,"DOREEN L. DOTOLLO,MD",dceps.medical.services@gmail.com,dceps.medical.services@gmail.com,5148099,0,5,5,,,PASSED,Highly Satisfactory,SDTLPT-23-04A1251,HS
4,4A-1155-22-PIBS-R,4A,AVALON DIAGNOSTIC CENTER,"BLOCK 3, LOT 20, CAMIA ST., VENICE HOMES SUBD., BRGY. SAN ANDRES, CAINTA CITY",RIZAL,9293174162,"ALEXANDER B. DIAZ,MD",avalondiagnosticcenter12@gmail.com,avalondiagnosticcenter12@gmail.com,5148669,4,1,5,,,PASSED,Highly Satisfactory,SDTLPT-23-04A1252,HS
4,4A-0493-22-PIBS-R,4A,"PAGSANJAN MEDICAL CLINIC, INC.","NATIONAL HIGHWAY, SAMPALOC, PAGSANJAN CITY, LAGUNA",LAGUNA,9171063020,"PAULO ENRICO P. BELEN,MD",pmclaboratory01@gmail.com,pmclaboratory01@gmail.com,5149351,0,5,5,,,PASSED,Highly Satisfactory,SDTLPT-23-04A1253,HS
4,4A-1457-22-PIBS-R,4A,LAGUNA DIAGNOSTIC CENTER,"3999 QUEZON AVENUE, STO ANGEL SUR, STA. CRUZ CITY, LAGUNA",LAGUNA,09760280527/(049) 501 0675,"ARISTOTLE PETER T. LEE,MD",ldcsc21@yahoo.com,ldcsc21@yahoo.com,5146654,0,5,5,,,PASSED,Highly Satisfactory,SDTLPT-23-04A1254,HS
4,4A-0527-22-PFSS-R,4A,ST. MICHAEL'S MEDICAL CLINIC & DIAGNOSTIC CENTER,"2ND. FLR. ATDRMAM BLDG. BRGY. UNO, CROSSING, CALAMBA CITY, LAGUNA",LAGUNA,09053726829/(049) 545-0871,"BU C. CASTRO,MD",smmc_calamba@yahoo.com,smmc_calamba@yahoo.com,5149004,0,2,2,,,PASSED,Excellent,SDTLPT-23-04A1255,E
4,4A-0477-22-PIBS-R,4A,MQ DIAGNOSTIC CENTER,"Q PLAZA COMM. CENTER, FELIX AVE., COR. MARCOS HWY., SAN ISIDRO, CAINTA CITY",RIZAL,9266261085,"ANGELIE ERISTELA L. OROPILLA,MD",mq.diagnostics@gmail.com,mq.diagnostics@gmail.com,5149428,0,5,5,,,PASSED,Highly Satisfactory,SDTLPT-23-04A1256,HS
4,4A-0413-22-PIBS-R,4A,HEALTHWEALTH MEDICAL SPECIALIST CO.,"G/F UNIT 106, RETAIL 3 BLOG,SQUARE LANCASTER NEW CITY, ALAPAN II-B, IMUS CITY",CAVITE,9171403534,"DOREEN L. DOTOLLO,MD",Healthwealthmedical@gmail.com,Healthwealthmedical@gmail.com,5149421,1,3,4,,,PASSED,Highly Satisfactory,SDTLPT-23-04A1257,HS
4,4A-0433-22-PFSS-R,4A,JDJ DRUG TESTING CENTER,"B-8 C29 AMAPOLA ST. ANTIPOLO HILLS SUBD. BRGY. SAN LUIS, ANTIPOLO CITY",RIZAL,9232700618,"MAXIMO B. AXIBAL JR.,MD",jdjdrugtestingcenter@yahoo.com.ph,jdjdrugtestingcenter@yahoo.com.ph,5149368,2,3,5,,,PASSED,Highly Satisfactory,SDTLPT-23-04A1258,HS
4,4A-0354-22-PFSS-R,4A,ACCUPROBE DRUG TESTING CENTER,"UNIT 20, 2ND FLR AGUIRRE BLDG. 19 GARCIA ST. BRGY. NUEVA, SAN PEDRO CITY",LAGUNA,9199131604,"JAIME A. BARRON,MD",accuprobedtc@gmail.com,accuprobedtc@gmail.com,5149025,2,2,4,,,PASSED,Highly Satisfactory,SDTLPT-23-04A1259,HS
4,4A-0717-19-PIBS-R,4A,MEDICAL CENTER WESTERN BATANGAS,"NATIONAL HIGHWAY, BRGY. LANATAN, BALAYAN CITY, BATANGAS",BATANGAS,9175516796,"HAIDE C. DALAWAMPU-LOYOLA,MD",mcwb.laboratory@yahoo.com,mcwb.laboratory@yahoo.com,5149275,2,5,7,,,PASSED,Acceptable,SDTLPT-23-04A1260,A
4,4A-0364-22-PIBS-R,4A,BIO-AID DIAGNOSTIC CENTER,"2/F-LABORATORY DEPT., BLOCK 1 LOT 4, FATIMA 1, DBB, DASMARI„AS CITY",CAVITE,9176333238,"CHARLENE G. FABELLA-NARCISO,MD",bioaid.ccnhealthcare@gmail.com,bioaid.ccnhealthcare@gmail.com,5149555,3,3,6,,,PASSED,Acceptable,SDTLPT-23-04A1261,A
4,4A-0526-22-PIBS-R,4A,ST. JOHN OF THE CROSS LABORATORY CLINIC,"252 GEN. LUNA ST. GUITNANGBAYAN II, SAN MATEO CITY, RIZAL",RIZAL,8463-9754,"ANNALIZA T. LIM,MD",sjc.labclinic@gmail.com,sjc.labclinic@gmail.com,5149504,0,5,5,,,PASSED,Highly Satisfactory,SDTLPT-23-04A1262,HS
4,4A-0321-22-PIBS-R,4A,PROVEN CARE DIAG. LAB. AND MEDICAL CLINIC,"3RD FLOOR FAUSTINO BUILDING 149 DON BOSCO ST., MAYAPA, CALAMBA CITY",LAGUNA,09692051892/(049) 544 4862,"MARY ANN O. CABRERA,MD",provencare_diagnostic@yahoo.com.ph,provencare_diagnostic@yahoo.com.ph,5149503,5,2,7,,,PASSED,Acceptable,SDTLPT-23-04A1263,A
4,4A-0481-22-PIBS-R,4A,NCLABS DIAGNOSTIC LABORATORY AND MEDICAL CLINIC,"3RD FLOOR F. ILANO BLDG. 117 NUENO AVE. POBLACION 4D, IMUS CITY, CAVITE",CAVITE,09279242941/09175821757,"DEXTER A. LEDESMA,MD",nclabsnuenoclinicallaboratory@gmail.com,nclabsnuenoclinicallaboratory@gmail.com,5149399,2,0,2,,,PASSED,Excellent,SDTLPT-23-04A1264,E
4,4A-0871-22-PIBS-R,4A,WELLPOINT MEDICAL CLINIC AND DIAGNOSTIC CENTER INC.,"LGF CARPARK BLDG., UNIT  CPO52 & CPO56 A, GOVERNOR'S DRIVE, BRGY. SAMPALOC 1, DASMARI„AS CITY",CAVITE,9605170612,"JOCELYN MYRA R. CAJA,MD",wellpointdasmarinas@yahoo.com,wellpointdasmarinas@yahoo.com,5149478,1,5,6,,,PASSED,Acceptable,SDTLPT-23-04A1265,A
4,4A-1555-22-PIBS-R,4A,QUALIMED HEALTH NETWORK-STA. ROSA,"WEST NATURE AVENUE, NUVALI NORTH, BRGY. STO. DOMINGO, STA. ROSA CITY",LAGUNA,09152257846/09209128057,"ANDREW D. DIMACALI,MD",laboratory.str@gmail.com,laboratory.str@gmail.com,5149459,0,5,5,,,PASSED,Highly Satisfactory,SDTLPT-23-04A1266,HS
4,4A-0346-22-PIBS-R,4A,SAINT PATRICK'S HOSPITAL MEDICAL CENTER,"LOPEZ JAENA ST., (NEAR PLAZA MABINI), BATANGAS CITY, BATANGAS",BATANGAS,9165862269,"ABEGAYLE MACHELLE P. CHUA,MD",sphdtl@yahoo.com,sphdtl@yahoo.com,5150030,2,0,2,,,PASSED,Excellent,SDTLPT-23-04A1267,E
4,4A-1586-22-GIBS-R,4A,ARESCOM INFIRMARY,"CAMP RIEGO DE DIOS, PARADAHAN I, TANZA CITY, CAVITE",CAVITE,09168757940/09665374693,"MA. LINDA E. OROPESA,MD",arescom_medicaldispensary@yahoo.com,arescom_medicaldispensary@yahoo.com,5150014,1,1,2,,,PASSED,Excellent,SDTLPT-23-04A1268,E
4,4A-0897-22-PFSS-R,4A,SSMC SATELLITE HOSPITAL,"LINARES ST., GATEWAY BUSINESS PARK, BRGY. JAVALERA, GENERAL TRIAS CITY",CAVITE,9051872858,"IFTIZAR N. HARON,MD",labssmcgateway@gmail.com,labssmcgateway@gmail.com,5149653,0,5,5,,,PASSED,Highly Satisfactory,SDTLPT-23-04A1269,HS
4,4A-0355-22-PIBS-R,4A,ACCUREMED DIAGNOSTIC CLINIC AND LABORATORY,"BLOCK 34 LOT 12, NARRA, SILANG CITY, CAVITE",CAVITE,09424589574(046) 433-9980,"AZEUS O. SILVA,MD",accuremeddiagnostic@gmail.com,accuremeddiagnostic@gmail.com,5149561,0,0,0,,,PASSED,Excellent,SDTLPT-23-04A1270,E
4,4A-0872-22-PIBS-R,4A,FATIMA UNIVERSITY MEDICAL CENTER ANTIPOLO CORP.,"KM. 23 SUMULONG HIGHWAY BARANGAY, STA. CRUZ, ANTIPOLO CITY, RIZAL",RIZAL,9156994285,"HERBERT G. PASCUAL, MD",laboratoryant@fumc.fatima.edu.ph,laboratoryant@fumc.fatima.edu.ph,5149490,2,0,2,,,PASSED,Excellent,SDTLPT-23-04A1271,E
4,4A-0381-22-PIBS-R,4A,CROSS DRUG TESTING CENTER,"2ND FLOOR CRDM BLDG. CONGRESSIONAL RD., BRGY. GAVINO, MADERAN, GEN. MARIANO ALVAREZ CITY",CAVITE,09667002802/09178866591,"ANNA LIZA L. LEGACION,MD",crossdrugtesting@yahoo.com,crossdrugtesting@yahoo.com,5149680,0,5,5,,,PASSED,Highly Satisfactory,SDTLPT-23-04A1272,HS
4,4A-0352-22-PFSS-R,4A,ABM LABORATORY AND DRUG TEST,"1ST FLOOR ARC PLACE BLDG. #2 SUMULONG DOLORES, TAYTAY CITY, RIZAL",RIZAL,9983254083,"JOHANNA RUBY D. GASCON,MD",donabelmanalo@gmail.com,donabelmanalo@gmail.com,5149241,2,0,2,,,PASSED,Excellent,SDTLPT-23-04A1273,E
4,4A-0374-22-PIBS-R,4A,"CENTER FOR HEALTH SERVICES (CHSI), INC.","B31A L4C BROOKSIDE LANE SAN FRANCISCO, GENERAL  TRIAS CITY, CAVITE",CAVITE,9778550572,"CARLO CHESTER FLOYD L. GO,MD",chsiclinic.cavite@gmail.com,chsiclinic.cavite@gmail.com,5150057,2,5,7,,,PASSED,Acceptable,SDTLPT-23-04A1274,A
4,4A-0502-22-PIBS-R,4A,PMP DIAGNOSTIC CENTER,"#1241 A-1 NATIONAL HIGHWAY, BRGY. DILA, SANTA ROSA CITY, LAGUNA",LAGUNA,9759155091,"RONALD D. CABUDOY,MD",labdeptstarosa@yahoo.com,labdeptstarosa@yahoo.com,5150044,0,1,1,,,PASSED,Excellent,SDTLPT-23-04A1275,E
4,4A-0373-22-GIBS-R,4A,CAVITE NAVAL HOSPITAL DRUG TESTING LABORATORY,"PASCUAL LEDESMA NAVAL STATION, FORT SAN FELIPE, CAVITE CITY",CAVITE,9178482980,"WILFREDO F. SEVILLA,MD",cnhlab.dt@yahoo.com,cnhlab.dt@yahoo.com,5149920,2,4,6,,,PASSED,Acceptable,SDTLPT-23-04A1276,A
4,4A-0425-22-PIBS-R,4A,IMMANUEL DIAGNOSTIC AND DRUG TESTING LABORATORY,"JP. LAUREL ST., DAANG KAWAD BRGY XI, NASUGBU CITY, BATANGAS",BATANGAS,9171228595,"MARITESS TERESITA M. TORIO,MD",immanueldiagnostics@gmail.com,immanueldiagnostics@gmail.com,5149240,0,4,4,,,PASSED,Highly Satisfactory,SDTLPT-23-04A1277,HS
4,4A-1406-22-PIBS-R,4A,"SHECHEM LABORATORY AND POLYMEDICAL CENTER, INC.","2F ISA. INA. IRA BLDG. J.P LAUREL ST. COR. C. ALVAREZ ST., BRGY 3, NASUGBU CITY",BATANGAS,9162650295,"MEMARIBEL P. MARTINEZ,MD",shechemlab.2016@yahoo.com,shechemlab.2016@yahoo.com,5149242,2,3,5,,,PASSED,Highly Satisfactory,SDTLPT-23-04A1278,HS
4,4A-0454-22-PIBS-R,4A,M.V MASANGKAY X-RAY & LABORATORY CLINIC,"174 GENERAL MALVAR AVENUE, POBLACION III, SANTO TOMAS CITY, BATANGAS",BATANGAS,9338134891,"AZEUS O. SILVA,MD",m.vmasangkayclinic@gmail.com,m.vmasangkayclinic@gmail.com,5150709,2,4,6,,,PASSED,Acceptable,SDTLPT-23-04A1279,A
4,4A-0414-22-PIBS-R,4A,"HMICARE, INC.","9179 EMILIO AGUINALDO HIGHWAY, SAMPALOC I, DASMARI„AS CITY, CAVITE",CAVITE,9172777941,"FELIPE S. TEMPLO,MD",emy.borja@hmi.com.ph,emy.borja@hmi.com.ph,5150435,2,5,7,,,PASSED,Acceptable,SDTLPT-23-04A1280,A
4,4A-0371-22-PIBS-R,4A,CALAMBA MEDICAL CENTER DRUG TESTING LABORATORY,"CROSSING, BRGY. REAL, CALAMBA CITY, LAGUNA",LAGUNA,9326691382,"JENNIFER B. TORRES,MD",cmclaboratory01@gmail.com,cmclaboratory01@gmail.com,5150703,1,4,5,,,PASSED,Highly Satisfactory,SDTLPT-23-04A1281,HS
4,4A-0323-22-PFSS-R,4A,"PUREHEALTH DIAGNOSTIC CENTER, INC.","2ND FR. GLO'S BLDG. B4L4 VILLA MARIA SUBD. GSIS ROAD MOLINO 3, BACOOR CITY",CAVITE,99951133470,"MINNIE JANE A. PINEDA,MD",purehealthdiagnostic48@yahoo.com,purehealthdiagnostic48@yahoo.com,5150123,1,2,3,,,PASSED,Highly Satisfactory,SDTLPT-23-04A1282,HS
4,4A-0895-22-PFSS-R,4A,"PUREHEALTH DIAGNOSTIC CENTER, INC.","B1 L17, STERLING MILE, BRGY. SALAWAG, DASMARI„AS CITY, CAVITE",CAVITE,9954843798,"MINNIE JANE A. PINEDA,MD",purehealthsalawag@yahoo.com,purehealthsalawag@yahoo.com,5150122,0,2,2,,,PASSED,Excellent,SDTLPT-23-04A1283,E
4,4A-0428-21-PFIBS-R,4A,SSMC HEALTH INC.,"2ND FR., ANDICO BLDG., GEN. TRIAS DRIVE, TEJEROS CONVENTION, ROSARIO CITY",CAVITE,9352981574,"IFTIZAR N. HARON,MD",hrtnvrlies@yahoo.com,hrtnvrlies@yahoo.com,5150119,1,5,6,,,PASSED,Acceptable,SDTLPT-23-04A1284,A
4,4A-0360-22-PFSS-R,4A,BATANGAS CLINICAL LABORATORY,"32 RAMOS BLDG., D. SILANG ST. BRGY. 19, BATANGAS CITY, BATANGAS",BATANGAS,09175716785/09189228133,"CELSO S. RAMOS,MD",bats_clinicalab@yahoo.com,bats_clinicalab@yahoo.com,5150092,2,0,2,,,PASSED,Excellent,SDTLPT-23-04A1285,E
4,4A-0442-22-PIBS-R,4A,LAGUNA HOLY FAMILY HOSPITAL INC.,"#1824 J. DE LEON ST. BRGY. PAGSAWITAN, STA. CRUZ CITY, LAGUNA",LAGUNA,09159421755/09296662442,"CELSO S. RAMOS,MD",lnfhlaboratory@gmail.com,lnfhlaboratory@gmail.com,5150081,1,0,1,,,PASSED,Excellent,SDTLPT-23-04A1286,E
4,4A-0382-22-PIBS-R,4A,CYGNETMED HEALTH SYSTEM,"UNIT 1 BERON  TRI CENTER NATIONAL HIGHWAY BRGY TAGAPO, SANTA ROSA CITY",LAGUNA,9328512134,"FREDERICK R. LLANERA,MD",drugtestingdept.chs@gmail.com,drugtestingdept.chs@gmail.com,5149995,4,2,6,,,PASSED,Acceptable,SDTLPT-23-04A1287,A
4,4A-1559-22-PIBS-R,4A,UPH-DR. JOSE G. TAMAYO MEDICAL CENTER,"NATIONAL HIGHWAY, STO. NINO, BI„AN CITY, LAGUNA",LAGUNA,09666218169/09617718148,"ALEXANDER C. FLORENTINO,MD",perpslab.07@gmail.com,perpslab.07@gmail.com,5149988,2,2,4,,,PASSED,Highly Satisfactory,SDTLPT-23-04A1288,HS
4,4A-0446-22-PFSS-R,4A,"LAGUNA INDUSTRIAL HEALTH CLINIC, INC.-PACIANO RIZAL CALAMBA BRANCH","LIHCI BLDG NATIONAL ROAD, BRGY. PACIANO RIZAL, CALAMBA CITY, LAGUNA",CAVITE,9760796509,"LEOVIC C. DALMACIO,MD",LAGIND900@yahoo.com,LAGIND900@yahoo.com,5150914,2,4,6,,,PASSED,Acceptable,SDTLPT-23-04A1289,A
4,4A-0304-22-PIBS-R,4A,GLOBALIFE MEDICAL LABORATORY & LABORATORY,"9012 JASMIN ST. DE ROMAN SUBD. DAANG AMAYA, TANZA CITY, CAVITE",CAVITE,9153483286,"FLORECITA LUDIVINA T. SOLIS,MD",globalife_medlab@yahoo.com.ph,globalife_medlab@yahoo.com.ph,5150886,2,2,4,,,PASSED,Highly Satisfactory,SDTLPT-23-04A1290,HS
4,4A-1547-22-PIBS-R,4A,QMMG DIAGNOSTIC CENTER CLINICAL LABORATORY,"MEDICAL PLAZA I, 13 QUEZON AVENUE, BRGY. 1, LUCENA CITY",QUEZON ,09082934763/09214369166,"RAYMUNDO C. SUPENA,MD",mmgdiagnosticlaboratory@yahoo.com,mmgdiagnosticlaboratory@yahoo.com,5150730,4,4,8,,,PASSED,Acceptable,SDTLPT-23-04A1291,A
4,4A-1178-22-PIBS-R,4A,SAN PABLO COLLEGES MEDICAL CENTER,"GROUND FR. CENTRAL BLDG., MAHARLIKA HWY., BRGY. SAN RAFAEL, SAN PABLO CITY",LAGUNA,09672975654/09991635696,"ROSELLA L. MONTANO,MD",spcmc.laboratory@gmail.com,spcmc.laboratory@gmail.com,5150696,2,3,5,,,PASSED,Highly Satisfactory,SDTLPT-23-04A1292,HS
4,4A-0533-22-PIBS-R,4A,THERAMEDICA HEALTH SYSTEMS INC,"B2 L5 BGRY. BANABA, GOV. DRIVE, BULIHAN, SILANG CITY, CAVITE",CAVITE,9610372938,"ROMIL M. AGUIRRE,MD",thera99@yahoo.com,thera99@yahoo.com,5150801,2,5,7,,,PASSED,Acceptable,SDTLPT-23-04A1293,A
4,4A-0329-22-PFSS-R,4A,SARREAL DRUG TESTING CENTER,"188 TOCLONG 2B, IMUS CITY,CAVITE",CAVITE,9292800408,"MONINA C. MONTENEGRO,MD",sarreal_dtc@yahoo.com,sarreal_dtc@yahoo.com,5150685,3,4,7,,,PASSED,Acceptable,SDTLPT-23-04A1294,A
4,4A-0301-22-PFSS-R,4A,BLOODCARE MEDICAL LABORATORY,"2F CONISTRA BLDG., B1 L13 A. MABINI ST., BURGOS RODRIGUEZ CITY, RIZAL",RIZAL,9205584387,"JEFFERSON B. MENDOZA,MD",bloodcare_lab@yahoo.com,bloodcare_lab@yahoo.com,5150889,1,2,3,,,PASSED,Highly Satisfactory,SDTLPT-23-04A1295,HS
4,4A-0443-22-PFSS-R,4A,"LAGUNA INDUSTRIAL HEALTH CLINIC, INC. 
-PULONG STA. CRUZ BRANCH","MERCADO VILLAGE, BRGY. PULONG STA. CRUZ, SANTA ROSA CITY, LAGUNA",LAGUNA,9171741227,"LEOVIC C. DALMACIO,MD",leslieannvonia@gmail.com,leslieannvonia@gmail.com,5150915,1,0,1,,,PASSED,Excellent,SDTLPT-23-04A1296,E
4,4A-1699-22-PFSS-I,4A,GREENGATE MEDICAL AND DIAGNOSTIC CLINIC,"BLOCK 12 LOT 38 PHASE 3, GREENGATE HOMES, BRGY. MALAGASANG II-A, IMUS CITY",CAVITE,09152167028/09278856722,"DEXTER A. LEDESMA,MD",greengatemdc20@yahoo.com,greengatemdc20@yahoo.com,5142812,6,1,7,,,PASSED,Acceptable,SDTLPT-23-04A1297,A
4,4A-0365-22-PIBS-R,4A,CABUYAO MEDICAL CLINIC & PHARMACY,"#083 LIMCAOCO SUBD., BARANGAY 3, CABUYAO CITY, LAGUNA",LAGUNA,9325640648,"ROGELDA G. BONGAT,MD",cabuyao_medicallab@yahoo.com,cabuyao_medicallab@yahoo.com,5143901,0,5,5,,,PASSED,Highly Satisfactory,SDTLPT-23-04A1298,HS
4,4A-1558-22-PIBS-R,4A,E.R. SAN JUAN CLINICAL LABORATORY,"64 RIZAL AVENUE, SAN ISIDRO, TATAY CITY, RIZAL",RIZAL,9338143559,"PAULO ANTONIO E. CLEMENTE,MD",sjlab87@yaahoo.com,sjlab87@yaahoo.com,5145070,0,0,0,,,PASSED,Excellent,SDTLPT-23-04A1299,E
4,4A-1681-22-PIBS-I,4A,NONATO MULTI-SPECIALTY CLINIC AND DIAGNOSTIC CENTER,"TRECE- INDANG RD., BRGY. LUCIANO, TRECE MARTIRES CITY",CAVITE,09367694586/046 4192839,"FLORECITA LUDIVINA T. SOLIS,MD",nonato_lab@yahoo.com,nonato_lab@yahoo.com,5144526,4,1,5,,,PASSED,Highly Satisfactory,SDTLPT-23-04A1300,HS
4,4A-1455-22-PIBS-R,4A,LAGUNA DIAGNOSTIC CENTER & MULTISPECIALTY CLINIC,"NATIONAL HIGHWAY BRGY.1 (POB) CROSSING, CALAMBA CITY LAGUNA",LAGUNA,545-7206,"ANGELIE ERISTELA L. OROPILLA,MD",ldc_diagnostic@yahoo.com,ldc_diagnostic@yahoo.com,5146657,3,5,8,,,PASSED,Acceptable,SDTLPT-23-04A1301,A
4,4A-0116-19-PIBS-R,4A,"LDC DIAGNOSTIC AND MULTISPECIALTY CLINIC, INC",B&G BLDG S. CASTILLO ST. TANAUAN CITY BATANGAS,BATANGAS,9171624181,"EMAR C. CUSTODIO,MD",ldctanauan@gmail.com,ldctanauan@gmail.com,5146655,2,4,6,,,PASSED,Acceptable,SDTLPT-23-04A1302,A
4,4A-0896-22-PIBS-R,4A,AVENTUS MEDICAL CARE INC,"2/F CARVAJAL BUILDING 2 NATIONAL HIGHWAY BALIBAGO, STA. ROSA CITY",LAGUNA,09267460717/ 09051401842,"ARTURO JR. C. LOPEZ,MD",laboratory.starosa@aventusmedical.com.ph,laboratory.starosa@aventusmedical.com.ph,5146350,1,5,6,,,PASSED,Acceptable,SDTLPT-23-04A1303,A
4,4A-0344-22-PIBS-R,4A,AVENTUS MEDICAL CARE INC. CALAMBA,"MARCHI SQ. NATIONAL HIGH WAY PACIANO RIZAL, CALAMBA CITY, LAGUNA ",LAGUNA,09661491110/ 0495081806,"ARTURO JR. C. LOPEZ,MD",laboratory.calamba@aventusmedical.com.ph,laboratory.calamba@aventusmedical.com.ph,5141760,1,5,6,,,PASSED,Acceptable,SDTLPT-23-04A1304,A
4,4A-1405-22-PIBS-R,4A,"PETER PAUL MEDICAL CENTER OF CANDELARIA, INC","REGIDOR ST. BRGY. POBLACION, CANDELARIA, QUEZON",QUEZON ,09260037150/585-4531/09173274578,"PEDRITO Y. TAGAYUNA,MD",ppmcci_lab@yahoo.com,ppmcci_lab@yahoo.com,5147391,2,3,5,,,PASSED,Highly Satisfactory,SDTLPT-23-04A1305,HS
4,4A-0312-22-PIBS-R,4A,MARY MEDIATRIX MEDICAL CENTER,"J.P. LAUREL HIGHWAY,, MATAAS NA LUPA, LIPA CITY, BATANGAS",BATANGAS,09984052175 /773-6800 LOC. 1142,"ROZANI O. NAVARRO,MD",mmmc.dtolab@gmail.com,mmmc.dtolab@gmail.com,5147476,1,5,6,,,PASSED,Acceptable,SDTLPT-23-04A1306,A
4,4A-0532-22-PIBS-R,4A,TAYTAY DOCTORS MULTISPECIALTY HOSPITAL,"6 RIZAL AVE., BRGY. SAN ISIDRO, TAYTAY, RIZAL 1920",RIZAL,09688798992/ 8539-2222/ 09209222722,"SIERRA ROMA S. HERNANDEZ,MD",tdmhlaboratory2012@gmail.com,tdmhlaboratory2012@gmail.com,5147418,2,2,4,,,PASSED,Highly Satisfactory,SDTLPT-23-04A1307,HS
4,4A-0390-22-PIBS-R,4A,"FIRSTCARE MEDICAL SERVICES, INC.","130 CM DELOS REYES ST. MANGGAHAN, GENERAL TRIAS CAVITE",CAVITE,09328976468/ (046) 5200324,"MARY ANN O. CABRERA,MD",fcmed_services@yahoo.com,fcmed_services@yahoo.com,5147414,0,0,0,,,PASSED,Excellent,SDTLPT-23-04A1308,E
4,4A-0389-22-PIBS-R,4A,"FIRSTCARE MEDICAL SERVICES, INC.","UNITS 1&2 IJF BLDG. STA. LUCIA DRIVE COSTA VERDE, ROSARIO, CAVITE",CAVITE,09055679062/ (046) 440-0949/ 09328905305,"MARY ANN O. CABRERA,MD",first_care2@yahoo.com,first_care2@yahoo.com,5147413,1,1,2,,,PASSED,Excellent,SDTLPT-23-04A1309,E
4,4A-0505-22-PIBS-R,4A,PRITZ CLINICAL LABORATORY AND DRUG TESTING CENTER,"#301 SAN RAFAEL ST. BRGY. POBLACION 2, CALACA CITY, BATANGAS",BATANGAS ,09175749743/ 043-741-4143/ 09189342597,"MARITESS TERESITA M. TORIO,MD",pritzcalaca@gmail.com,pritzcalaca@gmail.com,5147935,1,5,6,,,PASSED,Acceptable,SDTLPT-23-04A1310,A
4,4A-0753-21-PFSS-R,4A,BALAYAN MEDICAL CLINIC LABORTORY SERVICES & DRUG TESTING CENTER,"TOLENTINO BLVD., BRGY 10, BALAYAN CITY, BATANGAS",BATANGAS,09758505878/ 09176204143,"MEMARIBEL P. MARTINEZ,MD",balayan_dtc@yahoo.com,balayan_dtc@yahoo.com,5147934,1,2,3,,,PASSED,Highly Satisfactory,SDTLPT-23-04A1311,HS
4,4A-1543-22-PIBS-R,4A,HEALTH EXPERT CLINICAL LABORATORY,"30 E. RODRIGUEZ HI-WAY, SAN JOSE, RODRIGUEZ CITY, RIZAL",RIZAL,09972239/ 89972239,"ROMIL M. AGUIRRE,MD",healthexpertcl@yahoo.com,healthexpertcl@yahoo.com,5147628,2,0,2,,,PASSED,Excellent,SDTLPT-23-04A1312,E
4,4A- 1560-22-PIBS-R,4A,ST. FRANCES CABRINI MEDICAL CENTER INC.,"MAHARLIKA H-WAY, BARANGAY II (POB.), SANTO TOMAS CITY, BATANGAS 4234",BATANGAS,09178203748/ (043) 778-4811,"AIRA LIZA F. DE CHAVEZ,MD",dtcabrini@gmail.com,dtcabrini@gmail.com,5147549,0,5,5,,,PASSED,Highly Satisfactory,SDTLPT-23-04A1313,HS
4,4A-0522-22-PIBS-R,4A,ST. DOMINIC MEDICAL CENTER,"EMILIO AGUINALDO HWY., TALABA IV, BACOOR CITY, CAVITE (IN FRONT OF MCDONALD)",CAVITE,09985994203/ 09190007995,"ROLAN R. DELA ROSA,MD",anasoltes@yahoo.com,anasoltes@yahoo.com,5147250,1,1,2,,,PASSED,Excellent,SDTLPT-23-04A1314,E
4,4A-0363-22-PIBS-R,4A,BINANGONAN LAKEVIEW HOSPITAL INC.,"KM 31 MANILA EAST ROAD,TAGPOS, BINANGONAN CITY, RIZAL",RIZAL,09175311633/85700791/09190016138,"ANAROSE C. ALVARADO,MD",blhlab.dtl@yahoo.com ,blhlab.dtl@yahoo.com ,5157478,3,5,8,,,PASSED,Acceptable,SDTLPT-23-04A1315,A
4,4A-0392-22-PFSS-R,4A,FRNJ DRUG TEST LABORATORY,"UNIT B. 3/F IDI BLDG. KAPT. VICTOR ST. BRGY III, SILANG CITY, CAVITE",CAVITE,09171267840; (046) 4872800,"EMILIANO U. MALUTO,MD",laboratory.drugtest@gmail.com,laboratory.drugtest@gmail.com,5158598,2,3,5,,,PASSED,Highly Satisfactory,SDTLPT-23-04A1316,HS
4,4A-0384-22-PIBS-R,4A,DASMARI„AS CITY MEDICAL CENTER,"2ND FLR LAB DEPT. DASMARI„AS CITY MEDICAL CENTER, BRGY SALAWAG",CAVITE,9158897190,"JOANNE MARIE R. PASCUAL,MD",dcmcsgd@yahoo.com,dcmcsgd@yahoo.com,5147990,1,4,5,,,PASSED,Highly Satisfactory,SDTLPT-23-04A1317,HS
4,4A-1614-22-PIBS-R,4A,HI-CARE DIAGNOSTIC CENTER,"UNIT 207 JC LEONIE BUILDING B1 L3 MAGUYAM ROAD, SILANG CITY, CAVITE",CAVITE,,"DEXTER A. LEDESMA,MD",,,5147986,6,0,6,,,PASSED,Acceptable,SDTLPT-23-04A1318,A
4,4A-0293-22-PFSS-R,4A,ASHER DRUG TESTING LABORATORY,"117 M.L. QUEZON ST., BRGY. SAN ROQUE, ANTIPOLO CITY, RIZAL",RIZAL,9205864072,"FREDERICK R. LLANERA,MD",asher_imaging@yahoo.com,asher_imaging@yahoo.com,5147987,3,1,4,,,PASSED,Highly Satisfactory,SDTLPT-23-04A1319,HS
4,4A-0317-22-PFSS-R,4A,PARA„AQUE ULTRASOUND DIAGNOSTIC CENTER INC.,"379 EMILIO AGUINALDO HIGHWAY TALABA IV, BACOOR CITY, CAVITE",CAVITE,9491619087,"MINNIE JANE A. PINEDA,MD",pudc_bacoor@yahoo.com,pudc_bacoor@yahoo.com,5148072,2,5,7,,,PASSED,Acceptable,SDTLPT-23-04A1320,A
4,4A-0323-22-PFSS-R,4A,"PUREHEALTH DIAGNOSTIC CENTER, INC.","MDSW BLG. 4936 EMILIO AGUINALDO HI-WAY TALABA 4, BACOOR CITY, CAVITE",CAVITE,0464162215; 09167117697,"MINNIE JANE A. PINEDA, MD",purehealthtalab@yahoo.com,purehealthtalab@yahoo.com,5147572,2,4,6,,,PASSED,Acceptable,SDTLPT-23-04A1321,A
4,4A-0525-22-PIBS-R,4A,ST. JAMES HOSPITAL INC,"MARIQUITA PUEBLO, BARANGAY DITA, STA ROSA CITY, LAGUNA", LAGUNA,9338139891,"ANDREW D. DIMACALI, MD",laboratorystjamesinc@gmail.com,laboratorystjamesinc@gmail.com,5147570,1,1,2,,,PASSED,Excellent,SDTLPT-23-04A1322,E
4,4A-0359-22-PFSS-R,4A,ASJ MEDICAL & DIAGNOSTIC CLINIC,"2/F CENTENNIAL BLDG, BRGY. PULO, CABUYAO CITY, LAGUNA", LAGUNA,09236096934/ (049) 5447323,"EXALTACION A. CARINGAL, MD",asjmd_clinic@yahoo.com,asjmd_clinic@yahoo.com,5148017,2,0,2,,,PASSED,Excellent,SDTLPT-23-04A1323,E
4,4A-02531-22- GIBS-R,4A,TANAUAN CITY DRUG TESTING CENTER AND LABORATORY,"CITY HEALTH OFFICE, MAYAPIS ST. B3, TANAUAN CITY, BATANGAS",BATANGAS,09217568466; (043) 778-5790/ 09183437371,"ADEL S. BAUTISTA, MD",tanauancitydrugtesting@yahoo.com,tanauancitydrugtesting@yahoo.com,5159078,3,4,7,,,PASSED,Acceptable,SDTLPT-23-04A1324,A
4,4A-1001-21-PFSS-R,4A,VICKY'S PHARMACY AND MEDICAL SERVICES,"56 B QUEZON AVENUE, BARANGAY 11 (POB.), LUCENA CITY QUEZON 4301",QUEZON,9985578267,"ARNEL G. BAYOTAS, MD","vickysdiagnosticclinic@yahoo.com,","vickysdiagnosticclinic@yahoo.com,",516009,0,5,5,,,PASSED,Highly Satisfactory,SDTLPT-23-04A1325,HS
4,4A-0866-22-PIBS-R ,4A,R.B. LIRIO MEDICAL AND DIAGNOSTIC CLINIC ,"NATIONAL ROAD MAYAPA, CALAMBA CITY, LAGUNA", LAGUNA,09334574735/ 09564712344,"ROGELDA G. BONGAT, MD",rogeldabongat_md@yahoo.com / rblmedical@yahoo.com ,rogeldabongat_md@yahoo.com / rblmedical@yahoo.com ,5160037,0,1,1,,,PASSED,Excellent,SDTLPT-23-04A1326,E
4,4A-1179-22-PIBS-R,4A,TAGAYTAY MEDICAL CENTER INC.,"EMILIO AGUINALDO HIGHWAY, SILANG CROSSING EAST, TAGAYTAY CITY, CAVITE",CAVITE,09319665110; (046) 4131940,"IRMA VERONICA M. GNILO, MD",tmclab@tagaytaymed.com.ph,tmclab@tagaytaymed.com.ph,5160915,1,0,1,,,PASSED,Excellent,SDTLPT-23-04A1327,E
4,4A-1364-22-PIBS-R,4A,MV SANTIAGO MEDICAL CENTER - FCIE BRANCH,"GOV. DRIVE FCIE LANGKAAN II MV SANTIAGO MED. CENTER, DASMARI„AS CITY",CAVITE,09179044323/ (046) 4021302,"MA. CARMEN L. CAGAMPAN, MD",mvsantiagodtl@yahoo.com,mvsantiagodtl@yahoo.com,5160924,4,2,6,,,PASSED,Acceptable,SDTLPT-23-04A1328,A
4,4A-1554-22-PFSS-R,4A,COSTA  MEDICA HEALTHCARE AND DIAGNOSTIC CENTER,"LOT 1 BLK 2 REMIGIO BUILDING COSTA VERDE, ROSARIO CITY, CAVITE",CAVITE,09175914511/ (046) 238-9193,"DEXTER A. LEDESMA, MD",costamedica@yahoo.com,costamedica@yahoo.com,5160921,0,1,1,,,PASSED,Excellent,SDTLPT-23-04A1329,E
4,4A-0534-22-PIBS-R,4A,TIMBAO MEDICAL AND DIAGNOSTIC LAB SERVICES ,"UNIT 3 AYAG ARCADE BRGY TIMBAO, BI„AN CITY, LAGUNA",LAGUNA,09274545765; 09335494562; 09465702000,"AZEUS O. SILVA, MD",tgimedical@yahoo.com,tgimedical@yahoo.com,5160922,1,0,1,,,PASSED,Excellent,SDTLPT-23-04A1330,E
4,4A-0501-22-PIBS-R,4A,"PIONEER ,CLINICAL LABORATORY AND MEDICAL CLINIC INC.","PCLI BLDG NO. 1 P. NOBLE ST. BARANGAY 10, BATANGAS CITY, BATANGAS",BATANGAS,09425683329/09635264675/(043)723-0089,"RAYMUNDO F. FELICIANO, MD",pclmci.laboratory@gmail.com,pclmci.laboratory@gmail.com,5161550,1,0,1,,,PASSED,Excellent,SDTLPT-23-04A1331,E
4,4A-0331-22-PIBS-R,4A,REAL CARE LABORATORY AND MEDICAL CLINIC,"EUNIARC PLAZA 081 TOMAS CLAUDIO BRGY. SAN JUAN, MORONG CITY, RIZAL",RIZAL,954-8336; 09338662321; 9548336,"FREDERICK R. LLANERA, MD",realcarelaboratory@gmail.com,realcarelaboratory@gmail.com,5162013,2,0,2,,,PASSED,Excellent,SDTLPT-23-04A1332,E
4,4A-0316-22-PIBS-R,4A,PAMANA MEDICAL CENTER,"NATIONAL HIGHWAY BRGY. HALANG, CALAMBA CITY, LAGUNA",LAGUNA,09195842595/ (049) 554-9690,"MARLENE S. ONTOG, MD",pamana.laboratory@yahoo.com,pamana.laboratory@yahoo.com,5162126,5,2,7,,,PASSED,Acceptable,SDTLPT-23-04A1333,A
4,4A-0862-22-PIBS-R,4A,GRT DIAGNOSTI C CENTER ,"2F REYES BLDG., RIZAL AVE BRGY. SAN ISIDRO, TAYTAY CITY, RIZAL ",RIZAL,9396467984 / 09152619578/ 82345940,"FREDERICK R. LLANERA, MD",grttaytay30@gmail.com,grttaytay30@gmail.com,5164560,4,0,4,,,PASSED,Highly Satisfactory,SDTLPT-23-04A1334,HS
4,4A-0436-22-PIBS-R,4A,JOSE TORRES MED. LAB. SERVICES AND DIAG. CENTER ,"KM 16 AGUINALDO HI-WAY, PANAPAAN 1, BACOOR CITY, CAVTE",CAVITE,09328470689/ 046-464498,"JOCELYN MYRA R. CAJA, MD",leonardojose99@yahoo.com,leonardojose99@yahoo.com,5164562,2,2,4,,,PASSED,Highly Satisfactory,SDTLPT-23-04A1335,HS
4,4A-0353-22-PIBS-R,4A,ACCUCHRIST DIAGNOSTIC LABORATORY ,"3 SUMULONG ST., MORONG CITY, RIZAL ",RIZAL,026530146/ 09062415180,"FRANCIS F. DEMATERA, MD",lfgeronimo55@yahoo.com/ ffdemateral1014@yahoo.com,lfgeronimo55@yahoo.com/ ffdemateral1014@yahoo.com,5164572,3,0,3,,,PASSED,Highly Satisfactory,SDTLPT-23-04A1336,HS
4,4A-1546-22-PIBS-R,4A,ST. PEREGRINE HEALTHCARE CORPORATION,"G/F J. HUMARANG BLDG., PALANAS, LEMERY CITY, BATANGAS ",BATANGAS,09666031312/ 0917824410,"ROSALINA M. BIIG, MD",grsalazahr@gmail.com / lina1226@yahoo.com,grsalazahr@gmail.com / lina1226@yahoo.com,5164534,1,0,1,,,PASSED,Excellent,SDTLPT-23-04A1337,E
4,4A-0405-22-PIBS-R,4A,"GLOBAL MEDICAL CENTER OF LAGUNA, INC. ","NATIONAL HIGHWAY, BRGY. BANLIC, CABUYAO CITY ",LAGUNA ,09157906078/(049)5544625,"LUIS P. CRUZ, MD",gmcl.laboratorydt@gmail.com,gmcl.laboratorydt@gmail.com,5168614,1,2,3,,,PASSED,Highly Satisfactory,SDTLPT-23-04A1338,HS
4,4A-0870-22-PIBS-R,4A,WELLPOINT MED. CLINIC & DIAGNOSTIC CTR. INC.,"31-32 LGF SM CITY BACOOR, TIRONA COR. AGUINALDO HWAY, HABAY 2, BACOOR CITY ",CAVITE,9298841429,"JOCELYN MYRA R. CAJA, MD",laboratory.wellpoint@yahoo.com,laboratory.wellpoint@yahoo.com,5171163,1,2,3,,,PASSED,Highly Satisfactory,SDTLPT-23-04A1339,HS
4,4A-0508-22-PIBS-R,4A,RAMOS-PARRA MEDICAL ANG DIAGNOSTIC CENTER ,"ILANO COMPOUND CONGRESSIONAL AVE., DASMARI„AS, CAVITE",CAVITE,9976039377,"FLORECITA LUDIVINA T. SOLIS, MD",ramosmedicalclinic@yahoo.com,ramosmedicalclinic@yahoo.com,5170856,1,1,2,,,PASSED,Excellent,SDTLPT-23-04A1340,E
4,4A-0054-23-PIBS-R,4A,SOUTH CITY HOSPITAL AND MEDICAL CENTER ,"115 DAANGHARI RD. MOLINO, BACOOR CITY, CAVITE ",CAVITE,09190750478/4198240/09175359350,"MARLENE S. ONTOG, MD",schmclab@gmail.com,schmclab@gmail.com,5171652,2,4,6,,,PASSED,Acceptable,SDTLPT-23-04A1341,A
4,4A-XXXX-XX-XXXX-X,4A,CML DRUG TESTING CENTER,"80 LRC BLDG., DON P. CAMPOS AVE, ZONE IV, DASMARI„AS CITY, CAVITE",CAVITE,09175489244 / 0465417423,"MARIA TERESA F. MATEO, MD",cmldrugtesting@yahoo.com / happimd@yahoo.com,cmldrugtesting@yahoo.com / happimd@yahoo.com,5178213,0,0,0,,,PASSED,Excellent,SDTLPT-23-04A1342,E
4,4A-0214-23-PFSS*R,4A,DCLC HEALTHCARE DIAGNOSTICS,"TRC PLACE, SUMULONG HIGHWAY, BRGY SAN ISIDRO, CAINTA CITY, RIZAL",RIZAL,8871-7557 / 092567966313,"FREDERICK R. LLANERA, MD",lab@dclc.wsc.ph,lab@dclc.wsc.ph,5178807,0,0,0,,,PASSED,Excellent,SDTLPT-23-04A1343,E
4,4A-1300-23-PIBS-R,4A,"GLOBAL CARE MEDICAL CENTER OF BAY, INC","NATIONAL HI-WAY, BRGY MAITIM, BAY",LAGUNA,09177286023 / 09190717015 / 0495596145,"ALEXANDER C. FLORENTINO, MD",alexflorentinomd@gmail.com / gcmcbaylaboratory@gmail.com,alexflorentinomd@gmail.com / gcmcbaylaboratory@gmail.com,5179466,1,1,2,,,PASSED,Excellent,SDTLPT-23-04A1344,E
4,4A-0383-22-PIBS-R,4A,DANIEL D. MERCADO MEDICAL CENTER,"1 PRESIDENT LAUREL HIGHWAY, TANAUAN CITY, BATANGAS",BATANGAS,778810 LOC 110 / 09668369338,"ROZANI O. NAVARRO, MD",dmmcdt.2021@gmail.com,dmmcdt.2021@gmail.com,5186377,1,0,1,,,PASSED,Excellent,SDTLPT-23-04A1345,E
4,4A-0409-22-PIBS-R,4A,HEALTH CIERGE DIAGNOSTIC CLINIC,"2/F LT BLDG EMILIO AGUINALDO HIGHWAY, SAN AGUSTIN 1, DASMARI„AS CITY",CAVITE,09228834515 / 09165263205,"ERIC M. MIRANDILLA, MD","ericmirandillamd@gmail.com / ncdc.laboratory@gmail,com / healthciergediagnosticclinic@gmail.com","ericmirandillamd@gmail.com / ncdc.laboratory@gmail,com / healthciergediagnosticclinic@gmail.com",5182133,1,2,3,,,PASSED,Highly Satisfactory,SDTLPT-23-04A1346,HS
4,4A-0430-22-PIFFS-R,4A,JAZ FAMILY CLINIC AND DIAGNOSTIC CENTER,"24 M SANTOS ST. BARANGAY SAN ROQUE, ANTIPOLO CITY, RIZAL",RIZAL,09189253901 / 09178401449 / 0270053202,"ROMIL M. AGUIRRE, MD",jasmin_magnotesoro@yahoo.com,jasmin_magnotesoro@yahoo.com,5182148,2,0,2,,,PASSED,Excellent,SDTLPT-23-04A1347,E
4,4A-0180-23-PIBS-R,4A,"BINAKAYAN HOSPITAL AND MEDICAL CENTER, INC","175 COVELANDIA ROAD BRGY BALSAHAN-BISITA BINAKAYAN, KAWIT CITY, CAVITE",CAVITE,9175285266 / 09565232584 / 0465160500,"NEILA D. CEJUDO, MD",neilacejudo@gmail.com / bhmclaboratory@gmail.com,neilacejudo@gmail.com / bhmclaboratory@gmail.com,5182475,2,1,3,,,PASSED,Highly Satisfactory,SDTLPT-23-04A1348,HS
4,4A-1403-22-PFSS-R,4A,OMRI HEALTHCARE CLINICAL LABORATORY,"OMRI LABORATORY, NADRES ST LABAK 1, CANDELARIA CITY, QUEZON",QUEZON,09175585026 / 09175585026 / 042 585 3238,FRANK GERALD PAGDUNZULAN,omri_mtc@yahoo.com,omri_mtc@yahoo.com,5182497,0,0,0,,,PASSED,Excellent,SDTLPT-23-04A1349,E
4,4A-0499-22-PIBS-R,4A,PHIL. GEOTHERMAL PRODUCTION CO. INC. MAK-BAN CLINIC,"RIZAL AVE. BRGY BITIN, BAY, LAGUNA",LAGUNA,797665360 / 09178810173,"FRANCIS S. SUNAGAWA, MD",philippinegeothermalcompanu=y@yahoo.com,philippinegeothermalcompanu=y@yahoo.com,5181938,0,0,0,,,PASSED,Excellent,SDTLPT-23-04A1350,E
4,4A-0030-23-PFSS-RI,4A,CLS DIAGNOSTIC AND MEDICAL CLINIC,"JOHN-MYR APRT. PUROK 5 NEW CANLUBANG VILLAGE, PACIANO RIZAL, CALAMBA CITY",LAGUNA,09175516858 / 09659807604,"AZEUS O. SILVA, MD",azesilvamd@yahoo.com / clsdiagnostic2022@gmail.com,azesilvamd@yahoo.com / clsdiagnostic2022@gmail.com,5184464,0,0,0,,,PASSED,Excellent,SDTLPT-23-04A1351,E
4,4A-0380-22-PINS-R,4A,"CRM CINICAL LAB., DRUG TESTING CENTER AND MED. CLINIC","MARANAN BLDG, GEN MALVAR AVE, POBLACION 4, STO TOMAS CITY",BATANGAS,09175516858 / 04343005800 / 09083204684,"AZEUS O. SILVA, MD",azesilva@yahoo.com.ph / crmcynthia@gmail.com,azesilva@yahoo.com.ph / crmcynthia@gmail.com,5182142,5,1,6,,,PASSED,Acceptable,SDTLPT-23-04A1352,A
4,4A-0215-23-PIBS-R,4A,DOC JITZ FAMILY CLINIC AND LABORATORY FACILITY,"157 M.L. QUEZON AVENUE BRGY. SAN ROQUE, ANTIPOLO CITY, RIZAL",RIZAL,09175250842/09237027340/85703765,"BERNADETTE R. ESPIRITU, MD",bremd2004@yahoo.com / docjitzlaboratory@yahoo.com,bremd2004@yahoo.com / docjitzlaboratory@yahoo.com,519559,0,4,4,,,PASSED,Highly Satisfactory,SDTLPT-23-04A1353,HS
4,4A-1738-23-PFSS-I,4A,MARY IMMACULATE DRUG TESTING AND DIAG. CENTER,"AOS BUILDING, POBLACION 4, STO. TOMAS CITY, BATANGAS",BATANGAS,09209612059/ 09852749392,"AZEUS O. SILVA, MD",maryimmaculate.diagnistic@yahoo.com,maryimmaculate.diagnistic@yahoo.com,5188137,1,0,1,,,PASSED,Excellent,SDTLPT-23-04A1354,E
4,4A-1171-22-PFSS-R,4A,AIZA ROSE DRUG SCREENING LABOARTORY,"2ND FLOOR MARCA'S BLDG. BRGY VILLA NAVA, GUMACA CITY, QUEZON",QUEZON,9154216928,"MARIA LUISSA P. RUIZ, MD",aizarose_dsl@yahoo.com,aizarose_dsl@yahoo.com,5191653,1,1,2,,,PASSED,Excellent,SDTLPT-23-04A1355,E
4,4A-0314-22-PFSS-R,4A,MEDICROSS HEALTHCARE AND DIAGNOSTIC CENTER,"225 SALUD BLDG SAN RAFAEL I, NOVELETA CITY, CAVITE",CAVITE,09053573621/ (046) 4385987/ ,"DOREEN DOTTOLO, MD",medicross.healthcare2020@gmail.com,medicross.healthcare2020@gmail.com,5191757,4,0,4,,,PASSED,Highly Satisfactory,SDTLPT-23-04A1356,HS
4,4A-0491-22-PIBS-R,4A,"OUR LADY OF CASAYSAY MEDICAL CENTER, INC.","V. ILUSTRE AVE., LEMERY CITY, BATANGAS, 4209",BATANGAS,0925-562-6268 / 0961-832-5061,"ARISTOTLE PETER T. LEE, MD",arisleemd@gmail.com / medina.thyrmt@gmail.com / olcmolab@gmail.com,arisleemd@gmail.com / medina.thyrmt@gmail.com / olcmolab@gmail.com,5190938,5,2,7,,,PASSED,Acceptable,SDTLPT-23-04A1357,A
4,4A-0517-PIBS-22-R,4A,"CAVITE EAST ASIA MEDICAL CENTER, INC.","MOLINO ROAD, MOLINO III, BACOOR CITY, CAVITE",CAVITE,435-5345 / 0917-130-0036,"MONINA C. MONTENEGRO, MD",samcimedtech@gmail.com,samcimedtech@gmail.com,5190942,1,2,3,,,PASSED,Highly Satisfactory,SDTLPT-23-04A1358,HS
4,4A-1343-22-PFSS-R,4A,ST. MAGDALENE POLYCLINIC,"IN FRONT OF WALTER MART NATIONAL ROAD, BARANGAY BANLIC, CABUYAO CITY",LAGUNA,0922-481-8567 / 049-534-0745 / 049-534-0745,"MARLENE S. ONTOG, MD",st.magdalenepolyclinic@yahoo.com,st.magdalenepolyclinic@yahoo.com,5190941,1,1,2,,,PASSED,Excellent,SDTLPT-23-04A1359,E
4,4A-0864-22-PFSS-R,4A,NBZ LABORATORY AND DIAGNOSTIC DRUG TESTING CENTER,"2/F, #75 EMILIA BLDG., QUEZON AVE., BRGY. SAN ISIDRO, ANGONO CITY, RIZAL",RIZAL,0917-51-1665 / 0932-620-3727 / (8) 403-06-02,"MA. MYSTICA FLODALYN T. BAUTISTA, MD",nbzlab@gmail.com,nbzlab@gmail.com,5190943,1,0,1,,,PASSED,Excellent,SDTLPT-23-04A1360,E
4,4A-0613-22-PFSS-R,4A,ADSL DRUG SCREENING LABORATRY AND MEDICAL CLINIC,"2/F, JLL BUILDING, BRGY. PAG-ASA, BINANGONAN CITY, RIZAL",RIZAL,0926-735-6956,"ARNULFO A. VALLE, MD",adsl2017@yahoo.com,adsl2017@yahoo.com,5191752,3,2,5,,,PASSED,Highly Satisfactory,SDTLPT-23-04A1361,HS
4,4A-0485-23-PIBS-R,4A,MBLAB MEDICAL AND DIAGNOSTIC CLINIC,"078, SANTIAGO, STO. TOMAS CITY, BATANGAS",BATANGAS,043-726-2879 / 0919-462-3011,"AZEUS O. SILVA, MD",mblab2021@yahoo.com,mblab2021@yahoo.com,5191751,1,0,1,,,PASSED,Excellent,SDTLPT-23-04A1362,E
4,4A-1390-22-PFSS-I,4A,"HRD SPECIALTY CLINIC AND DIAGNOSTIC SERVICES, INC.","250, CON MAMATID, BANLIC, CABUYAO CITY, LAGUNA",LAGUNA,0917-259-3333 / (049) 502-5114,"ARSOELIE ERISTELA L. OROPILLA, MD",hrd-clinic@yahoo.com,hrd-clinic@yahoo.com,5190939,3,0,3,,,PASSED,Highly Satisfactory,SDTLPT-23-04A1363,HS
4,4A-0333-22-PFSS-R,4A,TANAUAN CENTRAL DRUG DRUG TESTING AND DIAG. CENTER,"RM 210 LAST BUSINESS CETER A. MABINI AVE. BRGY 6, TANAUAN CITY, BATANGAS",BATANGAS,09217568466; (043) 778-5790/ 09183437371,"MAY M. MANGUIAT, MD",tanauancitydrugtesting@yahoo.com,tanauancitydrugtesting@yahoo.com,5193069,1,0,1,,,PASSED,Excellent,SDTLPT-23-04A1364,E
4,4A-0187-23-PFSS-R,4A,BIOSECURE MEDICAL AND DIAGNOSTIC CENTER,"JP LAUREL HIGHWAY BUGTONG NA PULO, LIPA CITY, BATANGAS",BATANGAS,09685972203/ 09175516858,"AZEUS O. SILVA, MD",biosecure.center@gmail.com,biosecure.center@gmail.com,5194731,2,0,2,,,PASSED,Excellent,SDTLPT-23-04A1365,E
4,4A-1707-23-PFSS-I,4A,LUCENA UNITED DOCTORS HOSP. AND MEDICAL CENTER,"BRGY. ISABANG, 2ND DIST., LUCENA CITY( BESIDE NATIONAL FOOD AUTHORITY)",QUEZON,9661775194,"CELSO S. RAMOS, MD",ludhmc.sdtl@gmail.com,ludhmc.sdtl@gmail.com,5194868,4,1,5,,,PASSED,Highly Satisfactory,SDTLPT-23-04A1366,HS
4,4A-0328-22-PFSS-R,4A,SSMC HEALTH INC.,"UNIT 14 & 14, 2ND FLR., J. ALCASID BUSINESS CENTER, CROSSING, CALAMBA CITY",LAGUNA,049-3068566; 09178860063,"IFTIZAR N. HARON, MD",ssmc_calamba@yahoo.com,ssmc_calamba@yahoo.com,5196500,1,0,1,,,PASSED,Excellent,SDTLPT-23-04A1367,E
4,4A-1175-22-PIBS-R,4A,FAR DIAGNOSTIC CENTER,"2ND FLR OSCELM BLD.A SORIANO HIGHWAY TIMALAN,CONCEPCION, NAIC CITY",CAVITE,09167450574/443 6359,"DOREEN DOTTOLO, MD",fardiagnostic_2019@gmail.com,fardiagnostic_2019@gmail.com,5196499,0,1,1,,,PASSED,Excellent,SDTLPT-23-04A1368,E
4,4A-1316-22-PIBS-R,4A,NEW SINAI MDI HOSPITAL,"NATIONAL HIGHWAY, TAGAPO, SANTA ROSA CITY, LAGUNA",LAGUNA,09171743513/,"ARTURO C. LOPEZ JR.,",mdilab@yahoo.com,mdilab@yahoo.com,5196498,1,0,1,,,PASSED,Excellent,SDTLPT-23-04A1369,E
4,4A-1176-22-PIBS-R,4A,HEALTHPROBE MEDICAL DIAGNOSTIC CLINIC,"336B ML BUILDING MOLINO ROAD MOLINO III, BACOOR CITY, CAVITE",CAVITE,09178148613/  (046) 5124926,"ARNEL H. AMATA, MD",hpdiagnostic2008@gmail.com,hpdiagnostic2008@gmail.com,5196496,4,2,6,,,PASSED,Acceptable,SDTLPT-23-04A1370,A
4,4A-0424-22-PIBS-R,4A,"HRD SPECIALTY CLINIC AND DIAGNOSTIC SERVICES, INC.","G/F ANNIES PLAZA BLDG., E. AGUINALDO HI-WAY, SAN AGUSTIN, DASMARINAS CITY",CAVITE,99992215883,"AZEUS O. SILVA, MD",jamfigueroa9@gmail.com,jamfigueroa9@gmail.com,5196491,1,5,6,,,PASSED,Acceptable,SDTLPT-23-04A1371,A
4,4A-0520-23-PFSS-R,4A,CHEDRICK LAB. AND DIAG. CENTER- BATANGAS CITY,"M.H DEL PILAR ST., CORNER P. PRIETO ST., BRGY,BATANGAS CITY",BATANGAS,"09989055123, ( 043) 300-0387","MARITES TERESITA M. TORIO, MD",cldcdrugtest@gmail.com,cldcdrugtest@gmail.com,5196468,1,0,1,,,PASSED,Excellent,SDTLPT-23-04A1372,E
4,4A-0867-22-PFSS-R,4A,SILANG MEDICAL LABORATORY DRUGTEST,"152 J. P. RIZAL STREET, POBLACION 2, SILANG CITY, CAVITE",CAVITE,09615399667/ (046) 4130113/ 09178625781,"FELICIDAD M. ROSAL, MD",felirose2003@yahoo.com/ smldrugtest2019@gmail.com,felirose2003@yahoo.com/ smldrugtest2019@gmail.com,5196466,0,2,2,,,PASSED,Excellent,SDTLPT-23-04A1373,E
4,4A-0046-23-PIBS-R,4A,NEW WORLD DIAGNOSTICS INC.,"PETRO CHEMICAL INVEST. CORP. BLDG., TAGAYTAY, NASUGBU RD., MAHARLIKA WEST",CAVITE,9177130542,"PAULO GIOVANNI L. MENDOZA, MD",tagaytay.lab@nwdi.com.ph,tagaytay.lab@nwdi.com.ph,5195970,1,4,5,,,PASSED,Highly Satisfactory,SDTLPT-23-04A1374,HS
4,4A-0853-23-PFSS-I,4A,REALAB MEDICAL AND DIAGNOSTIC CENTER,"213 NATIONAL HIGHWAY BRGY REAL, CALAMBA CITY, LAGUNA",LAGUNA,09084301916/ 09998829848,"RAYMUNDO C. SUPENA, MD",realabmedicalanddiagnostic@gmail.com,realabmedicalanddiagnostic@gmail.com,5199018,1,0,1,,,PASSED,Excellent,SDTLPT-23-04A1375,E
4,4A-0175-23-PIBS-R,4A,AN ARCHY CLINICAL LABORATORY,"NARRA AVENUE BRGY. NARRA, SAN PEDRO CITY, LAGUNA",LAGUNA,09613339080/ 028698163,"VENERACION P. MUNAR, MD",anarchylab05@yahoo.com,anarchylab05@yahoo.com,5199012,4,2,6,,,PASSED,Acceptable,SDTLPT-23-04A1376,A
4,4A-0693-23-PIBS-R,4A,PAREDES MEDICAL CENTER,"PAREDES BUILDING., AGUINALDO HIGHWAY BAYAN LUMA IV, IMUS CITY, CAVITE",CAVITE,09179807434/ (046) 5151890,"FLORECITA T. SOLIS, MD",ppc_lab@yahoo.com,ppc_lab@yahoo.com,5201259,1,2,3,,,PASSED,Highly Satisfactory,SDTLPT-23-04A1377,HS
4,4A-1525-22-PIBS-R,4A,"CLINICA ANTIPOLO HOSPITAL AND WELLNESS CENTER, INC","LOT 4 SEN. LORENZO SUMULONG MEM. CIRCLE, BRGY. DELA PAZ, ANTIPOLO CITY",RIZAL,9269849422,"NOEL C. SANTOS, MD",cahwci.laboratory@gmail.com,cahwci.laboratory@gmail.com,5202889,0,5,5,,,PASSED,Highly Satisfactory,SDTLPT-23-04A1378,HS
4,4A-1509-23-PIBS-R,4A,DCA MEDICAL LABORATORY,"NATIONAL HWY, KUMINTANG ILAYA, BATANGAS CITY, (BESIDE PETRON GAS STATION)",BATANGAS,09171696009 (043) 726-3971,"ALPHA GRACE B. CABIC, MD",dcqmedlab@gmail.com,dcqmedlab@gmail.com,5203260,2,4,6,,,PASSED,Acceptable,SDTLPT-23-04A1379,A
4,4A-1390-23-PIBS-R,4A,ABR MULTISPECIALTY CLINIC DIAGNOSTIC AND PHARMACY,"TAVERA ST., TAVERA(POB.), PAKIL CITY, LAGUNA (NEAR GENERAL CAILLES MEMORIAL DISTRICT HOSPITAL)",LAGUNA ,09228353867/ 03955751649/ 0943-5930254,"RAYMUNDO C. SUPENA, MD",analizaromeo@yahoo.com,analizaromeo@yahoo.com,5203273,1,2,3,,,PASSED,Highly Satisfactory,SDTLPT-23-04A1380,HS
4,4A-1236-23-PIBS-R,4A,YR. ST. MICHAEL MEDICAL HOSPITAL,"220 MOLINO II, BACOOR CITY, CAVITE",CAVITE,09274484771/(046)477-1707,"RONALD C. CABUDOY, MD",,,5204693,1,1,2,,,PASSED,Excellent,SDTLPT-23-04A1381,E
4,4A-0283-23-PFSS-R,4A,PEAKCREST DRUG TESTING AND CLINICAL LABORATORY,"LAGUERTA BLDG., P. TORRES ST. POBLACION II, LIPA CITY, BATANGAS",BATANGAS,09279156769/ 09175516858/ (043) 7818916,"AZEUS O. SILVA, MD",peakcrest.drugtesting@gmail.com,peakcrest.drugtesting@gmail.com,5206391,5,1,6,,,PASSED,Acceptable,SDTLPT-23-04A1382,A
4,4A-0892-22-PFSS-R,4A,FAMOUS CARE MEDICAL CLINIC LAB. & DIAG. CENTER,"9027 A. SORIANO HIGHWAY, BRGY IV, TANZA CITY, CAVITE",CAVITE,09605586652; 09178399766/; (046) 9936,"RONALD C. CABUDOY, MD",famouscare_mcldc@yahoo.com,famouscare_mcldc@yahoo.com,5207669,1,1,2,,,PASSED,Excellent,SDTLPT-23-04A1383,E
4,4A-1775-23-PIBS-R,4A,"DIAGNOSTICS PLUS, INC","GFLEGENDA BUILDING, R. SUMULONG RD., BRGY SAN ROQUE, ANTIPOLO CITY",RIZAL,09190930479/ 09778070256,"ANGELI-JOANA ROBILLOS, MD",labdept.dpi@gmail.com,labdept.dpi@gmail.com,5208065,0,2,2,,,PASSED,Excellent,SDTLPT-23-04A1384,E
4,4A-0263-23-PIBS-R,4A,MD LINK HEALTHCARE INC.,"G/F ROBINSONS PLACE LIPA JP LAUREL HIGHWAY LIPA CITY,  BATANGAS",BATANGAS,092282080357/ 043 7848484,"FRANK GERALD PAGDUNZULAN, MD",mdlinklaboratory2017@gmail.com,mdlinklaboratory2017@gmail.com,5210522,1,0,1,,,PASSED,Excellent,SDTLPT-23-04A1385,E
4,4A-0437-22-PIBS-R,4A,KAISER MEDICAL CENTER INC,"UNIT ANNEX 106 THE CARE BUILDING GF, SM CITY STA. ROSA, STA. ROSA CITY",LAGUNA ,09173169188 / (049) 3081422 / 09166085434,"MA. VICTORIA V. LONTOC, MD",kmcistarosalab@gmail.com,kmcistarosalab@gmail.com,5211732,2,2,4,,,PASSED,Highly Satisfactory,SDTLPT-23-04A1386,HS
4,4A-1078-23-PFSS-R,4A,SHALOM DYNAMIC HEALTH CARE CO.,"THE ONLY PLACE BUSINESS CENTER, BRGY MARAWOY, LIPA CITY, BATANGAS",BATANGAS,09171554869/ (043) 7864732/ 09228742198,"ALPHA GRACE B. CABIC, MD",lipa@shalom.ph,lipa@shalom.ph,5211720,0,1,1,,,PASSED,Excellent,SDTLPT-23-04A1387,E
4,4A-0315-22-PIBS-R ,4A,OKIDOC MEDICAL AND DIAGNOSTIC CENTER ,"173 SAN PIOQUINTO, MALVAR CITY (INFRONT OF MALVAR MUNICIPAL HALL) ",BATANGAS,09619516985/  (043) 7749878,"FRANK GERALD PAGDUNZULAN, MD",okidocmdc@gmail.com,okidocmdc@gmail.com,5211497,5,1,6,,,PASSED,Acceptable,SDTLPT-23-04A1388,A
4,4A-1310-21-PIBS-R,4A,"MEDIKO KAPITOLYO MULTISPECIALTY AND DIAGNOSTIC, INC.","L1-3, B2 MARVILLE SUBD. CIRCUMFERENTIAL ROAD, BRGY. SAN ROQUE (BESIDE YNARES),ANTIPOLO CITY",RIZAL,920786038,"VENERACION P. MUNAR, MD",mkdt2019@medikokapitolyo.com.ph,mkdt2019@medikokapitolyo.com.ph,5212961,1,2,3,,,PASSED,Highly Satisfactory,SDTLPT-23-04A1389,HS
4,4A-0268-23-PIBS-R,4A,METRO ANTIPOLO HOSPITAL AND MEDICAL CENTER INC. ,"1348 MARCOS HIGHWAY BRGY MAYAMOT ANTIPOLO CITY, RIZAL",RIZAL,09190866544/ 7223208 LOC. 1020,"JANETTE S. TOLENTINO, MD","mahmci_labcmt@yahoo,com","mahmci_labcmt@yahoo,com",5214922,0,0,0,,,PASSED,Excellent,SDTLPT-23-04A1390,E
4,4A-1784-23-PIBS-R,4A,ELITE CARE LABORATORY AND DIAGNOSTIC CENTER,"G/F J.E.C BLDG., NATIONAL ROAD BRGY. BANAY-BANAY, CABUYAO CITY",LAGUNA,09279023762/ (049) 5477367/ 09229003755,"FERDINAND B. GALANG, MD",info@elite-mdc.com,info@elite-mdc.com,5215398,1,2,3,,,PASSED,Highly Satisfactory,SDTLPT-23-04A1391,HS
4,4A-0190-23-PIBS-R,4A,BLESCES DIAGNOSTIC LABORATORY - CANDELARIA QUEZON,"RMM BLDG POBLACION, CANDELARIA CITY QUEZON",QUEZON,9072084241,"AZEUS O. SILVA, MD",blesceslabcandelaria@yahoo.com,blesceslabcandelaria@yahoo.com,5215600,1,4,5,,,PASSED,Highly Satisfactory,SDTLPT-23-04A1392,HS
4,4A-1695-21-PFSS-R,4A,BLESCES DIAGNOSTIC LABORATORY - STO TOMAS BATANGAS,"BRGY STA CLARA STO TOMAS, CITY, BATANGAS",BATANGAS,09271740975/ 09175516858,"AZEUS O. SILVA, MD",blescesstaclara@gmail.com,blescesstaclara@gmail.com,5216052,2,3,5,,,PASSED,Highly Satisfactory,SDTLPT-23-04A1393,HS
4,4A-0192-23-PFSS-R,4A,BLESCES DIAGNOSTIC LABORATORY - SAN PABLO LAGUNA,"A. MABINI ST. BRGY V-B, SAN PABLO CITY, LAGUNA",LAGUNA,9772643771,"AZEUS O. SILVA, MD",blescesdiagnosticlab@yahoo.com.ph,blescesdiagnosticlab@yahoo.com.ph,5216053,1,4,5,,,PASSED,Highly Satisfactory,SDTLPT-23-04A1394,HS
4,4A-1695-21-PFSS-I,4A,BLESCES DIAGNOSTIC LABORATORY,"0310 BE UNIT 2, BRGY SAN FELIX, STO TOMAS CITY, BATANGAS",BATANGAS,09271740975/ 09175516858,"AZEUS O. SILVA, MD",blesces.sanfelix@gmail.com,blesces.sanfelix@gmail.com,5216054,3,2,5,,,PASSED,Highly Satisfactory,SDTLPT-23-04A1395,HS
4,4A-0422-23-CL-2,4A,BCA MEDICAL DISTRIBUTION AND DIAGNOSTIC CENTER,"NO. 3525, GEN. MALVAR AVE., BRGY. POBLACION II, STO. TOMAS CITY, BATANGAS",BATANGAS,0932-527-3558 / 0943-139-2368 / (043) 430-5841,"DEXTER A. LEDESMA, MD",dexteraledesema@gmail.com / bcamedicalclinic@gmail.com,dexteraledesema@gmail.com / bcamedicalclinic@gmail.com,5172778,0,4,4,,,PASSED,Highly Satisfactory,SDTLPT-23-04A1396,HS
4,4A-1600-22-PIBS I,4A,"ORTIGAS HOSPITAL & HEALTHCARE CENTER, INC.","KM 21, ORTIGAS AVE. EXT., COR. BROOKSIDE HILLS SUBD., BRGY. SAN ISIDRO, CAINTA CITY",RIZAL,0928-682-0086,"JEANNIE I. ANDRADE, MD",jeanileto@gmail.com / ramdtl.ohhc@gmail.com,jeanileto@gmail.com / ramdtl.ohhc@gmail.com,5173934,1,1,2,,,PASSED,Excellent,SDTLPT-23-04A1397,E
4,4A-1573-22-PIBS-R,4A,THE MEDICAL CITY - CAINTA CLINIC,"2/F ROBINSONS BIG R., STO. DOMINGO, JUNCTION, ORTIGAS AVE., CAINTA CITY",RIZAL,8656-0957,"MELANI H. SIONZON, MD",tmccainta@themedicalcity.com,tmccainta@themedicalcity.com,5173988,3,0,3,,,PASSED,Highly Satisfactory,SDTLPT-23-04A1398,HS
4,4A-0028-23-PFSS-R,4A,"CHERONZELLE DIAG. LAB., XRAY AND MEDICAL CLINIC","290, SAN VICENTE ST., BARANGAY NUEVA, SAN PEDRO CITY, LAGUNA",LAGUNA,8-808-6970 / 8-804-2775 / 0917-548-5428 / 0917-602-2073,"GODOFREDO RAINIER B. MANERA, MD",nalu0504@yahoo.com / cheronzelle_medicalclinic@yahoo.com,nalu0504@yahoo.com / cheronzelle_medicalclinic@yahoo.com,5174910,3,0,3,,,PASSED,Highly Satisfactory,SDTLPT-23-04A1399,HS
4,4A-0366-22-PIBS-R,4A,CALAMBA DOCTORS' HOSPITAL,"KM 49, NATIONAL HIGHWAY, PARIAN, CALAMBA, LAGUNA",LAGUNA,0925-563-6228 / 0915-924-0992,"MARY ANN O. CABRERA, MD",amsi.cdhlaboratory@gmail.com,amsi.cdhlaboratory@gmail.com,5174307,0,1,1,,,PASSED,Excellent,SDTLPT-23-04A1400,E
4,4A-1437-23-PIBS-R,4A,ST. VERONICA CLINICAL LABORATORY AND NEURO PSYCHIATRY TESTING AND EVALUATION CENTER,"43, QUEZON AVE., BRGY. 2, LUCENA CITY, QUEZON",QUEZON,0917-109-0942 / 0951-648-8274 / (042) 363-6324,"MARITESS TERESITA M. TORIO, MD",sallypuertollano@yahoo.com / mtmtpathmd@gmail.com,sallypuertollano@yahoo.com / mtmtpathmd@gmail.com,5175104,0,0,0,,,PASSED,Excellent,SDTLPT-23-04A1401,E
4,4A-1139-22-PIBS-R,4A,ST. ANGELO'S MULTI SPECIALIST AND DIAGNOSTIC CENTER,"#74 M MALVAR ST., SAN VICENTE BI„AN CITY, LAGUNA",LAGUNA,09157316644/ 09561423152/ 09175516858,"AZEUS O. SILVA, MD",st.angelosclinic@yahoo.com,st.angelosclinic@yahoo.com,5160932,2,1,3,,,PASSED,Highly Satisfactory,SDTLPT-23-04A1402,HS
4,4A-0328-23-PFSS-R,4A,HI-PRECISION DIAGNOSTICS - ANTIPOLO,"B1L1 CIRCUMFERENTIAL ROAD BRGY. SAN ROQUE, ANTIPOLO CITY, RIZAL",RIZAL,09176343213/ 09338182037,"MARIA LOURDES P. SANTOS, MD",hpantipolo.lab@hi-precision.com.ph,hpantipolo.lab@hi-precision.com.ph,5221055,0,2,2,,,PASSED,Excellent,SDTLPT-23-04A1403,E
4,4A-0331-23-PFSS-R,4A,HI-PRECISION DIAGNOSTICS - CAINTA,"UNIT 1G, 1H, 1I & 1J, THE GARDENWALK, 0105 FELIX AVE. BRGY. STO. DOMINGO, CAINTA CITY",RIZAL,09176343152/ 83957012 LOC. 1007/ 09209222722,"SIERRA ROMA S. HERNANDEZ, MD",hpcainta.lab@hi-precision.com.ph,hpcainta.lab@hi-precision.com.ph,5221059,1,5,6,,,PASSED,Acceptable,SDTLPT-23-04A1404,A
4,4A-0036-PFSS-R,4A,HI-PRECISION DIAGNOSTICS-TAYTAY BRANCH,"GF UNIT 1-8 & 2ND FR. UNIT 9-10 MANILA EAST ROAD BRGY. DOLORES, TAYTAY CITY",RIZAL,09176344728/ 09688958620,"SIERRA ROMA S. HERNANDEZ, MD",hptaytay.lab@hi-precision.com.ph,hptaytay.lab@hi-precision.com.ph,5221074,2,3,5,,,PASSED,Highly Satisfactory,SDTLPT-23-04A1405,HS
4,4A-0325-23-PFSS-R,4A,HI-PRECISION DIAGNOSTICS - BACOOR BRANCH,"UNIT A, GROUND FLOOR, E.V.Y COMMERCIAL BUILDING, GENERAL EMILIO AGUINALDO HIGHWAY, PANAPAAN IV, BACOOR CITY",CAVITE,09088165716/ 09178227109/ (046) 44-0657,"MONINA C. MONTENEGRO, MD",hpbacoor.lab@hi-precision.com.ph,hpbacoor.lab@hi-precision.com.ph,5221092,0,5,5,,,PASSED,Highly Satisfactory,SDTLPT-23-04A1406,HS
4,4A-0332-23-PIBS-R,4A,HI-PRECISION DIAGNOSTIC PLUS,"NATIONAL ROAD, SAN ROQUE, ROSARIO CITY, BATANGAS",BATANGAS,09338259509/ 09189235098/ (043) 7408824,MARICAR C. HERNANDEZ-CUETO,hprosario.lab@hi-precision.com.ph,hprosario.lab@hi-precision.com.ph,5221093,0,0,0,,,PASSED,Excellent,SDTLPT-23-04A1407,E
4,4A-1194-22-PIBS-R,4A,HI-PRECISION DIAGNOSTICS PLUS - CALAMBA BRANCH,"G/F ANDENSON BLDG. III, NATIONAL HIGHWAY, BRGY. PARIAN, CITY OF CALAMBA",LAGUNA,09285595334/ (049) 5089872,"MONINA C. MONTENEGRO, MD",hpcalamba.lab@hi-precision.com.ph,hpcalamba.lab@hi-precision.com.ph,5221095,1,5,6,,,PASSED,Acceptable,SDTLPT-23-04A1408,A
4,4A-0326-23-PFSS-R,4A,HI-PRECISION DIAGNOSTICS PLUS,"LOT 4A AGUINALDO HIGHWAY PASONG TALA ZONE 4, DASMARI„AS CITY, CAVITE",CAVITE,,"RONALD C. CABUDOY, MD",hppasongtala.lab@hi-precision.com.ph,hppasongtala.lab@hi-precision.com.ph,5221096,0,4,4,,,PASSED,Highly Satisfactory,SDTLPT-23-04A1409,HS
4,4A-0440-22-PIBS-R,4A,LABXPERT MEDICAL AND DIAGNOSTIC CENTER,"J&A BUILDING, BRGY. BULIHAN, MALVAR CITY, BATANGAS",BATANGAS,"09177535104, 09177096551","MARIA ANGELICA B. VALDEZ, MD",labxpertmedical.main@gmail.com,labxpertmedical.main@gmail.com,5206399,2,2,4,,,PASSED,Highly Satisfactory,SDTLPT-23-04A1410,HS
4,4A-0997-23-PFSS-R,4A,LC DIAGNOSTIC CENTER,"230 MERCHAN ST. BRGY IX, LUCENA CITY, QUEZON",QUEZON ,09338111415/ (045) 7106215,"OSCAR D. NG, MD",lcadiente@leadserve@yahoo.com,lcadiente@leadserve@yahoo.com,5219624,5,2,7,,,PASSED,Acceptable,SDTLPT-23-04A1411,A
4,4A-0505-23-PIBS-R,4A,"NEWPORT X-RAY, LABORATORY AND MEDICAL CENTER, INC.","UNIT B & C, CASITA STA. ROSA BLDG., 1669 OLD NATIONAL HIGHWAY, BRGY. OILA, STA. ROSA CITY",LAGUNA,091713009252/ 09258541347,"HORACIO JR. A. SAGUIL, MD",newportxlmc@yahoo.com,newportxlmc@yahoo.com,5218357,1,0,1,,,PASSED,Excellent,SDTLPT-23-04A1412,E
4,4A-1052-23-PIBS-R,4A,"TANZA SPECIALISTS MEDICAL CENTER, INC.","TANZA SPECIALISTS MEDICAL CENTER, BRGY. DAANG AMAYA III, TANZA CITY",CAVITE,09088127782/(046)4847777/09432937679,"SERVILLANO III B. RITUALO, MD",tsmc.dtl@gmail.com,tsmc.dtl@gmail.com,5237200,1,2,3,,,PASSED,Highly Satisfactory,SDTLPT-23-04A1413,HS
4,4A-1163-23-PFSS-R,4A,"SILANG SPECIALISTS MEDICAL CENTER, INC.","SAN VICENTE 2, SILANG CITY, CAVITE",CAVITE,09289744072/ 09175500051,"EUGENE G. ODONO I, MD",ssmc.lab2016@gmail.com,ssmc.lab2016@gmail.com,5237195,1,1,2,,,PASSED,Excellent,SDTLPT-23-04A1414,E
4,4A-0376-22-PIBS-R,4A,CITY OF GENERAL TRIAS DOCTORS MEDICAL CENTER INC.,"GOVERNOR;S DRIVE, BRGY. MANGGAHAN, GENERAL TRIAS CITY, CAVITE",CAVITE,09563026843/ 4162222 LOC. 113,"DOREEN L. DOTOLLO, MD",gentridocslaboratory@yahoo.com,gentridocslaboratory@yahoo.com,5237243,0,4,4,,,PASSED,Highly Satisfactory,SDTLPT-23-04A1415,HS
4,4A-1191-22-PIBS-R,4A,HI-PRECISION DIAGNOSTICS - KAWIT BRANCH,"UNIT 101 VICTORY CENTRAL MALL, CENTENNIAL ROAD, MAGDALO-PUTOL, KAWIT CITY",CAVITE,09176343240/ (046) 4371066/ ,"RONALD D. CABUDOY, MD",hpkawit@hi-precision.com.ph,hpkawit@hi-precision.com.ph,5221097,0,4,4,,,PASSED,Highly Satisfactory,SDTLPT-23-04A1416,HS
4,4A-1776-23-PFSS-R,4A,HI-PRECISION DIAGNOSTICS PLUS - STA. ROSA,"UNIT 01-05, 16-20. G/F LAGUNA CENTRAL BLDG, PASEO OUTLETS, GREENFIELD CITY, TAGYTAY-BALIBAGO RD. CITY OF STA. ROSA",LAGUNA,9338259508,"RONALD D. CABUDOY, MD",hpstarosa.lab@hi-precision.com.ph,hpstarosa.lab@hi-precision.com.ph,5221099,1,4,5,,,PASSED,Highly Satisfactory,SDTLPT-23-04A1417,HS
4,4A-0329-23-PFSS-R,4A,HI-PRECISION DIAGNOSTICS PLUS LIPA BRANCH,"G/F ANFA BUILDING J.M. KATIGBAK ST. MATAAS NA LUPA, LIPA CITY, BATANGAS",BATANGAS,9089165718,"MARICAR H. CUETO, MD",hplipa.lab@hi-precision.com.ph,hplipa.lab@hi-precision.com.ph,5220536,1,5,6,,,PASSED,Acceptable,SDTLPT-23-04A1418,A
4,4A-0981-23-PIBS-I,4A,COMMON CARE MEDICAL CLINIC AND LABORATORY,"PLAZA-S COMMERCIAL CENTER SILANG- TAGAYTAY RD., PURIN KAHOY, SILANG CITY",CAVITE,9228399733,"MARICEL R. RIBO, MD",commoncareputingkahoy2020@gmail.com,commoncareputingkahoy2020@gmail.com,5223099,0,1,1,,,PASSED,Excellent,SDTLPT-23-04A1419,E
4,4A-0386-22-PIBS-R,4A,FAMMED DIAGNOSTIC CENTER,"SITIO 1 NATIONAL ROAD BRGY. BINAN, PAGSANJAN CITY, LAGUNA",LAGUNA,097776007424/ 09998829848,"JENNIFER B. TORRES, MD",fammeddiagnostic@yahoo.com,fammeddiagnostic@yahoo.com,5223097,1,1,2,,,PASSED,Excellent,SDTLPT-23-04A1420,E
4,4A-1298-22-PIBS-R,4A,ST. JOSEPH HEALTHCARE INC ,"2F LIPA CITY COMMERCIAL CENTER A. MABINI ST. CORNER P. TORRES ST., LIPA CITY",BATANGAS,9650633613,"SPENCER S. WATANABE, MD",stjosephlabclinic@gmail.com,stjosephlabclinic@gmail.com,5222897,3,1,4,,,PASSED,Highly Satisfactory,SDTLPT-23-04A1421,HS
4,4A-1595-22-PIBS-I,4A,ST. ELSEWHERE MEDICAL AND DIAGNOSTIC CLINIC ,"UNIT 10 & 11 1ST FR. STA. CECILIA BUSINESS CTR 1, BRGY. PARIAN, CALAMBA CITY",LAGUNA,09761790810/ (049) 543 0838,FRANCIS TENIKAZU ,dtstelsewheremdc@gmail.com,dtstelsewheremdc@gmail.com,5222895,0,1,1,,,PASSED,Excellent,SDTLPT-23-04A1422,E
4,4A-1218-23-PFSS-R,4A,IMMACULATE CLINICAL DIAGNOSTIC LABORATORY,"BRGY. GUMAMELA, BALAYAN CITY, BATANGAS (BESIDE GASOLINE STATION)",BATANGAS,09953649069/ 09165220421,"MARICAR C. HERNANDEZ, MD",immaculatediagnostic@gmail.com,immaculatediagnostic@gmail.com,5222894,2,0,2,,,PASSED,Excellent,SDTLPT-23-04A1423,E
4,4A-0891-22-PIBS-R,4A,ADVENTHEALTH MEDICAL AND DIAGNOSTIC CLINIC,"2ND FLOOR DON ONOFRE BUILDING II SALA, NATIONAL HIGHWAY, CABUYAO CITY",LAGUNA,0926-735-6956/ 5233405,"ROGELDA G. BONGAT, MD",adventhealth.mdc@gmail.com,adventhealth.mdc@gmail.com,5222885,4,2,6,,,PASSED,Acceptable,SDTLPT-23-04A1424,A
4,4A-1476-23-PIBS-R,4A,UNIMED DIAGNOSTIC CENTER CORP. ,"BLOCK 2 LOT 2 METROPOLIS GREENS SUBD. MANGGAHAN, GENERAL TRIAS CITY ",CAVITE,09188078248 / 09512249133 / 09222335058,THOMAS JEFF JR ,unimedca.lab@gmail.com ,unimedca.lab@gmail.com ,5225769,0,1,1,,,PASSED,Excellent,SDTLPT-23-04A1425,E
4,4A-1476-23-PIBS-R,4A,UNIMED DIAGNOSTIC CENTER CORP. ,"99 MAHARLIKA HIGHWAY BRGY. SAN RAFAEL, STO. TOMAS CITY, BATANGAS ",BATANGAS,09399953761 / 09157152851 / 09222335058,THOMAS JEFF JR ,unimeddlabbat@gmail.com ,unimeddlabbat@gmail.com ,5225768,1,1,2,,,PASSED,Excellent,SDTLPT-23-04A1426,E
4,4A-1284-23-GFSS-R,4A,ARMY STATION HOSPITAL,"CAMP GENERAL MATEO CAPINPIN, BRGY. SAMPALOC, TANAY CITY, RIZAL",RIZAL,09171398198/ 091785212378,"HERBERT G. PASCUAL, MD",ccashlaboratory@gmail.com,ccashlaboratory@gmail.com,5225753,1,3,4,,,PASSED,Highly Satisfactory,SDTLPT-23-04A1427,HS
4,4A-0055-23-PIBS-R,4A,MAKILING MEDICAL CLINIC AND DIAGNOSTIC CENTER INC,"LOT 3 BLOCK 3 KM 53 PAN PHILIPPINE HIGHWAY MILAGROSA, CALAMBA CITY",LAGUNA,09065406705/ (02) 3591990,"FLORECITA LUDIVINA T. SOLIS, MD",makilingmed. laboratory@gmail.com,makilingmed. laboratory@gmail.com,5222316,1,3,4,,,PASSED,Highly Satisfactory,SDTLPT-23-04A1428,HS
4,4A-0417-23-PIBS-R,4A,HEALTHMED SPECIALISTS MULTI-SPECIALTY CLINIC AND DIAGNOSTIC CENTER CORP,"G/F MPH BUILDING BRGY. LUCIANO TRECE INDANG ROAD, TRECE MARTIRES CITY",CAVITE,09994107907/ 416-7208,"RONALD D. CABUDOY, MD",healhmedspecialist@gmail.com,healhmedspecialist@gmail.com,5229563,2,3,5,,,PASSED,Highly Satisfactory,SDTLPT-23-04A1429,HS
4,4A-0177-23-PIBS-R,4A,ASSUMPTION SPECIALTY HOSPITAL AND MED. CENTER INC. ,"SUMULONG HIGHWAY BRGY DELA PAZ, ANTIPOLO CITY",RIZAL,09176252958/8248-5500 LOC 119,"VENERACION D. PACIS-MUNAR, MD",dtlab.ashmc@gmail.com,dtlab.ashmc@gmail.com,5229411,0,1,1,,,PASSED,Excellent,SDTLPT-23-04A1430,E
4,4A-0318-23-GIBS-R,4A,BATANGAS MEDICAL CENTER DRUG TESTING LABORATORY,"ROOM 20 2ND FR OPD BLDG BIHI ROAD CAPITOL IE KUMINTANG IBABA, BATANGAS CITY",BATANGAS,09066348653; 0437408307 LOC. 1048,"FRANK GERALD C. PAGDUNZULAN, MD",batmc_dtl@yahoo.com,batmc_dtl@yahoo.com,5229001,0,0,0,,,PASSED,Excellent,SDTLPT-23-04A1431,E
4,4A-1307-22-PIBS-R,4A,SIERRA MAKILING HEALTH CORPORATION,"SIERRA MAKILING BLDG., KM 61 MAHARLIKA HIGHWAY, BRGY. SAN ANTONIO, SANTO TOMAS CITY",BATANGAS,09491430722/ 09456537279/ 043-424-2287,"FERDINAND B. GALANG, MD",sierrahealthdiagnosticcenter@gmail.com,sierrahealthdiagnosticcenter@gmail.com,5228570,2,0,2,,,PASSED,Excellent,SDTLPT-23-04A1432,E
4,4A-1828-23-PIBS-R,4A,JADE MEDICAL & DIAGNOSTIC CENTER,"3RD FLOOR DRQ BLDG., JM LOYOLA ST. BRGY. MADUYA, CARMONA CITY, CAVITE",CAVITE,9989954736,"ALEXANDER C. FLORENTINO, MD",jademd_drugtesting@yahoo.com,jademd_drugtesting@yahoo.com,5228169,0,0,0,,,PASSED,Excellent,SDTLPT-23-04A1433,E
4,4A-XXXX-XX-XXXX-X,4A,FAIRMED INDUSTRIAL N WELLNESS CLINIC CORP (BATANGAS BRANCH),"BAGONG UMAGA BUILDING, JOSE P. LUREL HIGHWAY, BRGY SAN PIOQUINTO, MALVAR CITY, BATANGAS",BATANGAS,09157350489/ 093888882,"JENNIFER B. TORRES, MD",fairmedclinic@gmail.com,fairmedclinic@gmail.com,5231442,4,1,5,,,PASSED,Highly Satisfactory,SDTLPT-23-04A1434,HS
4,4A-1796-23-PIBS-R,4A,STO. DOMINGO DIAGNOSTIC AND MEDICAL CENTER CORP.,"2F RTA BLDG GENERAL TRIAS BRGY.TEJEROS CONVENTION, ROSARIO CITY",CAVITE,09286682525; 09175660306; 0464379463,"MELANIE H. SIONZON, MD",sddmcc.cavite@yahoo.com,sddmcc.cavite@yahoo.com,5230980,1,2,3,,,PASSED,Highly Satisfactory,SDTLPT-23-04A1435,HS
4,4A-0236-23-PIBS-R,4A,GLOBAL CARE MEDICAL CENTER OF CANLUBANG,"J. YULO AVENUE, CANLUBANG, CALAMBA CITY, LAGUNA",LAGUNA,09177286023/ 09209140662,"ALEXANDER C. FLORENTINO, MD",laboratory.gcmcc@gmail.com,laboratory.gcmcc@gmail.com,5232417,4,4,8,,,PASSED,Acceptable,SDTLPT-23-04A1436,A
4,4A-1340-23-PIBS-R,4A,"GLOBAL CARE MEDICAL CENTER OF TALISAY, INC.","MABINI HWY. BRGY. AYA (NEAR ANGEL'S BURGER ALONG THE HIGHWAY), TALISAY CITY",BATANGAS,09985767318/ 778-4888,"ALEXANDER C. FLORENTINO, MD",laboratory.talisay@gmail.com,laboratory.talisay@gmail.com,5234540,2,5,7,,,PASSED,Acceptable,SDTLPT-23-04A1437,A
4,4A-1837-23-PIBS-R,4A,AVENTUS MEDICAL CARE INC.,"ANTLERS SQUARE II, COMMERCIAL SPACE 1 & 2 GF, PASONG LAWIN, BUROL MAIN, DASMARI„AS CITY",CAVITE,09062421604/ 0468943225,"OLGA M. BAUSA, MD",laboratory.cavite@aventusmedical.com.ph,laboratory.cavite@aventusmedical.com.ph,5234259,1,5,6,,,PASSED,Acceptable,SDTLPT-23-04A1438,A
4,4A-1719-23-PFSS-I,4A,BREEZE MEDICAL SERVICES,"UNIT 218 PARK PLACE BLDG., MARCOS HIGHWAY, MAYAMOT, ANTIPOLO CITY",RIZAL,09157623676/ 09189253901/ 87053510,"ROMIL AGUIRRE, MD",breezemedicalservices@gmail.com,breezemedicalservices@gmail.com,5233538,2,3,5,,,PASSED,Highly Satisfactory,SDTLPT-23-04A1439,HS
4,4A-0448-22-PIBS-R,4A,LIVING MYTH INDUSTRIAL CLINIC,"2ND FLOOR SAMSIN BUSINESS CENTER, CABUYAO CITY, LAGUNA",LAGUNA,09206311130/ 09924943247,"DEXTER A. LEDESMA, MD",mars_reso2003@yahoo.com,mars_reso2003@yahoo.com,5236186,2,0,2,,,PASSED,Excellent,SDTLPT-23-04A1440,E
4,4A-0377-22-PIBS-R,4A,CLINICA LAGUNA MULTISPECIALTY CENTER AND DIAG. INC,"1F UNIT 108, PARIAN COMMERCE CENTER, BRGY. PARIAN, CALAMBA CITY",LAGUNA,09178136647/ 09175485428,"GODOFREDO RAINIER B. MANERA, MD",clinicalagunaparian2021@gmail.com,clinicalagunaparian2021@gmail.com,5236181,4,0,4,,,PASSED,Highly Satisfactory,SDTLPT-23-04A1441,HS
4,4A-XXXX-XX-XXXX-X,4A,PRIMOTECH DRUG TESTING CENTER,"DOOR 1 #6 J. BUENVIAJE ST., ( PRIMOTECH DRUG TESTING CENTER), CAINTA CITY",RIZAL,09311218228/ (02) 87228001,"CARL CHESTER FLOYD L. GO, MD",primotech.dtl@gmail.com,primotech.dtl@gmail.com,5237004,3,3,6,,,PASSED,Acceptable,SDTLPT-23-04A1442,A
4,4A-0042-23-PFSS-R,4A,LABSERVE DIAGNOSTIC CENTER,"G/F SCBC BLDG. RIZAL AVENUE BRGY. SAN JUAN, TAYTAY CITY, RIZAL",RIZAL,09175585248/ 0283562415/ 09175250842,"BERNADETTE R. ESPIRITU, MD",labservedc@gmail.com,labservedc@gmail.com,5236475,3,5,8,,,PASSED,Acceptable,SDTLPT-23-04A1443,A
4,4A-1750-23-PIBS-R,4A,MTLAB MEDICAL AND INDUSTRIAL CLINIC,"2ND. FLOOR FCR BLDG. 328 AGUINALDO HIGHWAY, SALITRAN 1, DASMARINAS CITY",CAVITE,09333907278/ (046) 8879895,"FLORECITA LUDIVINA T. SOLIS, MD",mtlabmedical@yahoo.com,mtlabmedical@yahoo.com,5234195,1,1,2,,,PASSED,Excellent,SDTLPT-23-04A1444,E
4,4A-1618-23-PIBS-R,4A,BATANGAS HEALTHCARE SPECIALISTS' MEDICAL CENTER DRUG TESTING LABORATORY,"DIVERSION ROAD ALANGILAN, BATANGAS CITY, BATANGAS (LAB DEPT)",BATANGAS,09167674575/(043) 741-1888,"FRANK GERALD C. PAGDUNZULAN, MD",drugtestlab.bhsmc@gmail.com,drugtestlab.bhsmc@gmail.com,5235516,0,1,1,,,PASSED,Excellent,SDTLPT-23-04A1445,E
4,4A-0058-23-PFSS-R,4A,STDHMC MEDICAL AND DIAGNOSTIC CENTER,"LOT 1 BLK 2E SAN BARTOLOME RD., BRGY. SAN MIGUEL, STO. TOMAS CITY",BATANGAS,09173253534/ 09328510256,"FRANK GERALD C. PAGDUNZULAN, MD",drugtest.stotomasdoctors@gmail.com,drugtest.stotomasdoctors@gmail.com,5235533,2,2,4,,,PASSED,Highly Satisfactory,SDTLPT-23-04A1446,HS
4,4A-0596-21-PIBS-R,4A,BALIBAGO POLYCLINIC AND HOSPITAL DRUG TESTING LAB,"PROVINCIAL ROAD, BALIBAGO, STO. ROSA CITY, LAGUNA",LAGUNA,09171450518/ 0495341591,"AMELIA C. FIBRA, MD",bphdtl1996@gmail.com,bphdtl1996@gmail.com,5235541,1,3,4,,,PASSED,Highly Satisfactory,SDTLPT-23-04A1447,HS
4,4A-0029-23-PFSS-R,4A,CLINICA LAGUNA MULTISPECIALTY CENTER AND DIAG. INC,"1194 120 ANNITO BLDG., NATIONAL RD, BRGY. SALA, CABUYAO CITY, LAGUNA",LAGUNA,91712011293,"GODOFREDO RAINIER B. MANERA, MD",clinicacabuyao.lab@gmail.com,clinicacabuyao.lab@gmail.com,5236114,2,1,3,,,PASSED,Highly Satisfactory,SDTLPT-23-04A1448,HS
4,4A-0294-23-PIBS-R,4A,SAINTS BRIGIT AND ROCH MED. LAB AND BIRTHING CENTER ,"UNIT 2B-5 ONE SANTA ROSA PRIME NATIONAL HIGHWAY, BRGY. DILA, STA. ROSA CITY (LANDMARK; CALTEX GAS STATION) ",LAGUNA,0920695411/ 09321213311,"GABRIEL J.CRUZ, MD",sbrmedicallab@gmail.com ,sbrmedicallab@gmail.com ,5235916,2,4,6,,,PASSED,Acceptable,SDTLPT-23-04A1449,A
4,4A-1424-23-PIBS-R,4A,ADMC PHARMACY AND DIAGNOSTIC CORPORATION,"J. DE LEON ST., PAGSAWITAN, STA. CRUZ CITY, LAGUNA",LAGUNA,09631751378/ 09177907282,"IMELDA MARIE F. PALACOL, MD",admc_97@yahoo.com,admc_97@yahoo.com,5242503,3,5,8,,,PASSED,Acceptable,SDTLPT-23-04A1450,A
4,4A-0294-23-PIBS-R,4A,KAIROSMED DIAGNOSTIC CENTER,"121 DON PLACID CAMPOS, 2/F  UNIT I AGRICULTURAL BANK BLDG., DASMARI„AS CITY",CAVITE,09778418256/ 092760481128,"CRYL KIM NEE E. EVANGELISTA, MD",kairosmeddiagnostic@gmail.com,kairosmeddiagnostic@gmail.com,5239548,2,1,3,,,PASSED,Highly Satisfactory,SDTLPT-23-04A1451,HS
4,4A-1534-23-PFSS-R,4A,MC CLINICAL LABORATORY AND POLYCLINIC CORPORATION,"GOVERNOR RODRIGUEZ ST., POBLACION 4, SARIAYA CITY, QUEZON",QUEZON ,09619983289/ 09171826742,"MARIA LUISA ROSPI P. CRUZ, MD",opicruz@gmail.com,opicruz@gmail.com,5243606,4,3,7,,,PASSED,Acceptable,SDTLPT-23-04A1452,A
4,4A-0327-22-PFSS-R,4A,SSMC HEALTH INC ,"OLD NATIONAL HIGHWAY, BALIBAGO, SANTA ROSA CITY, LAGUNA",LAGUNA,049-3068566; 09178860063,"IFTIZAR N. HARON, MD",geneta_48@yahoo.com.ph,geneta_48@yahoo.com.ph,5283199,0,1,1,,,PASSED,Excellent,SDTLPT-23-04A1453,E
4,4A-1760-20-PIBS-I,4A,R.S. PUNZALAN MULTISPECIALTY AND DIAGNOSTIC CLINIC,"PUROK 1, BARANGAY SAN AGUSTIN, TRECE MARTIRES CITY, CAVITE",CAVITE,9175972936,"DOREEN L. DOTOLLO, MD",rspunzalan081015@gmail.com,rspunzalan081015@gmail.com,5299093,0,4,4,,,PASSED,Highly Satisfactory,SDTLPT-23-04A1454,HS
4,4A-0494-22-PFSS-R,4A,PANAPAAN LABORATORY & DIAGNOSTIC CENTER ,"UNIT B, MCG BUILDING, AGUINALDO HI-WAY, PANAPAAN 4, BACOOR CITY, CAVITE",CAVITE,9265795581,"JOHN ARNEL H. AMATA, MD",panapaan.lab@yahoo.com,panapaan.lab@yahoo.com,5301364,2,1,3,,,PASSED,Highly Satisfactory,SDTLPT-23-04A1455,HS
4,4A-0538-22-PIBS-R,4A,WELLZONE DIAGNOSTICS  & SPECIALTY CLINIC CO.,"A. BONIFACIO STREET, BARANGAY BAGONG SIKAT, LEMERY CITY, BATANGAS",BATANGAS,9654006524,"AZEUS O. SILVA, MD",wellzone_angels@yahoo.com,wellzone_angels@yahoo.com,5300315,2,2,4,,,PASSED,Highly Satisfactory,SDTLPT-23-04A1456,HS
5,4B-0551-22-GIBS-R,4B,PUERTO GALERA MUNICIPAL HEALTH LABORATORY,"PUERTO GALERA HOSPITAL, POBLACION, PUERTO GALERA CITY",ORIENTAL MINDORO,9086556519; 09166085434,"MARIA VICTORIA V. LONTOC,MD",pghlaboratory@gmail.com,pghlaboratory@gmail.com,5152346,0,4,4,,,PASSED,Highly Satisfactory,SDTLPT-23-04B1457,HS
5,4B-0468-22-PFSS-R,4B,LIFESAVER'S DRUGTESTING CENTER,"ANNEX 9 CIRCON BLDG. CMPD. VALENCIA ST., BRGY. MASIKAP, PUERTO PRINCESA CITY",PALAWAN,9752685916,"PERLA E. PALAO,MD",lifesavers.drugtest@yahoo.com,lifesavers.drugtest@yahoo.com,5152850,2,1,3,,,PASSED,Highly Satisfactory,SDTLPT-23-04B1458,HS
5,4B-0555-22-PIBS-R,4B,SALCEDO MEDICAL SURGICAL CLINIC AND LABORATORY,"P. BURGOS ST., BRGY. PAG-ASA, SAN JOSE CITY, OCCIDENTAL MINDORO",OCCIDENTAL MINDORO,09957262641/09399106778,"MELVIN JUDE G. KATAPANG,MD",salcedomedicalclinic@gmail.com,salcedomedicalclinic@gmail.com,5155507,4,1,5,,,PASSED,Highly Satisfactory,SDTLPT-23-04B1459,HS
5,4B-0540-22-PFSS-R,4B,CABLE TOW DRUG TESTING CENTER,"ESM BUILDING VALENCIA STREET BRGY. MASIKAP, PUERTO PRINCESA CITY",PALAWAN,9065593099,"PERLA E. PALAO,MD",flogats@yahoo.com,flogats@yahoo.com,5149380,3,3,6,,,PASSED,Acceptable,SDTLPT-23-04B1460,A
5,4B-0541-22-PFSS-R,4B,CLINICA PALAO DRUG TESTING LABORATORY,"29CC JIG BLDG-MALVAR STREET, BRGY MANDARAGAT, PUERTO PRINCESA CITY",PALAWAN,9175522056,"PERLA E. PALAO,MD",ela0929@gmail.com,ela0929@gmail.com,5146225,3,1,4,,,PASSED,Highly Satisfactory,SDTLPT-23-04B1461,HS
5,4B-0545-22-PIBS-R,4B,LUNA GOCO MEDICAL CENTER,"PATHO. DEPT.,LUNA GOCO MED. CENTER,JP.RIZAL ST.,BRGY. LALUD., CALAPAN CITY",ORIENTAL MINDORO,9190979152,"MARIA LOURDES L. GOCO,MD",lgmcpathology@gmail.com,lgmcpathology@gmail.com,5158597,2,4,6,,,PASSED,Acceptable,SDTLPT-23-04B1462,A
5,4B-0544-22-PIBS-R,4B,LBR CLINICAL LABORATORY AND MEDICAL SERVICES,"J.P. RIZAL ST., CAMILMIL, CALAPAN CITY, ORIENTAL MINDORO",ORIENTAL MINDORO,09175281894; (043) 2887994; 09176561734,"JONATHAN Q. LEVISTE,MD",lbr_clinicalab@yahoo.com,lbr_clinicalab@yahoo.com,5157017,2,4,6,,,PASSED,Acceptable,SDTLPT-23-04B1463,A
5,4B-0542-22-PIBS-R,4B,DR CONRADO G MEDINA MEM. MED. CLINIC AND LAB.,"3RD FLOOR, GEMPES BLDG., J.P. RIZAL ST., SAN VICENTE EAST, CALAPAN CITY",ORIENTAL MINDORO,043 -288-97-87 / 0917-663-7048,"RICHARD C. MEDINA, MD",dcgm_mmc@yahoo.com,dcgm_mmc@yahoo.com,5161560,1,0,1,,,PASSED,Excellent,SDTLPT-23-04B1464,E
5,4B-1377-22-PIBS-R,4B,ODIONGAN DIAGNOSTIC CENTER,"M. FORMILLEZA, BRGY LIWAYWAY, ODIONGAN CITY, ROMBLON",ROMBLON,09687503250 / 0087189475 / 09655564157 / 0425673150,"RUDOLPH D. ABIBA, MD",dr_dolph@yahoo.com / odclab98@gmail.com,dr_dolph@yahoo.com / odclab98@gmail.com,5182499,0,1,1,,,PASSED,Excellent,SDTLPT-23-04B1465,E
5,4B-0352-23-PFSS-R,4B,LAGRISOLA DRUG TESTING CENTER,"ARCON BLDG, VALENCA ST BRGY MASIKAP, PUERTO PRINSESA CITY, PALAWAN",PALAWAN,09338212726 / 09614391282,"MIRIAN D. VITERBO, MD",docmirianviterbo@gmail.com / ,docmirianviterbo@gmail.com / ,5180586,3,2,5,,,PASSED,Highly Satisfactory,SDTLPT-23-04B1466,HS
5,4B-1656-23-GIBS-R,4B,CULION SANITARIUM AND GEN. HOSP. DRUG TESTING LAB.,"ROBERT ST., TIZA LIBIS, CULION CITY, PALAWAN 5315",PALAWAN,09153162844/ 09176309285,"KAREN O. BONGAS, MD",culsanlab@gmail.com,culsanlab@gmail.com,5190922,2,0,2,,,PASSED,Excellent,SDTLPT-23-04B1467,E
5,4B-1027-23-PIBS-R,4B,PUERTO GALERA URGENT CARE CLINIC AND DIAG. CENTER,"LA BRISA COMPOUND, HONDURA, POBLACION, PUERTO GALERA",ORIENTAL MINDORO,0917-506-5195 / 0995-317-5404,"ARMIDA C. EVANGELISTA, MD",pgurgentcare@gmail.com,pgurgentcare@gmail.com,5191755,0,1,1,,,PASSED,Excellent,SDTLPT-23-04B1468,E
5,4B-1071-23-PIBS-R,4B,MEDICAL MISSION GROUP HOSP. MULTIPURPOSE COOP. OF ORIENTAL MINDORO,"JP RIZAL ST., BRGY TAWIRAN, CALAPAN CITY",ORIENTAL MINDORO,09331790922/ (043) 2882275,"JONATHAN Q. LEVISTE, MD",labdept@yahoo.com,labdept@yahoo.com,5199020,1,2,3,,,PASSED,Highly Satisfactory,SDTLPT-23-04B1469,HS
5,4B-0539-22-PIBS-R ,4B,ADVENTIST HOSP. PALAWAN DRUG TESTING LABORATORY ,"JUNCTION 3, NATIONAL HIGHWAY SAN PEDRO, PUERTO PRINCESA CITY",PALAWAN,09153384607/ 048-433127 LOC. 121,"FREDERICK F. DALINGDING, MD",ahp.dtl@gmail.com,ahp.dtl@gmail.com,5206399,1,5,6,,,PASSED,Acceptable,SDTLPT-23-04B1470,A
5,4B-0941-21-PIBS-R,4B,MARIA ESTRELLA GENERAL HOSPITAL INC.,"J.P. RIZAL ST. TAWIRAN CALAPAN CITY ORIENTAL MINDORO, 5200, CALAPAN CITY",ORIENTAL MINDORO,09089926508/(043) 286 7386/(043) 286 7388,"JONATHAN Q. LEVISTE, MD",dianahdelmundo@yahoo.com,dianahdelmundo@yahoo.com,5208795,1,1,2,,,PASSED,Excellent,SDTLPT-23-04B1471,E
5,4B-0549-22-PIBS-R,4B,PALAWAN MEDICAL CITY SDTL,"EASTVILLE CITYWALK, BRGY SAN PEDRO, PUERTO PRINCESA CITY, PALAWAN",PALAWAN,9171440417 (048) 434 1617,"MIRIAN N. DE NUVAL, MD",nieljadeborro@gmail.com,nieljadeborro@gmail.com,5207569,0,0,0,,,PASSED,Excellent,SDTLPT-23-04B1472,E
5,4B-1167-23-PIBS-S,4B,MINDORO OCCIDENTAL MED MISSION GROUP HEALTH SERVICE COOPERATIVE,"G/F BALMES BUILDING, DIEGO SILANG STREET, BRGY. 5, SAN JOSE",OCCIDENTAL MINDORO,09668997882/(043)342-1031/09209739859,"MARICEL R. RIBO, MD",mommghsc@yahoo.com,mommghsc@yahoo.com,5219320,1,0,1,,,PASSED,Excellent,SDTLPT-23-04B1473,E
5,4B-1396-23-PIBS-R,4B,"RTN FOUNDATION, INC. HOSPITAL","NICKEL AVENUE, RIO TUBA, BATARAZA CITY, PALAWAN",PALAWAN,9176681594,"PERLA E. PALAO, MD",rtnfilab07c@gmail.com,rtnfilab07c@gmail.com,5226463,0,2,2,,,PASSED,Excellent,SDTLPT-23-04B1474,E
5,4B-1064-23-PIBS-R,4B,HOLY INFANT JESUS MEDICAL AND DIAGNOSTIC CLINIC ,"D. REYES ST., SAN MIGUEL, BOAC CITY, MARINDUQUE",MARINDUQUE,423321741,"EDGARDO J. MARQUEZ, MD",hijmdc_beac@yahoo.com,hijmdc_beac@yahoo.com,5231299,0,1,1,,,PASSED,Excellent,SDTLPT-23-04B1475,E
1,01-1125-23-PIBS-R,1,LORMA MEDICAL CENTER,"NATIONAL HIGHWAY BRGY CARLATAN, SAN FERNANDO CITY",LA UNION,09178326871/(072) 7000-0000,"JERILYN L. DULAY, MD",lorma.laboratory@yahoo.com,lorma.laboratory@yahoo.com,5243609,1,3,4,,,PASSED,Highly Satisfactory,SDTLPT-23-011476,HS
1,01-0698-23-PIBS-R,1,CHRIST-BEARER CLINICAL LABORATORY,"BRGY. CABATLING (INFRONT OF MALISIQLY MUNICIPAL HOSPITAL), MALASIQUI CITY",PANGASINAN,09230909635/09253653213,"IKE MANUEL G. FLORES, MD",christbearerclinicallaboratory@gmail.com,christbearerclinicallaboratory@gmail.com,5236184,0,0,0,,,PASSED,Excellent,SDTLPT-23-011477,E
3,03-0666-23-PFSS-R,3,HI-PRECISION DIAGNOSTIC CENTER INC.-SAN JOSE DEL MONTE BULACAN,"AMIHAN MEDICAL VENTURE INC. OF HI PRECISION, UNIT 1-6 G/F, JC UMEREZ PRIME HOLDINGS CORP. (JUMP CORP. BLDG II) LOT 31 &33 PECSON VILLE SUBD. QUIRINO HIGHWAY,TUNGKONG MANGGA, CITY OF SAN JOSE DEL MONTE",BULACAN,9209773474,"GRIG D. MISIONA, MD",hpsjdm.lab@hi-precision.com.ph,hpsjdm.lab@hi-precision.com.ph,5220546,2,1,3,,,PASSED,Highly Satisfactory,SDTLPT-23-031478,HS
3,03-XXXX-XX-XXXX-X,3,NEW WORLD DIAGNOSTICS- STA. MARIA BULACAN BRANCH,"F. SANTIAGO ST., CORNER C.M. DE JESUS ST., BRGY. POBLACION, STA, MARIA CITY",BULACAN,9603081216,"PAULO GIOVANNI L. MENDOZA, MD",customerservice@nwdi.com.ph,customerservice@nwdi.com.ph,5224607,0,5,5,,,PASSED,Highly Satisfactory,SDTLPT-23-031479,HS
3,03-0344-23-PIBS-R,3,LSG DIAGNOSTIC LABORATORY AND X-RAY CLINIC,"#7 MACABULOS ST. POBLACION, FLORIDABLANCA CITY",PAMPANGA,09158816422/ (045) 970-0775,"JOSEPHINE L. CHUA, MD",lsglaboratory2019@yahoo.com,lsglaboratory2019@yahoo.com,5223094,2,1,3,,,PASSED,Highly Satisfactory,SDTLPT-23-031480,HS
3,03-0853-21-PIBS-R,3,MONTE ZION DIAGNOSTIC AND MEDICAL CENTER CORPORATION,"UNIT 1-A LOT 4, GREENWOODS PARK, RIZAL AVE. CBD AREA, SUBIC BAY FREEPORT ZONE, OLONGAPO CITY",ZAMBALES,4639209694044/ (047) 3069029,"RONALD D. CABUDOY, MD",sales.monteziondiagnostic@gmail.com,sales.monteziondiagnostic@gmail.com,5228177,2,3,5,,,PASSED,Highly Satisfactory,SDTLPT-23-031481,HS
3,03-0173-23-PFSS-R,3,BALAGTAS POLYCARE CLINIC & DIAGNOSTIC CENTER,"BOROL 1ST (IN FRONT OF ST. LAWRENCE ACADEMY), BALAGTAS CITY",BULACAN,09182105887/0443082279/09175065195,"EVANGELISTA C. ARMIDA, MD",blgtaspolycare@gmail.com,blgtaspolycare@gmail.com,5227662,2,2,4,,,PASSED,Highly Satisfactory,SDTLPT-23-031482,HS
3,03-1646-22-PIBS-R,3,I.P DIAGNOSTIC LABORATORY,"MAHARLIKA HIGHWAY, DISTRICT 2, SAN JOSE CITY",NUEVA ECIJA,9223633663,"EMEDITA L. REYES, MD",ipdiagnosticlaboratory@gmail.com,ipdiagnosticlaboratory@gmail.com,5226077,0,6,6,,,PASSED,Acceptable,SDTLPT-23-031483,A
3,03-1343-19-PFSS-R,3,ACCUPROF LABORATORY AND DIAGNOSTIC CENTER,"QUIMSON ST. CORNER MABINI ST. (BESIDE PJG HOSPITAL), CABANATUAN CITY",NUEVA ECIJA,09279442014/ 0908880125,"EMEDITA L. REYES, MD",accuprof@gmail.com,accuprof@gmail.com,5231441,0,3,3,,,PASSED,Highly Satisfactory,SDTLPT-23-031484,HS
3,03-1591-22-PIBS-R,3,WESLEYAN UNIVERSITY PHILIPPINES- HOSPITAL,"TANDANG SORA ST., MABINI EXTENSION, CABANATUAN CITY (GROUND FLOOR)",NUEVA ECIJA,09519539848/ (044) 9409859 LOC. 110,"GONZALO B. ROMAN, MD",wesleyanhospital.bb@gmail.com,wesleyanhospital.bb@gmail.com,5237001,0,0,0,,,PASSED,Excellent,SDTLPT-23-031485,E
3,03-0191-23-PFSS-R,3,BIO-SCREEN DRUG TESTING CENTER,"2F ST AGATHA SQUARE POBLACION, GUIGUINTO CITY",BULACAN,09912376275/ (044) 812 2971,"AVELINO A. ALOMESEN, MD",bioscreen.dtc@gmail.com,bioscreen.dtc@gmail.com,5237003,0,3,3,,,PASSED,Highly Satisfactory,SDTLPT-23-031486,HS
3,03-0186-23-PIBS-R,3,BATAAN ST. JOSEPH HOSPITAL & MEDICAL CENTER CORP,"DON MANUEL BANZON AVE., DONA FRANCISCA, BALANGA CITY",BATAAN,09054356652; (047) 2370226 LOC. 112,"GABRIEL J. CRUZ, MD",bsjhlaboratory@yahoo.com,bsjhlaboratory@yahoo.com,5235138,1,0,1,,,PASSED,Excellent,SDTLPT-23-031487,E
3,03-1720-21-PIBS-I,3,BONGABON MEDICAL SERVICES ,"#1, GAMILLA ST.,  MANTILE, BONGABON CITY",NUEVA ECIJA,09069424881/ 09399170206,"AMY ROSE E. DE ALBAN, MD",BMSlaboratory@yahoo.com ,BMSlaboratory@yahoo.com ,5235394,0,0,0,,,PASSED,Excellent,SDTLPT-23-031488,E
3,03-0502-23-PFSS-R,3,HEMATECH DIAGNOSTIC CENTER,"UNIT A&G RBL BLDG. MC ARTHUR HIGHWAY QUEBLAWAN, SAN FERNANDO CITY",PAMPANGA,09654697963/0454352944/,"FLORENCIO C. DIZON, MD",macaraig.liezl@yahoo.com,macaraig.liezl@yahoo.com,5235565,1,0,1,,,PASSED,Excellent,SDTLPT-23-031489,E
3,03-0166-23-PIBS-R,3,ACE HUB MEDICAL DIAGNOSTIC LABORATORY,"2F ACE HUB MART BLDG. COR. TEODORO-TINIO STS., STA. MARIA VILLAGE 1, BRGY. BALIBAGO, ANGELES CITY",PAMPANGA,09998887926/ 09928185223,"MICHELLE T. MIRANDA, MD",acemedlaboratory@gmail.com,acemedlaboratory@gmail.com,5235774,1,2,3,,,PASSED,Highly Satisfactory,SDTLPT-23-031490,HS
3,03-1645-23-PIBS-R,3,HEALTHCORE MEDICAL AND DIAGNOSTIC CLINIC,"QUIMSON ST., CABANATUAN CITY",NUEVA ECIJA,09334114418/ (044)3299350,"PAULO ANTONIO E. CLEMENTE, MD",healthcoremdc20@gmail.com,healthcoremdc20@gmail.com,5237679,0,5,5,,,PASSED,Highly Satisfactory,SDTLPT-23-031491,HS
3,03-1495-23-PIBS-I,3,PORAC DIAGNOSTIC LABORATORY,"GENERAL LUNA ST., BABO SACAN, PORAC CITY",PAMPANGA,9173304517,"MARIA ANGELITA C. GUTIERREZ, MD",poraclaboratory@yahoo.com,poraclaboratory@yahoo.com,5237677,1,1,2,,,PASSED,Excellent,SDTLPT-23-031492,E
3,03-1383-23-PIBS-R,3,ALLIMED DIAGNOSTIC LABORATORY,"RM 2-3 DR. ALLAN PINEDA BLDG. GEN. LUNA ST. BABO SACAN, PORAC CITY",PAMPANGA,09190040680/045-649-7519/09178411010,"FLORENCIO C. DIZON, MD",allimeddxlaboratory@yahoo.com,allimeddxlaboratory@yahoo.com,5239549,2,3,5,,,PASSED,Highly Satisfactory,SDTLPT-23-031493,HS
3,03-1286-23-PIBS-R,3,GEZYNE CLINICAL LABORATORY,"0330 VERGEL DE DIOS ST. POBLACION, PLARIDEL CITY",BULACAN,09176490807; 7955007,"BERNADETTE R. ESPIRITU, MD",gezyne.lopez@yahoo.com,gezyne.lopez@yahoo.com,5232592,2,0,2,,,PASSED,Excellent,SDTLPT-23-031494,E
3,03-1817-23-PIBS-R,3,HANNAH DIAGNOSTIC CENTER,"4F SUITE 402 & 403, ANGELIQUE SQUARE, BUILDING MCARTHUR HIGHWWAY, DAU, MABALACAT CITY",PAMPANGA,09176377614/ (02) 7946-7155,"PIERRE G. LAYSON, MD",hannahdiagnostic2020@gmail.com,hannahdiagnostic2020@gmail.com,5236180,4,0,4,,,PASSED,Highly Satisfactory,SDTLPT-23-031495,HS
3,03-0227-22-PIBS-R,3,EVERHEALTH DIAGNOSTIC LABORATORY,"819 MABINI ST., MOJON (PARALLEL TO BULACAN MEDICAL CENTER; IN FRONT OF BARASOAIN ELEM. SCHOOL, MALOLOS CITY",BULACAN,09333919743 / 044 813-8956,"JUANITA T. LACUESTA, MD",jgs119@yahoo.com / easedrugs_lab@yahoo.com,jgs119@yahoo.com / easedrugs_lab@yahoo.com,5232591,0,0,0,,,PASSED,Excellent,SDTLPT-23-031496,E
6,05-1170-23-GIBS-R,5,BICOL REGION GENERAL HOSPITAL AND GERIATRIC MEDICAL CENTER,"SAN PEDRO, CABUSAO CITY",CAMARINES SUR,09187161853/ 09120471985,"RAYMUNDO B. IBBARIENTOS, MD",brghgmclab@gmail.com,brghgmclab@gmail.com,5235544,4,2,6,,,PASSED,Acceptable,SDTLPT-23-051497,A
6,05-0091-23-PFSS-I,5,BICOL CARE MEDICAL CLINIC AND LABORATORY,"CENTRAL BUSINESS DISTRICT II, NONOY & CORY AVE, TRIANGULO, NAGA CITY",CAMARINES SUR,9171680384,"MA. VICTORIA V. LONTOC, MD",bicolhealthcare@gmail.com,bicolhealthcare@gmail.com,5235949,2,1,3,,,PASSED,Highly Satisfactory,SDTLPT-23-051498,HS
7,06-1346-22-PIBS-R,6,QPL DIAGNOSTICS AND  CLINIC,"BC.BLDG,OSMENA AVE,BRGY IV,VICTORIAS CITY",NEGROS OCCIDENTAL,09184498222/ 09996832954,"CHARLES MICHAEL BUYCO, MD",qplvictorias@outlook.com,qplvictorias@outlook.com,5227879,3,2,5,,,PASSED,Highly Satisfactory,SDTLPT-23-061499,HS
7,06-1476-21-PIBS-R,6,BORACAY ALERT MEDICAL CLINIC AND DIAGNOSTIC. INC.,"SITIO MANGGAYAD, BRGY. BALABAG, MALAY CITY",AKLAN,09175400012/ 2881278,"ELLEN JOY F. DURAN, MD",alertmedclinic.lab@gmail.com,alertmedclinic.lab@gmail.com,5227876,6,0,6,,,PASSED,Acceptable,SDTLPT-23-061500,A
7,06-1195-23-PIBS-R,6,"SAN CARLOS DOCTORS' HOSPITAL, INC.","C.L LEDESMA AVENUE BARANGAY 1, SAN CARLOS CITY",NEGROS OCCIDENTAL,09985819619/ (034) 3125136,"GRACE JOY C. AVILA, MD",scdh.screeningdrugtestlab@gmail.com,scdh.screeningdrugtestlab@gmail.com,5231294,4,1,5,,,PASSED,Highly Satisfactory,SDTLPT-23-061501,HS
7,06-1191-23-PIBS-R,6,QUALIMED HEALTH NETWORK ILOILO CITY,"3RD FLOOR, QUALIMED HEALTH NETWORK ILOILO , DONATO PISON AVENUE",ILOILO CITY,09127193959/(033) 500-4000 loc. 5312,"ANNA VICTORIA J. SOMBONG, MD",qualimeddrugtest@gmail.com,qualimeddrugtest@gmail.com,5233506,2,4,6,,,PASSED,Acceptable,SDTLPT-23-061502,A
7,06-0689-22-PIBS-R,6,"SOUTH BACOLOD GENERAL HOSPITAL AND MEDICAL CENTER, INC.","ARANETA HIGHWAY, PAHANOCOY, BACOLOD CITY",NEGROS OCCIDENTAL,09176523933/ (034) 7042911/ 09189306221,"HANS FRANCIS D. FERRARIS, MD",laboratory.sbgh@gmail.com,laboratory.sbgh@gmail.com,5233504,1,4,5,,,PASSED,Highly Satisfactory,SDTLPT-23-061503,HS
7,06-1480-23-PIBS-R,6,SOUTH HEALTH CLINICAL LAB AND SOUTH HEALTH MEDICS PHARMA,"TAN-LORENZO ST., BARANGAY 3, KABANKALAN CITY",NEGROS OCCIDENTAL,09563671150/ 4712570,"ERIBERTO R. LAYDA, MD",shdtl2017@gmail.com,shdtl2017@gmail.com,5236275,4,4,8,,,PASSED,Acceptable,SDTLPT-23-061504,A
7,06-1810-23-PFSS-R,6,ACM DIAGNOSTIC LABORATORY AND MEDICAL CLINIC,"#8L VS ONG&SONS BLDG. ARANETA ST. BRGY. POBLACION, BAGO CITY (NEAR GRACE PHARMACY BAGO MARKET)",NEGROS OCCIDENTAL,09561383264/(034);7324473/0922-8355026,"CHARLES MICHAEL BUYCO, MD",acmdl2019@gmail.com,acmdl2019@gmail.com,5237002,4,2,6,,,PASSED,Acceptable,SDTLPT-23-061505,A
7,06-1193-23-PIBS-R,6,QUBE DIAGNOSTIC LABORATORY ,"124 LOCSIN BROCE STREET BRGY 2, SAN CARLOS CITY",NEGROS OCCIDENTAL,9178925281/ 0344686415,"DONALDSON M. GADINGAN, MD",qubediagnosticlab@gmail.com ,qubediagnosticlab@gmail.com ,5237005,0,1,1,,,PASSED,Excellent,SDTLPT-23-061506,E
7,06-1174-23-PIBS-R,6,JGN CLINIC AND LABORATORY,"DOOR 1 ONLAGADA BLDG. AGUILAR ST, BRGY III, HINIGARAN CITY",NEGROS OCCIDENTAL,09171565715/(034)7408-132/09228354626,"LENI G. MONTES, MD",jgnclinlab@yahoo.com,jgnclinlab@yahoo.com,5234199,1,1,2,,,PASSED,Excellent,SDTLPT-23-061507,E
7,06-0115-23-PIBS-R,6,JGN MEDICAL CLINIC AND LABORATORY,"ST. MARTINS SUBD., BRGY 21, VICTORIAS CITY",NEGROS OCCIDENTAL,9954420057,"LENI G. MONTES, MD",jgnlaboratory@gmail.com,jgnlaboratory@gmail.com,5235126,6,1,7,,,PASSED,Acceptable,SDTLPT-23-061508,A
7,06-0112-23-PIBS-R,6,JGN CLINICAL LABORATORY,"DOOR 2 LUCKY GOLD REALITY, CROSSING TABAO PROPER, VALLADOLID CITY",NEGROS OCCIDENTAL,09667384023/ 09228354626,"LENI G. MONTES, MD",jgndolid@gmail.com,jgndolid@gmail.com,5234200,2,0,2,,,PASSED,Excellent,SDTLPT-23-061509,E
7,06-0688-22-PFSS-R,6,SNX-B DRUG TESTING LABORATORY ,"150 CARMENT STREET, BRGY. SAN PEDRO, BINALBAGAN CITY (BESIDE GYMNASIUM) ",NEGROS OCCIDENTAL,09458094105/ 09338273496,"CHARLES MICHAEL A. BUYCO, MD",snxbdtla019@gmail.com,snxbdtla019@gmail.com,5272747,2,1,3,,,PASSED,Highly Satisfactory,SDTLPT-23-061510,HS
7,06-1120-22-GIBS-R,6,ESCALANTE CITY CLINICAL LABORATORY,"EAST AVENUE, BRGY. BALINTAWAK, ESCALANTE CITY, (WITHIN ESCALANTE HEALTH OFFICE)",NEGROS OCCIDENTAL ,9050241830,"ERIBERTO R. LAYDA, MD",sheila.negrido@yahoo.com,sheila.negrido@yahoo.com,5276039,4,3,7,,,PASSED,Acceptable,SDTLPT-23-061511,A
8,07-0945-22-PIBS-R,7,HEALTH SO GOOD CLINICS AND DIAGNOSTICS,"UNITS 24-25 2ND FLOOR, CITY TIME SQUARE MACTAN BASAK-MARIGONDON ROAD , LAPU LAPU CITY",CEBU,09177900474/(032)4074462/09498858189,"MARK ANTHONY F. SON, MD",hsgdiagnostics@gmail.com,hsgdiagnostics@gmail.com,5235397,2,3,5,,,PASSED,Highly Satisfactory,SDTLPT-23-071512,HS
8,07-0897-23-PIBS-R,7,HJ LABORATORY AND DIAGNOSTIC CENTER,"GF GENIUS ARCADE , 17 DE NOVEHEMBRE ST., ALIWANAY, BALAMBAN CITY",CEBU,09618213144/ (032) 4140093,"ERIC P. LASALA, MD",hjlaboratory2@gmail.com,hjlaboratory2@gmail.com,5227877,0,1,1,,,PASSED,Excellent,SDTLPT-23-071513,E
8,07-1770-23-PIBS-R,7,ST. AGUSTINE CLINICAL LABORATORY ,"BUKING-KING ST. POBLACION, CARMEN CITY",CEBU,09235627782/ 425-7943,"ALMA E. MALILONG, MD",st.agustine2014@gmail.com,st.agustine2014@gmail.com,5226159,3,2,5,,,PASSED,Highly Satisfactory,SDTLPT-23-071514,HS
8,07-1262-23-PFSS-R,7,CEBU EXCELLEMED DIAGNOSTIC CENTER,"71 N BACALSO AVE., SAMBAG I, CEBU CITY",CEBU,09065389520/ ,"CHELAMARIE T. ROMERO, MD",cebex_cebu@yahoo.com,cebex_cebu@yahoo.com,5236183,3,1,4,,,PASSED,Highly Satisfactory,SDTLPT-23-071515,HS
8,07-0968-23-PIBS-R,7,OASIS DIAGNOSTIC AND LABORATORY CENTER,"FE BLDG, SIM BOGO BUSINESS PARK LA PURISIMA, BOGO CITY",CEBU,09664111201; 324345159; 09228811396,"THEODORE M. ZAMORA, MD",oasismedicalbogo@gmail.com,oasismedicalbogo@gmail.com,5235141,2,2,4,,,PASSED,Highly Satisfactory,SDTLPT-23-071516,HS
8,07-0933-23-PFSS-I,7,ELISHAMA MEDICAL LABORATORY,"600 F. CABATINGAN ST., POBLACION, COMPOSTELA CITY (NEAR COMPOSTELA RHU & CATHOLIC CHURCH)",CEBU,09617253542/ 032-5206427,"CECILIA L. CAPATOY, MD",elishamamedicallab@gmail.com,elishamamedicallab@gmail.com,5235142,6,1,7,,,PASSED,Acceptable,SDTLPT-23-071517,A
8,07-0835-20-GIBS-R,7,CITY OF BOGO HEALTH OFFICE DRUG TESTING CLINICAL & RTDL,"GF BLDG 2 MOUNTAIN BREEZE, PURPURA CANTECSON, GAIRAN, BOGO CITY",CEBU,09175568111/ (032) 4257323,"RENE GALO M. PALAY, MD",bogocholab@yahoo.com,bogocholab@yahoo.com,5235145,2,2,4,,,PASSED,Highly Satisfactory,SDTLPT-23-071518,HS
8,07-1156-22-PIBS-R,7,"MEDICARD PHILIPPINES, INC.","UNIT 704 FLB CORPORATE CENTER, ARCH. REYES AVE., (TUPAD SA AYALA PUV TERMINAL), LUZ, CEBU CITY",CEBU,09190828781/(032)2385742/09334553410,"THEODORE M. ZAMORA, MD",CEBU.LABORATORY@MEDICARDPHILS.COM,CEBU.LABORATORY@MEDICARDPHILS.COM,5240749,1,3,4,,,PASSED,Highly Satisfactory,SDTLPT-23-071519,HS
8,07-1280-23-PFSS-R,7,MEDGRUPPE POLYCLINICS AND DIAGNOSTIC CENTER INC. OPERATING UNDER PRIME CARE ALPHA,"2ND LEVEL, APM CENTRALE MALL, SORIANO ST. NRA BRGY. MABOLO",CEBU,09177221056/ (032) 2322273,"PETER S. AZNAR, MD",labdept.primecarecebu@gmail.com,labdept.primecarecebu@gmail.com,5227874,3,4,7,,,PASSED,Acceptable,SDTLPT-23-071520,A
8,07-1349-23-GIBS-R,7,LGU-SAN REMIGIO DRUG TESTING LABORATORY,"BANDOLON ST. POBLACION, SAN REMEGIO CITY",CEBU,09778179102/ 09164816447,"ORLETA B. URSAL, MD",rodacanetecamaya@gmail.com,rodacanetecamaya@gmail.com,5222890,0,5,5,,,PASSED,Highly Satisfactory,SDTLPT-23-071521,HS
9,08-1319-22-PFSS-R ,8,ANAHAW NEURO-PSYCHIATRIC DRUG TESTING LABORATORY,"2ND FLOOR FELISAS CAFƒ BLDG., #63 J ROMUALDEZ ST, TACLOBAN CITY",LEYTE,09283365578/0535239665,"JOSE T. SANTIAGO, MD",viviane_calbita29@yahoo.com,viviane_calbita29@yahoo.com,5234517,2,0,2,,,PASSED,Excellent,SDTLPT-23-081522,E
9,08-0140-23-GIBS-R,8,"DEPARTMENT OF HEALTH-TREATMENT & REHABILITATION CENTER- DULAG, LEYTE","BRGY. HIGHWAY, DULAG CITY",LEYTE,09165113755/ 09988562677,"RODRIGO H. LUCUANAN, MD",rodlicuanan@gmail.com,rodlicuanan@gmail.com,5235517,4,3,7,,,PASSED,Acceptable,SDTLPT-23-081523,A
9,08-0141-23-PIBS-R,8,TACLOBAN DIALYSIS CARE INC.,"306, REAL ST., PAMPANGO DISTRICT, TACLOBAN CITY",LEYTE,09776925714/ 09177138822,"MARIA TERESITA Z. TERESITA, MD",tdcilaboratory19@gmail.com,tdcilaboratory19@gmail.com,5235536,1,4,5,,,PASSED,Highly Satisfactory,SDTLPT-23-081524,HS
9,08-1136-22-PIBS-R,8,DIVINE RAYS DIAGNOSTIC AND MEDICAL SUPPLIES-ORMOC,"LILIA AVENUE, BRGY. COGON, ORMOC CITY",LEYTE,9502457131,"JENNIFER D. ABIERAS, MD",divineraysormoc@gmail.com,divineraysormoc@gmail.com,5160029,2,3,5,,,PASSED,Highly Satisfactory,SDTLPT-23-081525,HS
9,08-1225-23-PIBS-R,8,ST. CLARE CLINICAL & DRUG TESTING LABORATORY,"DCPS BLDG., J.P RIZAL ST., BRGY. ACACIA, CATARMAN CITY (IN FRONT OF FREEDOM PARK)",NORTHERN SAMAR,9056985430,"GLENN ANTHONY M. LUZANO, MD",stclaredtl@gmail.com,stclaredtl@gmail.com,5246040,2,1,3,,,PASSED,Highly Satisfactory,SDTLPT-23-081526,HS
10,09-0803-23-PIBS-R,9,TRUELAB DIAGNOSTIC LABORATORY,"UZ BLDG. POBLACION, IPIL CITY,",ZAMBOANGA SIBUGAY,09972913469/09195751977,"MARY ANN R. TORREGOSA, MD",bettyorly2004@yahoo.com,bettyorly2004@yahoo.com,5226089,0,1,1,,,PASSED,Excellent,SDTLPT-23-091527,E
10,09-1416-23-PFSS-R,9,J.A.R MEDICAL NETWORKERS AND MOBILE DIAGNOSTIC SERVICES ,"PUROK 6, VENTURA BUILDING, AYALA",ZAMBOANGA DEL SUR,09067073303/ (062) 9939755,"LUIS RAMON V. RODRIGUEZ, MD",mednetayala@gmail.com ,mednetayala@gmail.com ,5235187,0,0,0,,,PASSED,Excellent,SDTLPT-23-091528,E
10,09-1473-22-PFSS-R,9,MEDNET DRUG TESTING CENTER ,"EJS BUILDING, RM 207 VETERANS AVENUE ZONE IV",ZAMBOANGA DEL SUR,9959261434,"LUIS RAMON V. RODRIGUEZ, MD",jarmednet@gmail.com,jarmednet@gmail.com,5236285,1,2,3,,,PASSED,Highly Satisfactory,SDTLPT-23-091529,HS
10,09-XXXX-XX-XXXX-X,9,TRUE CARE DIAGNOSTIC LABORATORY,"CIRCUMFERENTIAL ROAD, BIASONG, DIPOLOG CITY (INFRONT OF CORAZON HOSPITAL)",ZAMBOANGA DEL NORTE,9453028223,"CHONILO O. RUIZ, MD",docnilopatho@gmail.com,docnilopatho@gmail.com,5243611,4,2,6,,,PASSED,Acceptable,SDTLPT-23-091530,A
10,09-1811-23-PIBS-I,9,RACWELL MEDICAL CLINIC AND LABORATORY,"3RD FLOOR, RACWELL BLDG., SABADO ST., SAN FRANCISCO DISTRICT, PAGADIAN CITY",ZAMBOANGA DEL SUR,9999913080,"GEMMA LIBERTY D. SANTOS, MD",racwell22@gmail.com,racwell22@gmail.com,5250693,4,2,6,,,PASSED,Acceptable,SDTLPT-23-091531,A
11,10-0741-21-PFSS-R,10,SMA MEDICAL LABORATORY DRUGTEST AND DIAGNOSTIC CENTER,"10TH EAST, ROSARIO HEIGHTS, TUBOD, ILIGAN CITY",LANAO DEL NORTE,9174356157,"CHONILO O. RUIZ, MD",smadrugtest@gmail.com,smadrugtest@gmail.com,5222900,4,1,5,,,PASSED,Highly Satisfactory,SDTLPT-23-0101532,HS
11,10-1482-23-PIBS-R,10,INTERNIST HUB. A MEDICAL AND DIAGNOSTIC CENTER,"PYB RESIDENCES 3F RM 302, ZAMORA COR LUNCH ST., POBLACION, ILIGAN CITY",LANAO DEL NORTE,09477959498/ 0632228668,"CHONILO O. RUIZ, MD",internisthub@gmail.com,internisthub@gmail.com,5236179,2,3,5,,,PASSED,Highly Satisfactory,SDTLPT-23-0101533,HS
11,10-0593-20-PIBS-R,10,KCLM MEDICAL DIAGNOSTIC CENTER,"PRESS CLUB BLDG. A VELEZ-LUNA ST., CAGAYAN DE ORO CITY",MISAMIS ORIENTAL,09178032857/ 09209600365,"JERRY C. ABIZOGUE„A, MD",abogadovicky@yahoo.com,abogadovicky@yahoo.com,5235557,2,0,2,,,PASSED,Excellent,SDTLPT-23-0101534,E
11,10-0932-22-PIBS-R,10,ABELLA MIDWAY HOSPITAL,"4007 P. VALERO ST. POBLACION, VALENCIA CITY",BUKIDNON,09189424178/0888283533/088-22724914,"MAXIMO JR A. SAAVEDRA, MD",dinah_abella@yahoo.com,dinah_abella@yahoo.com,5261815,0,4,4,,,PASSED,Highly Satisfactory,SDTLPT-23-0101535,HS
11,10-0948-22-PIBS-R,10,ILIGAN DIAGNOSTIC CENTER AND MULTIPURPOSE COOPERATIVE,"QUEZON AVE. EXTENSION, PALA-O, ILIGAN CITY",LANAO DEL NORTE,9551129807,"CHONILO O. RUIZ, MD",cooplab.lab2020@gmail.com,cooplab.lab2020@gmail.com,5189123,4,3,7,,,PASSED,Acceptable,SDTLPT-23-0101536,A
12,11-1362-23-PIBS-R,11,HI-PRECISION DIAGNOSTICS DAVAO,"209 J.P. LAUREL AVE., BAJADA,POBLACION DISTRICT BARANGAY 19-B",DAVAO DEL SUR,09178045514/ 09328437875/ (082) 2872584,"MARLON M. MARAMION, MD",hpdavao@hi-precision.com.ph,hpdavao@hi-precision.com.ph,5220538,2,2,4,,,PASSED,Highly Satisfactory,SDTLPT-23-0111537,HS
12,11-1263-23-PIBS-R,11,PGS MEDICAL CLINIC AND LABORATORY,"UNIT C MAGRADECO BLDG., CORNER LEGASPI MAGALLANES ST.,  BRGY 1A",DAVAO DEL SUR,09219613372/0823919018,"OSCAR P. GRAGEDA, MD",antonia.santotome0214@gmail.com,antonia.santotome0214@gmail.com,5236999,3,0,3,,,PASSED,Highly Satisfactory,SDTLPT-23-0111538,HS
12,11-1002-23-PIBS-R,11,"DAVAO SPECIALISTS CLINIC AND DIAGNOSTIC LABORATORY, INC.","GROUND FLOOR BEECHNUT SQUARE BLDG. (BESIDE PAPER TREE), STA. ANA AVENUE, DAVAO CITY",DAVAO DEL SUR,09433974104/ (082) 2956894,"ALEJANDRO JR. L. DOMINGO, MD",medlaboratory123456@gmail.com,medlaboratory123456@gmail.com,5234843,1,0,1,,,PASSED,Excellent,SDTLPT-23-0111539,E
12,11-0150-23-PIBS-R,11,BMCDC HEALTHCARE INC.,"UNIT 203 AND 204 NOVA TIERRA SQUARE, LANANG CITY, ",DAVAO CITY,09478338977/ (082) 2230035,"OSCAR P. GRAGEDA, MD",bmcdc.lanaglab@gmail.com,bmcdc.lanaglab@gmail.com,5240667,2,0,2,,,PASSED,Excellent,SDTLPT-23-0111540,E
12,11-0988-23-PFSS-R,11,BUHANGIN MEDICAL CLINIC AND DIAGNOSTIC CENTER,"DOOR 2 GIMENES BLDG., KM 5 BUHANGIN STREET",DAVAO DEL SUR,09298720720/ 285-4324/ ,"OSCAR P. GRAGEDA, MD",buhanginclinic@yahoo.com,buhanginclinic@yahoo.com,5239555,1,4,5,,,PASSED,Highly Satisfactory,SDTLPT-23-0111541,HS
13,12-1391-23-PIBS-R,12,MEDZONE DIAGNOSTIC CENTER,"DELING'S BLDG., J. CATOLICO AVE BRGY., LAGAO, GENERAL SANTOS CITY",SOUTH COTABATO,09097273357/ (083) 5525797/09209137727,"NENA S. LINGAYON, MD",medzonedc.clinlab@gmail.com,medzonedc.clinlab@gmail.com,5227883,0,1,1,,,PASSED,Excellent,SDTLPT-23-0121542,E
13,12-0964-23-PIBS-R,12,SPECIALISTS CLINIC AND DIAGNOSTIC LABORATORY ,"G/F TUDUTA BLDG. JOSE CATOLICO SR. AVE , BRGY. LAGAO, GENERAL SANTOS CITY (BESIDES LWC CYCLE)",SOUTH COTABATO,09094033240/ (083) 8874551,"ALEJANDRO JR. L. DOMINGO, MD",scdlgensan0615@yahoo.com ,scdlgensan0615@yahoo.com ,5234849,1,2,3,,,PASSED,Highly Satisfactory,SDTLPT-23-0121543,HS
13,12-0965-23-PIBS-R,12,SPECIALISTS CLINIC & DIAGNOSTIC LABORATORY,"MARTIN BUILDING, SANTO NI„O STREET, BRGY. POBLACION 6, MIDSAYAP CITY",NORTH COTABATO,09468672755/(064)521-0792/09310941724,"ALEJANDRO JR. L. DOMINGO, MD",scdlmid@gmail.com,scdlmid@gmail.com,5234848,1,2,3,,,PASSED,Highly Satisfactory,SDTLPT-23-0121544,HS
13,12-1721-23-PFSS-R,12,DAVAO SPECIALIST CLINIC AND DIAGNOSTIC LABORATORY,"BENLUZ BLDG., BONIFACIO ST., ZONE 4, KORONADAL CITY (IN FRONT OF RIZAL PARK)",SOUTH COTABATO,09171495037/ (083) 8878245,"ALEJANDRO JR. L. DOMINGO, MD",scdlkoronadal@gmail.com,scdlkoronadal@gmail.com,5234845,3,4,7,,,PASSED,Acceptable,SDTLPT-23-0121545,A
13,12-1720-23-PFSS-R,12,DAVAO SPECIALIST CLINIC AND DIAGNOSTIC LABORATORY,"2F REDSONS BDLG., QUEZON BLVD., POBLACION, KIDAPAWAN CITY(ABOVE NEW ROSE PHARMACY) ",NORTH COTABATO ,09171208859/ (064)5770-753,"ALEJANDRO JR. L. DOMINGO, MD",scdlkidapawan@gmail.com,scdlkidapawan@gmail.com,5234844,0,3,3,,,PASSED,Highly Satisfactory,SDTLPT-23-0121546,HS
13,12-0984-22-PFSS-R,12,BIOTECH DRUG TEST AND NEURO CENTER,"42 BONIFACIO STREET, POBLACION, TACURONG CITY",SULTAN KUDARAT,9174490218,"VITA B. GASATAYA, MD",biotechdtl06@yahoo.com.ph,biotechdtl06@yahoo.com.ph,5148040,1,2,3,,,PASSED,Highly Satisfactory,SDTLPT-23-0121547,HS
13,12-1001-22-PIBS-R,12,ONPOINT 8 LABORATORIES INC.,"DOOR 7 & 8 GROUND FLOOR SG BUILDING, NARANGITA ST. BARANGAY DADIANGAS SOUTH, GENERAL SANTOS CITY",SOUTH COTABATO,09216043324/ (083)520-8299/ 09177018515,"OSCAR P. GRAGEDA,MD",sdtlgensan.onpoint8lab@gmail.com,sdtlgensan.onpoint8lab@gmail.com,5160027,3,5,8,,,PASSED,Acceptable,SDTLPT-23-0121548,A
15,14-1271-23-PIBS-R,14,QA DIAGNOSTIC LABORATORY ,"2F DANES BLDG, CHUGUM ST., CORNER KAYANG ST., AZCKO, BAGUIO CITY",BENGUET,09772110955/ 074-6192482/ 09209458564,"GERALDINE M. AGPES, MD",qa.dxlab@gmail.com,qa.dxlab@gmail.com,5233507,6,2,8,,,PASSED,Acceptable,SDTLPT-23-0141549,A
15,14-1201-22-PIBS-R,14,BENGUETCORP LABORATORIES INC (CENTERMALL BRANCH),"L4 M22 BAGUIO CENTERMALL, DAGOHOY ST., MAGSAYSAY AVENUE, BAGUIO CITY",BENGUET,(074) 442-4528,"VIRGINIA V. DE JOYA, MD",bclicm_lab@yahoo.com,bclicm_lab@yahoo.com,5160259,2,2,4,,,PASSED,Highly Satisfactory,SDTLPT-23-0141550,HS
16,15-1363-23-PIBS-R,15,"DAVAO SPECIALISTS CLINIC AND DIAGNOSTIC LABORATORY, INC.","2/F MARQUEZ BLDG. DON RUFINO ALONZO STREET COR. DON ROMAN VILO ST.,(AT THE BACK OF OLD CITY HALL)",COTABATO CITY,0955-794-5040/(064)5572204/,"ALEJANDRO JR. L. DOMINGO, MD",scdlcotabatolab@gmail.com,scdlcotabatolab@gmail.com,5234847,4,2,6,,,PASSED,Acceptable,SDTLPT-23-0151551,A
17,16-1020-23-PIBS-R,16,PETERPENS-GESTALT DRUG TESTING AND DIAGNOSTIC LABORATORY,"VAILOCES BLDG. CAPITOL ROAD, SURIGAO CITY",SURIGAO DEL NORTE,09483276832/ 0868276061/ 09209052058,"PONCIANO S. LIMCANGCO, MD",peterpensdtc@gmail.com,peterpensdtc@gmail.com,5227878,1,2,3,,,PASSED,Highly Satisfactory,SDTLPT-23-0161552,HS
17,16-1367-23-GIBS-R,16,ADELA SERRA TY MEMORIAL MEDICAL CENTER ,"CAPITOL HILLS, BRGY. TELAJE, TANDAG CITY",SURIGAO DEL SUR,09323724215/ 09175832712/ 0862114468,"JANELLE R. DELOS REYES-RENDON, MD",astmmclaboratory17@gmail.com,astmmclaboratory17@gmail.com,5230223,2,3,5,,,PASSED,Highly Satisfactory,SDTLPT-23-0161553,HS
17,16-1022-23-PIBS-R,16,MANUEL J. SANTOS HOSPITAL,"554 MONTILLA BLVD., BRGY. DIEGO SILANG, BUTUAN CITY",AGUSAN DEL NORTE,09383455353/ 09171533880/085-3412222,"EDGAR B. ABADIANO, MD",laboratory@mjsantos.com.ph,laboratory@mjsantos.com.ph,5239557,4,1,5,,,PASSED,Highly Satisfactory,SDTLPT-23-0161554,HS
4,4A-0039-23-PIBS-R,4A,J.A MANALO MEDICAL LABORATORY AND POLYCLINIC,"SAN MIGUEL 1B, MARAGONDON CITY",CAVITE,09178037797/ (046) 404 1731/ ,"RUSSANA S. TUNGOL, MD",jazmin0706@yahoo.com,jazmin0706@yahoo.com,5226158,2,0,2,,,PASSED,Excellent,SDTLPT-23-04A1555,E
4,4A-0437-22-PIBS-R,4A,KAISER MEDICAL CENTER INC- PEZA CAVITE,"GATE 2 PHASE 1 CAVITE ECONOMIC ZONE, ROSARIO CITY",CAVITE,09171835288/ 0468514916,"MA. VICTORIA V. LONTOC, MD",cavite.lab@kaisermedcenter.com,cavite.lab@kaisermedcenter.com,5230968,1,0,1,,,PASSED,Excellent,SDTLPT-23-04A1556,E
4,4A-1142-23-PFSS-R,4A,A-O LINK MEDICAL AND DIAGNOSTIC CENTER,"UNIT #7 COMMERCIAL BLDG. ROMANVILLE  SUBD. SAN FERNANDO, MALVAR CITY",BATANGAS,09173234402/(043)403 6786,"AZEUS O. SILVA, MD",aolinkmdc@gmail.com,aolinkmdc@gmail.com,5234531,3,1,4,,,PASSED,Highly Satisfactory,SDTLPT-23-04A1557,HS
4,4A-0259-23-PIBS-R,4A,LIPA MEDIX MEDICAL CENTER,"J.P. LAUREL HIGHWAY, BALINTAWAK (RESIDE KENNY ROGERS), LIPA CITY",BATANGAS,09338526522 (043) 7562872,"CELSO S. RAMOS, MD",lab.dept_lmmc@yahoo.com,lab.dept_lmmc@yahoo.com,5233505,2,4,6,,,PASSED,Acceptable,SDTLPT-23-04A1558,A
4,4A-1220-23-PIBS-R,4A,LOS BA„OS BIOSCAN CLINLAB AND MEDICAL CLINIC,"AGAPITA COMPLEX, LOPEZ AVE. BATONG MALAKE, LOS BA„OS CITY",LAGUNA,09455313186/ (049) 5364875/ ,"DEXTER A. LEDESMA, MD",lb_bioscanclinlab@yahoo.com.ph,lb_bioscanclinlab@yahoo.com.ph,5236094,2,1,3,,,PASSED,Highly Satisfactory,SDTLPT-23-04A1559,HS
4,4A-1843-23-PIBS-R,4A,"BEYOND MEDICAL HUB, INC.","GF EJ BUILDING., DO„A CONCHA PASTOR ROAD, PALLOCAN WEST",BATANGAS,09175200653/ 09989570487/ 092792981071,"SPENCER S. WATANABE, MD",beyondmedicalhub@yahoo.com,beyondmedicalhub@yahoo.com,5236990,6,0,6,,,PASSED,Acceptable,SDTLPT-23-04A1560,A
4,4A-0530-23-PIBS-R,4A,SARMAC MEDICAL AND DIAGNOSTIC CENTER,"BLK 11 SAMAGTA RIVERSIDE, BRGY. SAN JUAN, TAYTAY CITY",RIZAL,09171972099/ 09164476947,"DARIO D. DEFENSOR, MD",sarmacmedclinic@yahoo.com,sarmacmedclinic@yahoo.com,5235542,2,0,2,,,PASSED,Excellent,SDTLPT-23-04A1561,E
4,4A-XXXX-XX-XXXX-X,4A,MEDCITY DIAGNOSTIC AND MEDICAL CENTER OPC,"DAD COMMERCIAL BLDG, THE MEDICAL CITY P. DANDAN ST., POB. 2",BATANGAS,09275603393/ 3495516,"MA. VICTORIA LONTOC, MD",laboratory.medcity@gmail.com,laboratory.medcity@gmail.com,5235948,1,4,5,,,PASSED,Highly Satisfactory,SDTLPT-23-04A1562,HS
4,4A-1143-23-PIBS-R,4A,ADRAMEDIX MEDICAL AND DIAGNOSTIC CENTER,"F.T. CATAPUSAN ST. BRGY. PLAZA ALDEA, TANAY CITY",RIZAL,09952937493/ 09158454773,"ANNA LIZA T. LIM, MD",adramedixclinic@gmail.com,adramedixclinic@gmail.com,5235924,0,2,2,,,PASSED,Excellent,SDTLPT-23-04A1563,E
4,4A-0467-22-PFSS-R,4A,IHCDL DRUG TESTING CENTER ,"UNIT 2C 2/F AGUIRRE BLDG. GARCIA ST., BRGY. NUEVA,  SAN PEDRO CITY",LAGUNA,09995635214/ 02-4033799,"CYNTHIA A. DE GUIA, MD",ihcdl.dto@gmail.com,ihcdl.dto@gmail.com,5243608,2,1,3,,,PASSED,Highly Satisfactory,SDTLPT-23-04A1564,HS
4,4A-1714-23-PIBS-R,4A,HEALTHRITE DIAGNOSTIC SERVICES,"BLK B, LOT 12, LUZVIMINDA I, DASMARI„AS CITY",LAGUNA,09770128329/ 046-4351301,"FLORECITA LUDIVINA T. SOLIS, MD",heathritediagnosticservices@gmail.com,heathritediagnosticservices@gmail.com,5283200,3,3,6,,,PASSED,Acceptable,SDTLPT-23-04A1565,A
4,4A-1341-23-PIBS-R,4A,ST. DOMINIQUE DIAGNOSTIC CENTER,"UNIT 29 &30, ROXACA COMMERCIAL BLDG., JP LAUREL ST. NASUGBU CITY",BATANGAS,097783223539/ 0434160118,"MEMARIBEL P. MARTINEZ, MD",stdomiquediagnostic@yahoo.com,stdomiquediagnostic@yahoo.com,5236995,0,0,0,,,PASSED,Excellent,SDTLPT-23-04A1566,E
4,4A-1140-22-PIBS-R,4A,ST. DOMINIC MEDICAL LABORATORY AND DRUG TESTING CENTER (CALAMBA CITY LAGUNA),"373 NATIONAL HI-WAY KRISTINE BLDG. BRGY. BUCAL, CALAMBA CITY",LAGUNA,09189353547/ (049) 5451714,IMELDA MARIE FREMIELLE ,sdmldtc@gmail.com ,sdmldtc@gmail.com ,5224042,0,3,3,,,PASSED,Highly Satisfactory,SDTLPT-23-04A1567,HS
5,4B-1519-22-PFSS-R,4B,E. ASUNCION MEDICAL CLINIC AND DIAGNOSTIC LABORATORY,"0742 ABIQUE ST., PAG-ASA, SAN JOSE CITY,  5100",OCCIDENTAL MINDORO,09088845535; 09209818469,"ENID M. ASUNCION, MD",easuncionmcdl@yahoo.com,easuncionmcdl@yahoo.com,5223137,4,4,8,,,PASSED,Acceptable,SDTLPT-23-04B1568,A
5,4B-1663-23-PFSS-R,4B,ISIAH MULTI-SPECIALTY CLINIC AND DIAGNOSTIC LABORATORY ,"R. MAGSAYSAY ST. BRGY LIWAYWAY, ODIONGAN CITY 5505",ROMBLON,09399082729/ 0425672183,"JACQUELYN P. DIMAALA, MD",isiah.lab2000@yahoo.com ,isiah.lab2000@yahoo.com ,5226075,0,4,4,,,PASSED,Highly Satisfactory,SDTLPT-23-04B1569,HS
3,03-XXXX-XX-XXXX-X,3,HEALTHLINK TARLAC CORPORATION,"LOT 2A, LIP BLDG. LUISITA ACCESS RD. SAN MIGUEL, TARLAC CITY",TARLAC,045-606-3121,"NICK R. FERNANDEZ, MD",dt@toplabmd.com,dt@toplabmd.com,5319329,2,1,3,,,PASSED,Highly Satisfactory,SDTLPT-23-031570,HS
3,03-1492-23-PIBS-R,3,HOLY TRINITY MEDICAL CENTER INC,"HOLY TRINITY MEDICAL CENTER, INC- LABORATORY DEPT. PLAZANG LUMA,ARAYAT CITY",PAMPANGA,9283858581,"JOSEPHINE L. CHUA, MD",labhtgh123@gmail.com,labhtgh123@gmail.com,5318497,4,0,4,,,PASSED,Highly Satisfactory,SDTLPT-23-031571,HS
3,03-1486-22-PIBS-R,3,MOTHER TERESA OF CALCUTA MEDICAL CENTER,"MC ARTHUR HIGHWAY, BARANGAY MAIMPIS, CITY OF SAN FERNANDO",PAMPANGA,(045) 455-2128 (loc. 2169),"GIL BRYAN B. GALVAN, MD",mtcmcdrugtest@gmail.com,mtcmcdrugtest@gmail.com,5313908,4,3,7,,,PASSED,Acceptable,SDTLPT-23-031572,A
3,03-0603-22-PIBS-R ,3,MYLES DIAGNOSTIC LABORATORY,"GROUND FLOOR, DON MARIANO MARCOS, JAEN CITY",NUEVA ECIJA,044-3337047,"MARY ANN V. DELA CRUZ, MD",mylesdxlab@gmail.com,mylesdxlab@gmail.com,5313004,1,1,2,,,PASSED,Excellent,SDTLPT-23-031573,E
3,03-1729-22-PFSS-1,3,PRIME MEDICAL LABORATORY,"UNIT 1, BUILDER'S WAREHOUSE, BULIHAN, MALOLOS CITY",BULACAN,9266386300,"RAYMUNDO F. FELICIANO, MD",primemedicallaboratory25@gmail.com,primemedicallaboratory25@gmail.com,,0,4,4,,,PASSED,Highly Satisfactory,SDTLPT-23-031574,HS
3,03-0635-23-PIBS-R,3,PRIMELAB DIAGNOSTIC LABORATORY,"III SANTOS BUILDING, MAC ARTHUR HIGHWAY, SAN FRANCISCO, MABALACAT CITY", PAMPANGA,09333058464/ (045) 3318657,"MARIE MICHELLE Y. SO, MD",primelab_1108@yahoo.com,primelab_1108@yahoo.com,5236143,0,1,1,,,PASSED,Excellent,SDTLPT-23-031575,E
3,03-1112-22-PIBS-R,3,QUALIMED DIAGNOSTIC LABORATORY,"SUS BUILDING RIZAL ST., PALANGINAN, IBA CITY",ZAMBALES,9396049335,"MARIE MICHELLE Y. SO, MD",joeyescobaljr@yahoo.com,joeyescobaljr@yahoo.com,5311597,4,4,8,,,PASSED,Acceptable,SDTLPT-23-031576,A
3,03-0658-23-PIBS-R,3,TEC HEALTH MEDICAL CLINIC AND DIAGNOSTIC CENTER,"EMA TOWN CENTER, EL CAMINO ROAD, CAMALIG, MEYCAUAYAN CITY",BULACAN,9234125505,"BERNADETTE R. ESPIRITU, MD",techealth@yahoo.com,techealth@yahoo.com,5313913,2,3,5,,,PASSED,Highly Satisfactory,SDTLPT-23-031577,HS
4,4A-0025-23-PFSS-R,4A,BLESCES DIAGNOSTIC LABORATORY,"LUIS PALAD STREET, ANGELES ZONE IV, TAYABAS CITY",QUEZON,938163378,"AZEUS O. SILVA, MD",blesceslabtayabas@gmail.com,blesceslabtayabas@gmail.com,5313007,2,3,5,,,PASSED,Highly Satisfactory,SDTLPT-23-04A1578,HS
4,4A-0032-23-PIBS-R,4A,ELITECARE LABORATORY & DIAGNOSTIC CENTER,"NANAY NORA BUILDING, CENTENNIAL ROAD, BARANGAY GAHAK, KAWIT CITY",CAVITE,046-436-9710,"EDNA MAY L. GO, MD",elitecarelaboratory@gmail.com,elitecarelaboratory@gmail.com,5311081,3,2,5,,,PASSED,Highly Satisfactory,SDTLPT-23-04A1579,HS
4,4A-0388-22-PIBS-R,4A,FIRST FILIPINO SAINT HOSPITAL,"GOVERNOR'S DRIVE, SAN ROQUE, (IN FRONT OF ROLANDO'S LECHON RESTAURANT), NAIC CITY",CAVITE,046 686 3066,"DOREEN L. DOTOLLO, MD",slrhlaboratory@gmail.com,slrhlaboratory@gmail.com,5313008,1,0,1,,,PASSED,Excellent,SDTLPT-23-04A1580,E
4,4A-1551-22-PIBS-R,4A,LANDERS INTERNATIONAL DIAGNOSTIC CENTER,"MJCR BUILDING 2ND FLOOR P. GOMEZ STREET, BARANGAY 4, LUCENA CITY",QUEZON,9603954268,"MARCOS M. GENEBAGO, MD",landersintldiagnosticcenter@gmail.com,landersintldiagnosticcenter@gmail.com,5311596,6,2,8,,,PASSED,Acceptable,SDTLPT-23-04A1581,A
4,4A-0485-22-PIBS-R,4A,OCCUMEDICA HEALTH CARE SYSTEM CORP.,"1045 ME GOVERNOR'S DRIVE, OREGANO ST., BRGY. MADUYA, CARMONA CITY",CAVITE,046 430 3456/09778547577,"MICHAELSAM E. ECON, MD",occumedice.clinic@yahoo.com,occumedice.clinic@yahoo.com,5310683,6,0,6,,,PASSED,Acceptable,SDTLPT-23-04A1582,A
7,06-1131-23-PIBS-R,6,BLOOD CHECK CLINICAL LABORATORY AND SERVICES,"ESPINO BLDG., GONZAGA ST. CORNER KABALAWAN RD. POBLACION II, SAGAY CITY",NEGROS OCCIDENTAL,9610701966,"LENI G. MONTES, MD",blood.check2@gmail.com,blood.check2@gmail.com,5319315,1,1,2,,,PASSED,Excellent,SDTLPT-23-061583,E
7,06-1358-22-PFSS-R,6,MEDICUS DIAGNOSTIC CENTER AND MEDICAL CLINIC-ROXAS BRANCH,"MEDICUS BUILDING, RIZAL STREET, POBLACION VI, ROXAS CITY",CAPIZ,(036) 6212655,"ANNA VICTORIA J. SOMBONG, MD",medicusroxas_dtl@yahoo.com,medicusroxas_dtl@yahoo.com,5313910,0,3,3,,,PASSED,Highly Satisfactory,SDTLPT-23-061584,HS
8,07-0766-22-PIBS-R,7,ALLEGIANT REGIONAL CARE HOSPITALS INC.,"SITIO MALINAO, BARANGAY AGUS, LAPU-LAPU CITY",CEBU,260 9189 (local no 126 or 174),"CHRISTOPHER ALEC A. MAQUILING, MD",archlaboratorydrugtest@outlook.com,archlaboratorydrugtest@outlook.com,5313006,4,0,4,,,PASSED,Highly Satisfactory,SDTLPT-23-071585,HS
8,07-0134-23-PIBS-R,7,HEALTHSCREEN LABORATORY AND DIAGNOSTIC CENTER,"G/F MAXWELLAO BLDG., SALINAS DRIVE COR. WILSON ST., CEBU CITY",CEBU,(032) 505 0412,"SARAH H. CASIO, MD",healthscreenlabmanager@gmail.com,healthscreenlabmanager@gmail.com,5313909,6,0,6,,,PASSED,Acceptable,SDTLPT-23-071586,A
8,07-1394-23-PIBS-R,7,MRH SAINT MICHAEL CLINICAL LABORATORY,"NATALIO BACALSO HIGHWAY-POBLACION, ARGAO CITY",CEBU,9422842709,"CECILIA L. CAPATOY, MD",mrhargao@yahoo.com,mrhargao@yahoo.com,5313912,4,0,4,,,PASSED,Highly Satisfactory,SDTLPT-23-071587,HS
8,07-0402-22-PIBS-R,7,STARS AND COMET MEDICAL CLINIC & LABORATORY ,"R. YOSOYA STREET, POTOHAN, TUBIGON CITY",BOHOL,9706502573,"JUDITO G. CABALLERO, MD",stars.comet.41810@gmail.com,stars.comet.41810@gmail.com,5236173,5,1,6,,,PASSED,Acceptable,SDTLPT-23-071588,A
11,10-0945-22-PIBS-R,10,GINGOOG SANITARIUM AND HOSPITAL,"C. BAGAIPO ST., BRGY 22, GINGOOG CITY",MISAMIS ORIENTAL,9176366269,"RAMON M. NERY, MD",gingoogsanitariumlab@gmail.com,gingoogsanitariumlab@gmail.com,5313009,3,2,5,,,PASSED,Highly Satisfactory,SDTLPT-23-0101589,HS
12,11-1260-23-PIBS-R,11,DAVAO MERCHANT MARINE ACADEMY DIAGNOSTIC CENTER INC./DMMA DIA,"TIGATO ROAD, BRGY. BUHANGIN, DAVAO CITY",DAVAO DEL SUR,233-0586/09478465047,"MA. THERESA A. FEDOC, MD",diagnostic_center@dmmacsp.edu.ph,diagnostic_center@dmmacsp.edu.ph,5313005,1,3,4,,,PASSED,Highly Satisfactory,SDTLPT-23-0111590,HS
12,11-1006-23-PFSS-R,11,FREB DRUG TESTING CENTER,"DOOR3 ADOLFO BLDG., COR. PALM DRIVE J.P LAUREL AVE., DAVAO CITY",DAVAO DEL SUR,(082) 233-6520,"MARLON M. MARAMION, MD",adelinamunez@yahoo.com,adelinamunez@yahoo.com,,1,0,1,,,PASSED,Excellent,SDTLPT-23-0111591,E
13,12-0158-23-PIBS-R,12,LIFE CARE DIAGNOSTIC LABORATORY,"LV BUILDING, AZUNAN AVENUE, BRGY ZONE 3, KORONODAL CITY",SOUTH COTABATO,9127994523,"VITA B. GASATAYA, MD",lifecarediaglab.2021@gmail.com,lifecarediaglab.2021@gmail.com,5313914,1,5,6,,,PASSED,Acceptable,SDTLPT-23-0121592,A
14,13-1233-23-PIBS-R,13,HEALTHBRIDGE MEDICAL SERVICES INC.,"GF/ A&N BLDG/9694 KAMAGONG COR. ST. PAUL ST. SAN ANTONIO, MAKATI",METRO MANILA,8478-7136,"PAULO ANTONIO E. CLEMENTE, MD",healthbridgelab@gmail.com,healthbridgelab@gmail.com,5317375,1,2,3,,,PASSED,Highly Satisfactory,SDTLPT-23-0131593,HS
14,13-1260-22-PIBS-R,13,"NEW WORLD DIAGNOSTICS, INC-PCS BRANCH","992 G/F PCS BLDG. EDSA, SANTO CRISTO, QUEZON CITY",METRO MANILA,87908888 loc 847,"PAULO GIOVANNI L. MENDOZA, MD",pcsnwdilab@gmail.com,pcsnwdilab@gmail.com,5311567,3,5,8,,,PASSED,Acceptable,SDTLPT-23-0131594,A
15,14-1373-22-PIBS-R,14,TRULAB MEDICAL AND DIAGNOSTIC CENTER INC.,"PF4B CEDAR PEARK GENERAL LUNA COR. MABINI ST. BRGY. KABAYANIHAN, BAGUIO CITY",BENGUET,9381256636,"KAREN C. TUBA-ANG, MD",trulab.laboratory@gmail.com,trulab.laboratory@gmail.com,5319316,6,2,8,,,PASSED,Acceptable,SDTLPT-23-0141595,A
17,16-1599-22-PIBS-R,16,SIARGAO DIAGNOSTIC LABORATORY,"STO. NINO ST., BRGY. 11 (POBLACION), DAPA CITY",SURIGAO DEL NORTE,9565675235,"PONCIANO S. LIMCANGCO, MD",siargaodiagnosticlab2004@gmail.com,siargaodiagnosticlab2004@gmail.com,5246039,4,4,8,,,PASSED,Acceptable,SDTLPT-23-0161596,A
